Price,Close,High,Low,Open,Volume
Ticker,ADANIENT.NS,ADANIENT.NS,ADANIENT.NS,ADANIENT.NS,ADANIENT.NS
Date,,,,,
2021-01-01,489.7408752441406,491.8348563902964,475.63147794864955,475.63147794864955,5035248
2021-01-04,493.081298828125,501.15806633072805,485.25381408529347,490.5884712304095,4936582
2021-01-05,492.9815673828125,499.96148448289694,488.1953506861927,490.5884590345026,3654033
2021-01-06,489.4916076660156,499.2136350322454,482.8606925227457,494.5769819128175,3295461
2021-01-07,516.6135864257812,522.4468397397338,492.3833134371928,492.48303263085467,9879731
2021-01-08,516.5138549804688,525.0891571863191,512.6250197591843,521.4995099513227,3702267
2021-01-11,517.66064453125,523.0949604392206,509.0354360119044,519.1064359650823,4148831
2021-01-12,523.892578125,535.0603950676265,515.6163432999653,517.5109162777525,4878024
2021-01-13,534.5120849609375,538.6502031452738,519.8044020345109,527.5820120202046,4948731
2021-01-14,530.5733642578125,539.4478542258789,526.8840283605695,533.4152240354728,3161306
2021-01-15,525.7871704101562,535.9579189036868,517.3115568088887,533.1659642423375,3376852
2021-01-18,506.3929748535156,527.5819777725324,500.60959690494076,526.4851580373061,5204588
2021-01-19,528.5791625976562,530.4737359988154,510.8302414975257,510.8302414975257,4181185
2021-01-20,545.181396484375,550.5659284479933,529.4765825938787,530.6233076346646,6681731
2021-01-21,535.3596801757812,551.3636212093959,530.0249925912104,549.81808026809,4208383
2021-01-22,525.2886352539062,545.1814122629456,520.1035415203647,532.5178355079645,4179558
2021-01-25,512.4255981445312,532.8667817656843,507.53963234960514,528.7286641520199,3728411
2021-01-27,511.3287658691406,520.0536621403186,505.59526260522364,511.6278929978574,2792007
2021-01-28,510.3814697265625,518.0095152120153,499.91159502064113,505.8445057626507,4197516
2021-01-29,505.1964416503906,523.6932409318144,501.05835386862486,513.7219304070657,3822560
2021-02-01,535.6588134765625,537.9522027248811,495.474413810183,509.0354022076956,4004036
2021-02-02,562.581298828125,565.2735645874636,539.2484100605819,540.4948237584198,5144708
2021-02-03,564.974365234375,574.9456746162739,556.7480349943083,566.3703728918579,6087209
2021-02-04,588.0081787109375,609.9450613018421,554.4048509337696,560.337792715592,11184167
2021-02-05,593.641845703125,606.1059817165444,586.9112122558786,593.292874238765,4754950
2021-02-08,626.4973754882812,636.1695580570828,601.8183840119289,603.6631128201274,7085276
2021-02-09,628.04296875,640.0584466144832,619.2183832839347,629.6384149492089,4510798
2021-02-10,648.8331298828125,653.0210920999809,620.3151478211752,631.2337440394931,5991927
2021-02-11,656.7105102539062,659.1036492092768,643.4985233370788,652.1237315928397,3688016
2021-02-12,716.8873901367188,722.3716109849083,653.320284850885,655.1151085928278,16810897
2021-02-15,761.2596435546875,785.6893520737466,705.6197481608394,722.9199459721555,21579566
2021-02-16,777.9616088867188,800.6463388601354,754.0803095558821,757.8195507602913,19426061
2021-02-17,783.196533203125,799.6990385981986,780.0057019244899,784.8916680255292,8908279
2021-02-18,805.88134765625,822.1345720202372,783.7450256008568,784.991439445642,9694238
2021-02-19,779.6567993164062,828.6159099655365,727.4071074847881,810.6675509049112,20210882
2021-02-22,803.5878295898438,810.6674347497922,778.3105243519159,783.7449000164042,10890564
2021-02-23,797.3558349609375,824.9264708185201,786.7363653807902,812.4623332174302,9753081
2021-02-24,802.889892578125,809.7202155773527,793.167865337738,803.687585205327,4626257
2021-02-25,841.080078125,859.9258801531495,806.6790553682573,811.664710840249,12118095
2021-02-26,831.25830078125,858.5298098871898,817.4978439904903,831.507583536734,11355426
2021-03-01,849.0570678710938,858.4799682302811,834.0502581153758,838.3379093512883,5996840
2021-03-02,870.0465698242188,873.9852491200425,849.8048243725683,854.9400729413062,5116413
2021-03-03,912.7238159179688,942.1890849913674,870.345749373877,877.923981318965,11670544
2021-03-04,915.7651977539062,936.0069462746451,902.802493861998,907.389272433576,8141787
2021-03-05,907.28955078125,931.3203843195663,885.7514839640404,915.3662878001734,7109101
2021-03-08,907.588623046875,923.74215696814,902.503218572749,915.4659212110408,3904469
2021-03-09,902.6029663085938,925.7364169869757,891.0362105393806,915.3662305538941,5561849
2021-03-10,895.5732421875,911.4774331304856,886.1503419582385,908.3863513393212,5465016
2021-03-12,891.5347900390625,921.149592488644,886.7485734793427,902.4035421280483,6049852
2021-03-15,893.62890625,901.4065166776417,871.991149153316,896.1715783894142,5234540
2021-03-16,895.2242431640625,901.805344600139,885.502215441266,898.115947548709,2555026
2021-03-17,871.392822265625,902.8024493791742,862.518331848254,895.4236554910198,3886557
2021-03-18,868.5509033203125,888.4436779790576,855.2890738344969,873.4867137033159,4465851
2021-03-19,887.0977172851562,892.8312211736647,837.7895716719731,863.5155421649221,4794995
2021-03-22,988.2066650390625,1000.1223926569851,880.9153938198791,890.3382939386565,22596465
2021-03-23,1055.3634033203125,1083.5821356785011,988.206598499248,996.1338015847689,31098225
2021-03-24,1022.5079345703125,1089.864182262788,1015.4782340571232,1059.9502522830226,22877032
2021-03-25,978.7339477539062,1038.4620597780051,974.197013751332,1029.986446045266,13139164
2021-03-26,985.4645385742188,1015.5280620632321,975.1941016187502,997.1309832502559,9396506
2021-03-30,1028.590576171875,1039.4592071653121,985.1654705579272,1001.1195672471243,10470011
2021-03-31,1028.191650390625,1050.1285322924098,1013.6833457175441,1035.0219733660258,6440569
2021-04-01,1104.0233154296875,1112.8480215236393,1032.03051107464,1040.4064352186829,12713083
2021-04-05,1134.9844970703125,1146.7007877275287,1095.697506607626,1123.766771972978,15795720
2021-04-06,1221.884521484375,1237.4397429012388,1139.222325757184,1150.0910795110558,21496457
2021-04-07,1162.2061767578125,1248.0092329955412,1104.8212345255947,1229.8614960623133,23007694
2021-04-08,1159.1646728515625,1187.5829035408265,1134.4856830424646,1159.1646728515625,12404773
2021-04-09,1197.9532470703125,1224.47690819701,1147.8971961950217,1160.062267826431,12923020
2021-04-12,1071.317626953125,1174.0221253417492,1058.3549232730074,1174.0221253417492,13690016
2021-04-13,1103.17578125,1113.0973070462396,1048.0345137936436,1073.9100127669872,12137329
2021-04-15,1126.7080078125,1141.6151877472278,1078.2474705866007,1091.858331667846,9350889
2021-04-16,1155.6748046875,1188.5801269952544,1108.8096486734253,1126.7580062958368,10661068
2021-04-19,1133.08984375,1149.692100068117,1085.875712900416,1096.8441544448644,8565063
2021-04-20,1139.471435546875,1174.3211148591565,1121.8222657626475,1153.5309581214399,8261172
2021-04-22,1154.478271484375,1165.6460895223022,1119.7780654692433,1130.7465060036704,7124786
2021-04-23,1154.2789306640625,1179.5063960432794,1142.3632627726756,1157.669200729427,6167151
2021-04-26,1169.9837646484375,1194.4633821094503,1156.6720886617395,1156.6720886617395,6939823
2021-04-27,1187.7327880859375,1210.0186448397048,1177.6118826169686,1181.3012191665898,7109421
2021-04-28,1181.799560546875,1210.4670755363313,1177.3623764800202,1204.4842897994013,5020151
2021-04-29,1178.9080810546875,1209.1709838715642,1174.62036888092,1193.1171984201826,4070698
2021-04-30,1155.3756103515625,1197.5043939835837,1139.7207027550367,1167.6403700141275,4232500
2021-05-03,1251.9478759765625,1260.7724609842253,1119.429141707296,1141.8146839735239,11276228
2021-05-04,1258.8778076171875,1295.223181572834,1238.2870294297686,1281.3132536935334,10271516
2021-05-05,1263.863525390625,1284.5539933605307,1236.6917060084597,1270.7437535415033,7805805
2021-05-06,1283.0582275390625,1308.0861896036179,1259.3763678895168,1268.6995177654264,6240535
2021-05-07,1295.1734619140625,1318.6060400824326,1286.7476320512535,1301.2559365839618,4584524
2021-05-10,1300.3585205078125,1310.2301418106788,1282.609661634062,1291.1849639411632,3892338
2021-05-11,1299.7601318359375,1322.1955771495614,1280.316079230797,1288.2931264534186,4744734
2021-05-12,1282.1112060546875,1324.6886549709045,1274.9317891642959,1307.2388608707986,4143731
2021-05-14,1216.8487548828125,1298.2645229264826,1209.8688380928852,1296.2702609865034,6377643
2021-05-17,1285.401611328125,1295.2732330603646,1223.928457793827,1226.4711906576201,7782732
2021-05-18,1322.8936767578125,1341.0913178894828,1298.264589229289,1311.1773872620797,6531595
2021-05-19,1290.9854736328125,1347.6724690887058,1280.216531726223,1346.1268673307698,9925284
2021-05-20,1298.2645263671875,1316.212883874568,1280.2662636231396,1297.5665833743808,5837747
2021-05-21,1311.326904296875,1332.1669657548723,1296.3201563449377,1316.2128703566102,8314215
2021-05-24,1303.0509033203125,1324.8381923935833,1299.2617566466572,1317.9080585720426,7913411
2021-05-25,1279.06982421875,1318.207217008137,1269.2481079519296,1310.5791403115365,3697062
2021-05-26,1319.0050048828125,1323.0433126132182,1250.6516225486043,1285.2520213809446,5630730
2021-05-27,1321.996337890625,1338.1498115174782,1300.5081159997546,1325.685673928828,36690935
2021-05-28,1298.86279296875,1326.6328664768434,1294.2760147950046,1307.8369718078525,2979585
2021-05-31,1312.5235595703125,1317.7085919858148,1288.2932280330479,1303.3000979919025,2709718
2021-06-01,1412.186767578125,1425.8973187196602,1305.2943739117927,1316.1132208321858,10018645
2021-06-02,1542.3123779296875,1552.532970704072,1408.946106361499,1421.4601491293922,24541949
2021-06-03,1578.5579833984375,1619.1412861159913,1548.5443661322925,1559.5128065878337,19107244
2021-06-04,1696.070068359375,1708.6340173917656,1581.250521431974,1600.3953895535453,21102075
2021-06-07,1619.6400146484375,1712.2733919000264,1608.3723850853426,1710.0797522761081,15350263
2021-06-08,1631.7548828125,1663.2144127488718,1597.8524307540697,1628.3148297475466,12410257
2021-06-09,1590.074951171875,1644.717656172722,1567.3403160029964,1635.294817043041,11614666
2021-06-10,1607.375244140625,1625.3236029461655,1586.4354922008279,1607.375244140625,5362307
2021-06-11,1597.0052490234375,1615.452175570202,1570.7308671778792,1610.466519746752,5355387
2021-06-14,1497.1422119140625,1525.5604439079084,1197.7536450315292,1437.3143550849136,43530006
2021-06-15,1534.43505859375,1568.0882307997153,1472.9619063535008,1546.500319692462,22320542
2021-06-16,1444.1448974609375,1533.7868783177444,1405.2567878827126,1505.667832387681,12626149
2021-06-17,1363.7760009765625,1431.880096014012,1299.760240358123,1376.0407607934098,27926070
2021-06-18,1483.232421875,1499.6850840336135,1328.7270159280602,1346.1269038865546,30526777
2021-06-21,1535.581787109375,1577.461290394176,1440.7047452046693,1485.7252355798498,21101083
2021-06-22,1537.1773681640625,1577.461491273865,1527.4055558519553,1549.5917241078614,12069983
2021-06-23,1500.4329833984375,1565.4458807263982,1477.0503084043426,1555.6241639928478,12679703
2021-06-24,1504.1722412109375,1514.6421175998767,1483.7809592176636,1505.6180325956545,7261764
2021-06-25,1515.090576171875,1529.5988802100112,1496.6935587974099,1520.6247016429381,4962963
2021-06-28,1521.3726806640625,1560.5100738910423,1513.8442926419166,1520.5251436260965,6178022
2021-06-29,1519.17919921875,1544.2569500497095,1508.6594169885848,1521.6221218272176,5551918
2021-06-30,1503.2249755859375,1534.5846986805507,1498.3887925772385,1534.5846986805507,3256147
2021-07-01,1486.9307861328125,1519.1588934947533,1479.5971810490648,1506.187848220654,3759914
2021-07-02,1418.882568359375,1504.3416937378222,1408.4059561050801,1486.9306106631448,6653653
2021-07-05,1391.2442626953125,1440.7337615098158,1347.5917094922745,1423.8215639025207,12239845
2021-07-06,1411.648681640625,1440.933282228808,1375.6789317502044,1397.7796185492457,9485434
2021-07-07,1422.474609375,1433.8990575506803,1381.9151266062588,1416.8371695168862,5549751
2021-07-08,1422.7239990234375,1441.7814316495724,1408.6554294825953,1416.8371162231092,3898830
2021-07-09,1428.1619873046875,1453.355748994369,1413.295149116239,1422.7241745900492,4502324
2021-07-12,1417.53564453125,1443.7771156005126,1411.0003063406562,1438.7882520358944,2557189
2021-07-13,1414.542236328125,1429.8082065832384,1382.114625222783,1429.8082065832384,4157955
2021-07-14,1398.9271240234375,1445.7724989234341,1394.6865904689691,1445.7724989234341,3859529
2021-07-15,1404.8138427734375,1425.817004114644,1390.2963249428485,1395.8838269813764,2728305
2021-07-16,1392.3917236328125,1411.8482901758723,1385.1578719693673,1405.8616543164692,2134914
2021-07-19,1377.5247802734375,1409.503439733415,1329.7813873495509,1386.9038667536113,6190302
2021-07-20,1362.6580810546875,1379.8198439866462,1333.1240345047195,1337.0153722612836,4529933
2021-07-22,1413.5943603515625,1421.7262315698058,1337.5141980245417,1371.937353438079,5009804
2021-07-23,1398.5281982421875,1431.6542047954572,1383.1125361883599,1426.81503132164,4694140
2021-07-26,1400.7730712890625,1413.644363050548,1388.8995521943832,1396.6822277148408,2054318
2021-07-27,1393.638916015625,1421.4268593030047,1375.0803695230509,1400.7730146545362,2978042
2021-07-28,1396.781982421875,1421.6265462170536,1375.5293758721439,1403.7164537457468,3188606
2021-07-29,1397.1312255859375,1421.8260999535519,1393.8884643053418,1410.8006628801559,2538248
2021-07-30,1417.0867919921875,1446.2716458318437,1397.1313363753286,1406.3607345981259,4403219
2021-08-02,1434.9967041015625,1441.7816074442014,1420.928132845357,1431.8038800570441,2483790
2021-08-03,1439.58642578125,1463.7324751523297,1419.0322117861836,1463.7324751523297,4442122
2021-08-04,1426.365966796875,1456.7480958295682,1419.8804444524283,1456.7480958295682,3341801
2021-08-05,1429.1595458984375,1434.7969853954526,1404.2651684803777,1424.819259488669,2104359
2021-08-06,1533.2274169921875,1551.5365213572004,1418.832754578739,1418.832754578739,14250256
2021-08-09,1490.07373046875,1561.514229316116,1479.1979840007298,1543.2549407267888,6031426
2021-08-10,1443.2781982421875,1495.3120684631444,1422.8737954205596,1484.685764939077,3581449
2021-08-11,1433.84912109375,1453.3555017671272,1403.866006632171,1451.7590900140788,3197412
2021-08-12,1439.686279296875,1454.752622980402,1427.064430053306,1440.3846714801693,2455443
2021-08-13,1433.7991943359375,1450.7613281589793,1424.8192411355037,1441.7813749585453,2095991
2021-08-16,1426.914794921875,1446.4711165924791,1410.4017288784185,1428.3117011408679,1909352
2021-08-17,1438.43896484375,1447.768114759047,1413.0455778290557,1427.8126617644357,3062815
2021-08-18,1456.748046875,1493.4661285566956,1429.409052320539,1438.688386543973,4738820
2021-08-20,1426.914794921875,1479.347802003073,1407.8573596295946,1434.7972240590766,4933377
2021-08-23,1393.5889892578125,1424.5698782644217,1358.5173786097002,1411.8982145313578,4866080
2021-08-24,1434.597412109375,1445.1737767133425,1386.9038357992192,1403.8659690428067,3362312
2021-08-25,1472.0638427734375,1478.4995493923323,1421.8260146166656,1441.0331379720135,5361140
2021-08-26,1472.4132080078125,1491.321074822035,1457.147357912835,1478.6992250929652,4678919
2021-08-27,1502.695556640625,1511.625573188609,1470.8166472161104,1471.7146669658075,5164477
2021-08-30,1513.1722412109375,1523.5989172362422,1489.9740258699142,1510.378428923616,3149863
2021-08-31,1584.0638427734375,1593.2932398325088,1509.4305212558922,1513.9204982035485,7234384
2021-09-01,1561.7137451171875,1597.2843654072792,1558.0220349321385,1591.347666699273,3056760
2021-09-02,1567.0518798828125,1590.7489802553773,1562.013079294752,1567.5008288547147,2171898
2021-09-03,1562.0631103515625,1577.8777833997342,1548.0942924518783,1574.9842181894,1687999
2021-09-06,1578.4761962890625,1624.8226831687045,1562.561772612212,1568.4984706488028,5562312
2021-09-07,1554.629638671875,1588.8033540680826,1549.5410221988404,1581.5695019039217,1651169
2021-09-08,1552.484375,1575.4830843233299,1534.823847029995,1556.425650221599,2084219
2021-09-09,1541.558837890625,1562.0131784581058,1531.631048139438,1558.121840527046,1243149
2021-09-13,1529.03662109375,1553.5319879271904,1521.8527068631645,1544.55203423975,1759456
2021-09-14,1509.82958984375,1543.803798748868,1493.7156582957102,1536.4701938173562,7143757
2021-09-15,1513.421630859375,1542.1574106057653,1493.5659304154435,1520.6055453463673,12834337
2021-09-16,1499.851806640625,1531.5810257966932,1496.4095396994076,1519.6077539337875,7616906
2021-09-17,1476.952880859375,1521.6032043982752,1462.4851782601784,1499.851713150463,3329954
2021-09-20,1415.689697265625,1485.1845865590246,1406.8094963386752,1461.6371764257335,2273312
2021-09-21,1438.2393798828125,1443.7271296190586,1378.2732662155165,1416.8372046308216,2682157
2021-09-22,1434.5477294921875,1459.3922946025984,1421.1775506722722,1431.8038545096776,1663858
2021-09-23,1471.0660400390625,1476.7034797098,1437.8901003766632,1449.7636189313102,1622616
2021-09-24,1458.444091796875,1512.6231901365647,1451.7590644120723,1479.696695892167,2760295
2021-09-27,1527.8394775390625,1540.5610797193879,1458.7437166772959,1458.7437166772959,4737676
2021-09-28,1483.9871826171875,1554.4299012503025,1471.7145313650847,1553.531881583347,3547971
2021-09-29,1482.3409423828125,1494.663410088949,1461.0385209444992,1463.0340662183162,1764350
2021-09-30,1464.830078125,1515.6167329706673,1460.0906577947758,1481.3930806035723,2072145
2021-10-01,1455.450927734375,1465.4785916682217,1419.481296486864,1461.7369442001327,2311858
2021-10-04,1523.249755859375,1527.5900428559423,1456.8479322529606,1467.723679321418,3209302
2021-10-05,1524.247314453125,1554.3799978129814,1508.981345177069,1511.6254668880736,2544835
2021-10-06,1476.254638671875,1537.5677220214325,1468.721406110025,1526.3927165638784,1777998
2021-10-07,1517.3626708984375,1532.3292597943616,1486.681163661793,1499.5025171229524,1919106
2021-10-08,1544.452392578125,1565.954321266049,1508.0835044454084,1518.6100551899126,2646112
2021-10-11,1536.320556640625,1560.2171647366736,1528.7375082739145,1549.5410452754606,1910095
2021-10-12,1550.9876708984375,1563.4100136608133,1511.126701637986,1535.5721319385013,1900749
2021-10-13,1566.2037353515625,1604.7178584417877,1547.8448153813026,1564.956519494973,3923958
2021-10-14,1642.682861328125,1652.3113910766292,1571.292306368806,1576.480675061035,5256882
2021-10-18,1611.901611328125,1669.2235976262787,1604.9671405806182,1669.2235976262787,3791222
2021-10-19,1565.954345703125,1633.3539416162516,1558.570925018495,1621.5801748082602,1822638
2021-10-20,1586.1591796875,1603.7698918382025,1535.6719064706685,1570.4941973406378,2768997
2021-10-21,1591.4974365234375,1623.2265361550599,1578.1770731825698,1598.381970899276,3129269
2021-10-22,1539.563232421875,1605.216722938625,1533.5765963917186,1591.49734870285,2580699
2021-10-25,1528.7872314453125,1547.9445397280997,1490.722301643296,1541.558770300504,2276050
2021-10-26,1540.411376953125,1553.7815556526696,1517.512541933707,1528.5877946764424,1661783
2021-10-27,1563.060791015625,1577.6282473220708,1536.5698784821654,1544.5520596690858,2121282
2021-10-28,1395.4349365234375,1563.409931549415,1364.6535539760177,1546.547550031326,7093354
2021-10-29,1420.4290771484375,1451.5596559643884,1374.6812268915517,1396.8816676814897,3165141
2021-11-01,1442.080810546875,1453.7547014340835,1408.0566669043667,1432.8014764992065,1543436
2021-11-02,1469.5194091796875,1485.6832752073778,1449.5639588746858,1451.7590096888748,1667692
2021-11-03,1482.59033203125,1497.656673945099,1461.18803666298,1470.7168137209035,1710819
2021-11-04,1486.1324462890625,1508.133382258715,1479.6968613229735,1491.6701332959174,272261
2021-11-08,1564.757080078125,1571.6417362583363,1482.3410771370277,1491.6702277805177,2565017
2021-11-09,1631.80712890625,1655.3047220525816,1551.486435642095,1551.5363729908165,4713708
2021-11-10,1652.1617431640625,1682.2446115560192,1616.790753046144,1621.929306320129,3728328
2021-11-11,1661.191650390625,1700.2045352614123,1637.1951702903689,1646.3248140735504,4470709
2021-11-12,1701.40185546875,1715.6700529272034,1666.3800601961307,1674.5618689157764,5349189
2021-11-15,1745.6531982421875,1760.0709643955608,1688.0318273839994,1709.9328884540207,3997553
2021-11-16,1707.78759765625,1762.615276384853,1703.0981150461732,1755.5309933207911,2172117
2021-11-17,1702.649169921875,1725.8473851250214,1678.7525625502622,1710.1824025029118,1476385
2021-11-18,1684.988525390625,1710.1822842454665,1636.3471097797928,1704.1956484779794,2255988
2021-11-22,1672.0174560546875,1697.6103479350643,1606.463844107013,1687.6326218061388,2552170
2021-11-23,1704.145751953125,1716.5181571953517,1646.3248754996418,1656.452292275278,2472589
2021-11-24,1751.24072265625,1784.9155502023339,1708.6357566522258,1717.765400924404,4562858
2021-11-25,1759.1231689453125,1769.749350528954,1731.6844202959758,1759.0232942387588,2341862
2021-11-26,1665.831298828125,1764.6107865707904,1657.1506040989639,1736.1243300226058,3510810
2021-11-29,1661.3414306640625,1693.2202187082344,1606.2643062752309,1651.3137666247071,2119826
2021-11-30,1659.1463623046875,1714.8221294447658,1644.479151870217,1664.2849162318757,2952368
2021-12-01,1689.528564453125,1701.2024563432658,1648.6696992407813,1690.2269566249222,2476360
2021-12-02,1728.3917236328125,1731.135598500753,1683.8910864978955,1688.730259632579,2159661
2021-12-03,1704.2955322265625,1741.1133693829413,1697.3111232949404,1730.1378696332495,1544077
2021-12-06,1641.9346923828125,1724.1012479476203,1636.3471897530962,1706.1912771206064,1574680
2021-12-07,1674.7115478515625,1682.9431726671423,1650.3160539356686,1655.2051645494557,1476012
2021-12-08,1711.6790771484375,1722.554824003557,1675.3103107339923,1676.0586402634947,1406394
2021-12-09,1718.4139404296875,1735.376075420139,1702.7987741523236,1721.1578152075547,1306393
2021-12-10,1736.523681640625,1784.0176391739365,1706.7900056016879,1706.7900056016879,2708578
2021-12-13,1715.719970703125,1758.274875836348,1707.288718919901,1751.0909616361816,1104594
2021-12-14,1716.268798828125,1724.0514746161919,1679.2514559764459,1708.1868643087791,1198653
2021-12-15,1691.52392578125,1723.153268262771,1683.292301888275,1716.1688601111557,866378
2021-12-16,1698.2589111328125,1716.0191904235298,1683.24238470755,1703.4972173092883,751885
2021-12-17,1641.6353759765625,1698.2090360370428,1636.34713225661,1695.1657807607348,1215873
2021-12-20,1586.4085693359375,1625.371639870494,1551.735969897325,1625.371639870494,1945211
2021-12-21,1616.890625,1642.2340753856024,1599.3298502236153,1617.4892642472269,1563851
2021-12-22,1654.40673828125,1659.7447973786138,1623.376034507447,1627.6165680948204,993006
2021-12-23,1672.466552734375,1680.4487343425542,1654.5066441159718,1670.9698936828415,979023
2021-12-24,1694.41748046875,1700.1546732568972,1654.5065741164212,1676.2580667978084,1234386
2021-12-27,1726.34619140625,1734.128866800557,1682.2946263195283,1690.9751996606697,1672655
2021-12-28,1747.0999755859375,1756.0799297722729,1724.2509566854658,1736.1244760248608,1552918
2021-12-29,1714.2232666015625,1751.0909155049364,1705.5925092395335,1747.099825099227,1100579
2021-12-30,1692.6214599609375,1721.157731910024,1681.2468279816756,1710.1822333297282,1359574
2021-12-31,1705.6424560546875,1721.1578699202946,1687.2835362142757,1691.1747522205749,1310960
2022-01-03,1713.3253173828125,1729.1399894063316,1707.388497081045,1709.1845365568645,1094708
2022-01-04,1715.171142578125,1724.1510962041884,1696.21346270088,1721.9061077976726,1191189
2022-01-05,1711.6290283203125,1740.76406251718,1698.7578586898744,1718.164487838368,1583598
2022-01-06,1709.2841796875,1720.0102349052381,1671.8677079977158,1706.19110905416,1615375
2022-01-07,1695.3154296875,1726.944894734824,1685.736836921144,1716.0691488466175,1295933
2022-01-10,1748.6962890625,1762.0664666801185,1695.3154532938781,1703.7467051064768,1670551
2022-01-11,1839.79296875,1845.8793574066303,1733.1310507109822,1754.0842758491115,5126019
2022-01-12,1826.023681640625,1868.8281521985564,1804.2723111970229,1868.8281521985564,2518912
2022-01-13,1849.221923828125,1858.8504542983721,1803.9729583314315,1829.9150473339853,1881069
2022-01-14,1866.084228515625,1886.239186568624,1827.0214063768287,1845.8793331126353,2357616
2022-01-17,1873.6175537109375,1897.1649641780725,1851.5168648845565,1871.8215141996932,1700525
2022-01-18,1836.8494873046875,1904.2490776511627,1825.9738630004833,1880.8014206824425,2294146
2022-01-19,1845.1810302734375,1852.8638310419653,1807.2157318119332,1835.702189996163,1544606
2022-01-20,1861.6939697265625,1876.1616723362313,1839.5932824148686,1850.8681614438376,1252017
2022-01-21,1824.277587890625,1868.8281607705462,1806.7168137294534,1856.7051987956131,1929667
2022-01-24,1711.978271484375,1823.3794845548612,1692.771148982786,1817.9416726179322,2381112
2022-01-25,1737.5213623046875,1746.6510066495543,1664.284823528348,1664.284823528348,1817963
2022-01-27,1682.2447509765625,1721.706709483075,1650.8149113230859,1714.1734769737452,3549583
2022-01-28,1689.927490234375,1740.215256203121,1680.1992068873838,1698.707938282309,1624750
2022-01-31,1711.1302490234375,1730.1378677430996,1701.2024593437052,1705.1436128028731,1024738
2022-02-01,1743.009033203125,1761.168446365349,1695.365390079721,1724.1011687693417,1574361
2022-02-02,1775.3868408203125,1782.0220536777338,1743.1089181271002,1751.0910997785122,1405276
2022-02-03,1747.9481201171875,1783.0198556840896,1742.5103074971753,1768.0033274862374,588866
2022-02-04,1753.3858642578125,1766.0575277431574,1729.8383331158384,1754.0842563686274,855996
2022-02-07,1727.9427490234375,1761.56763909622,1718.2642810991663,1761.0687527639923,854871
2022-02-08,1712.177978515625,1743.1089326729586,1673.3147799953783,1735.5258844005236,1480201
2022-02-09,1779.17822265625,1787.9087328405278,1714.273066795483,1720.7585886466607,1674022
2022-02-10,1782.12158203125,1804.9705984889963,1762.066377518832,1794.9928726819812,1747943
2022-02-11,1760.370361328125,1770.9467272159343,1739.4669509203,1760.0709808092993,1196002
2022-02-14,1660.2437744140625,1734.029135945723,1649.318212470063,1732.4327240440932,1919476
2022-02-15,1740.3648681640625,1747.4989666572542,1624.2241124560655,1632.3559835553426,2261554
2022-02-16,1734.2286376953125,1772.0442459062622,1726.1467035010323,1740.3649639200437,1663614
2022-02-17,1727.0946044921875,1758.0754955133104,1720.1601329539994,1746.1022231261595,1075487
2022-02-18,1732.4326171875,1750.691782721,1721.157738068037,1735.1265544929367,945100
2022-02-21,1681.4462890625,1734.9269963428535,1667.577347754985,1734.9269963428535,1449291
2022-02-22,1663.9852294921875,1675.16035510824,1626.3692531539407,1632.4556413367372,1717579
2022-02-23,1684.9384765625,1713.674375064606,1666.2801783743187,1678.253449117128,1285012
2022-02-24,1540.5108642578125,1644.9277849179316,1525.394707717066,1622.3781498758938,2798065
2022-02-25,1615.094482421875,1634.4512955034581,1575.283452540822,1590.4495475623264,1741584
2022-02-28,1640.787353515625,1647.4225666769548,1588.703664573976,1600.1780512234347,1869037
2022-03-02,1638.1431884765625,1660.5431357905418,1611.901719014343,1634.351603680281,1249817
2022-03-03,1640.1387939453125,1674.4620769882454,1631.3084082140504,1666.2803896625653,1333325
2022-03-04,1611.40283203125,1651.8126244134578,1597.6335207223892,1618.187734780223,1433490
2022-03-07,1560.56640625,1588.4541038897505,1535.871532461513,1586.4585585331051,1508821
2022-03-08,1598.03271484375,1603.819845161134,1549.940119938241,1571.392232758467,1396347
2022-03-09,1652.8604736328125,1666.230530849129,1604.4185586072335,1606.0149706242712,1498176
2022-03-10,1738.9681396484375,1745.7031054269353,1674.5120470761292,1678.2536947308504,2294474
2022-03-11,1730.237548828125,1753.0865671477889,1717.3662571285397,1746.102158513734,1354129
2022-03-14,1732.2330322265625,1748.5465903075135,1718.613411517359,1728.142188818258,659190
2022-03-15,1697.6104736328125,1750.2927984152966,1682.893326502932,1736.1244749825098,1085901
2022-03-16,1754.084228515625,1760.0708641078286,1714.8219011164397,1720.1599601598052,1269866
2022-03-17,1815.5970458984375,1819.5381991877402,1756.0798823445202,1771.6451114874353,2392329
2022-03-21,1798.93408203125,1837.7973983465154,1792.1493013489055,1831.960452926176,1081052
2022-03-22,1827.4705810546875,1832.9083933826437,1786.013077928651,1798.9341852758612,964066
2022-03-23,1806.9661865234375,1843.9337102349032,1796.838770229347,1843.9337102349032,1553366
2022-03-24,1828.7178955078125,1835.4528613883351,1796.1405917408579,1810.9574923183222,1030145
2022-03-25,1862.8414306640625,1873.8169291843114,1817.941663990317,1831.461531341443,1366115
2022-03-28,1905.4464111328125,1920.1137423989244,1846.9271417231803,1872.7195407740733,1895438
2022-03-29,1912.979736328125,1926.599358236841,1881.3004526518084,1914.9752817565543,1715098
2022-03-30,1990.805908203125,2010.51191832066,1913.0295777497413,1923.406316018466,3215951
2022-03-31,2010.262451171875,2037.4517559463798,1986.565350680334,2000.5341678121897,2786973
2022-04-01,2039.0980224609375,2044.4360815743746,2008.5662048995976,2013.5051306086325,1267111
2022-04-04,2061.248779296875,2070.8771881775365,2027.4740767895707,2045.4339849501084,1334265
2022-04-05,2135.083984375,2184.922681433356,2062.994907649461,2073.3716461684467,4970260
2022-04-06,2155.18896484375,2177.988167767061,2119.468654577434,2148.9528856630677,2259018
2022-04-07,2094.374267578125,2210.015994758039,2076.6138696075895,2161.1251456958066,3499044
2022-04-08,2166.114501953125,2171.1533025925723,2100.5608870785904,2110.2891704886447,1924054
2022-04-11,2175.343994140625,2195.099942341065,2153.692375246904,2176.990465255491,1615715
2022-04-12,2192.056640625,2214.057576938553,2150.200125418018,2183.1266238582944,2632324
2022-04-13,2194.551025390625,2212.211552729702,2168.6089362652256,2205.0775756589533,992512
2022-04-18,2228.87451171875,2235.010716022667,2151.9461436526285,2174.9448517489254,1747434
2022-04-19,2163.470703125,2249.977551853844,2135.333560286821,2239.999824351166,1639219
2022-04-20,2179.08544921875,2203.0319919282965,2157.084514384988,2173.1487508913738,1119025
2022-04-21,2281.2578125,2288.441727543149,2198.9912548141915,2211.0644024649514,2243636
2022-04-22,2268.23681640625,2300.863936253878,2259.9552539527463,2291.88398160241,1786042
2022-04-25,2279.112060546875,2289.8880530452752,2237.604867704233,2254.916075672649,1683622
2022-04-26,2389.96484375,2408.5232686216527,2289.9880743413373,2291.8837449110188,3199358
2022-04-27,2328.901123046875,2415.55752719685,2319.821294948347,2399.5931655972054,2559876
2022-04-28,2373.252197265625,2384.576770741752,2331.096302591946,2354.593897336524,1679893
2022-04-29,2326.805908203125,2388.8173833179126,2296.373841221909,2383.678951413922,1916180
2022-05-02,2334.2890625,2357.038327130886,2305.8525426106007,2319.821359398376,1006544
2022-05-04,2248.7802734375,2357.637134341565,2228.076488867928,2353.4465375095065,1744686
2022-05-05,2250.376220703125,2298.668560617568,2231.0195297353857,2264.943798076621,1636796
2022-05-06,2242.693603515625,2256.9618015551705,2195.0998954117485,2205.0776222090744,1161579
2022-05-09,2192.755126953125,2239.2014959215994,2175.1445358334,2224.534285614938,1450886
2022-05-10,2104.801513671875,2215.0553971801673,2092.828241254685,2185.122216137192,1471866
2022-05-11,2114.579345703125,2152.943650293359,2072.3735194806195,2104.9010009997796,1397917
2022-05-12,2040.64453125,2108.89232520289,2006.5706934227671,2098.315837901221,1553685
2022-05-13,2049.57421875,2130.244220267708,2030.7663538766728,2079.85671060798,1547617
2022-05-16,2101.209228515625,2137.1789795953373,2053.0667003911663,2078.0110154815593,1742552
2022-05-17,2179.983642578125,2187.367062650447,2114.6792286332734,2128.2989712813633,1061085
2022-05-18,2176.241943359375,2211.9620080224913,2167.1621151435684,2194.800367800573,1296983
2022-05-19,2110.039794921875,2149.9507024981253,2092.928090737297,2140.222418776414,986930
2022-05-20,2214.606201171875,2227.427432797122,2146.2088413981887,2154.191022119335,1444803
2022-05-23,2165.815185546875,2239.9996822623193,2150.848595242227,2226.7791941598803,1455450
2022-05-24,2155.388427734375,2174.046727552034,2137.7778379175743,2156.186694572974,1008943
2022-05-25,2069.530029296875,2176.5910825717137,2061.5977855072397,2163.171089247548,1382448
2022-05-26,2041.841796875,2083.3491111278267,1901.954010491299,2072.373612937019,4967514
2022-05-27,2075.516845703125,2089.635475982797,2043.1391693522114,2075.367277232452,1354005
2022-05-30,2160.826171875,2170.155443288328,2097.3180422032483,2115.2779493201174,1384584
2022-05-31,2162.72216796875,2220.8424251467973,2145.6102207702424,2155.1889357009827,2861556
2022-06-01,2146.10888671875,2184.423498910428,2121.2644475888205,2165.116502571964,1448212
2022-06-02,2204.478759765625,2213.059701855376,2137.5283621931144,2150.2000259235056,1855167
2022-06-03,2185.1220703125,2237.2556904831977,2171.203190775767,2230.021838880565,1651685
2022-06-06,2220.093994140625,2225.0329198397376,2163.370523835127,2183.625356533303,1664487
2022-06-07,2222.588623046875,2249.678054369775,2202.1342827296144,2205.077663470533,2046676
2022-06-08,2172.3505859375,2239.949683630869,2153.742223273191,2239.949683630869,1530739
2022-06-09,2214.257080078125,2219.046437655744,2150.200122818403,2155.488366735423,1440385
2022-06-10,2198.19287109375,2210.066267371373,2166.1642737983075,2185.1219528412225,1305761
2022-06-13,2075.11767578125,2167.6610893784186,2062.1466312878465,2167.6610893784186,1764172
2022-06-14,2191.5576171875,2268.934932401017,2048.5270586139864,2268.934932401017,6515102
2022-06-15,2179.734375,2214.756051208636,2169.3573925850724,2213.4588979571636,1313510
2022-06-16,2078.360595703125,2212.361522004316,2071.4261239519556,2200.0888687111815,2131789
2022-06-17,2091.132080078125,2132.6392783729793,2055.561337051067,2057.4073139907205,2280135
2022-06-20,2075.21728515625,2118.570452681486,2020.4893646791795,2102.6060922692063,2603594
2022-06-21,2156.985107421875,2172.151203994519,2086.99120519568,2095.322704817864,1331500
2022-06-22,2084.54638671875,2145.161069828488,2072.473484882966,2145.161069828488,1774137
2022-06-23,2105.6494140625,2123.260002262843,2075.3669195050343,2100.311233441393,1026783
2022-06-24,2156.6357421875,2163.1712020569958,2103.903601431997,2116.2758854072363,1156536
2022-06-27,2176.740966796875,2206.075386024405,2164.5182515192637,2184.12438715849,1202504
2022-06-28,2199.68994140625,2205.327260105767,2155.1891785220932,2165.166906200436,1282047
2022-06-29,2215.155029296875,2242.7932813803886,2172.3504389350446,2180.1331138732703,1692493
2022-06-30,2186.02001953125,2243.4918220854506,2175.6432813241386,2215.0553013251947,1568415
2022-07-01,2227.227783203125,2237.0060026745878,2133.4871031306593,2185.021956645612,2141743
2022-07-04,2256.81201171875,2271.9281688952,2223.3866302264405,2227.2279085085083,1581159
2022-07-05,2241.446533203125,2285.5979771480474,2233.01540223132,2258.9574935887886,1356776
2022-07-06,2267.78759765625,2271.9282565920707,2231.518465466915,2239.999532740096,1045463
2022-07-07,2269.234375,2289.83828267831,2250.975086879087,2274.921630356524,946131
2022-07-08,2287.942626953125,2298.4691771444914,2258.857408007462,2280.908281041569,898576
2022-07-11,2367.9638671875,2379.2886838477966,2285.9470066546537,2287.942551891934,1967308
2022-07-12,2360.380859375,2384.477215922241,2344.9153827277305,2359.1336435163494,1273008
2022-07-13,2348.258056640625,2379.3385789020567,2328.50210840076,2368.2135107017307,982185
2022-07-14,2378.772216796875,2399.634163417571,2332.2567482633754,2360.7049902173694,933554
2022-07-15,2400.881591796875,2418.549396367817,2372.6828993664576,2410.114791973206,1169788
2022-07-18,2419.19873046875,2437.415587644878,2401.68055332157,2419.5979065717906,937204
2022-07-19,2446.84814453125,2454.833615410512,2400.632183078076,2402.57859286545,843301
2022-07-20,2446.6484375,2468.308977467038,2439.5612349604658,2457.528543564921,693601
2022-07-21,2490.9677734375,2494.4114589470464,2446.7981385047774,2449.3435560369558,1314165
2022-07-22,2494.860595703125,2509.484135197894,2478.590394046172,2500.949614614524,833522
2022-07-25,2545.9677734375,2557.4966017124198,2495.4595741772628,2500.450493325617,1220351
2022-07-26,2555.05126953125,2563.93525242288,2528.399808250841,2550.3598539600866,865142
2022-07-27,2544.0712890625,2567.8281149195723,2523.4089308130915,2555.3508160132574,953588
2022-07-28,2545.767822265625,2560.9901249538716,2527.0021621060814,2555.2505682025653,759442
2022-07-29,2564.53369140625,2617.2378431659677,2555.3504494679164,2560.3413683145336,1107195
2022-08-01,2655.31884765625,2664.5520488826846,2564.534069201728,2571.1721384639445,1267039
2022-08-02,2678.77587890625,2692.101730222166,2635.2052531651902,2655.1689293255326,1096480
2022-08-03,2706.4755859375,2712.0655129609554,2666.3486440177517,2680.1236298491594,815831
2022-08-04,2718.653564453125,2738.916501151822,2679.3749334430872,2720.0509243298548,1223799
2022-08-05,2693.4990234375,2762.6232504325562,2680.123458219869,2754.9872419690273,1639981
2022-08-08,2786.829345703125,2802.550741071912,2690.754151782759,2695.0963489349333,1581696
2022-08-10,2822.065185546875,2829.751152053613,2776.498192637685,2796.661456621991,1304663
2022-08-11,2828.90283203125,2843.226623266472,2809.9872978616477,2835.8401606647813,978616
2022-08-12,2859.347412109375,2865.9352788767665,2828.9028066450674,2834.841951430629,843025
2022-08-16,2970.4453125,2980.576780433506,2865.7856452192214,2873.771115494998,1969492
2022-08-17,3003.185546875,3023.0495504122723,2974.5876789173144,2980.576781626544,1510171
2022-08-18,3147.92236328125,3180.213707919968,2998.5442494009994,2999.5424332390157,3502295
2022-08-19,3124.51513671875,3252.9813535113676,3069.664981177024,3172.2283749875887,6109949
2022-08-22,3046.0576171875,3186.0029296563266,3023.6981550557316,3128.307860390225,3473580
2022-08-23,3025.14599609375,3068.417366453507,2922.0835064755574,3027.1423639313907,4169136
2022-08-24,3128.95703125,3147.2738030983387,2980.577093578065,3032.4826558238988,3475387
2022-08-25,3060.78125,3172.028795125727,3050.150445417691,3161.2483604397216,3119494
2022-08-26,3133.848388671875,3167.187634268813,3072.41011938399,3074.4064872328427,2897602
2022-08-29,3136.892822265625,3160.6993620671883,3032.333058719068,3049.4518151287007,1924984
2022-08-30,3188.548828125,3257.173971027913,3155.2592976888363,3159.252033275915,4392183
2022-09-01,3227.3779296875,3239.106589912916,3178.6165511863446,3194.1883167091933,1880363
2022-09-02,3349.705322265625,3363.2804760413187,3219.142829465979,3255.077447097227,4835905
2022-09-05,3340.471923828125,3425.5670897008326,3306.982809809747,3367.971935263087,3686950
2022-09-06,3429.56005859375,3441.3386765503437,3348.9067562317928,3363.8795137112193,2580772
2022-09-07,3467.441162109375,3481.615324093773,3399.9141218792497,3429.560133597421,2188110
2022-09-08,3456.510986328125,3495.1406514863015,3443.734184671638,3492.6451919321917,1560414
2022-09-09,3444.93212890625,3501.5790636192173,3408.9475515958343,3472.681689276014,1614634
2022-09-12,3457.50927734375,3489.151656731435,3451.619846395126,3458.7070492274133,1647756
2022-09-13,3549.34228515625,3562.4183477508504,3415.0865534508503,3471.6835306422295,3479669
2022-09-14,3565.612548828125,3601.4472507679075,3504.623419469546,3511.6107062642736,2740337
2022-09-15,3741.891845703125,3761.1068853083266,3568.507355251739,3583.4801133856627,4716688
2022-09-16,3695.47607421875,3859.926857876403,3608.035318170555,3748.180228433909,5687429
2022-09-19,3771.787109375,3795.0448405988477,3674.0650130674826,3712.1955853968916,3092486
2022-09-20,3827.585693359375,3877.944016729065,3805.076600198506,3812.063886715135,3338704
2022-09-21,3633.4892578125,3855.784760295902,3564.7641998410445,3830.680289366043,6089846
2022-09-22,3709.550537109375,3729.164751471961,3601.497139814742,3632.39087995538,3490772
2022-09-23,3667.626708984375,3731.1110511288866,3648.3617133046373,3725.2218643099604,3001474
2022-09-26,3579.686767578125,3651.3564146142626,3525.5852532579484,3639.677712656335,3123908
2022-09-27,3552.63623046875,3622.9582338124533,3479.519263611537,3589.469116976632,3546332
2022-09-28,3542.304931640625,3590.4173443890495,3496.6380205810806,3521.5926167884822,2259832
2022-09-29,3464.396484375,3658.0941005362483,3437.3458494692345,3576.991666354225,15060223
2022-09-30,3449.47412109375,3517.400586368085,3364.977948775764,3441.688237689023,4307707
2022-10-03,3151.56591796875,3453.766078520225,3104.551361160463,3433.752443590665,7578847
2022-10-04,3231.81982421875,3285.2226605541928,3119.3245523039077,3224.133857261319,5642467
2022-10-06,3279.033935546875,3312.772598295905,3202.2237373029625,3264.061177850314,2845165
2022-10-07,3271.6474609375,3304.936745879569,3222.2870749487724,3274.043004681547,1930275
2022-10-10,3240.354248046875,3272.795222420852,3208.512281447922,3228.126496167453,1590792
2022-10-11,3268.00390625,3331.937629394086,3243.099268394663,3251.633788893041,2544394
2022-10-12,3217.795166015625,3291.012046512931,3139.288106242999,3291.012046512931,2972601
2022-10-13,3227.777099609375,3256.874304969896,3183.2082883164476,3212.1556198815706,1840193
2022-10-14,3203.671142578125,3298.997702514629,3189.047846307597,3266.057634683167,1344415
2022-10-17,3206.765625,3229.124846395685,3130.404558307799,3205.1684333157787,1985298
2022-10-18,3278.335205078125,3292.0102748241534,3220.240954850085,3243.099267102388,1635079
2022-10-19,3271.298095703125,3303.988617523028,3253.7299620706344,3294.0067787993935,1396513
2022-10-20,3351.0029296875,3358.888484222092,3239.1064283211554,3254.0791853087726,2211287
2022-10-21,3305.885009765625,3375.8577954349335,3281.030329271031,3368.7705925901078,1120790
2022-10-24,3303.788818359375,3334.033836498627,3281.4293548289747,3318.961163510264,248249
2022-10-25,3294.505615234375,3338.9247941096755,3288.017420567196,3315.9166088966217,879424
2022-10-27,3318.96142578125,3348.9069424048403,3291.012276932566,3313.8208762397626,1106870
2022-10-28,3317.264404296875,3381.796892075646,3291.6608425818795,3315.9667165653964,1323334
2022-10-31,3341.370361328125,3353.8976169403672,3320.059283105482,3333.883982718883,575722
2022-11-01,3569.205810546875,3600.8981466020086,3345.9121403718827,3355.79406263932,4393335
2022-11-02,3574.19677734375,3618.5659996740396,3519.5961707960296,3573.498097404931,2534755
2022-11-03,3583.87939453125,3608.135312158802,3536.016525032651,3543.552862253794,1275216
2022-11-04,3826.288330078125,3842.8083219109762,3560.2723280000396,3635.385664421713,6112097
2022-11-07,3953.4072265625,4006.4106450955423,3813.062473640198,3845.453492248819,5985652
2022-11-09,3989.9404296875,4040.6482179206137,3935.888871780917,3969.7771646912747,3732472
2022-11-10,3984.99951171875,4022.6809524019195,3954.954080079238,3987.7445173314313,2313795
2022-11-11,4001.569580078125,4041.5966078004953,3967.9305880679144,4032.6629107352205,1476875
2022-11-14,4015.24462890625,4070.5938765012793,3982.753694762164,3991.737349712755,1803092
2022-11-15,4050.430419921875,4057.6172948042235,4014.6953898407346,4017.7398992810786,1065546
2022-11-16,3949.4140625,4088.5607846955686,3856.533012535967,4049.9311209428924,3059841
2022-11-17,4010.852294921875,4025.6754224088913,3892.916971831063,3962.789840556236,2266112
2022-11-18,4012.49951171875,4035.6573284305996,3976.7644809467,4021.034032424083,1440776
2022-11-21,3994.58203125,4012.6490122356486,3914.826997540053,4012.6490122356486,1492003
2022-11-22,4026.673583984375,4048.633628319441,3980.7571276474187,3994.582071219066,1705043
2022-11-23,3896.211181640625,4054.473284314303,3865.9661613829994,4042.6447078753285,2861156
2022-11-24,3913.978759765625,3927.85341768848,3814.060459717327,3902.8988216421744,2797181
2022-11-25,3894.01513671875,3942.7263139162305,3838.316428834554,3921.8643688122324,2506346
2022-11-28,3879.092041015625,3917.871580765275,3864.3688293426853,3892.3179769252147,1119166
2022-11-29,3871.356201171875,3907.8898280780104,3857.0324089399155,3877.944312154041,1513444
2022-11-30,3910.7841796875,3932.7442231030186,3859.9767221732086,3890.720831694378,1968428
2022-12-01,3907.98974609375,3937.7853882361555,3895.3625739871886,3930.3489671837247,945838
2022-12-02,3915.3759765625,3956.601016463711,3877.9440838611376,3897.907759968531,1297832
2022-12-05,3923.261474609375,3931.8459526907336,3803.130201582634,3921.7641989228973,2392866
2022-12-06,4024.4775390625,4049.6317223673395,3901.90051829774,3912.8805402218313,2962621
2022-12-07,3992.03662109375,4050.530047035535,3977.3134096711947,4023.678999614984,1257261
2022-12-08,4017.68994140625,4037.653618133734,3996.0793588276383,4002.7171838606364,895075
2022-12-09,3989.541259765625,4086.564681230279,3934.3416441302256,4036.655488738458,2129800
2022-12-12,4009.40478515625,4024.577130042225,3961.5419211102476,3989.740613210119,802499
2022-12-13,4052.825927734375,4064.604545638489,4004.314339935511,4020.484869201799,1215308
2022-12-14,4048.43408203125,4084.6182463654945,4032.6627285612926,4068.5973469346113,1114492
2022-12-15,4036.406005859375,4065.6528418561147,4017.690058382438,4048.434170177333,866138
2022-12-16,3973.5703125,4040.5483025101425,3936.8870560708397,4011.6009709061796,1598960
2022-12-19,4067.8984375,4096.546263458721,3964.2369537004056,3980.756944121194,1643404
2022-12-20,4157.7353515625,4164.423378888121,4059.015057820874,4087.5632158549515,3778426
2022-12-21,3894.863525390625,4182.390439550738,3876.1975356528405,4167.417681413921,3585883
2022-12-22,3861.52392578125,3940.829578669283,3810.11746091259,3940.829578669283,2879658
2022-12-23,3635.5849609375,3841.011234209235,3610.2311900824684,3815.0584555997134,3036157
2022-12-26,3709.999755859375,3738.098533238208,3613.4254701583204,3646.3655365989903,2162662
2022-12-27,3762.803466796875,3791.0021591664026,3688.339101483638,3725.671078150604,1804911
2022-12-28,3790.802734375,3818.0532020467003,3738.198494552913,3749.228474764938,1377950
2022-12-29,3803.679443359375,3818.053193196046,3741.2929532744724,3783.1167587485006,1531692
2022-12-30,3851.342529296875,3890.920419149772,3815.108408927074,3822.744417452933,1528747
2023-01-02,3834.2236328125,3866.964110781066,3815.6076020864148,3862.971375509222,923051
2023-01-03,3823.992431640625,3845.852804518233,3784.1150349445575,3834.9224962308126,799905
2023-01-04,3820.099609375,3867.9125190306995,3796.6922464796617,3832.027857822576,1028377
2023-01-05,3822.844482421875,3835.421452466635,3750.0767349670664,3820.0994768882633,997006
2023-01-06,3817.304443359375,3861.224531091038,3790.153892410154,3822.0458164667702,912159
2023-01-09,3848.2978515625,3872.9529413932687,3804.3278087332724,3836.0201427253432,753981
2023-01-10,3640.276611328125,3855.0360144221195,3548.5436123307322,3851.9915049182264,3595798
2023-01-11,3629.197021484375,3657.8448502733336,3553.6345500530783,3653.353022786301,2226506
2023-01-12,3640.575927734375,3672.31822149791,3605.4399065100442,3635.88451258661,1199785
2023-01-13,3714.3916015625,3729.2646866077316,3635.5850381956548,3644.568692520628,1364712
2023-01-16,3613.225830078125,3733.157518230443,3593.461741759006,3713.2437998176397,1863848
2023-01-17,3632.740478515625,3642.9718629402137,3553.734080862538,3613.4255236108033,1668381
2023-01-18,3590.167724609375,3641.3746037135415,3520.6942764147534,3641.3746037135415,3652240
2023-01-19,3457.259521484375,3531.274752181504,3420.476351270679,3463.6977582032637,3696319
2023-01-20,3449.873046875,3471.0347396440206,3434.700700957334,3443.734313620916,1510258
2023-01-23,3430.109130859375,3453.7160811606723,3406.352306763969,3436.7969138377844,974857
2023-01-24,3435.748779296875,3501.6289127755485,3423.7705732098434,3441.188832488623,1518123
2023-01-25,3382.794921875,3421.774047792476,3308.979279005851,3415.784945025044,3686439
2023-01-27,2756.434814453125,3340.422339594757,2707.074670545639,3328.943225025703,14764368
2023-01-30,2887.59619140625,3032.033342933424,2660.159908158534,2844.8239167924285,20947906
2023-01-31,2968.4990234375,3068.0181539194764,2900.7224336336294,2974.5880427488696,11568020
2023-02-01,2131.4716796875,3005.2816007374013,1937.6741664399826,2989.5602073265854,13525314
2023-02-02,1562.4072265625,2344.584166548576,1492.0352671485684,2344.584166548576,34474080
2023-02-03,1583.9180908203125,1676.8489775406647,1015.602111954952,1487.293850958215,43885579
2023-02-06,1569.8436279296875,1612.0668517966853,1432.5933541699078,1572.139499430204,19308603
2023-02-07,1799.6754150390625,1959.1352754559439,1522.8291653141232,1568.146733739722,19188072
2023-02-08,2160.3193359375,2218.114081730313,1837.5066636564054,1866.4539944833375,19173006
2023-02-09,1922.2025146484375,2164.0625006101295,1728.255473427092,2164.0625006101295,18279862
2023-02-10,1843.5955810546875,1986.3858270610053,1730.0023340032808,1765.7872000356374,11334878
2023-02-13,1714.5303955078125,1918.209722876469,1659.2309896802562,1846.6399945305907,12210940
2023-02-14,1746.522216796875,1885.5692745031201,1608.4235068481717,1731.8489630825375,14579030
2023-02-15,1775.868896484375,1821.0866744772031,1746.8217702741117,1776.7672863359537,7636578
2023-02-16,1793.3370361328125,1871.544714473974,1786.7490472556703,1816.6945620141453,5578515
2023-02-17,1719.5712890625,1812.5521401090975,1700.1067037678242,1796.7309502777637,5392513
2023-02-20,1618.505126953125,1681.939758266971,1557.6658710834472,1647.0033241189924,6762330
2023-02-21,1568.24658203125,1641.4633411759517,1558.4644536620071,1623.0468983565534,5571915
2023-02-22,1402.298583984375,1557.166835628283,1378.6915111129792,1532.2122389034707,10606476
2023-02-23,1380.138916015625,1435.388367400866,1347.5481891454583,1377.4937044598018,8907540
2023-02-24,1313.2606201171875,1424.4083685871103,1259.3087337308361,1407.439242962737,8736727
2023-02-27,1191.3323974609375,1311.4139605820753,1128.995866207558,1297.6389750307656,10271008
2023-02-28,1361.3731689453125,1395.4611755357432,1101.745545420298,1142.920633754239,33948366
2023-03-01,1561.4591064453125,1577.1305447646016,1408.4374675081347,1421.4138580663246,20114340
2023-03-02,1604.3310546875,1643.0106803643646,1405.3431208976638,1497.1760386337035,26970925
2023-03-03,1876.08642578125,1902.4883381814263,1682.4387712978435,1685.782662611212,22888891
2023-03-06,1979.2987060546875,2131.1224395569125,1851.6309720740385,1963.1280551840125,27180456
2023-03-08,2035.9456787109375,2084.207842651659,1937.4748192465856,2036.2950186826556,13568243
2023-03-09,1949.602783203125,2065.092726110836,1901.8895471138928,2046.0772752999799,12627794
2023-03-10,1892.756103515625,1936.4766034040895,1817.293431381559,1866.6037362709521,9419942
2023-03-13,1870.995849609375,1981.3949600409244,1854.0267240070093,1913.518457631462,7572604
2023-03-14,1735.043212890625,1871.44506771815,1648.350965213075,1870.5966357696223,12679663
2023-03-15,1835.6600341796875,1888.0147264912084,1724.961424823273,1757.701902666085,12296703
2023-03-16,1840.451416015625,1871.5947031363687,1791.7399958025503,1857.6201293529505,6509495
2023-03-17,1873.1419677734375,1915.3650718645226,1841.6492183089786,1897.5475143660533,5969594
2023-03-20,1801.671875,1846.5901478431674,1774.17198329074,1833.6637158421902,5168139
2023-03-21,1820.936767578125,1857.6200216323919,1801.6717718115437,1833.61365289281,4094018
2023-03-22,1812.1031494140625,1846.6402893753577,1802.8699479671857,1830.6693463321112,3248124
2023-03-23,1790.74169921875,1830.6690503718994,1776.7671263151476,1790.74169921875,4108804
2023-03-24,1737.48876953125,1819.689186470263,1692.1711976762003,1792.7382221067428,6187968
2023-03-27,1719.920654296875,1754.2082436359242,1678.9451603537912,1737.4886648987506,5053055
2023-03-28,1597.942626953125,1729.8526499937511,1570.1432304905773,1724.8117727012352,8144878
2023-03-29,1737.2392578125,1752.8109020486756,1588.2103550435154,1600.038809710965,9332702
2023-03-31,1747.270751953125,1821.6854016189754,1736.839780173708,1784.7526016957415,4893249
2023-04-03,1714.330810546875,1751.7627050551503,1692.4207237008106,1747.2708777141572,3445796
2023-04-05,1694.9161376953125,1734.7935328315614,1668.5142242191853,1714.33076438471,3690559
2023-04-06,1750.8643798828125,1790.392434822846,1685.084041712259,1701.9034147256023,6012473
2023-04-10,1793.9859619140625,1809.4078539794966,1757.4024986770971,1770.778186916426,4197975
2023-04-11,1799.8751220703125,1825.6781486256723,1789.5937803123654,1806.7126566497907,2883672
2023-04-12,1843.89501953125,1855.3741332000059,1793.7862416470805,1810.705408271586,4809035
2023-04-13,1867.352294921875,1881.5764136991766,1822.7335289704135,1851.6309004838051,3402280
2023-04-17,1875.337890625,1901.4404224277732,1843.645553684298,1867.3524198997836,2983032
2023-04-18,1847.58837890625,1899.2943519289279,1826.6764756431155,1888.5638753643577,2542401
2023-04-19,1850.4830322265625,1874.2896917308442,1831.6672917734347,1843.645497496204,2455884
2023-04-20,1839.552978515625,1875.4875958845828,1833.5139176905643,1851.630978317136,2016823
2023-04-21,1799.7254638671875,1849.8842018368637,1792.7881349172944,1842.6473689954676,2090833
2023-04-24,1798.6773681640625,1814.0993819992011,1772.5749575533712,1800.723693828314,1963582
2023-04-25,1841.2498779296875,1910.2743144993472,1798.5276828948593,1802.7200062630025,5364841
2023-04-26,1844.5440673828125,1870.5966430036947,1823.083113367562,1850.6329648499732,2422711
2023-04-27,1849.6845703125,1861.56286025258,1829.2218020697394,1844.6436932986196,1782360
2023-04-28,1921.453857421875,1940.469307554795,1853.777068878666,1864.657296670377,6159130
2023-05-02,1916.3631591796875,1962.429366282855,1904.5347054260872,1931.4856682387203,3813963
2023-05-03,1835.6600341796875,1936.476599406522,1782.107448182048,1915.5147393098534,5849432
2023-05-04,1907.77880859375,1931.4856741027631,1835.7099861857935,1835.7099861857935,4842127
2023-05-05,1916.8123779296875,1951.4493066536106,1899.693501585997,1951.2497186353394,6137744
2023-05-08,1884.072021484375,1923.4004896403148,1872.5929071812914,1916.8125005839204,2835197
2023-05-09,1892.65625,1926.494704674628,1885.6689635063615,1896.5491911304628,2700563
2023-05-10,1888.7135009765625,1911.4221824197916,1880.5283207098382,1895.5510356348022,1970906
2023-05-11,1981.0455322265625,2010.0926568647935,1906.5310860890158,1921.5038433096101,8835941
2023-05-12,1961.1317138671875,2006.3494899166951,1943.014774907277,2005.3513060908658,3816201
2023-05-15,1912.570068359375,1961.1316114715557,1876.5854945776332,1956.3404024669037,4836782
2023-05-16,1885.718994140625,1931.4856980688123,1877.583771611078,1923.5002274824813,3058799
2023-05-17,1896.0501708984375,1916.4629813297606,1854.3759963077507,1896.5492628097034,3632797
2023-05-18,1886.5675048828125,1920.5057562934028,1873.7907026711437,1906.5811401158571,2437396
2023-05-19,1952.4974365234375,1979.3984407227128,1868.6998348723314,1884.5709813840049,7541150
2023-05-22,2321.87548828125,2342.737432704158,1979.7978190120002,2006.3494843354738,26311368
2023-05-23,2628.91650390625,2754.43811095914,2395.6410093593267,2406.5211147979517,28432888
2023-05-24,2471.10400390625,2745.0055512502986,2420.945266106131,2704.080013940749,23465761
2023-05-25,2532.841552734375,2554.152875337492,2382.3153799324837,2435.5685856257746,8434009
2023-05-26,2539.729248046875,2595.228125457979,2530.545761409394,2560.341647653377,3963515
2023-05-29,2529.447998046875,2578.8081438944514,2518.418017048849,2565.3326610446065,2779432
2023-05-30,2491.916015625,2549.51117484639,2470.654650948539,2524.7064524715424,1736953
2023-05-31,2488.82177734375,2568.3270227975545,2423.590365857933,2477.49229326993,4268439
2023-06-01,2487.623779296875,2555.3506508620917,2480.78636615646,2495.359704118821,1704946
2023-06-02,2440.609375,2534.288779412352,2420.5957408567715,2530.3959600296557,5543791
2023-06-05,2429.52978515625,2509.4344593824,2423.590639371705,2458.7266657994223,2956768
2023-06-06,2429.22998046875,2502.396903949247,2421.4940557860327,2470.5049793192975,6473608
2023-06-07,2435.119384765625,2462.4695239316575,2430.5775996490133,2448.544908393852,2522516
2023-06-08,2424.738037109375,2471.403128928325,2364.747338016069,2445.5502664476203,3781621
2023-06-09,2446.6982421875,2454.4341670115273,2423.5903835791355,2443.5041026125086,1948506
2023-06-12,2480.287109375,2500.45037302482,2428.181964712488,2455.532102850721,2804898
2023-06-13,2458.07763671875,2500.4504915182065,2437.7644983207406,2494.46138854451,2210990
2023-06-14,2452.68701171875,2480.2869375880105,2447.895924856451,2465.4138540532717,1364403
2023-06-15,2481.1357421875,2522.410744407695,2458.42705820045,2464.5160775396116,3744029
2023-06-16,2505.042236328125,2522.310621623012,2482.882360352473,2494.660978281598,7999982
2023-06-19,2397.038818359375,2517.0207230214155,2345.732261272569,2499.452588181495,11475674
2023-06-20,2410.414306640625,2430.5775708089186,2385.659299479801,2430.5775708089186,2479711
2023-06-21,2401.580322265625,2435.5685302073484,2388.753806347416,2422.2926366106262,7418013
2023-06-22,2392.896240234375,2445.5004805179146,2355.713891731411,2420.6957580034023,8459191
2023-06-23,2229.49365234375,2387.9553431821832,2159.37123482312,2387.9553431821832,15213238
2023-06-26,2291.430908203125,2332.206571628493,2169.1034305325707,2206.036232413036,7847341
2023-06-27,2280.30126953125,2339.593542215613,2266.8757441803327,2324.7204551833966,3361053
2023-06-28,2397.637451171875,2414.207399479009,2289.683972320936,2295.8227051187814,28353193
2023-06-30,2383.713134765625,2433.5224143905175,2345.732188254649,2433.5224143905175,5125497
2023-07-03,2381.16748046875,2413.458824224378,2368.88977085747,2400.632064777759,2662358
2023-07-04,2383.363525390625,2409.6158093353397,2368.7402294947183,2392.6466839174855,2308684
2023-07-05,2394.79248046875,2407.669197245616,2369.688256277299,2386.657380269175,2198481
2023-07-06,2398.53564453125,2423.1909782079165,2385.65917158609,2394.7924554544934,2476366
2023-07-07,2376.428955078125,2406.738363263117,2364.944280400932,2391.808334945821,1823645
2023-07-10,2407.0380859375,2459.4181419799293,2351.8617124293382,2389.6113886785215,3771285
2023-07-11,2419.671142578125,2441.691807480642,2384.8177478925754,2420.520107393061,2247776
2023-07-12,2384.7177734375,2428.75910305436,2377.277750112664,2426.6618040001163,1445282
2023-07-13,2358.90234375,2402.494077546756,2352.411005752322,2393.8057200667663,1247741
2023-07-14,2372.933349609375,2381.8213906058727,2336.881364368026,2371.8347181085737,1353535
2023-07-17,2405.34033203125,2456.222385542391,2388.113319975708,2396.7017130301756,3090373
2023-07-18,2413.67919921875,2506.655233906911,2401.9948391225603,2411.7818286395177,5978272
2023-07-19,2420.52001953125,2439.744366256769,2413.6790505729427,2425.413392080727,1637260
2023-07-20,2416.525146484375,2430.656190945154,2396.801467739436,2425.712836680992,1564275
2023-07-21,2413.080078125,2454.5747571988577,2392.1080628054615,2406.788424766082,2280563
2023-07-24,2414.977294921875,2436.1489936098683,2408.8355883525132,2426.7616182095676,1113193
2023-07-25,2463.36279296875,2475.6964326259344,2412.780387746776,2424.764396295187,3017555
2023-07-26,2467.457275390625,2502.660298342166,2442.7402592757135,2469.1549610677885,4021773
2023-07-27,2425.163818359375,2481.6884907657054,2411.7817727159672,2467.45748030558,2243944
2023-07-28,2459.91748046875,2478.342845157434,2427.8604033540782,2433.7524434629395,2339800
2023-07-31,2488.878662109375,2514.644327893738,2463.7122942469628,2473.6989675110362,3359974
2023-08-01,2477.79345703125,2510.6495126338905,2451.9778106182816,2501.5118046545813,1575727
2023-08-02,2470.253662109375,2510.649707486265,2447.73366469723,2489.6776932232533,2506971
2023-08-03,2529.22509765625,2546.601812497771,2458.719083282161,2466.608458037906,4720470
2023-08-04,2538.41259765625,2554.4909949335356,2498.6655902631132,2541.907933214172,3294056
2023-08-07,2547.10107421875,2565.5764201795605,2513.0464200837964,2547.5504257628504,4684333
2023-08-08,2471.25244140625,2559.834190233645,2458.0200984741928,2559.834190233645,6127920
2023-08-09,2503.75927734375,2513.5460233637523,2468.7059520997104,2485.0342625371686,5781400
2023-08-10,2548.99853515625,2574.065184038077,2506.6551355715123,2506.6551355715123,8140756
2023-08-11,2536.11572265625,2564.7274445647163,2514.844059444455,2546.6517119091736,7157372
2023-08-14,2452.726806640625,2481.6381752441243,2396.8514218403434,2476.6948210377645,9786919
2023-08-16,2441.841796875,2461.715180931251,2416.775147202283,2446.7351696882615,7084828
2023-08-17,2476.395263671875,2483.8852684479616,2438.795537222024,2451.678247910789,7769452
2023-08-18,2573.965087890625,2662.3971290369527,2458.0199567580103,2474.1983187979954,14679923
2023-08-21,2636.232177734375,2651.4618550562614,2577.061136336227,2584.5511415764986,10479200
2023-08-22,2694.454345703125,2717.3737113744887,2650.5629668237993,2665.2933094341533,10291468
2023-08-23,2526.927978515625,2718.771825154368,2485.533266701575,2716.37512110303,5251316
2023-08-24,2536.165771484375,2609.5178411414654,2527.727080960157,2576.561817889392,4558367
2023-08-25,2492.424072265625,2545.6031093679567,2482.68706547224,2545.6031093679567,2808721
2023-08-28,2469.155029296875,2578.5590857452066,2452.377369131606,2546.6017306933686,4457038
2023-08-29,2503.10986328125,2533.269570086323,2441.741800134984,2468.8057842801804,4802150
2023-08-30,2509.751220703125,2539.611279391641,2489.078609809993,2513.645926161526,6484593
2023-08-31,2416.02587890625,2486.6316086442507,2380.5731895598938,2446.6849164230043,6230369
2023-09-01,2446.784912109375,2462.2642555439447,2376.82821769525,2377.826885013609,6764397
2023-09-04,2467.3076171875,2476.694992617281,2446.784954675138,2450.729641888229,5998454
2023-09-05,2490.726318359375,2498.066376990538,2460.7163161465633,2478.6923281963354,6489319
2023-09-06,2493.173095703125,2500.663100997647,2467.707077701751,2490.726409403303,7416248
2023-09-07,2506.15576171875,2516.641769089958,2481.688411185931,2494.6710869788553,4298988
2023-09-08,2515.942626953125,2535.2169549838586,2502.7602670978677,2510.449956695496,5640973
2023-09-11,2611.465087890625,2626.7447468147907,2542.6070241955927,2561.581703480634,9148241
2023-09-12,2532.32080078125,2623.099810983172,2526.6284455365744,2618.955195109431,5658774
2023-09-13,2515.543212890625,2563.5292301579984,2492.6738269880416,2542.307547937047,1780068
2023-09-14,2516.44189453125,2541.6082615604673,2502.71021924777,2538.4625571125366,1218481
2023-09-15,2536.6650390625,2554.591069146664,2510.849390661708,2516.44202532121,1547001
2023-09-18,2499.114990234375,2551.5950067487574,2487.6802981648357,2548.599004783886,861677
2023-09-20,2467.0078125,2530.273237936038,2455.622859302133,2499.0648856643384,1203019
2023-09-21,2475.946044921875,2500.4633773000683,2457.720365656039,2476.4953607312973,1279908
2023-09-22,2461.614990234375,2494.670976196065,2456.721617871225,2486.631655472092,865589
2023-09-25,2478.792236328125,2485.6829432650693,2420.7695678885207,2476.644955314974,1216898
2023-09-26,2454.67431640625,2495.6696590891142,2449.3315924768717,2487.6803204445714,698863
2023-09-27,2479.99072265625,2494.671084196513,2441.8416779780296,2456.721724228752,1077373
2023-09-28,2471.951416015625,2507.65377461478,2443.439413741916,2486.6317776415926,2225560
2023-09-29,2410.68310546875,2476.2457656468996,2401.8450453920764,2458.769086392411,1689201
2023-10-03,2384.068603515625,2421.6683312790196,2368.8389266055347,2414.7776241703973,2019899
2023-10-04,2461.6650390625,2499.4147137083537,2389.0619713790065,2398.9986627623507,2857377
2023-10-05,2463.063232421875,2483.186281313817,2443.1396244148245,2474.6476269986897,1132455
2023-10-06,2474.7978515625,2511.598600005678,2462.7638602885913,2463.0635092801353,1510035
2023-10-09,2439.34521484375,2456.422281977209,2408.086874845105,2436.7485819434296,1408224
2023-10-10,2494.970947265625,2514.594665196247,2439.7445883367764,2439.7445883367764,1771910
2023-10-11,2485.283447265625,2534.6175125126233,2479.191479437584,2530.522879209809,1627836
2023-10-12,2503.010009765625,2518.3893894268563,2487.3307373211205,2496.5684103070225,1804818
2023-10-13,2451.279052734375,2491.6750992680704,2419.1220120399425,2485.5831307577773,2278682
2023-10-16,2426.112548828125,2461.4152922640073,2418.6225439359664,2451.2789165027248,803856
2023-10-17,2425.163818359375,2458.7191405493627,2420.2704456220067,2456.6718236148495,707543
2023-10-18,2403.143310546875,2438.496037730776,2397.8503247509652,2436.7483698425694,776977
2023-10-19,2398.998779296875,2411.4821217957297,2379.3750624147883,2396.801759780133,1168822
2023-10-20,2390.56005859375,2440.693112678279,2378.8756989242015,2394.854377122635,1240350
2023-10-23,2305.5732421875,2409.1352397339424,2298.7325172415062,2394.604581267022,1483549
2023-10-25,2253.9921875,2344.920897615236,2232.3211549742855,2316.908229951263,1540819
2023-10-26,2200.263671875,2246.0026814247344,2164.161947732134,2246.0026814247344,2226073
2023-10-27,2258.685791015625,2271.968114912009,2209.052074806753,2219.038747839333,1244293
2023-10-30,2296.036376953125,2301.928417241206,2247.0017088037803,2257.038365199495,996448
2023-10-31,2291.592041015625,2316.9083570116713,2272.9669916200705,2316.9083570116713,1155280
2023-11-01,2214.34521484375,2309.168633143953,2204.05889213913,2295.936290452134,1666579
2023-11-02,2212.347900390625,2294.8876619973707,2201.262594922896,2244.0056076410183,2340997
2023-11-03,2226.87841796875,2275.962819153211,2212.048110761019,2212.34775971966,1853300
2023-11-06,2243.0068359375,2256.988178637021,2230.0241605736587,2250.9461924931034,770061
2023-11-07,2230.373779296875,2256.9881661190307,2223.6825131327164,2253.992164128607,641554
2023-11-08,2256.938232421875,2294.93757391224,2232.02153076321,2242.307853247455,1169180
2023-11-09,2211.69873046875,2269.571703197953,2207.154988705966,2265.9764029170983,1267890
2023-11-10,2202.161376953125,2234.018766531334,2195.5700751985423,2217.2910891333013,1072597
2023-11-13,2210.69970703125,2238.912057438381,2192.6239757144162,2212.547339008791,853633
2023-11-15,2222.434326171875,2247.001641646658,2217.5409534561795,2237.014967683784,696475
2023-11-16,2202.96044921875,2229.824750142063,2193.1737031775115,2223.033762661081,1307584
2023-11-17,2205.8564453125,2234.967500430099,2198.066791382349,2202.9601637689066,916518
2023-11-20,2146.98486328125,2215.54327177608,2139.1452279217324,2208.053267476634,1577213
2023-11-21,2193.72265625,2229.5749623555103,2155.473889715436,2157.121593406508,1839502
2023-11-22,2169.75439453125,2222.034724795807,2150.630013414728,2202.2110815226492,1247205
2023-11-23,2172.351318359375,2187.0816628925554,2157.720938094908,2187.0816628925554,729114
2023-11-24,2222.484130859375,2248.9488147480242,2158.0201068128395,2176.0960827685503,1946259
2023-11-28,2420.270263671875,2509.0516913945535,2271.968165815356,2297.9335162818174,11972275
2023-11-29,2393.40625,2474.348043038417,2386.814948014939,2465.410019088193,4561574
2023-11-30,2355.40673828125,2405.7894532866985,2339.927395597172,2396.851429983781,2983879
2023-12-01,2359.551513671875,2400.1474914305477,2350.9631199699643,2366.841834752949,1792983
2023-12-04,2527.826904296875,2591.5419339406303,2484.1352050252362,2546.5519182704343,5681516
2023-12-05,2955.406494140625,2995.9022625204743,2527.8268967184335,2527.8268967184335,22879079
2023-12-06,2880.1064453125,3150.345908048416,2841.0587010632053,3075.8952137702445,19355777
2023-12-07,2883.302490234375,2941.974200062728,2849.2480781380673,2896.135463867626,6325887
2023-12-08,2818.388916015625,2923.0992833962223,2756.321838802041,2898.8316184437163,6959428
2023-12-11,2851.994140625,2916.0085686366883,2807.3037786911036,2833.269128641524,5064123
2023-12-12,2853.841796875,2892.0908070418545,2836.764730631404,2865.2767336523825,2017772
2023-12-13,2871.21875,2895.236749673388,2801.262050040739,2856.188756904283,2805832
2023-12-14,2890.193359375,2929.0414226556495,2883.1527056328273,2897.0840667220677,3224681
2023-12-15,2987.81298828125,2996.0020116834644,2890.0433096774855,2908.169268137331,4921484
2023-12-18,2976.628173828125,3023.7152445894835,2957.1541593720126,2989.960237435831,2315922
2023-12-19,2937.33056640625,2990.3599042472565,2911.1155464765725,2984.817251270495,1741493
2023-12-20,2780.14013671875,2964.0446275207955,2762.5135121021844,2942.073946319496,3417739
2023-12-21,2796.018798828125,2818.1891643284835,2721.368417468217,2746.3351001972833,2678577
2023-12-22,2804.607666015625,2843.805361125997,2787.6800586800678,2812.197391900694,1513956
2023-12-26,2861.63134765625,2889.893682803177,2796.3685817480277,2813.2459626631703,2048484
2023-12-27,2839.56103515625,2890.942423866973,2829.824028054805,2876.861116071078,1698325
2023-12-28,2806.1552734375,2863.5289074241473,2796.3685285148254,2851.1952681949892,4102912
2023-12-29,2845.153076171875,2859.484049053042,2799.1146612158304,2820.136412241967,1507086
2024-01-01,2913.3125,2943.072837379929,2838.2627421718207,2848.4990830551405,2898619
2024-01-02,2928.4921875,2944.2711811898785,2837.2140846266498,2918.106144061623,2671368
2024-01-03,2998.998291015625,3194.7371072124492,2951.6615523798564,3042.939657916953,19725411
2024-01-04,2994.30419921875,3040.392597354699,2986.0152119075938,3035.349278752138,2975620
2024-01-05,3002.59326171875,3062.8127060601455,2977.1272450597626,3005.938650951459,3219949
2024-01-08,2959.55078125,3022.966159893285,2949.014791625737,3015.9754882318207,1849061
2024-01-09,3010.58251953125,3064.71023805828,2976.0285336612947,2986.714224935215,2885706
2024-01-10,3094.0712890625,3107.8529479417507,3016.025529300166,3019.97021676602,3590297
2024-01-11,3076.794189453125,3124.830187269313,3060.9154758646355,3115.8421809780302,2008103
2024-01-12,3099.963623046875,3120.8356745118954,3064.11131652891,3092.2239505740854,1795933
2024-01-15,3085.382568359375,3125.8285932885074,3063.3619060237966,3122.832591441905,1407007
2024-01-16,3052.4267578125,3100.3627906523498,3030.955409769651,3090.875450819463,2515564
2024-01-17,2967.090576171875,3040.941975382395,2942.373560115811,3028.9579675976365,2897218
2024-01-18,2915.009765625,2981.0217689903843,2881.255007313087,2971.5844121531127,2552342
2024-01-19,2911.764404296875,2945.5194099860414,2899.1813417910985,2941.4250200800266,2014096
2024-01-23,2892.68994140625,3010.9320573026466,2881.654618501991,3010.9320573026466,1827002
2024-01-24,2899.580810546875,2925.1967756175977,2867.4237690656432,2897.134124182649,5807940
2024-01-25,2889.744140625,2922.45049859137,2800.6628118139847,2899.580868411209,2601969
2024-01-29,3060.56591796875,3088.5785870096943,2919.1547618925347,2925.0967840975154,4402976
2024-01-30,3086.98095703125,3125.7290578441807,3016.874309150816,3076.894318571163,3115506
2024-01-31,3137.812744140625,3147.4997684578275,3068.3054005953627,3088.6283782434493,2671051
2024-02-01,3149.29736328125,3232.6361015693537,3078.941300028078,3152.6927346104353,4686595
2024-02-02,3153.241943359375,3204.22395658674,3135.815248147846,3180.7052934625804,2708695
2024-02-05,3169.220947265625,3225.096338395369,3147.2502649127814,3165.775593568803,2191195
2024-02-06,3199.48046875,3223.8978362837665,3155.7887729223567,3179.656824659808,2078891
2024-02-07,3225.5458984375,3273.5816525845275,3205.722253641984,3215.758909460834,2095911
2024-02-08,3164.377685546875,3241.2750769113886,3141.9076685897116,3241.2750769113886,1679004
2024-02-09,3210.915283203125,3220.6522900725795,3117.040550307871,3180.2062615379223,1572789
2024-02-12,3165.52587890625,3237.629613866527,3155.7888721015065,3224.696920258153,1083138
2024-02-13,3174.21435546875,3189.7436823345943,3087.9295894526877,3175.762338705075,1225207
2024-02-14,3202.92578125,3250.911794758665,3165.6257031219134,3179.7567481795836,1741264
2024-02-15,3189.5439453125,3248.415338938319,3179.8069383016173,3215.5592794738627,2035204
2024-02-16,3219.30419921875,3247.965903687665,3188.3952493745633,3209.7168950366504,2193673
2024-02-19,3254.457275390625,3304.190959199112,3231.4879258716505,3235.682280064234,1779444
2024-02-20,3224.297607421875,3265.442654801948,3205.8719991696344,3262.6463373689708,1467630
2024-02-21,3218.904541015625,3295.602241955088,3200.7288440806237,3233.6848665001744,1657021
2024-02-22,3258.701416015625,3269.6367743016267,3206.2214000902177,3234.6834184370705,1138722
2024-02-23,3268.937744140625,3315.5254764771557,3220.802028715488,3258.7014042458336,1975035
2024-02-26,3323.3154296875,3339.5437748854333,3258.6517157449666,3267.63972231613,1695378
2024-02-27,3297.899169921875,3335.5488794689954,3268.638168413779,3334.5502121398135,1125570
2024-02-28,3214.710205078125,3314.3772555394694,3203.2255305337326,3304.7899514371725,1358879
2024-02-29,3281.021728515625,3300.3460399377336,3201.0785994141256,3215.7589612077186,1352988
2024-03-01,3314.3271484375,3341.5408327448213,3277.426439947139,3305.439106868737,1161067
2024-03-04,3312.729248046875,3345.535567480967,3305.638856267643,3330.5555574773207,1061244
2024-03-05,3305.78857421875,3329.5569056314826,3290.658861570797,3320.8685485520064,1190416
2024-03-06,3229.64013671875,3318.571510492132,3178.9077880059526,3318.571510492132,1935203
2024-03-07,3222.250244140625,3257.6529535639097,3215.7089241188805,3235.6822714736563,856328
2024-03-11,3203.075927734375,3254.6570005296367,3195.7356249447184,3236.880672352826,738851
2024-03-12,3118.338623046875,3218.4050370634222,3106.8539491749652,3203.07564040181,1199487
2024-03-13,2902.3271484375,3133.8682825994088,2846.3517919175474,3120.835624269403,3407040
2024-03-14,3083.33544921875,3097.067125228807,2876.1619570155294,2923.5486738289983,3759100
2024-03-15,3128.02587890625,3139.2109046562837,3057.170477963623,3106.854179483816,2199094
2024-03-18,3107.603271484375,3119.836947093175,2972.084154523826,3046.035524007833,3042515
2024-03-19,3048.6318359375,3160.58254579857,3037.796441246877,3121.8342030248423,1460452
2024-03-20,3047.38330078125,3079.09098773271,3017.0738943467272,3070.901964590188,966481
2024-03-21,3062.41357421875,3102.9595680805164,3055.5228667025967,3085.4329064925655,1175751
2024-03-22,3103.558349609375,3124.7800299406213,3043.987942111534,3062.4632873410897,951557
2024-03-26,3105.805419921875,3167.7227944965357,3084.9833523419757,3096.368062398952,937103
2024-03-27,3117.939453125,3134.2675181244053,3102.110477988871,3110.848817363488,900231
2024-03-28,3192.839599609375,3232.6863308134,3092.6232298258874,3129.823589981216,2327053
2024-04-01,3247.76611328125,3287.413157419854,3203.5750840394785,3225.8951525198922,1292646
2024-04-02,3264.39404296875,3280.6223881154397,3235.6823554015295,3254.6070537479977,868829
2024-04-03,3229.140869140625,3255.8052384165167,3217.706176834543,3245.668862418456,1153109
2024-04-04,3206.521240234375,3268.638301882904,3197.4332696416177,3245.6689523737973,1403826
2024-04-05,3220.502685546875,3229.690376878835,3174.713687655921,3206.8209909075695,755607
2024-04-08,3220.252685546875,3239.1773820869057,3192.939037411838,3236.630731713149,577440
2024-04-09,3194.1875,3246.6675174002057,3180.7554730604907,3236.3811950508025,833679
2024-04-10,3237.6796875,3250.2629941755577,3188.245651555753,3195.735657001851,1441138
2024-04-12,3205.6220703125,3243.172058336978,3201.0283470194076,3205.7220345686524,705173
2024-04-15,3143.25537109375,3176.061689701141,3099.064342696583,3145.802021493249,1035378
2024-04-16,3102.26025390625,3145.003266563622,3095.868880195828,3096.8675475765363,1134184
2024-04-18,3015.276611328125,3140.809058148291,3004.2912696303088,3120.985412194753,1703646
2024-04-19,3022.916015625,3052.9759996831203,2958.5519551857833,2996.00197993497,1727317
2024-04-22,3059.267578125,3073.398622926895,3020.968589554462,3048.9312740197597,993929
2024-04-23,3061.015380859375,3086.880767604035,3039.0446992394172,3054.9234125204607,1654272
2024-04-24,3039.494140625,3083.735154139574,3035.948822677568,3067.856196573903,605917
2024-04-25,3111.098388671875,3116.740761540118,3021.6176986973296,3045.935345622091,1515529
2024-04-26,3076.294921875,3125.7289575393147,3061.9641911584526,3115.742283667736,662764
2024-04-29,3077.093994140625,3106.354998199372,3047.433620641499,3105.855664491254,648544
2024-04-30,3050.629150390625,3104.3075212468502,3040.9421257154404,3089.876826589022,804552
2024-05-02,3035.54931640625,3115.6923697077145,3011.0319846705993,3067.856058270391,2219085
2024-05-03,2989.260986328125,3040.942020669553,2971.1352718098465,3025.962010715516,1472168
2024-05-06,2870.81884765625,2996.201575551594,2846.201796312492,2989.260886600831,2377944
2024-05-07,2832.170654296875,2901.4783154549045,2818.239293370871,2886.0986918029084,1262311
2024-05-08,2856.738037109375,2887.0474459569155,2816.242025881953,2846.2020474338883,951411
2024-05-09,2762.962890625,2879.806969064152,2752.327181011133,2860.982236049227,1485510
2024-05-10,2793.522216796875,2805.256558041799,2756.77120992206,2791.225233151836,2354794
2024-05-13,2875.762451171875,2886.1484935533686,2786.7810973220326,2799.2644385571252,3784373
2024-05-14,3033.501953125,3041.9406431783814,2870.71918068965,2891.0918964008524,5725807
2024-05-15,3045.685791015625,3114.6938033410393,3033.55208007847,3042.68978892593,1688836
2024-05-16,3037.596435546875,3072.8494416250296,2970.985372329271,3060.9154156029435,1835312
2024-05-17,3056.421630859375,3086.880987089145,3011.481597077747,3036.9975983545955,825436
2024-05-21,3113.34521484375,3170.7685828801623,3030.4558314172764,3063.811220715805,3091659
2024-05-22,3136.76416015625,3140.808811681565,3069.404096249059,3125.7788193204797,3371077
2024-05-23,3382.7861328125,3401.461164429606,3131.3716148603116,3152.493332844382,6979082
2024-05-24,3380.43896484375,3453.2419602420373,3351.1282246946002,3401.4609611204814,3473668
2024-05-27,3284.6669921875,3353.5250592174893,3262.6963098459914,3353.5250592174893,2582485
2024-05-28,3239.72705078125,3325.0631319552945,3224.7470396746785,3305.2394863981513,1621168
2024-05-29,3254.457275390625,3318.471707543471,3207.7195936933085,3245.668953768136,1910729
2024-05-30,3189.993408203125,3269.936783983999,3170.2697266465743,3249.663786583069,1990208
2024-05-31,3406.803955078125,3429.873024527439,3220.9518640918236,3220.9518640918236,6384589
2024-06-03,3640.392333984375,3738.9107753095227,3581.271272762691,3720.036059006048,8511359
2024-06-04,2937.33056640625,3515.3093391415214,2730.3067602556816,3515.3093391415214,20306909
2024-06-05,3111.198486328125,3145.8022131466278,2746.3352654454684,3025.96212883628,8778345
2024-06-06,3181.404541015625,3218.105566070609,3132.969174616531,3179.756837416816,5873271
2024-06-07,3215.259521484375,3229.4405491179114,3147.4001236876884,3166.1748748506757,4740455
2024-06-10,3215.808837890625,3280.022953575788,3201.228197024458,3262.646239176074,4935698
2024-06-11,3216.957275390625,3260.6489729609284,3190.79223898015,3219.7036106664727,4173692
2024-06-12,3214.76025390625,3240.6756234571276,3203.7249306781096,3220.602311745659,3022477
2024-06-13,3220.502685546875,3249.663724911481,3202.9760238851713,3225.695707272306,3202978
2024-06-14,3258.6767578125,3271.914273575822,3218.065156072659,3221.961383902909,4224855
2024-06-18,3305.932373046875,3341.8484533825726,3284.102861818535,3306.8814292066713,1755612
2024-06-19,3258.82666015625,3310.8776710155767,3223.2603475140327,3310.8776710155767,1419264
2024-06-20,3256.37890625,3311.876615972473,3236.9472807694756,3260.8246646899256,1366545
2024-06-21,3186.295166015625,3274.0124917215535,3173.407173743101,3261.9737961634432,4697655
2024-06-24,3191.590087890625,3211.7710063045856,3132.0461465201365,3182.748328955829,3261647
2024-06-25,3168.1123046875,3205.426967377771,3153.3762020558997,3201.7305022794208,1694962
2024-06-26,3167.5126953125,3184.696440367119,3160.9188163923063,3166.06411031187,2142889
2024-06-27,3172.158447265625,3199.233012670723,3147.0322398041308,3174.006801859595,5114980
2024-06-28,3174.156494140625,3208.9237554847364,3154.025576385208,3186.9944848491646,960905
2024-07-01,3180.80029296875,3190.141337112732,3154.575025549346,3176.953822849665,832170
2024-07-02,3150.22900390625,3204.7776573111532,3128.0999712164453,3176.854040603408,1490844
2024-07-03,3187.943603515625,3191.5403093464574,3144.7843530986797,3155.02469607994,1152522
2024-07-04,3141.28759765625,3191.440252190451,3135.093487861455,3188.9926092768546,1055391
2024-07-05,3144.933837890625,3155.573949424116,3121.0064532237307,3140.9376068344227,663988
2024-07-08,3110.66650390625,3155.224336016614,3072.102774762873,3144.9339917613047,1155112
2024-07-09,3107.819091796875,3155.024573461233,3097.5787492136014,3113.0141436423673,922403
2024-07-10,3093.0830078125,3124.3035646581525,3060.513625346875,3117.1603988161073,586710
2024-07-11,3075.399658203125,3126.8511346301084,3071.2036642475096,3115.7614955447148,899781
2024-07-12,3062.561767578125,3095.8804436791597,3055.468603351436,3087.088686017765,756036
2024-07-15,3087.48828125,3100.5760366457425,3055.46867229455,3063.2113706299792,724171
2024-07-16,3106.37060546875,3134.793752369816,3093.183090700148,3107.0698971779548,988357
2024-07-18,3089.286376953125,3108.068711746439,3054.269353453324,3103.073422913674,1021653
2024-07-19,3002.8681640625,3091.584550902513,2997.173583036852,3089.0869062499823,1026941
2024-07-22,2998.022705078125,3024.0479657124274,2969.349551009465,3002.8679890753174,662085
2024-07-23,2992.528076171875,3035.1377965880383,2883.630768789355,3017.154755001934,1443331
2024-07-24,2967.901123046875,3004.6665009175304,2956.5119610565184,2992.528045535424,693702
2024-07-25,2970.698486328125,3014.806792386343,2942.3253412450763,2957.910497197929,1105721
2024-07-26,3077.59765625,3106.070804506168,2985.284809994245,2992.1782114814964,1942427
2024-07-29,3086.439453125,3117.4102463411728,3071.1038176295233,3091.3847406790096,1037474
2024-07-30,3125.802001953125,3152.027268449735,3063.760416791194,3089.0866288578704,1647048
2024-07-31,3166.413818359375,3194.487441208357,3132.0463262511958,3138.0406732870833,2414005
2024-08-01,3214.21875,3254.9303558940087,3148.7304615527937,3177.0038464527156,6149883
2024-08-02,3157.921875,3211.9710024974033,3108.068985620349,3196.9851346785977,3360209
2024-08-05,3035.33740234375,3130.0981335855913,2993.4769774926867,3082.093356830791,2238921
2024-08-06,3069.804931640625,3139.8389827726187,3054.3695370187256,3081.0943338509283,2125201
2024-08-07,3182.9482421875,3186.9944751779185,3109.067964499587,3115.062311474843,1868169
2024-08-08,3164.5654296875,3239.594520482156,3153.5757944205084,3187.543757973028,2139376
2024-08-09,3184.546875,3216.2669615029313,3168.062420596902,3205.9766169419063,760165
2024-08-12,3148.7802734375,3166.8633163334443,3011.1600679434046,3097.079034712858,10307245
2024-08-13,3089.286376953125,3175.1055854463816,3078.8462720747634,3167.063121643512,2192588
2024-08-14,3037.23583984375,3082.7927310448176,3024.897377943745,3082.7927310448176,1232383
2024-08-16,3105.87109375,3118.6590830157775,3036.4865748297866,3067.107600376797,970067
2024-08-19,3099.626708984375,3131.3467929351323,3090.0356569027463,3119.108335347832,557265
2024-08-20,3067.7568359375,3123.0547845330607,3055.9681486419618,3116.0113780315037,662263
2024-08-21,3112.764404296875,3150.329075933,3065.508920578581,3067.756800675968,1379240
2024-08-22,3096.130126953125,3147.032073131659,3088.0876628730025,3127.800210462521,1378912
2024-08-23,3073.451416015625,3120.0573626289906,3064.709660676847,3098.07809206292,1375224
2024-08-26,3066.1083984375,3087.088612307551,3052.121589190799,3085.0904967008796,1632446
2024-08-27,3064.210205078125,3092.8331128219234,3061.1130284055153,3069.305253393934,1310440
2024-08-28,3025.147216796875,3075.100110072913,3019.252872954547,3075.100110072913,1569652
2024-08-29,3017.30419921875,3039.083707189937,2978.490951551553,3027.1450157285044,1853966
2024-08-30,3016.50537109375,3035.687232739955,3000.4704440629503,3027.1452394702205,3509174
2024-09-02,3039.28369140625,3056.267674580156,2994.7758600407615,3018.253719134102,1842658
2024-09-03,3033.239501953125,3050.1734829804295,3020.9510421588575,3034.1385564141656,1371577
2024-09-04,3009.51171875,3022.1497017567494,2952.4154218398817,3007.1638354670463,1212270
2024-09-05,3012.509033203125,3035.0375914527494,2999.1715140159313,3022.149843403795,734273
2024-09-06,2972.646484375,3022.149847182875,2965.203552541743,3016.155500378545,1251165
2024-09-09,2961.357177734375,2969.699408203073,2924.542042939515,2969.299882634167,1523581
2024-09-10,2983.586181640625,3004.5663958997,2944.8229332809096,2968.800321005567,803782
2024-09-11,2935.082275390625,2990.130217952211,2925.241457758442,2982.1877566287394,888628
2024-09-12,2988.181884765625,2997.173404980567,2914.4013685487816,2947.220514897557,1314173
2024-09-13,2965.553466796875,2999.121664212606,2953.265006458986,2969.1999303853595,815948
2024-09-16,2982.087646484375,3023.54854680868,2969.199897923713,2969.199897923713,695162
2024-09-17,2972.396728515625,2993.0771762682134,2949.718165155818,2987.2328344634584,698700
2024-09-18,2953.5146484375,2981.937794310928,2932.234668331543,2973.196038485408,831891
2024-09-19,2940.376953125,2972.4468070139696,2887.626894859536,2972.247044230204,1655401
2024-09-20,3005.665283203125,3022.149736310272,2939.2779435628236,2945.3720495772955,1787210
2024-09-23,3041.08203125,3067.107536489959,3012.4091203261723,3017.154645016181,897314
2024-09-24,3090.98486328125,3098.0782713021954,3037.385509295872,3052.1216120052263,1021918
2024-09-25,3102.174560546875,3120.9566525924206,3077.2978742732107,3105.0717306850106,913008
2024-09-26,3119.707763671875,3145.033976645249,3082.0933348000613,3082.0933348000613,1548019
2024-09-27,3127.350830078125,3176.0048984889613,3113.0642540709664,3119.0586011583946,2297441
2024-09-30,3132.8955078125,3206.8755429657276,3117.459869634025,3126.0518643005275,1607429
2024-10-01,3183.098388671875,3188.9927325619265,3104.072813305108,3133.345257783993,1367116
2024-10-03,3113.064208984375,3193.3386034651426,3081.1943616620306,3147.032175321175,1309703
2024-10-04,3107.71923828125,3146.5327337519116,3067.107633788972,3116.9605234970636,987583
2024-10-07,3015.156494140625,3125.5523830082657,2977.6418242998634,3107.719103396176,1743454
2024-10-08,3157.721923828125,3167.013210103608,2992.028334876159,3015.655954163325,1776511
2024-10-09,3150.778564453125,3176.953830261151,3131.4466982889116,3172.0085428897887,897335
2024-10-10,3171.209228515625,3207.974604436726,3053.2206483643254,3137.0415004457554,2905725
2024-10-11,3134.244140625,3186.994442244267,3113.064163646751,3171.209279923758,1035260
2024-10-14,3098.17822265625,3147.1320545641242,3089.9359958554346,3142.0367622502913,437728
2024-10-15,3101.774658203125,3125.052753389971,3088.587144215184,3121.0565222475284,371613
2024-10-16,3082.992431640625,3112.4646373542073,3058.1159894669604,3095.081128836538,543476
2024-10-17,3010.910400390625,3097.0791343711116,2990.179951346044,3087.038554846919,2655289
2024-10-18,2999.17138671875,3028.843353321559,2965.303426318372,2987.1826936339316,796339
2024-10-21,2934.882080078125,3012.1092976283944,2914.2016321784763,3002.318482301283,1051690
2024-10-22,2821.139404296875,2952.215736081205,2815.344820398252,2935.2317538431744,1209732
2024-10-23,2832.87841796875,2876.2874309704675,2817.44302360794,2838.17347313647,1270530
2024-10-24,2827.533447265625,2872.4410483483002,2805.2544086729376,2838.373322383439,942066
2024-10-25,2690.912353515625,2844.31773722983,2652.1988613071053,2842.319621502939,1954174
2024-10-28,2796.012939453125,2819.740561567059,2669.582373380822,2698.555048804152,1385033
2024-10-29,2845.916259765625,2860.352596767331,2730.2753148190513,2800.359124710551,1529844
2024-10-30,2966.50244140625,2994.3260554190924,2812.3977722713453,2861.3016039051317,2884272
2024-10-31,2944.47314453125,2973.6955856127797,2931.085867377797,2965.103590841663,1156390
2024-11-01,2946.720947265625,2972.796453110463,2925.6407303634305,2957.211054045177,304673
2024-11-04,2894.670166015625,2940.2273023108846,2855.057619156959,2932.234839375619,1059384
2024-11-05,2912.80322265625,2921.245212878513,2867.2960878800727,2894.670175963184,752303
2024-11-06,3043.3798828125,3067.107506026877,2915.2507174548628,2915.2507174548628,1676755
2024-11-07,2967.3017578125,3042.131091699252,2940.2771947346605,3042.131091699252,1285585
2024-11-08,2926.34033203125,2992.178144217916,2908.5070525390342,2962.3064132305303,835641
2024-11-11,2900.9140625,2944.023552605684,2885.278905606915,2925.241217318922,584144
2024-11-12,2867.2958984375,2927.688893927348,2852.310031372496,2907.258210610845,597231
2024-11-13,2814.0458984375,2886.2778221029826,2805.354144847759,2857.305147530125,890146
2024-11-14,2824.13671875,2842.1197596653183,2798.3609779892568,2821.339308047719,646797
2024-11-18,2816.044189453125,2855.9565000272682,2790.6682187407914,2824.1366552472946,489692
2024-11-19,2818.841796875,2892.072787961194,2807.1528685089966,2828.332846696128,536296
2024-11-21,2181.592529296875,2536.95759396695,2153.0196217526277,2536.95759396695,21796668
2024-11-22,2225.90087890625,2287.542699167448,2023.0921363488133,2099.020532577213,20939196
2024-11-25,2255.373046875,2331.451202918525,2235.8914192275747,2312.8188719892028,7466733
2024-11-26,2148.4736328125,2290.68959721275,2133.9872958323645,2263.465274267323,7723187
2024-11-27,2395.541015625,2415.7219358687453,2140.1317241566944,2177.946162197628,17502156
2024-11-28,2434.803955078125,2523.9198654647857,2397.738811716105,2437.7011252447064,14445549
2024-11-29,2460.8291015625,2517.6256345733627,2397.738699593679,2461.728399921204,8191680
2024-12-02,2454.73486328125,2505.6368062366773,2424.3136039493684,2489.0025924676397,3807565
2024-12-03,2511.8310546875,2555.5898348084024,2459.730288340378,2461.678402254849,4070042
2024-12-04,2492.3994140625,2527.6662027249295,2467.772737177738,2525.618085479507,2344949
2024-12-05,2520.17333984375,2535.75849541036,2467.9225673405845,2502.639826409539,3333144
2024-12-06,2504.038330078125,2532.6114802399406,2500.1421022881464,2517.6256134929586,1240437
2024-12-09,2493.49853515625,2523.620030593753,2480.810305828032,2505.5369866503584,958369
2024-12-10,2464.87548828125,2498.6436925241137,2452.687031246181,2498.6436925241137,1119816
2024-12-11,2454.934814453125,2477.663379730898,2448.6907031130772,2466.6737437724146,712674
2024-12-12,2501.74072265625,2532.4117481883854,2443.94513163665,2454.685002935615,2579624
2024-12-13,2525.16845703125,2542.6019659330354,2476.714156305218,2501.640598308967,1940935
2024-12-16,2510.03271484375,2535.109163144909,2500.6416691041213,2527.6162296577813,654321
2024-12-17,2485.25634765625,2522.621012816499,2478.4127039780315,2509.633261067345,1061891
2024-12-18,2455.084716796875,2494.247980503113,2449.689901852961,2486.6550431125697,990217
2024-12-19,2417.070556640625,2431.706655668642,2394.8415208605807,2426.711366729306,1181898
2024-12-20,2342.74072265625,2451.5382719364293,2330.802029794121,2426.7115860994086,1337016
2024-12-23,2336.746337890625,2377.2581829828778,2330.552227927425,2371.7133630658304,758920
2024-12-24,2370.214599609375,2410.626438339084,2337.7952231811396,2352.9808527718214,1156186
2024-12-26,2397.988525390625,2407.729339106929,2365.7689107905426,2375.8094906340834,895785
2024-12-27,2407.679443359375,2443.845289145822,2388.247816744849,2412.724734339599,1982291
2024-12-30,2589.90771484375,2607.540988330863,2419.6681108684274,2422.715286092852,7825097
2024-12-31,2526.267333984375,2575.3211680835348,2505.0873580304356,2572.573759214471,2745674
2025-01-01,2552.44287109375,2641.708537540656,2515.877258719963,2533.610534344813,2875721
2025-01-02,2595.25244140625,2599.548438799761,2534.6096807205968,2563.2825912749695,1167236
2025-01-03,2562.183837890625,2616.532486904311,2554.1913751585766,2577.5692310855757,932795
2025-01-06,2472.11865234375,2566.429859890092,2461.1790176498153,2555.240216822625,1121398
2025-01-07,2518.175048828125,2522.620807012823,2472.3181519701366,2472.3181519701366,1019130
2025-01-08,2512.880126953125,2527.6162294767546,2487.653917548268,2518.1751820657687,879641
2025-01-09,2475.565185546875,2515.1779730310304,2467.1731977250456,2514.6284424676815,705838
2025-01-10,2372.162841796875,2482.2592110820287,2366.0187336345884,2477.663447445911,1418808
2025-01-13,2223.053466796875,2362.771804019524,2214.811239573551,2362.771804019524,1559903
2025-01-14,2378.30712890625,2420.6170810006947,2239.3880910286434,2239.3880910286434,4120705
2025-01-15,2385.899658203125,2419.6678587951933,2370.4142631423483,2396.7395323099017,1421437
2025-01-16,2425.562744140625,2567.578722615193,2416.571223322128,2497.6446718046623,2841803
2025-01-17,2397.5390625,2447.6917174801247,2377.8076700835786,2447.6917174801247,1122205
2025-01-20,2440.49853515625,2451.687934158389,2387.748232534046,2411.4758561837048,1039435
2025-01-21,2382.0537109375,2439.4495363703786,2371.4135983528436,2439.4495363703786,1206512
2025-01-22,2374.31103515625,2396.73983560688,2322.9593141745368,2396.73983560688,1147334
2025-01-23,2382.7529296875,2402.8838474411637,2352.7811947228774,2380.754814023192,826721
2025-01-24,2312.918701171875,2403.732953341102,2297.233299323767,2385.5001493517107,1388583
2025-01-27,2257.571044921875,2315.916171518859,2247.930233934436,2307.8737067946563,1032995
2025-01-28,2283.89599609375,2313.6679655380944,2239.8874538495147,2272.0570643064502,966497
2025-01-29,2316.41552734375,2324.0582219980106,2280.4494463155165,2294.835781162571,785220
2025-01-30,2250.477783203125,2349.2845058065495,2199.226067337068,2322.809473102372,2601625
2025-01-31,2285.64453125,2312.768853520974,2211.664250836292,2236.7406997030694,2013345
2025-02-01,2267.861328125,2349.2345415348523,2235.441949551326,2294.835890177588,987362
2025-02-03,2259.718994140625,2276.8527379346924,2211.8139772552504,2264.6142798216165,824942
2025-02-04,2299.33154296875,2309.821649942972,2265.413579200885,2276.752738964757,691187
2025-02-05,2322.409912109375,2347.186350982752,2306.874514184961,2312.768857774388,560940
2025-02-06,2310.271240234375,2337.7953323525267,2296.0346660950486,2337.7953323525267,680544
2025-02-07,2336.596435546875,2372.662275844184,2305.1761164635286,2310.2711649061653,892884
2025-02-10,2288.641845703125,2348.735079763114,2277.951975143946,2347.7860235569906,739708
2025-02-11,2319.5625,2394.7416011629157,2303.8273392914825,2309.8216862280606,4895456
2025-02-12,2351.232666015625,2376.2091124538088,2278.8509730198903,2322.809518751094,1933098
2025-02-13,2242.5849609375,2370.514359073473,2231.29555918624,2351.782025606977,2551665
2025-02-14,2150.62158203125,2247.1806605462784,2122.5482054190925,2243.5839550585347,2549876
2025-02-17,2221.604736328125,2238.288952469936,2108.661205531026,2150.6216322858177,1400160
2025-02-18,2218.208251953125,2237.8896433378573,2164.009362153536,2237.8896433378573,1138085
2025-02-19,2178.745361328125,2217.308847164575,2124.996001368925,2163.9592566831648,1203163
2025-02-20,2176.947021484375,2214.261929169058,2154.7679863394865,2178.7453743686856,1086670
2025-02-21,2131.09033203125,2197.527677018384,2114.8556424667245,2188.386151624922,1540308
2025-02-24,2113.156982421875,2136.4850793325772,2094.7244150180286,2126.9440286764225,1032294
2025-02-25,2127.84326171875,2156.2664061287337,2100.01940561673,2113.1569175595655,802131
2025-02-27,2108.961181640625,2147.0753860843565,2100.519191342205,2141.7303288655658,941950
2025-02-28,2094.025146484375,2109.3607812616547,2070.04775931089,2105.0147822722224,2373922
2025-03-03,2115.105224609375,2125.2455630375425,2024.64049808226,2107.0127594058886,1592611
2025-03-04,2142.779296875,2151.970580190256,2078.0403002765706,2083.1355928078365,852978
2025-03-05,2243.734130859375,2256.272111529745,2146.026226051133,2151.9205696991016,1370106
2025-03-06,2250.7275390625,2266.7622221709375,2224.052499764186,2257.8707050119024,890270
2025-03-07,2245.382568359375,2265.513486925248,2224.9018819738944,2247.830211364785,818806
2025-03-10,2226.20068359375,2285.8443891975967,2217.908454553612,2242.8849011139005,940113
2025-03-11,2248.4794921875,2265.713238547249,2206.219300157998,2221.0551615474305,947079
2025-03-12,2239.687744140625,2277.851701943705,2178.8949816363574,2267.8611243036007,1049076
2025-03-13,2219.00732421875,2270.858325237815,2213.512506449807,2246.8809386096987,750310
2025-03-17,2250.577392578125,2284.74511957375,2195.9289812712805,2197.9270968138385,927737
2025-03-18,2250.577392578125,2250.577392578125,2250.577392578125,2250.577392578125,0
2025-03-19,2316.46533203125,2339.7934298460914,2308.872638895617,2317.764155987922,1030345
2025-03-20,2337.095947265625,2345.787701294948,2296.833869368435,2345.787701294948,2587050
2025-03-21,2360.573974609375,2387.2987725253556,2335.797290750007,2341.5918751550334,1101418
2025-03-24,2366.46826171875,2392.7435317471973,2358.8755684654147,2367.7670856955565,1010184
2025-03-25,2318.1640625,2385.4004630748173,2312.9190086004105,2382.7530572421283,763065
2025-03-26,2310.421142578125,2357.6266231527625,2305.875380851782,2322.7093582659054,1078870
2025-03-27,2361.123291015625,2371.6631554174437,2289.4408956318957,2307.8234611347066,1696042
2025-03-28,2313.6181640625,2384.7010308743706,2291.538888526199,2373.76139645314,1838836
2025-04-01,2333.0498046875,2356.7274265492474,2298.8320739046944,2309.821710068515,501942
2025-04-02,2367.16748046875,2376.6087719137695,2312.3693058667213,2337.5455139287105,573928
2025-04-03,2408.528564453125,2427.6104218604264,2337.4954581514526,2337.545459822979,1023200
2025-04-04,2332.4501953125,2407.779299782305,2313.318336005863,2392.693429437376,1219733
2025-04-07,2210.615234375,2236.8905043561235,2142.9790673710963,2148.024358246562,1567177
2025-04-08,2283.54638671875,2298.8320199884065,2222.9036264555434,2267.8612278894757,1224337
2025-04-09,2234.792236328125,2277.402196720931,2213.1127314218957,2263.5651489915517,1001633
2025-04-11,2319.212890625,2341.292167580555,2278.851049392467,2300.8803246713483,981463
2025-04-15,2415.921630859375,2437.701140652242,2356.777455245344,2372.7623807578175,1145125
2025-04-16,2413.323974609375,2425.7121930226886,2380.6545913788336,2397.7385762991976,889949
2025-04-17,2415.82177734375,2446.2930404152835,2389.746271052724,2415.7217739989487,1054797
2025-04-21,2440.3984375,2462.577471861723,2393.242958156473,2423.814224378439,782559
2025-04-22,2443.196044921875,2481.0602410000492,2438.7002844630124,2456.583322946242,766567
2025-04-23,2451.288330078125,2471.469248974837,2418.918710821166,2457.6822024715357,672262
2025-04-24,2440.19873046875,2459.0808257421186,2422.8152219285253,2447.691664134468,596626
2025-04-25,2352.081787109375,2457.182617090383,2321.310758613338,2447.7915714951764,1414809
2025-04-28,2367.567138671875,2399.7367499009188,2335.397527442831,2343.7895150988993,681421
2025-04-29,2328.404296875,2397.738813329537,2323.4090076805637,2389.7463506184386,670730
2025-04-30,2299.131591796875,2337.795076980201,2282.846902093914,2329.203082979205,837464
2025-05-02,2296.933837890625,2370.164577982858,2287.842314535005,2347.685777949217,1695797
2025-05-05,2453.186279296875,2494.6471754853583,2295.6349225627555,2310.421025889198,4227194
2025-05-06,2351.781982421875,2460.879041745309,2341.2918758732644,2451.6877590753106,1524692
2025-05-07,2350.883056640625,2377.258085556184,2312.818856088492,2312.818856088492,1012640
2025-05-08,2283.14697265625,2365.569245976871,2257.870760055804,2359.7746616158447,1380069
2025-05-09,2248.879150390625,2270.9584257530137,2230.896109650051,2237.8895143824966,1006000
2025-05-12,2423.01513671875,2431.007599796923,2312.8190032463162,2347.786029213323,2147039
2025-05-13,2438.899658203125,2452.5867001901797,2402.7338175075793,2422.7149719151266,1815174
2025-05-14,2459.580322265625,2479.5614784444288,2427.8104790698053,2442.596339513642,774441
2025-05-15,2517.625732421875,2524.4193744502136,2448.390975998153,2461.078961661174,1554800
2025-05-16,2552.5927734375,2581.7652134946647,2513.82928058126,2526.6172696764925,1641135
2025-05-19,2538.20654296875,2576.3705051346124,2533.610779164694,2568.8775710479663,680957
2025-05-20,2499.2431640625,2562.3835701103644,2490.1516402490047,2542.602176302394,628023
2025-05-21,2498.0439453125,2522.121335083314,2481.359729370557,2507.3352313361606,529234
2025-05-22,2485.25634765625,2519.523835988998,2462.9773093351955,2498.0440927115505,906909
2025-05-23,2537.60693359375,2545.6993997257528,2488.1535701241082,2496.6455618310165,968415
2025-05-26,2545.299560546875,2566.4795375596973,2538.905688059812,2546.698387841958,552912
2025-05-27,2537.906494140625,2566.679406610624,2523.71992263219,2543.5010712891385,514936
2025-05-28,2512.63037109375,2556.5889143653703,2507.6350820856114,2556.5889143653703,575989
2025-05-29,2538.406005859375,2556.588808312619,2508.634035823754,2534.3097714783835,802317
2025-05-30,2517.525634765625,2561.584180996773,2511.4315285752887,2547.5973718961664,684592
2025-06-02,2516.4267578125,2561.5841201976737,2512.5302861663145,2524.618982737723,1008716
2025-06-03,2468.57177734375,2510.132678662154,2449.689682817752,2508.634091988326,962656
2025-06-04,2487.054443359375,2500.641727296461,2438.8001457078244,2477.6633974012075,552667
2025-06-05,2502.040283203125,2527.716264063005,2485.1563037688943,2492.649237348097,673209
2025-06-06,2531.812255859375,2550.894357613754,2501.6407587492313,2512.530391324915,640680
2025-06-09,2579.66748046875,2601.6467540925055,2522.1216483259427,2542.602335111715,1711167
2025-06-10,2610.63818359375,2660.6908358812207,2575.271389110901,2597.550428103293,2084054
2025-06-11,2578.767822265625,2628.4209437884333,2560.6850232896586,2627.5218893753145,745432
2025-06-12,2541.30322265625,2599.3485771574556,2527.616179871475,2589.058233255703,955097
2025-06-13,2506.779052734375,2514.8755302336617,2458.900558177587,2496.8835749299233,695869
2025-06-16,2542.863037109375,2562.1544603717357,2460.8996844981452,2498.882701561886,956459
2025-06-17,2487.387939453125,2538.465201504575,2477.8921848118534,2533.86715953935,703343
2025-06-18,2458.0009765625,2494.7843331836457,2444.3069046988467,2490.786121026434,667044
2025-06-19,2419.518310546875,2467.7965296341154,2404.0252376308704,2465.197838015502,688209
2025-06-20,2447.3056640625,2460.2000452165857,2413.920688794878,2426.9148788380803,3002549
2025-06-23,2470.895263671875,2491.4861551484146,2419.9180555621397,2436.910458265385,790533
2025-06-24,2504.480224609375,2543.462793635905,2499.0824917098744,2502.8808421136328,996372
2025-06-25,2526.070556640625,2540.464267762938,2510.9774511830533,2518.7737701721803,921346
2025-06-26,2585.044189453125,2592.4410288436243,2521.072790779935,2533.867119320877,1339627
2025-06-27,2645.117431640625,2680.40170506774,2580.8461181567536,2586.5435220512604,4049316
2025-06-30,2618.229248046875,2652.713829411024,2604.7352814261208,2648.8156699998563,694814
2025-07-01,2620.62841796875,2643.8180015388925,2601.836770512566,2623.726886220827,729197
2025-07-02,2629.0244140625,2644.8174012435743,2612.431979657277,2632.8227645032407,621409
2025-07-03,2610.032958984375,2642.8183488811856,2603.9358316029147,2632.822818060909,502724
2025-07-04,2597.9384765625,2615.8303788664834,2581.0458832949716,2615.8303788664834,370305
2025-07-07,2574.94873046875,2604.2354398445623,2570.85046531812,2600.8370570597776,412159
2025-07-08,2590.141845703125,2598.8379083594114,2571.8499762341407,2584.8441657759377,357686
2025-07-09,2581.845703125,2608.7335843796236,2568.8515125943673,2597.8385530088563,396880
2025-07-10,2579.846435546875,2602.8361558171496,2573.849117215499,2589.841966099168,306565
2025-07-11,2557.556396484375,2590.7415096680093,2550.7593867885676,2573.8491603640496,390645
2025-07-14,2580.146484375,2603.635982393775,2542.363328117219,2553.8581888498115,536585
2025-07-15,2597.038818359375,2605.734881532265,2574.8487883222188,2586.8434255349,379425
2025-07-16,2607.334228515625,2618.329312477163,2594.340038379262,2601.3369099911497,686644
2025-07-17,2615.4306640625,2653.3136278534157,2604.135665550135,2610.8326223217637,785771
2025-07-18,2594.93994140625,2625.5261203292284,2583.0451129099342,2610.8327383340356,479942
2025-07-21,2618.329345703125,2623.7268348310395,2583.844763749791,2595.139762587187,369782
2025-07-22,2586.6435546875,2628.8246465984803,2580.4463742888947,2624.826434208216,387055
2025-07-23,2613.33154296875,2624.7263505348947,2592.3409281657882,2599.5376615776436,316424
2025-07-24,2607.234130859375,2623.0271181758203,2593.8402173304657,2614.2310023512105,253782
2025-07-25,2548.96044921875,2615.8304537678036,2542.963130639229,2603.8358166087614,424612
2025-07-28,2521.1728515625,2583.844782589211,2511.4772352271734,2547.8608707233648,428409
2025-07-29,2546.76123046875,2556.256984861298,2506.3793830856794,2527.869774605656,424781
2025-07-30,2531.767822265625,2551.4592125721997,2523.871450784683,2546.7611180128606,262063
2025-07-31,2429.613525390625,2518.87366066411,2421.517292185964,2508.778077348053,1457616
2025-08-01,2349.849365234375,2443.8073598354285,2331.957461747423,2423.9163500803693,976341
2025-08-04,2362.543701171875,2373.6385936764377,2337.154907126297,2358.945212557066,576426
2025-08-05,2327.159423828125,2368.9407912308193,2314.9649251015094,2368.9407912308193,576742
2025-08-06,2299.27197265625,2346.8505523057943,2294.973845654689,2332.856809344485,631582
2025-08-07,2248.794677734375,2293.9744303448842,2201.815680685918,2288.976664701431,1529410
2025-08-08,2177.126708984375,2259.88951060117,2163.832603922048,2245.9958200965802,2552736
2025-08-11,2282.37939453125,2300.9711793444662,2182.024363383566,2195.018553362488,2376286
2025-08-12,2287.17724609375,2313.6654019869634,2265.9867701854805,2279.081012786804,1075526
2025-08-13,2279.0810546875,2313.865306331378,2244.396367900298,2297.972510115865,833679
2025-08-14,2280.580322265625,2302.9702128333474,2266.686388538396,2286.9773641331158,998109
2025-08-18,2332.55712890625,2358.9452321961794,2298.972048326785,2308.567855358492,988629
2025-08-19,2387.33251953125,2394.529497055675,2313.0659196409943,2338.8541943212863,1069432
2025-08-20,2386.033203125,2404.9246583146187,2371.0399072502205,2378.936278798334,780025
2025-08-21,2376.137451171875,2395.9286502808714,2370.339994701148,2386.0331727421258,441867
2025-08-22,2323.86083984375,2375.238014171495,2319.962680474945,2368.840728090787,584211
2025-08-25,2301.87060546875,2347.350268932297,2298.9719992562027,2334.655994090531,542455
2025-08-26,2270.984619140625,2308.267998181939,2248.3946217073417,2302.9703180017605,1071550
2025-08-28,2274.18310546875,2326.8595036694337,2253.992182177498,2270.8845315177978,907868
2025-08-29,2243.69677734375,2288.6766664945285,2238.9989266165276,2281.979709582827,795699
2025-09-01,2283.17919921875,2286.977549899889,2251.0936903265692,2257.9905092761574,425639
2025-09-02,2273.18359375,2300.971218522826,2262.98820101463,2289.9761345072952,481894
2025-09-03,2287.677001953125,2291.9751288466655,2262.0885904572983,2283.9787044983127,443629
2025-09-04,2277.78173828125,2316.2645340706063,2273.983387552878,2308.867694435034,392697
2025-09-05,2280.38037109375,2292.4750613561996,2246.9953947803515,2273.9833287923934,443010
2025-09-08,2309.8671875,2332.8569090619844,2284.978412638982,2288.9766250845446,542811
2025-09-09,2310.56689453125,2323.9608075946785,2295.97332259999,2318.9630424170555,369431
2025-09-10,2339.154052734375,2344.851456444431,2324.0609477502976,2328.9586601956153,390490
2025-09-11,2397.72802734375,2417.61903643987,2339.1541180159957,2346.95068100964,2111888
2025-09-12,2390.930908203125,2420.5177762516864,2386.0331958449106,2415.819681666717,533971
2025-09-15,2382.334716796875,2401.726192996577,2377.0372806902196,2390.930970910245,298129
2025-09-16,2398.32763671875,2414.7204541566816,2386.9328288669185,2408.922997307066,752979
2025-09-17,2400.926513671875,2415.9198099687433,2389.931429720838,2415.9198099687433,514354
2025-09-18,2400.926513671875,2436.9104247843593,2387.3324940834414,2413.4209272525986,703730
2025-09-19,2522.8720703125,2577.8474918129705,2464.9980423818865,2493.8850298849793,7965135
2025-09-22,2628.324951171875,2657.8117684601693,2520.9730427925247,2533.867180536491,7022985
2025-09-23,2675.203857421875,2693.795642959921,2591.841225304295,2641.419157384738,5610022
2025-09-24,2618.629150390625,2674.803983448984,2613.231417458034,2653.813369229093,1720785
2025-09-25,2575.24853515625,2646.716582525825,2565.8528335342567,2623.826913917968,1489682
2025-09-26,2542.563232421875,2603.8358877223764,2533.867169050374,2571.65032593956,1037808
2025-09-29,2508.37841796875,2553.85808245075,2503.880429173827,2542.563084003863,1012402
2025-09-30,2504.780029296875,2533.8671222776406,2489.487062008936,2520.8729319069857,712592
2025-10-01,2591.541259765625,2602.236429072377,2470.9953029663557,2517.274416024738,1573485
2025-10-03,2588.742431640625,2611.7321525459975,2563.2538280281465,2593.8402499757262,917651
2025-10-06,2572.349853515625,2598.638148347753,2561.4548225471854,2587.942979189176,654955
2025-10-07,2541.063720703125,2616.1302525420506,2531.9679343462694,2579.5465132159534,1120230
2025-10-08,2522.971923828125,2563.8535455183305,2498.8825979710823,2560.8548864007653,1063357
2025-10-09,2541.263671875,2557.856350738981,2521.0727483151727,2533.867076640608,651703
2025-10-10,2549.759765625,2563.853561176232,2537.6653201958593,2550.859371587424,690142
2025-10-13,2526.270263671875,2540.9638886315415,2502.880820074515,2527.969699070452,645483
2025-10-14,2515.875,2537.765113948781,2484.089164542924,2537.765113948781,673048
2025-10-15,2531.668212890625,2560.2552859492885,2526.1706706833984,2533.8671809672105,759772
2025-10-16,2556.45703125,2578.5470076936936,2539.7642997440025,2543.6627031386624,1020102
2025-10-17,2548.260498046875,2576.0481221882887,2541.963508933551,2558.8558581973275,682968
2025-10-20,2546.96142578125,2577.8475198567253,2535.966341361543,2560.155478278593,747349
2025-10-21,2548.76025390625,2560.854943563004,2541.1637970577553,2553.7580192137502,101019
2025-10-23,2544.662353515625,2576.6480530013264,2539.7643968629645,2558.7559059326,852445
2025-10-24,2503.080810546875,2553.6582947433294,2496.5837154323494,2553.6582947433294,473765
2025-10-27,2491.68603515625,2513.476341705826,2485.988631249864,2503.080842969023,478055
2025-10-28,2493.28515625,2514.8756008331943,2477.992189037716,2493.8849857229015,626988
2025-10-29,2536.265869140625,2598.837989106328,2494.3846930057084,2498.882681833008,1526734
2025-10-30,2525.7705078125,2558.2559819809735,2510.6774031562054,2548.860280911002,783328
2025-10-31,2479.89111328125,2542.36317881131,2463.798211588104,2533.8669778992216,848642
2025-11-03,2465.8974609375,2500.7817659948246,2456.401706629066,2482.889863384171,731108
2025-11-04,2418.718505859375,2487.787474814622,2389.531605766614,2478.69168852868,2072668
2025-11-06,2313.265869140625,2426.0155115751168,2306.5689119424196,2424.0164053051135,1978147
2025-11-07,2368.341064453125,2401.4263703312768,2290.3759211083425,2313.9654723483477,2232889
2025-11-10,2297.3310546875,2314.0957762481394,2290.838596032777,2307.215551504247,577428
2025-11-11,2293.5517578125,2305.2774725648533,2266.1277391204144,2294.7148120582797,654132
2025-11-12,2407.609130859375,2439.587997516291,2287.9314362909995,2310.2195672117296,6895852
2025-11-13,2411.194580078125,2446.855636791042,2391.7167170105436,2424.5675068494074,2791508
2025-11-14,2438.909423828125,2474.667360186821,2404.217417081213,2422.6293500664538,4637753
2025-11-17,2460.899658203125,2473.7937951928034,2419.9179823354043,2458.9005520632363,2672697
2025-11-18,2435.7109375,2477.4923040785425,2433.2120548581197,2460.899625723853,1245215
2025-11-19,2432.0126953125,2448.804991822671,2412.8210809611383,2445.406608965021,774785
2025-11-20,2445.0068359375,2477.7919810569465,2439.30918827435,2449.005048174653,1526556
2025-11-21,2421.217529296875,2455.102281863283,2416.91940214928,2448.9051014333068,547541
2025-11-24,2398.127685546875,2431.212989898014,2392.030558216385,2425.1156185360114,691419
2025-11-25,2331.857177734375,2406.6237935585305,2324.260721087291,2399.8267841142433,2223715
2025-11-26,2313.96533203125,2355.9465605173464,2308.9675667352863,2320.1625121919433,1026965
2025-11-27,2253.9921875,2319.462914010532,2241.99755058204,2308.967606707317,1474038
2025-11-28,2279.180908203125,2329.958254007972,2246.7954856828023,2266.0869091361897,3037620
2025-12-01,2260.989013671875,2302.9702420424405,2255.991248389665,2298.972029816672,1313265
2025-12-02,2238.59912109375,2266.1866390113696,2231.2022820628786,2253.992140538483,1035354
2025-12-03,2188.8212890625,2243.9965678944045,2171.229058000036,2238.9988027097847,1643852
2025-12-04,2216.90869140625,2230.702572796736,2182.4241099457918,2187.0221517531254,2522821
2025-12-05,2264.387451171875,2267.5862162549965,2201.9153836345613,2216.908679843517,2400781
2025-12-08,2215.20947265625,2269.385200432959,2204.0145270394946,2264.387435065523,939764
2025-12-09,2244.196533203125,2255.9913083891315,2177.4263384507017,2215.209493795378,1227728
2025-12-10,2210.61181640625,2266.486739177327,2203.1151678753436,2254.7920162754185,935149
2025-12-11,2276.68212890625,2292.8748409020445,2191.4201976049358,2224.0057274489336,1519832
2025-12-12,2281.3798828125,2295.773593776679,2269.1853838790616,2276.6820320797224,929199
2025-12-15,2277.88134765625,2298.97201462037,2271.9840822748265,2281.379783330672,573027
2025-12-16,2246.895263671875,2275.7824940096057,2231.1025202840265,2268.985484281227,654714
2025-12-17,2231.502197265625,2253.9921410230613,2220.0073371229355,2246.5955460221076,651509
2025-12-18,2228.3037109375,2243.9966453525944,2210.111893843839,2235.4003913257216,508238
2025-12-19,2237.999267578125,2248.994351072256,2209.012229275416,2247.994798027335,880005
2025-12-22,2262.488525390625,2272.983833328156,2244.896292568438,2258.990089411448,599195
2025-12-23,2247.794921875,2272.5838860370923,2243.9965715222475,2271.4842800820966,450112
2025-12-24,2221.70654296875,2257.790506133646,2216.4088629317794,2248.9943903783087,825693
2025-12-26,2228.9033203125,2249.8939350380156,2217.0087362473137,2228.303734882108,566237
2025-12-29,2202.21533203125,2237.1996903869663,2195.018598547235,2231.002509998829,690691
2025-12-30,2213.710205078125,2218.0083322208643,2194.0190577849467,2203.814726985917,935026
