Price,Close,High,Low,Open,Volume
Ticker,ADANIPORTS.NS,ADANIPORTS.NS,ADANIPORTS.NS,ADANIPORTS.NS,ADANIPORTS.NS
Date,,,,,
2021-01-01,487.0433349609375,491.0548995990771,466.4538106441184,468.82209902667796,7815730
2021-01-04,482.2584533691406,493.85817578090405,478.681889991952,490.08827189700486,9998803
2021-01-05,482.7901306152344,487.6716687203172,475.5886244011815,482.25845896542046,5135408
2021-01-06,480.2284851074219,488.1066533323067,473.171999267529,485.06170266888796,5203982
2021-01-07,496.70977783203125,503.5246622409092,482.8384661188053,483.4184581642175,10295126
2021-01-08,499.75469970703125,509.759436536674,497.3380909076742,502.6546302662597,7272250
2021-01-11,491.39324951171875,505.07124970426435,487.18834421234305,503.08964224689936,7156036
2021-01-12,494.19647216796875,503.28294435128896,485.7866622109358,490.0882374360101,6751375
2021-01-13,518.7492065429688,521.9874383478416,497.43467227771356,498.6913559027508,11045555
2021-01-14,519.0391845703125,524.3557232615083,512.4176418917393,520.0058279687117,6066782
2021-01-15,510.3394470214844,522.9541328817229,506.52119340115115,518.8942183866754,5427713
2021-01-18,498.3047180175781,514.544316814618,486.9949774091845,513.2876920801823,6258367
2021-01-19,515.0276489257812,517.1542764418382,498.78804980184765,498.78804980184765,6694907
2021-01-20,539.967041015625,543.7369743038266,511.35441672306536,511.35441672306536,14440729
2021-01-21,529.3823852539062,543.1086770218998,524.5491673076431,543.1086770218998,8870257
2021-01-22,517.9276123046875,538.9037895451263,513.9643972727517,531.1706409955999,6843849
2021-01-25,506.18292236328125,529.1890272264205,504.58793689409225,524.8874515967282,5816153
2021-01-27,501.5429992675781,518.1209603100306,495.4048361173334,510.62947254435386,8920054
2021-01-28,501.7846374511719,510.33946817011486,490.1365946070919,498.498084818404,5707393
2021-01-29,492.69818115234375,515.3176026153662,490.1849022676911,509.9527432362719,6781488
2021-02-01,524.6458129882812,527.2557625035944,483.4184694198496,497.14479081622335,10259084
2021-02-02,532.4271850585938,536.3420791180006,521.9874479004316,530.3972574720073,7160471
2021-02-03,541.4169921875,543.5436196537137,523.9207687139071,531.2189152236356,7462289
2021-02-04,549.440185546875,554.2734030165019,535.568816009504,539.2904288606586,6850462
2021-02-05,548.0384521484375,554.8049555128262,542.9152542581029,551.9533458665597,5586868
2021-02-08,562.6348876953125,574.1862903532782,552.0501286238,553.0651515889699,8887710
2021-02-09,562.5382080078125,570.1263360366635,554.0800772116621,569.9813749082724,10917915
2021-02-10,557.6082763671875,567.4197314389527,532.1372438792904,565.2447835756858,19987392
2021-02-11,572.10791015625,573.8962359629016,557.0766161017336,557.6082582067035,10595917
2021-02-12,596.0324096679688,600.9140069614294,566.54978038697,572.5429824013165,24953701
2021-02-15,606.8104858398438,618.555228520311,590.4258659396608,597.3373908914155,15146033
2021-02-16,615.31689453125,622.0350785076757,607.1004249627725,608.7920510504002,15120148
2021-02-17,633.87646484375,647.6511344953298,625.3216936072001,636.0514126834731,34868085
2021-02-18,641.8995971679688,647.6511377282385,627.3999448307694,638.7580058282423,13189027
2021-02-19,631.7014770507812,654.0792958971851,607.6804115843504,642.7695560460852,17553743
2021-02-22,651.3244018554688,655.8676382682285,627.3516539956968,636.8247488355374,16739107
2021-02-23,639.9180297851562,659.9275630601595,637.2597600239642,657.3176136765956,11247164
2021-02-24,643.01123046875,648.6177506416628,631.6048496343618,644.4611956341189,3919187
2021-02-25,680.8070068359375,687.6218317269636,644.8962361268337,647.0711840068998,18596690
2021-02-26,653.3543701171875,679.9853869407413,645.7178628106006,673.8471652704693,19909990
2021-03-01,669.7872924804688,681.1453533974106,650.8410448279856,661.7641043780486,11600468
2021-03-02,696.4666748046875,700.5265894972207,672.7839079306905,674.3305140043984,11486477
2021-03-03,705.5047607421875,729.7675488813094,699.269957137982,707.5830679430821,19961472
2021-03-04,727.3508911132812,740.1589170962741,691.9717046965673,708.7913246814746,30607959
2021-03-05,723.9676513671875,735.6156935853473,706.1330672327151,727.3509035715879,17665200
2021-03-08,723.43603515625,742.1888840755166,719.3761205657322,737.2590257151126,15286852
2021-03-09,725.7076416015625,734.06913186773,714.0112783036508,730.3475188189473,8548163
2021-03-10,720.4877319335938,733.7790804793544,718.2161432363774,732.2324744300887,5235249
2021-03-12,703.861572265625,727.0126396587573,698.8833340458223,724.0160680502363,10961076
2021-03-15,695.0650024414062,703.5231331341411,682.4986368407716,703.5231331341411,13403522
2021-03-16,693.4217529296875,711.1596981352052,690.4251814122991,707.0031425145805,14979009
2021-03-17,665.2924194335938,693.0351009577339,660.9908438611639,691.1501342463051,8151544
2021-03-18,656.979248046875,681.9669577686844,652.8710133615215,671.8172014872229,10925357
2021-03-19,663.3591918945312,668.4340709582052,635.1815064460528,654.8044193583216,10373422
2021-03-22,697.8198852539062,702.0247603911525,658.2841470931152,663.1173640321249,22864950
2021-03-23,713.91455078125,729.8158482820778,702.846470818714,705.891421467533,30612174
2021-03-24,683.2719116210938,725.4659225906504,674.3788389166391,716.282809646465,21213413
2021-03-25,665.2924194335938,688.5885052539481,660.3625609568475,687.2835600687034,16860086
2021-03-26,679.5986328125,686.9934784465918,669.497197449324,674.7170954262394,12350673
2021-03-30,686.8486328125,694.0501397954637,674.0406044666923,679.5988054469485,9109273
2021-03-31,678.9703979492188,695.8866586996696,675.297105558304,681.4836473753058,7752226
2021-04-01,711.6913452148438,717.2495458735675,681.4837329391713,689.7002034781542,15017049
2021-04-05,717.4912109375,720.149480833193,691.1501728801785,707.3414531539449,15622924
2021-04-06,807.6790161132812,824.2569767947921,718.216166285028,730.782532586112,64555516
2021-04-07,787.5728149414062,855.4795228268114,768.4816052512034,828.4135040255111,97717880
2021-04-08,795.547607421875,810.0472600480331,779.1146677788958,790.7143898798223,34025873
2021-04-09,796.1275634765625,809.0806099840061,789.7960603476223,797.2392271019223,21804785
2021-04-12,719.81103515625,782.8845173345424,710.4829026980054,782.8845173345424,28112240
2021-04-13,706.664794921875,730.5409037411157,677.9554680825144,724.9827030179779,52812517
2021-04-15,725.3209228515625,729.3325169553856,700.8165338537502,711.3529715486254,26108614
2021-04-16,730.299072265625,768.3364655999535,718.2160300375373,725.8525363253806,41791181
2021-04-19,696.9017333984375,706.5198492691734,683.8520444580381,691.1501920285607,22935238
2021-04-20,696.4183349609375,721.0194243157157,686.316898389026,719.8594402932387,21315167
2021-04-22,713.1895751953125,720.0527795670235,666.5007051140728,666.5007051140728,26840536
2021-04-23,701.15478515625,721.9859981772264,696.0799071718718,711.8845625799033,18435449
2021-04-26,706.374755859375,714.9779068311517,704.5864889379075,708.5497037905192,9390549
2021-04-27,724.1610717773438,732.2325221845656,703.0881942365323,710.4830413275984,20573107
2021-04-28,721.3577270507812,734.649075455402,716.3794893213552,729.8158578537217,11156977
2021-04-29,721.8411254882812,740.3039950882168,718.6028929508707,728.0759886565927,13851910
2021-04-30,705.6981201171875,734.1174644186999,700.333260151897,714.3495917905477,12600934
2021-05-03,736.0022583007812,738.5155073701512,689.9416798238815,703.3780457697046,25953577
2021-05-04,743.1072387695312,755.9152659743395,734.6974279748279,753.836958714995,31400296
2021-05-05,713.4795532226562,748.9553819434906,708.2597136528984,746.2487919074046,29426971
2021-05-06,716.0895385742188,728.559264117524,711.0629802544662,720.1494533324512,11926793
2021-05-07,742.1405639648438,752.0486600646674,720.3910847213283,722.7593731499143,20782117
2021-05-10,739.917236328125,753.498564922324,737.0173059948768,748.5687069554956,9201326
2021-05-11,737.210693359375,763.3583883935921,725.3209310376562,725.9492729161735,12978165
2021-05-12,726.5291748046875,747.0220272194526,722.7593008458222,737.5489334520255,10615003
2021-05-14,709.081298828125,733.3440850923132,703.2331176904772,732.619102496756,10876267
2021-05-17,729.0425415039062,734.6490620194705,712.416261458355,715.3161919663266,12271212
2021-05-18,750.0187377929688,753.981952662396,731.8457922473558,739.4822997265808,9877934
2021-05-19,746.6354370117188,765.4849846056267,743.6388068664796,757.8484776217341,15666729
2021-05-20,740.1589965820312,753.4986661064537,735.6640803621999,750.5987353837861,6964023
2021-05-21,743.5421142578125,749.3902950215007,741.0771853903839,746.248703974974,5274817
2021-05-24,740.9805297851562,753.8852553290577,721.6959810280061,744.0254802728452,8354397
2021-05-25,738.5156860351562,750.7920711499868,733.682468194612,747.2154781481358,4730725
2021-05-26,733.0057373046875,744.2188370450077,731.7491125835853,742.2371707164299,7375242
2021-05-27,726.3359375,739.4822652831166,724.4509709062938,733.0057421402669,7909776
2021-05-28,750.2603759765625,758.7185065998925,728.8491988560952,729.8158423559044,13623565
2021-05-31,743.8804931640625,753.9336091575259,736.2923652934608,753.9336091575259,7820165
2021-06-01,771.5748291015625,775.0547219918286,738.8055918880772,747.3120426192438,17847137
2021-06-02,784.43115234375,796.5141953558225,776.166362723339,776.166362723339,27748928
2021-06-03,797.7709350585938,820.6803997126104,783.6579623852587,791.5360721655223,24105079
2021-06-04,806.03564453125,813.8654921414537,795.5475863425883,803.0873937085639,14457348
2021-06-07,849.2930297851562,868.8192419928969,807.7757350281655,809.4673613011265,33684310
2021-06-08,845.039794921875,858.1861234732426,830.4918214369065,853.932927294501,16422574
2021-06-09,824.1602172851562,870.9457858752646,803.5707227152553,849.9212899343246,31225441
2021-06-10,818.50537109375,835.1316508390504,815.1704392699601,829.9117524192718,11744190
2021-06-11,811.7388305664062,827.8334674783124,793.3242847928203,823.5802127330493,17460610
2021-06-14,742.8172607421875,757.5585751365796,658.3809097786981,730.5891960218969,89771631
2021-06-15,736.4373168945312,776.1180792311361,729.8158326089656,776.1180792311361,45408426
2021-06-16,683.126953125,729.8158209997035,674.5238026287531,729.8158209997035,29440056
2021-06-17,625.32177734375,681.1454460386318,617.056927246671,660.2175882009395,70812142
2021-06-18,671.1889038085938,681.0969998782056,616.815205865602,621.7451232119762,76266975
2021-06-21,706.664794921875,719.811183336147,662.2475095171249,668.9173739845876,51759617
2021-06-22,718.1195068359375,736.2440731445653,713.3829299075871,715.3162169805074,35597113
2021-06-23,694.7266235351562,731.7490539635867,691.6333528546186,724.0159067618579,31168761
2021-06-24,691.0276489257812,705.7261983963205,683.0456303855445,704.7527829502566,21503302
2021-06-25,693.2666015625,699.8858157538746,687.7181207651076,695.9921533574692,12085421
2021-06-28,697.2089233398438,710.544728939295,694.0453226405705,699.8858162392288,14139292
2021-06-29,692.0984497070312,703.7794361999769,690.1516186248737,698.4256507240435,9303151
2021-06-30,684.9925537109375,698.5229945894923,683.435053139527,698.5229945894923,9100756
2021-07-01,684.4085083007812,692.9258950957974,681.3909436012914,687.2314374035881,8035542
2021-07-02,691.5144653320312,705.0449065113191,686.2579973321177,686.2579973321177,17676086
2021-07-05,691.1737060546875,701.832618312404,684.3111382435783,697.9389560748871,11105134
2021-07-06,693.7532348632812,712.4914831337734,688.3020724461435,693.0718321345681,14580124
2021-07-07,700.95654296875,703.7794719462884,687.2314069074407,697.8416606091427,8719991
2021-07-08,692.7799072265625,708.6465699177556,690.2489909721688,704.7529074456801,7804439
2021-07-09,709.13330078125,717.407333803406,689.5189516754615,693.5586503866035,14924156
2021-07-12,698.9610595703125,716.0932097747393,696.0408127708438,714.8764402749607,8664504
2021-07-13,685.2845458984375,701.7352924272205,683.3377148021351,700.8591946688565,12287372
2021-07-14,678.7140502929688,692.5852230669734,676.864536824738,690.5410740021503,13812481
2021-07-15,680.5147705078125,687.6207513781503,677.0104983790019,681.0988554709934,7490612
2021-07-16,669.320556640625,684.2138631587685,667.0330536983347,681.0989212918178,6941246
2021-07-19,655.7901000976562,674.5770092520307,643.8171001276456,667.7631000676669,13618862
2021-07-20,654.7192993164062,662.7499779001438,642.4542866989998,643.4277022849074,11533588
2021-07-22,673.4088134765625,676.523754877938,648.9761088280114,659.9756918089813,9740403
2021-07-23,661.9712524414062,681.390905119836,659.1970418070185,681.390905119836,8682097
2021-07-26,664.6480712890625,672.5814311376392,656.5200758764632,661.9225198545275,5339116
2021-07-27,645.5692138671875,668.0550896284648,642.7949438625033,664.6481351547822,7133113
2021-07-28,647.7107543945312,658.7589975255721,636.8084879537805,650.6310011512016,11132158
2021-07-29,642.1135864257812,653.1618290689995,640.4587681208868,653.1618290689995,4572153
2021-07-30,656.56884765625,669.5152637556891,641.9676130901362,643.6710904561828,13440904
2021-08-02,673.6035766601562,676.5238233797812,659.9757586352398,663.869420928073,8925708
2021-08-03,686.306640625,695.9434786015377,676.7671798536974,679.4440726902277,18429941
2021-08-04,676.2318115234375,698.912382527973,673.6035775896341,698.912382527973,14045587
2021-08-05,675.1124267578125,681.8776775539612,665.8163189820264,676.5238913633162,5851411
2021-08-06,691.806396484375,700.7618308212813,673.0681484140417,674.5282716403015,17504802
2021-08-09,681.2935180664062,697.9388990056999,675.6476607536017,695.0186525663455,7521213
2021-08-10,674.576904296875,687.9613666837178,665.0861036952956,683.0456305623355,5937282
2021-08-11,680.5635375976562,686.2579950683001,666.3516342508257,674.9663979215672,6297975
2021-08-12,685.3331909179688,691.5144151711248,681.3908699102873,682.3642854387306,5068665
2021-08-13,685.4306030273438,690.6383526047184,680.466147931902,685.7226158182351,3390071
2021-08-16,688.107421875,697.403527762964,683.3376622905668,685.2844932372635,6385995
2021-08-17,674.236328125,695.8948248722885,667.8117496220812,687.0367074090002,7262774
2021-08-18,686.6473999023438,689.4702695437107,670.3913472181658,677.9353182488777,7354758
2021-08-20,668.9312133789062,687.6208048142887,662.701329762921,671.6567651811848,6274741
2021-08-23,650.5335693359375,673.4088336762542,647.3213100557682,673.4088336762542,6636881
2021-08-24,676.9132080078125,683.337726975028,650.7283055310629,655.1086755757747,7640710
2021-08-25,701.5891723632812,705.7261879478028,676.9131149359246,679.9306790090211,21275432
2021-08-26,702.5139770507812,713.5135602997649,698.6203150573309,705.7262363128643,14969643
2021-08-27,707.6731567382812,712.4915759465932,703.0494325367588,704.7529098741618,6751256
2021-08-30,710.5933837890625,715.8498517629423,707.7704548007617,711.1774093805724,4757858
2021-08-31,728.4068603515625,733.955340992241,708.7438539225717,712.8322112058386,15419587
2021-09-01,724.951171875,731.8623979526224,717.9912274937856,730.1102619877034,5320381
2021-09-02,733.809326171875,740.4285997808232,724.2212062785127,725.1946218783494,5788915
2021-09-03,734.8314819335938,741.7427091329256,725.4866562497284,735.8535564613013,4491254
2021-09-06,731.2297973632812,744.6629205175541,727.3847939303821,738.2384014389021,5260360
2021-09-07,725.6813354492188,735.0748198273736,721.9337091250738,733.8580503179014,3515903
2021-09-08,726.9954833984375,732.9820136494506,718.6241322399825,728.8936558740693,4036193
2021-09-09,729.7696533203125,731.0350816590458,722.2743416657949,725.2919061206642,2829060
2021-09-13,725.2918701171875,732.6412047212058,720.814182552382,728.114798851022,2514604
2021-09-14,735.318115234375,742.4726956158919,725.6326188269472,727.9201215577535,5615411
2021-09-15,745.587646484375,749.3352725570874,733.5659288897962,738.3843477065476,7039338
2021-09-16,749.1893310546875,752.2068956124,739.7958468656409,748.5565871574709,4625316
2021-09-17,746.70703125,765.1046085801222,739.7958047339604,752.7422194342909,9701785
2021-09-20,728.990966796875,755.3705057987879,726.2653555860992,739.6011611921233,5570433
2021-09-21,729.6723022460938,738.6277375535047,714.535701709354,733.9553546056385,7766479
2021-09-22,725.4866333007812,739.4064644695495,722.2743737099229,730.0616984938574,4343365
2021-09-23,734.4420166015625,739.7958020108515,730.5970133796502,734.3446988136939,3526253
2021-09-24,724.9999389648438,744.5656284953527,723.2478027384363,735.9022057473188,4445517
2021-09-27,730.3050537109375,733.7606672075282,716.823271419457,729.7696870135907,3803939
2021-09-28,719.06201171875,736.7781849617875,713.513531717831,733.9552563645901,3748173
2021-09-29,722.2742919921875,727.9687488311425,716.433799065027,718.0399583850227,2734053
2021-09-30,718.2833251953125,736.3888298306152,716.4338119700368,725.9732720403852,4356469
2021-10-01,715.4118041992188,718.624063783668,702.8060603478609,716.2878425881196,4008108
2021-10-04,724.4158935546875,727.6281531173735,716.4825327356028,719.2080845035614,3414151
2021-10-05,724.1725463867188,733.7606662669162,722.2743740871288,724.3672413889334,3270764
2021-10-06,704.7528686523438,729.0882577632673,702.660001423776,727.8228294120134,3615568
2021-10-07,716.5798950195312,719.1594106303249,707.235069907826,710.5933655040236,3237419
2021-10-08,720.230224609375,727.141451589034,714.0003410181479,720.0355296072917,2878232
2021-10-11,717.8453369140625,726.1680283050171,716.9205802233847,724.1238793362115,2118247
2021-10-12,717.3099365234375,721.2522575852465,709.4738938818264,718.0399981797937,2152513
2021-10-13,738.8223876953125,744.2734909014229,719.4513948721337,720.9115181679742,9083125
2021-10-14,791.192138671875,795.961898580747,743.9328261087496,745.7336210919078,19754735
2021-10-18,789.0020141601562,807.8376419413454,785.5464006124676,799.0769014140689,8883845
2021-10-19,771.1884155273438,798.2006951497909,764.1311532836413,793.333617740341,5543852
2021-10-20,773.76806640625,781.5553910271202,756.8306115908284,770.9451374661558,5467049
2021-10-21,758.63134765625,781.5553302565175,754.6890267559878,777.758986034003,4607499
2021-10-22,741.5480346679688,766.3701338895983,733.8580866350883,759.5562242993469,3860760
2021-10-25,732.0571899414062,745.1983005386045,718.916079344208,744.6629338412333,2973109
2021-10-26,729.96435546875,738.3843644528079,720.3761765123907,732.00850438885,3093933
2021-10-27,726.02197265625,736.4375310450425,723.880505951371,733.6146615647152,3246881
2021-10-28,669.8071899414062,714.9736934564385,663.0419996640784,705.0935022460977,18160551
2021-10-29,674.576904296875,690.7355769406923,668.73641161898,678.4705660821384,7612968
2021-11-01,685.6740112304688,688.2048681687461,671.6568020317324,686.2580368585092,3233662
2021-11-02,683.678466796875,695.9921986926214,682.0237077006744,688.2048733925641,3028354
2021-11-03,690.3463745117188,700.664556392303,683.3377701152017,683.3377701152017,3036191
2021-11-04,694.7266845703125,697.4035773122089,694.0452818080431,694.0452818080431,453287
2021-11-08,711.0314331054688,715.5577799737532,690.2489745089072,697.9389814728703,3227351
2021-11-09,717.7479858398438,724.7079313091862,708.4518785228923,711.5668203989458,3456614
2021-11-10,718.2833251953125,725.2432104113396,710.6906367231848,716.8232019372214,2751881
2021-11-11,715.5578002929688,721.8363429402424,709.1332809498734,715.4118235971471,2325810
2021-11-12,730.3536376953125,735.4154101773257,714.7303308043698,718.0886261615514,4585484
2021-11-15,729.8670043945312,736.3889007916581,720.8629101019696,733.8580439987782,2434426
2021-11-16,726.6060180664062,741.4506045682542,723.6857715414526,732.6898649933931,3378779
2021-11-17,715.9957885742188,725.1945773098577,713.513590829699,724.6105517508776,2444025
2021-11-18,706.7483520507812,721.5929392692686,697.1115737007482,719.7921442569722,2202581
2021-11-22,695.9921875,713.9030591671284,685.2846153846153,705.7263439685315,3557560
2021-11-23,709.8633422851562,714.0976764754784,686.4527084604953,695.0187540508763,3487221
2021-11-24,742.7647094726562,751.8174620336299,712.5401691003008,716.0931595555143,11647665
2021-11-25,742.1806640625,753.7156140378269,735.4154144166565,744.4681667354334,6140941
2021-11-26,698.0850219726562,745.6363503131035,694.2886773639963,730.0617006982085,7219931
2021-11-29,683.9216918945312,695.9920676011724,664.5021006152925,688.2047437678725,5930351
2021-11-30,665.670166015625,693.7045799501282,661.6305273375241,685.2845121087649,6190734
2021-12-01,689.1295166015625,692.1470808930778,664.5994340658673,676.5237739667195,5582125
2021-12-02,719.451416015625,722.5663576874749,683.6297353207774,691.1250470088809,8478638
2021-12-03,717.8453369140625,726.6547360987871,714.4870412545341,719.3541191922353,5578503
2021-12-06,704.217529296875,724.7079158407508,702.3193569900628,719.3541300286298,3537411
2021-12-07,724.902587890625,730.0130196403801,706.5050098264783,709.6199515374146,3993342
2021-12-08,741.1585693359375,744.0788157723871,728.309473133046,731.2297195694957,4621331
2021-12-09,749.2866821289062,755.175834815251,739.7958797245453,746.317776336211,4687479
2021-12-10,747.2911987304688,773.8167749211771,742.7161333398315,748.4105910689533,10049545
2021-12-13,738.2870483398438,758.0960313543085,730.1589927115261,754.3970640838952,4985928
2021-12-14,743.3975219726562,745.6363660194426,730.5484238871953,735.8048920079758,2919015
2021-12-15,725.6813354492188,746.2690993145178,723.1991375324102,743.3975113896487,4673906
2021-12-16,725.3406982421875,736.3402832483415,719.694839919712,732.008571706129,3303620
2021-12-17,704.7042846679688,724.7079647610608,702.0273915812087,724.7079647610608,4973404
2021-12-20,683.045654296875,697.9388992605064,667.2763116360909,697.9388992605064,4559002
2021-12-21,706.310302734375,708.6465238307132,683.0457066242881,691.125043845888,6943546
2021-12-22,703.6334228515625,710.4960501680858,698.1823194103202,707.6731212426669,3626585
2021-12-23,711.8588256835938,727.6281704918175,709.4739455499687,713.3189491026409,6641505
2021-12-24,703.1954345703125,715.363129247868,694.4346944024726,713.0269081047487,3946754
2021-12-27,703.9741821289062,707.0891239682635,694.0453310089562,697.9389934550093,2663285
2021-12-28,709.8633422851562,719.256826801714,705.9210208988952,707.7704749329985,3604123
2021-12-29,703.5361328125,714.6817534403667,700.9565576784589,709.6199803809236,2396416
2021-12-30,704.9962158203125,706.6996930418321,697.4035863726251,703.6821285858828,3654532
2021-12-31,710.8853759765625,715.4604410193365,705.7262853592094,705.7262853592094,2538092
2022-01-03,717.0178833007812,719.0134327443394,711.0800721036845,712.5401954550268,2377227
2022-01-04,719.5974731445312,727.141443948549,713.1729540312999,723.2477815980882,4068551
2022-01-05,734.8314819335938,738.6277672383038,714.5357304259155,719.3541496709082,5409002
2022-01-06,720.1328735351562,728.9909914445301,710.6907300109118,728.9909914445301,5440633
2022-01-07,716.5311889648438,727.8228454080216,711.0800854492215,724.90259865053,2590751
2022-01-10,719.2080688476562,723.2477672209851,714.5843448983969,717.5045916031924,2173107
2022-01-11,744.76025390625,748.4592807267948,709.1332666102824,719.0134587433205,8959781
2022-01-12,743.2514038085938,754.2997055396839,733.9552975327025,749.0432379992235,5775798
2022-01-13,751.6715087890625,755.3704760418045,739.7958270512519,742.7160737369804,4049411
2022-01-14,759.3614501953125,773.8653657203831,743.3488118560603,748.5565613068862,9627761
2022-01-17,758.3394165039062,768.4143036806199,753.3263617770327,762.6711278361605,3187871
2022-01-18,742.6674194335938,768.9982986635465,739.7958316256903,759.2641429842611,4300929
2022-01-19,724.4158935546875,741.4993252671027,716.4338738386447,741.4993252671027,5843870
2022-01-20,718.3806762695312,731.7164811939051,715.460429618029,724.2211695725356,4741333
2022-01-21,704.655517578125,714.1463188831087,695.4567290461656,712.5401595126226,9244367
2022-01-24,683.7758178710938,705.9696822453081,670.683365828359,704.6555949161897,5349759
2022-01-25,692.19580078125,693.8992780600518,671.6567556418682,677.4972491691888,4482325
2022-01-27,690.2490234375,693.3639654441841,672.630223687701,681.1962696466499,4749083
2022-01-28,691.2710571289062,713.31888306792,688.6914822290281,694.0452676032467,3543413
2022-01-31,697.2575073242188,704.6555007352255,695.5540302076311,700.5671437729017,2152066
2022-02-01,719.1107788085938,724.5132235384482,701.491980108059,701.8326518050709,6052108
2022-02-02,725.3892211914062,726.9953210717249,702.3192626360258,704.6554835324815,6167378
2022-02-03,713.02685546875,725.1945492480802,710.009291176503,724.2697926383377,2689612
2022-02-04,707.62451171875,721.4470256958721,704.7529236968622,715.4604957419804,2453595
2022-02-07,696.13818359375,710.4960635594546,694.3859880000805,709.4252707619263,2610637
2022-02-08,698.7176513671875,703.7794239753887,684.3111134919754,699.885761878706,3207780
2022-02-09,713.95166015625,715.8498323961626,699.934452213511,702.8060400213201,3186942
2022-02-10,711.615478515625,721.836342545692,708.6952316498915,717.30999555135,4752601
2022-02-11,704.4608764648438,714.3897273949467,700.3238601950152,708.5492338375418,3621116
2022-02-14,677.2538452148438,695.7973989109759,672.6301215141316,695.7973989109759,6219506
2022-02-15,701.4432373046875,703.2440917601391,671.6567445713351,681.0988875007218,3319096
2022-02-16,721.0575561523438,730.8890292717423,702.9033326947866,705.6289437175542,9382605
2022-02-17,714.6817626953125,725.1946395471728,711.907492520641,721.3982948502852,3407347
2022-02-18,708.1597900390625,719.5487634933384,706.2129590011544,710.4960110495795,2151557
2022-02-21,692.19580078125,707.4297784967068,690.68701850254,703.48745724828,2805791
2022-02-22,686.7933959960938,692.1958409397798,666.789716386999,679.4441197636866,6112926
2022-02-23,687.9127807617188,700.2751701237374,686.2579624449403,692.0984557423441,2978284
2022-02-24,637.4412231445312,669.709976137709,634.618353369404,663.8694821597638,9547717
2022-02-25,676.669921875,684.3112110642427,652.431848102146,656.5688646697464,5738223
2022-02-28,688.6914672851562,690.7843343783288,666.3029107515046,671.6566960095516,4288186
2022-03-02,691.4171142578125,698.8151087377757,679.0547238000727,684.2625330993858,4448558
2022-03-03,687.9127807617188,705.3368834514312,684.3111313458057,699.691085146455,7533817
2022-03-04,681.5369262695312,691.8064485174499,670.7319779349933,681.2935723801845,7941457
2022-03-07,659.7810668945312,673.3115671939373,645.9098949078495,671.6567488288013,4890958
2022-03-08,670.5372924804688,673.6035752948889,652.7724583054229,661.5819167551604,3831397
2022-03-09,695.1160888671875,698.9124336506546,674.285029695619,678.4707050898417,5351552
2022-03-10,710.9827270507812,718.039989645006,701.4432073243947,708.5491882251865,5850213
2022-03-11,710.0579223632812,712.2967660488068,703.0979780280483,710.1065812539865,2864685
2022-03-14,711.1287841796875,714.0003722012534,704.7529236178698,706.6510959990794,1905433
2022-03-15,702.1246948242188,716.4339167283464,697.2089576857039,713.5136697851601,4228582
2022-03-16,704.5582275390625,710.1067085631955,701.8326756327127,706.6997538271144,2693057
2022-03-17,720.4248657226562,724.0265153448067,710.1553429691825,711.0800996767388,4957379
2022-03-21,715.6065063476562,730.4997532334395,706.115704191388,721.3009638763878,6662688
2022-03-22,719.5001220703125,724.1238458976143,703.8280961870742,715.4604238035367,5010054
2022-03-23,714.24365234375,731.0350704056644,712.3454801585849,728.0661648917239,4698808
2022-03-24,713.95166015625,722.5663641671061,711.5667801323892,713.5136112681823,2914647
2022-03-25,723.4910888671875,727.0440792980277,710.6419920562555,717.4072418366865,4003497
2022-03-28,717.4072875976562,729.769677434703,707.2350828312944,727.1414434673667,5691095
2022-03-29,741.6939697265625,746.5123884485381,718.4293149588804,721.3009026346087,11423551
2022-03-30,746.9990844726562,755.3217751820769,741.8399347511108,748.3618305360757,6913983
2022-03-31,753.6183471679688,760.2375611701626,745.149619815313,746.9991331657748,5468951
2022-04-01,764.8612670898438,769.6796859365254,753.910342171281,753.910342171281,6816743
2022-04-04,796.789306640625,800.293638356439,762.8171387374288,769.9717194451202,13743062
2022-04-05,825.5050659179688,838.0134916954996,804.0412643867685,817.6690824272222,21090646
2022-04-06,827.2572021484375,839.7169690309598,817.6690825055146,830.2748260766556,8785541
2022-04-07,795.669921875,842.97789547741,791.970895126912,827.4032461383355,11662093
2022-04-08,816.9876708984375,822.3414564998855,795.6699056965784,801.1210090893879,5777924
2022-04-11,831.8322143554688,837.1373407813057,816.9876277892886,817.6690305305777,6030153
2022-04-12,822.4387817382812,836.1639165570192,812.8019444995472,831.1995212598333,5597246
2022-04-13,818.15576171875,832.1729692657528,814.2620995570903,827.3058915636782,2955807
2022-04-18,820.2973022460938,824.2396233717349,799.5635627523835,809.2490000201407,3969878
2022-04-19,797.5194091796875,827.6466346370531,785.5464088822133,826.4298651065665,4472320
2022-04-20,805.6473999023438,813.7267370465195,798.200747215126,803.65185050425,3071216
2022-04-21,827.8899536132812,836.0666682781944,810.173778114351,810.8551809051891,5539106
2022-04-22,850.9113159179688,862.4462676285572,818.3505504776937,824.9211061283627,17864000
2022-04-25,836.6994018554688,857.5305203258598,826.0892070222463,850.7166108427979,10145325
2022-04-26,885.3214721679688,888.7284267062731,842.3938687503617,844.9247254995017,21010788
2022-04-27,863.7116088867188,900.0687154637446,856.6056872274596,889.7504749473262,20793885
2022-04-28,863.5169067382812,876.3173449279722,853.4907385010972,875.10057549597,8778304
2022-04-29,833.6331176757812,875.0032793890075,829.4473831959153,868.9680909742108,11543840
2022-05-02,833.7791137695312,839.911620119003,815.7709253105237,827.4032535219648,5760499
2022-05-04,791.192138671875,841.2257211702881,784.3782298949548,837.6240717914021,7969164
2022-05-05,789.78076171875,813.2887733674722,784.573011770416,799.0769286810782,6597383
2022-05-06,789.8294067382812,799.1255134253931,769.1929850467543,776.688296718391,6150326
2022-05-09,771.5291748046875,785.9844319999984,762.1844088822711,785.9844319999984,4768026
2022-05-10,748.6538696289062,782.5774369170392,744.7115485661004,774.0600509240644,5344522
2022-05-11,739.6985473632812,764.082596562667,729.1369523249735,750.5034368920279,8985117
2022-05-12,694.3372802734375,738.8223815314271,686.5499560939231,738.8223815314271,10570456
2022-05-13,687.134033203125,716.3364985426107,683.142993959188,707.6730767268695,7247809
2022-05-16,693.55859375,708.7925711882741,685.2845614035087,695.9921326754386,5606071
2022-05-17,724.951171875,727.4333694430156,696.3327332685841,700.8591389728097,4430294
2022-05-18,739.60107421875,746.8043725786032,722.2742904542475,732.6411891429099,9020504
2022-05-19,713.3189086914062,727.4820931712701,710.5933570127755,724.2211748185,4445667
2022-05-20,747.14501953125,752.2554506626711,725.2918307153269,730.012931312845,5434279
2022-05-23,733.5172119140625,759.1667450694507,731.2783682266305,754.2509494401714,4787481
2022-05-24,732.154541015625,744.4682122659352,727.628134873125,736.4861927500302,4653281
2022-05-25,689.0809326171875,724.1725534004735,686.6473935973678,715.460471827004,7699306
2022-05-26,682.85107421875,700.1778607982359,650.3876862586267,693.0719384800428,13569693
2022-05-27,684.4085083007812,695.1160802716587,678.470696700143,695.1160802716587,5815428
2022-05-30,715.1683959960938,717.4072398144937,691.1250207168121,695.0186828053576,5546106
2022-05-31,720.1815185546875,729.0882951915498,708.646567288983,711.664131928618,6346866
2022-06-01,717.3099365234375,723.9291503252189,709.6685888727019,720.1328059471393,3196984
2022-06-02,728.5528564453125,731.9111518654595,710.8366821323854,717.4072368799289,3536560
2022-06-03,720.230224609375,738.3357309642333,719.1107729068258,737.8490231653116,2960614
2022-06-06,721.5443115234375,725.194620013438,706.0183208634539,718.8674186307704,2753267
2022-06-07,715.0223999023438,722.7610656187559,694.4346961049889,719.3541111006876,2488075
2022-06-08,709.2305297851562,720.3274905670272,706.0669293198281,715.9957795858334,2839931
2022-06-09,715.9471435546875,717.4072668930044,703.8767668595734,706.6996957453475,2604731
2022-06-10,707.089111328125,712.6862509942702,699.1070915738904,706.699721325451,3377686
2022-06-13,676.7672119140625,695.7001576645796,670.4886692629813,692.0985079768407,4535069
2022-06-14,685.9659423828125,702.6113243387371,675.1123353552924,676.9131897504226,6144330
2022-06-15,685.0411987304688,694.3373054239773,682.9483315163883,692.0011437330428,2447673
2022-06-16,663.577392578125,698.0362674141161,659.0023276088142,693.0232129771895,4301251
2022-06-17,651.1663208007812,671.1213388631544,645.3744866026033,659.0023038159312,6103963
2022-06-20,645.5205078125,655.9847243600539,635.7376345798498,653.1617956659196,3507676
2022-06-21,670.7806396484375,673.1655196565691,649.3654972959542,652.6751339700027,3313116
2022-06-22,650.5335693359375,669.5638305535598,647.8566767003686,666.692302347276,2964156
2022-06-23,657.3475341796875,665.134858877596,648.4894761008455,654.8166774178962,2762533
2022-06-24,668.1524658203125,669.6612480595724,659.0996535596116,664.8428291430056,2740927
2022-06-27,669.4664916992188,680.1254030133662,666.6922813656005,679.444000299607,2711512
2022-06-28,660.0243530273438,665.6214920262844,652.4317241808592,662.895940570183,4596840
2022-06-29,659.7810668945312,666.2056453569586,649.2681905345079,657.05551515861,3332554
2022-06-30,654.1838989257812,667.6657397436151,648.878772373369,662.4579309797513,3502799
2022-07-01,659.8784790039062,661.9226280608289,638.5606529527996,652.1884717658166,3151179
2022-07-04,663.8694458007812,666.1082898205271,655.2060231096125,661.7765784749428,1874921
2022-07-05,660.705810546875,675.745092813108,658.953674423519,668.2011222322782,2472875
2022-07-06,675.89111328125,677.7892856264137,659.1484121151248,659.9757916286854,2634839
2022-07-07,684.8952026367188,688.2048394912395,676.523852116565,682.3643458039022,2896584
2022-07-08,696.6735229492188,698.6690129497377,687.7667468769944,691.0277246260783,3880791
2022-07-11,709.8145751953125,712.5401266387399,694.0938915324507,695.9920635883867,3814715
2022-07-12,712.4429931640625,723.1505661431435,707.0404883581888,709.6200637954543,5846548
2022-07-13,707.4297485351562,719.3540889817413,705.0935274581443,717.4559167832402,2373553
2022-07-14,710.076171875,716.3001573530673,702.3328921467454,714.5358831865735,2859869
2022-07-15,716.398193359375,723.7983813934419,711.6933825868452,723.0632621882534,4127381
2022-07-18,725.0725708007812,727.7680078669551,718.0644104990677,722.3281377527803,2403691
2022-07-19,734.1390991210938,736.8835323866213,719.4857099441655,722.3281950052723,2864129
2022-07-20,728.7971801757812,741.9313341231747,727.1799537919716,741.9313341231747,2176017
2022-07-21,739.284912109375,741.8823573411123,726.4938493602158,732.8648827426632,2639283
2022-07-22,739.284912109375,749.7726251806967,736.6384708933732,742.6174765775486,2854708
2022-07-25,735.0703125,742.225461804461,731.2476681661918,741.9804220349647,1592179
2022-07-26,734.237060546875,738.5497839448283,730.2184326992663,735.0212355822526,1803260
2022-07-27,745.5579833984375,747.0772179164514,732.2277848157473,733.8450711303758,2539587
2022-07-28,749.3314819335938,753.3501095093977,742.6174173724172,748.4983707950483,2696358
2022-07-29,748.5474853515625,760.2603980718897,743.7936780207352,753.7423163996276,3182798
2022-08-01,785.352294921875,788.0477318155225,749.8705318479381,754.7223302213338,6459641
2022-08-02,786.3815307617188,794.320854324273,779.2263822355817,784.9602882884076,4393310
2022-08-03,791.1842651367188,793.8307060950624,779.5693464373635,786.871542106518,3326267
2022-08-04,791.2333374023438,804.2204439004311,780.6966283567257,794.9579295652658,4641779
2022-08-05,794.173828125,802.4561836228846,789.5180728845264,795.0069393436322,2807602
2022-08-08,785.7445068359375,806.6708781037403,779.5694571150626,796.7712958744152,7519923
2022-08-10,774.86474609375,791.9685339464103,762.8577974045872,787.0677385630786,5541103
2022-08-11,777.0210571289062,784.0292179976699,772.6593375586206,778.932379168038,2140171
2022-08-12,772.708251953125,783.8330914643723,769.9148229922348,777.756094263957,2281608
2022-08-16,807.798095703125,809.6113659951208,775.4528474248696,776.5799944249188,6820860
2022-08-17,808.3861083984375,815.4432649288567,804.8575600453058,810.9344977841265,3694850
2022-08-18,816.5214233398438,819.8539877893261,804.1714441666446,808.386115800409,3836669
2022-08-19,854.5025634765625,866.3625227053533,817.403571025797,820.6380836066836,24506694
2022-08-22,823.57861328125,874.2038503926767,820.7361282048854,858.8153418750147,14693558
2022-08-23,815.9822998046875,840.1922370610205,790.1060804217606,819.2168122715151,13515300
2022-08-24,819.7069091796875,821.5202391123449,800.887845575523,813.7769595602491,6558722
2022-08-25,799.8096923828125,825.636856436346,796.1830923520303,823.8235863330317,6287921
2022-08-26,821.0791625976562,828.2343109522949,801.4269876576428,804.710496203354,8513113
2022-08-29,819.804931640625,827.8421867980777,798.8295071549927,798.9274991157804,6652807
2022-08-30,825.44091796875,843.5248034883012,822.0593574859173,827.2541881719285,9490984
2022-09-01,821.1771850585938,829.7535761709773,814.8551476452053,825.0978209956834,3888408
2022-09-02,835.0464477539062,843.8188825138689,821.4222141200732,825.2938540224205,8840020
2022-09-05,834.0172119140625,847.739436184578,831.3707709827759,837.9868433989174,5434684
2022-09-06,833.4781494140625,841.5154648673613,827.3031599182416,837.7418767932917,3380947
2022-09-07,857.5411376953125,861.3147259361805,828.3323514770692,830.1946775168648,8930248
2022-09-08,867.4896850585938,870.7732535049527,849.79782760218,863.1279656741204,7943521
2022-09-09,888.8571166992188,906.6470255077626,869.4009855409572,871.165259679817,18369177
2022-09-12,919.8792114257812,923.3097678882109,892.9248392209768,896.551439446091,12571292
2022-09-13,929.974853515625,934.9737003438787,914.4883531758707,927.2304202619224,9651873
2022-09-14,929.0436401367188,939.7763926422755,920.3692573279859,922.3295752349678,8500355
2022-09-15,949.3329467773438,953.4006303825827,931.5430975846751,936.0518048616766,8703534
2022-09-16,919.5851440429688,957.0762240919869,907.7742405936647,950.9992266028705,10712402
2022-09-19,940.560546875,953.3026137991982,916.7426952815225,924.191939531702,7922869
2022-09-20,950.999267578125,968.2500420090648,947.8137508354,954.8709075841145,7539047
2022-09-21,914.390380859375,956.7332029961495,898.9038203625843,954.6748929676694,13178269
2022-09-22,927.8675537109375,934.5816190212273,909.6365601721898,915.3705262935063,8855564
2022-09-23,895.6693115234375,931.9841916960977,892.0917669509469,931.1510804485182,6646619
2022-09-26,846.269287109375,891.8466796711733,838.28096749415,890.9645126596695,9880236
2022-09-27,827.4502563476562,857.6391421878363,817.2565786137029,843.9169159128309,11598728
2022-09-28,810.689453125,830.1946403884643,807.0138570193841,819.3148998455032,7040943
2022-09-29,800.2018432617188,830.684764678977,796.9182746690825,822.353413056828,7476709
2022-09-30,804.3674926757812,813.9730387365539,785.1073447458002,806.180762863197,10406215
2022-10-03,768.836669921875,817.8446152298948,757.8098822275706,804.7104619576846,12903551
2022-10-04,806.7197875976562,809.9053040894588,774.4235392005506,788.0477721259211,10445528
2022-10-06,807.7489624023438,818.4327188292981,805.9846882667043,816.3744089750778,6175752
2022-10-07,800.69189453125,809.6113173178005,790.3511694349965,804.7105224187823,6086925
2022-10-10,792.06640625,797.8003718766428,783.1469839296491,791.4783348225177,4642360
2022-10-11,781.5297241210938,804.3184199788476,779.4714142313459,797.8493947617925,6193388
2022-10-12,787.9498291015625,790.4982185236189,770.7479911181337,785.1073441257516,5628537
2022-10-13,769.1797485351562,795.6440406160091,761.5835165489856,790.9882855277109,7491563
2022-10-14,764.6220703125,790.5962857943836,762.808799953807,788.0478961295995,4562526
2022-10-17,770.6009521484375,774.2765480854619,756.3396518776136,766.5822646961327,4602870
2022-10-18,793.8797607421875,798.8295515199031,774.81565702636,775.7468200021651,7372253
2022-10-19,789.076904296875,807.1118518452118,785.2543205113202,797.8493383479636,5222275
2022-10-20,803.7793579101562,805.9357196264965,779.2753834611901,785.1073413448753,4481441
2022-10-21,785.7445068359375,807.847080899343,783.539149028242,807.847080899343,5266210
2022-10-24,789.51806640625,793.9287818610335,786.0875099414184,791.9684638811298,665021
2022-10-25,784.47021484375,796.6242101119399,781.2846981622811,790.6942602543445,4485050
2022-10-27,804.95556640625,807.6510036149162,779.2263930507991,789.0279829004946,7110289
2022-10-28,804.0244140625,818.2367195329332,801.0839370686173,807.6510143197869,6898541
2022-10-31,807.2099609375,814.5121577097175,803.2403288124109,807.6510444678787,4487537
2022-11-01,825.0977783203125,828.1363069088934,807.2098777825316,811.2775612865378,7769108
2022-11-02,816.8645629882812,833.1351790254677,812.5518393083678,833.1351790254677,11859603
2022-11-03,817.3055419921875,821.177181930145,807.1609204732789,808.6311589440863,6632872
2022-11-04,845.7792358398438,849.7978638615441,815.4922984230734,820.3930934857121,11128361
2022-11-07,836.07568359375,851.7582286552974,828.7734865846346,849.9939543007057,7995787
2022-11-09,873.1256103515625,883.1232439459709,841.9565666477125,842.4466461393584,20088415
2022-11-10,875.7230834960938,880.1827950473706,858.9133324672516,876.2621589892532,9906420
2022-11-11,876.7521362304688,889.7882376383218,873.125536334892,887.0438046825872,8777095
2022-11-14,877.291259765625,889.4942507070988,867.4406742432865,877.2422637827586,7653024
2022-11-15,888.90625,897.3355937450575,877.2423335901983,881.0649777444452,10675723
2022-11-16,869.7440185546875,897.8255963437922,857.0510080377534,896.8454373958186,11504802
2022-11-17,873.1746215820312,879.888746629307,863.0299998574922,868.4208743597252,5190475
2022-11-18,871.2633056640625,877.1442593038493,862.1477796630699,874.3507704304582,5384458
2022-11-21,854.3065185546875,870.3811492956658,851.7581292093846,867.4406724399372,6108453
2022-11-22,864.9413452148438,868.1758580386402,853.2284328790699,854.306583878949,5466001
2022-11-23,856.2667846679688,869.8910172051235,849.4547282235425,867.8817034400715,5319949
2022-11-24,859.25634765625,864.9902534520214,851.0719847177644,856.560910605833,5111180
2022-11-25,862.1478271484375,863.5200736696299,854.7966346938152,859.5994376938314,5079099
2022-11-28,861.1676635742188,867.6857447789793,856.1688766613255,858.6192741331666,4168244
2022-11-29,860.7755737304688,874.1057110852676,857.2960215364881,860.5795299820431,3663099
2022-11-30,863.5200805664062,866.60760535167,855.9728442878842,861.4617705923356,3797377
2022-12-01,872.8804931640625,878.7124505620711,864.5001465652501,867.1955835301644,4491806
2022-12-02,870.5772094726562,885.6716217222975,866.7055695747516,876.2621195361356,6279538
2022-12-05,875.428955078125,878.712463499522,861.1185990864858,873.9096609071197,3966501
2022-12-06,878.6635131835938,884.3974191798949,868.4208400689652,876.0660680054184,4836193
2022-12-07,869.1559448242188,884.5934482141048,867.2446229158782,879.9866892059429,2867882
2022-12-08,875.1840209960938,880.6728876292835,869.7440905253666,870.381217823933,2822061
2022-12-09,873.07666015625,893.9050396435589,864.6963123744237,878.2714910753116,6979639
2022-12-12,863.8140869140625,877.0952289714814,861.1186497508752,874.3507958247037,3412185
2022-12-13,877.0463256835938,880.1828466789078,863.8141782112493,867.3917827538073,3821073
2022-12-14,882.6820678710938,890.4743429359133,873.9586897291176,879.3985595510727,4930906
2022-12-15,866.4115600585938,888.9552170597324,862.8829517639208,882.3881397945692,3679459
2022-12-16,843.3778076171875,873.2726565536706,837.4478577437984,865.4313847014784,7791763
2022-12-19,875.1349487304688,878.2224735436841,842.5446616263087,843.3778326798573,5205837
2022-12-20,866.70556640625,877.5363110247257,854.0124958211633,876.3601082997164,4023275
2022-12-21,840.63330078125,875.2818938127084,834.6542956233129,869.4009404388269,4660583
2022-12-22,839.8983154296875,856.9530470367669,828.773474297094,847.5435440690101,5517570
2022-12-23,778.34423828125,837.0067903491777,774.5216540742177,836.0756273339741,9112806
2022-12-26,790.05712890625,795.8890867654834,769.7188301988808,782.1668611315959,7205540
2022-12-27,800.9369506835938,804.9065826682861,782.2648738765073,794.0267818750965,4872234
2022-12-28,794.2718505859375,800.7899321024821,792.7526160455567,799.5647333079556,3624974
2022-12-29,803.2892456054688,806.1807264371562,783.6860668471185,790.9882628994347,5308353
2022-12-30,801.8680419921875,810.3464411452019,799.4176445287911,806.1317694729914,3252956
2023-01-02,805.9847412109375,810.3464607662254,800.1037871563898,806.6708644821331,2042294
2023-01-03,804.1714477539062,810.0034056544375,801.5740025251504,805.9357219544968,2166531
2023-01-04,793.9287719726562,805.6906797055844,790.4982155505521,804.5144769674604,3260112
2023-01-05,803.3382568359375,805.298574748982,781.1866883481977,797.8983865920703,3119740
2023-01-06,790.1061401367188,808.0430975636103,787.5577506851974,803.6323820961761,2892006
2023-01-09,800.4468383789062,803.9753867042093,793.0465903737523,794.3698408638575,2040072
2023-01-10,780.5986328125,804.3674879925713,765.6021526127589,800.7898837986919,4545808
2023-01-11,780.6476440429688,787.1656654694858,773.3944435455636,784.1271965126622,3618663
2023-01-12,777.217041015625,783.5880741057696,770.5029164030572,780.8926370291699,2670641
2023-01-13,778.8833618164062,784.3722282059605,770.4049626615245,779.8144649933765,4059998
2023-01-16,771.4341430664062,781.6768167682006,768.83675756349,781.1867372592551,3601251
2023-01-17,769.1797485351562,775.7468255719027,762.6616674818766,772.7082968829411,2948618
2023-01-18,770.8950805664062,780.0595436085108,761.1914821960463,768.4446829803719,5585785
2023-01-19,760.6524047851562,768.395685067278,756.4377329125745,768.395685067278,5086667
2023-01-20,759.0841064453125,770.9930017251215,757.1237885565386,760.6033408442814,3328697
2023-01-23,753.791259765625,762.9067264134889,747.273238372547,762.9067264134889,4283589
2023-01-24,746.0970458984375,758.6430691862993,742.9605251204326,753.8893219459966,3011438
2023-01-25,699.0003662109375,741.8823194813657,691.9922059182232,738.0596757173118,17085455
2023-01-27,585.10595703125,685.964287410871,526.3454100019538,685.1311761477947,64194046
2023-01-30,585.1549072265625,643.5723581221985,555.7011420353498,607.6985636188756,58256575
2023-01-31,600.494384765625,614.4616493406883,576.4314354804922,588.095350528978,33272489
2023-02-01,485.3257141113281,616.519999876734,450.3830523741801,614.5596819121021,46557720
2023-02-02,453.2745361328125,523.4048997852782,415.63640705005105,499.88108406459156,115517458
2023-02-03,488.9523010253906,496.9405905317999,387.2608093731732,449.8929606589668,89662866
2023-02-06,534.6277465820312,537.8132633800986,467.2418143152195,488.1191893654145,38363919
2023-02-07,542.1749877929688,586.5761795938564,532.2263497745181,539.0874629391988,46650736
2023-02-08,587.3602905273438,592.9962048711606,551.8295261858899,552.8096852022059,31111885
2023-02-09,570.74658203125,577.3136593915373,535.3628655465934,575.5983811166049,22494005
2023-02-10,572.3638305664062,587.9973777768835,548.8890117593667,562.2191495438609,12527188
2023-02-13,542.7140502929688,584.2727560006288,526.737470556972,576.2355000595383,19528545
2023-02-14,553.8877563476562,569.7173461089898,527.6195104617836,540.0675401394466,17976429
2023-02-15,557.7593994140625,567.364944485544,550.7512993075703,556.5342008124921,9259895
2023-02-16,565.7478637695312,579.0780040542514,561.9252192195629,568.4922973782483,9909820
2023-02-17,567.1690063476562,574.3731507767124,557.8084404168003,567.5120380541235,8880620
2023-02-20,568.1981201171875,570.1094419162373,548.8889780322927,556.0441259596693,9507162
2023-02-21,571.6287231445312,582.0183842946096,567.7080872653838,573.3929973253164,7702230
2023-02-22,536.2449340820312,571.971739538959,529.2858295125466,571.9227435566128,10994235
2023-02-23,540.9006958007812,547.075745081328,523.0618506654617,528.7957566269351,10711597
2023-02-24,547.8108520507812,554.6719645876354,532.4223448247202,545.9485261468308,8631548
2023-02-27,550.849365234375,560.6019593772886,542.1259260901459,547.9088881957573,8484384
2023-02-28,580.6951904296875,602.2586876467132,540.9987523710721,551.8294969629743,25360275
2023-03-01,590.1537475585938,603.7779824560158,582.8025545903793,586.1351193323011,18661166
2023-03-02,610.5411376953125,612.5994479106263,573.9811547846745,591.9671104698293,21080489
2023-03-03,671.06591796875,690.03197166949,637.6424584465126,649.8454505921475,42832968
2023-03-06,677.0447998046875,708.4098864405905,667.5862419363859,676.3096805866585,37435406
2023-03-08,697.9222412109375,700.8137223799948,668.4684736547642,686.1113365957991,20232587
2023-03-09,683.4158325195312,702.3818844009168,672.3890442572942,699.735503077304,17041388
2023-03-10,683.9548950195312,687.8265347897335,667.1452051261448,671.2128288246378,12138642
2023-03-13,667.684326171875,696.4519690390068,663.7146941664504,689.7379037844095,9693337
2023-03-14,641.5140380859375,670.9678028124471,625.929486722255,667.6842942324256,18147337
2023-03-15,665.8709716796875,674.2023229164278,644.2094823938253,648.4241539958156,15514873
2023-03-16,666.1160278320312,678.6130549950118,661.7543681717285,673.2712363415342,12992236
2023-03-17,666.8511352539062,678.0249715076559,657.9807084877737,674.8394548363152,7625895
2023-03-20,653.5209350585938,664.3026827685968,646.2187394174434,657.6866103101859,5250369
2023-03-21,651.6097412109375,661.0193042271067,648.0811924699756,658.1768189794367,5011027
2023-03-22,644.1115112304688,658.5688564905872,641.1710342284108,656.6085384892152,4457720
2023-03-23,641.9551391601562,654.1090746790861,639.1126541741282,642.0041351445726,4491324
2023-03-24,625.3413696289062,647.5419923392793,621.3717381031454,645.1405911023631,6072701
2023-03-27,616.6179809570312,632.0554846559113,613.0894326126637,625.3414196752669,5621870
2023-03-28,581.6263427734375,615.3437746380043,560.2098338982631,610.2469361514551,19860622
2023-03-29,624.0182495117188,629.8011517008403,578.3918003316596,581.5773170726345,17057169
2023-03-31,619.362548828125,642.3962872916695,614.9027771386191,631.124457830786,9466910
2023-04-03,615.3438110351562,626.3216038499398,609.805948554452,625.8805203331012,6072184
2023-04-05,624.1162109375,627.1056837678939,612.648339266397,614.4616692170097,6622367
2023-04-06,628.8699951171875,638.4265454378028,619.0194090592311,624.3612876135348,7094042
2023-04-10,639.063720703125,643.9645161072901,630.2422889756278,633.182766218127,4254629
2023-04-11,640.9749755859375,647.1499651821017,634.5549462452894,642.0041305479388,3798770
2023-04-12,644.6995849609375,648.865260728454,637.1033526789956,642.9843067037249,4271203
2023-04-13,648.522216796875,651.707733500296,640.4359051651143,646.6108948099911,3306659
2023-04-17,651.51171875,653.4720368086284,644.9446412887628,649.8454364353339,2731225
2023-04-18,645.483642578125,658.0787205512393,638.1324507034425,654.7461563050555,2964854
2023-04-19,645.3367309570312,651.8057566421618,641.9061743431251,645.9248024468941,2683546
2023-04-20,652.8838500976562,665.0378449595186,648.0811071560374,649.8453812942679,5009410
2023-04-21,648.4732055664062,657.2946370438316,645.5817842192456,654.7462474355731,1982614
2023-04-24,657.980712890625,659.4019553798722,642.9842924254124,651.9037152351876,3357178
2023-04-25,658.1278076171875,668.958553180032,655.5793581867671,661.6073602879438,4814190
2023-04-26,651.51171875,658.2747801577725,648.9632693792873,657.6867086698478,3373385
2023-04-27,646.659912109375,654.9422677761003,644.1605185783691,654.6482320355393,3197568
2023-04-28,667.7823486328125,669.448630982227,649.0123387245129,652.981970911186,6162262
2023-05-02,667.9783325195312,672.2910558814546,659.2548938291592,670.2326861670185,5563089
2023-05-03,656.363525390625,671.2618949466729,643.7194498387009,661.6073523275571,5645727
2023-05-04,666.2631225585938,668.4684804486369,654.4522178234171,656.70657170174,5124811
2023-05-05,670.3307495117188,679.8382437464804,664.0577081179165,669.2525387405759,5193692
2023-05-08,671.5068969726562,676.9468272009904,665.1358635675109,671.1148692729876,3671007
2023-05-09,676.7997436523438,682.0926258234573,670.9187900507303,671.5068614812302,4029312
2023-05-10,677.2898559570312,678.6621024602682,671.9479775450714,678.2700149381558,1794579
2023-05-11,694.7366333007812,699.8334716699306,678.5150150749433,680.2302931917814,5979387
2023-05-12,686.1112670898438,697.8731745256696,681.2594683077346,697.8731745256696,4025355
2023-05-15,680.2792358398438,687.7774749495417,673.8592073564051,685.915149210461,2616737
2023-05-16,673.3692016601562,684.9350653570281,671.7029194728766,680.2793103237155,1403759
2023-05-17,671.016845703125,678.2210504433714,669.0075316633597,673.6142910533655,2295396
2023-05-18,651.7566528320312,676.0155848742348,648.1790490254403,676.0155848742348,4405410
2023-05-19,674.447265625,680.3772743937869,646.4147470735322,650.8254617995836,6340270
2023-05-22,715.2219848632812,738.451763523594,679.39718785259,685.0331017133082,30204070
2023-05-23,719.4856567382812,770.0618938521463,715.5160250027543,729.5322858564706,39497528
2023-05-24,703.9992065429688,724.337505931436,694.6876959795741,724.337505931436,12809164
2023-05-25,710.1251831054688,712.5755805626995,691.6001543991417,702.7739907337765,7458008
2023-05-26,712.4285278320312,715.8590842483013,706.3025342315489,714.6338855282048,4507617
2023-05-29,722.8672485351562,725.3176459878177,713.6047341992643,716.4962151582362,4302323
2023-05-30,719.4856567382812,727.6209639618379,713.21267542727,725.3176143863536,4785799
2023-05-31,724.1904907226562,734.1391290175112,706.9887113466909,721.3970613576612,13649365
2023-06-01,717.5253295898438,730.1694036609643,714.5358568313061,716.0060952198478,3771760
2023-06-02,721.985107421875,729.2383080716055,719.4367179093528,723.3573539742539,5554473
2023-06-05,724.1414184570312,729.2382569489245,720.4168264213165,723.3573032638525,5166097
2023-06-06,730.6104736328125,732.1787039552647,725.3175916022702,728.160076363886,5492469
2023-06-07,728.9932250976562,736.0993775439864,727.2289509378812,735.1192185858719,2129238
2023-06-08,721.7891235351562,734.13910321091,718.4565589500628,730.1694711597147,2141709
2023-06-09,720.3678588867188,727.2779677747336,718.4565368987597,723.3573318298563,1335172
2023-06-12,727.3759765625,731.7376961168616,718.995629001381,720.6129152957014,4571836
2023-06-13,723.2103271484375,727.6700986608191,720.4658937883137,726.297852068677,3636359
2023-06-14,724.6804809570312,728.0130452486521,721.2009287204042,721.740004167067,3900945
2023-06-15,724.8275756835938,733.8450503885051,722.3771781998764,722.671213933091,6448934
2023-06-16,732.5708618164062,734.8252155555344,726.1017765105489,726.2978202757248,6800269
2023-06-19,721.053955078125,735.021220107508,716.4961920336119,735.021220107508,5256363
2023-06-20,723.1612548828125,727.2779344008557,715.7120708590422,723.3572986358915,6753358
2023-06-21,734.5801391601562,738.3047312160635,718.750548142357,725.2196331255004,9312613
2023-06-22,730.8065185546875,742.9605139527059,726.2978111331862,740.0200369845554,10061086
2023-06-23,700.1275634765625,726.2978208064861,689.0517787138458,726.2978208064861,15398550
2023-06-26,710.0271606445312,711.8894267375571,691.1100452277852,695.9128479673625,5696079
2023-06-27,705.9595336914062,715.9571676536727,701.7938578591418,709.9781617411037,6935089
2023-06-28,741.490234375,743.940631712657,707.4787073634905,708.6059140684741,17910387
2023-06-30,724.58251953125,744.8228262181938,723.3573208171289,737.8636616274921,6629272
2023-07-03,722.769287109375,732.6198733205075,718.1625277388683,729.7283922393478,2808490
2023-07-04,726.98388671875,736.0993527574402,720.4168099556839,725.3666005626576,3263045
2023-07-05,728.0130615234375,732.0807451034827,719.4856666770798,726.2977833576132,2212779
2023-07-06,725.3666381835938,731.1006040873683,723.5533680077572,727.6700476715592,1949877
2023-07-07,704.4402465820312,725.3176201707643,701.9898492165894,725.2686241882863,4248724
2023-07-10,705.8125,715.5160984150184,693.9525995586754,707.674826103621,5135483
2023-07-11,715.4180297851562,717.9174231017771,704.783269457821,709.5860721636052,2716491
2023-07-12,709.8311157226562,717.9174269709331,707.6747540916183,717.3292957129296,1349350
2023-07-13,702.969970703125,714.7808734103478,700.8136091716129,710.5662021312089,1378288
2023-07-14,711.6934204101562,713.0166709443129,700.5196437919471,704.3912837765312,2043145
2023-07-17,716.5452270507812,728.0620953339813,715.6140640332654,715.7121158280427,2683898
2023-07-18,713.7028198242188,732.6688730772229,711.2033664446947,716.49624912301,4464508
2023-07-19,716.8883056640625,720.8579375890648,714.535900170054,717.3783851566346,1039827
2023-07-20,717.91748046875,721.3480370115361,713.6537528710778,718.8976394809746,1423489
2023-07-21,713.996826171875,720.7598872888827,711.8894604197877,714.3398578877232,1491198
2023-07-24,720.7108764648438,725.5626753162884,713.9968114706066,715.516045904614,1919024
2023-07-25,734.3840942382812,737.079531354271,718.6035590525127,723.014274333223,3210148
2023-07-26,737.7166748046875,750.2137017078385,730.2184347331345,738.0107105316952,5868377
2023-07-27,733.8941040039062,743.7936866858468,727.1800383009477,738.9419471464194,2243079
2023-07-28,745.6857299804688,750.7181224063677,733.2526648040626,740.0612524168331,3257195
2023-07-31,767.5421142578125,769.663647119252,744.4029156120257,748.5965957405601,5854918
2023-08-01,755.207763671875,770.6503981739614,751.5074576627171,768.6275762675554,2590545
2023-08-02,751.3594970703125,763.6445253196139,741.5906649139196,756.835938031663,3017482
2023-08-03,763.1017456054688,769.1702715174681,743.4161659266601,751.3594774037994,4135776
2023-08-04,764.9766235351562,769.5650272444443,758.5627595519527,766.1607335465535,2758619
2023-08-07,780.9126586914062,784.1195907895271,760.9803302208951,766.752783906977,4175164
2023-08-08,773.8080444335938,794.3323974401972,754.1717287790091,783.2314788424304,11993737
2023-08-09,780.6165161132812,796.1578010433914,773.610627632146,782.1953494483307,7007648
2023-08-10,792.1615600585938,808.9362819392187,781.5046899679353,782.4914383138544,8064730
2023-08-11,790.4346923828125,799.7101502435531,783.7248161687812,796.207205918157,9040236
2023-08-14,776.7189331054688,783.6754964379,760.8815750219807,770.6504070897083,17841454
2023-08-16,765.8153686523438,775.5842013862948,762.2137733186056,775.5842013862948,11481440
2023-08-17,798.9208374023438,802.8184452610188,766.5554428658988,767.6902275756021,14011644
2023-08-18,824.8229370117188,838.3413406873545,793.6416542575297,796.30588674171,22502392
2023-08-21,846.778076171875,852.6491803649641,827.3884480221452,828.9672212086952,17432300
2023-08-22,843.1764526367188,857.4843035006537,842.0416679604228,852.4519110804259,8037324
2023-08-23,814.758056640625,851.0210554766179,809.2322302060062,847.1727131422645,4748732
2023-08-24,811.4524536132812,833.2103021632565,809.330980869576,822.9480955858002,4692796
2023-08-25,795.9111328125,819.3957898880537,792.8522372571136,812.093828578226,4442243
2023-08-28,796.7499389648438,813.0806115322692,787.9185295006274,805.1866250125385,5067265
2023-08-29,812.6365356445312,819.7904606894599,789.4479510161416,798.7727343268675,5935085
2023-08-30,807.850830078125,821.961318457763,805.7786225512536,817.0275770504535,8592012
2023-08-31,781.7020263671875,800.1542318835733,777.2616589543516,793.2469936858284,9998925
2023-09-01,788.9053344726562,797.292695752228,769.3184031044285,769.663740948933,11900199
2023-09-04,790.4346923828125,800.9929109537402,785.0075768789683,796.848556160083,12522148
2023-09-05,794.2830810546875,800.1542456691907,786.9317939437385,794.332406425968,10483413
2023-09-06,796.3551635742188,797.7859605828065,789.842649211015,795.3190899563909,6729598
2023-09-07,799.1674194335938,802.1769895043864,794.3816543591427,798.9700577413724,9787939
2023-09-08,814.0673217773438,817.8169531535967,799.4141340758855,800.1541952775012,11683222
2023-09-11,870.7560424804688,875.443096868329,823.9348239712089,828.8685654321143,20638175
2023-09-12,847.3701171875,877.712627933952,841.7456397355731,877.712627933952,8036897
2023-09-13,838.4400024414062,855.708096865241,831.9768134308948,847.6167491470917,7180448
2023-09-14,838.5386962890625,846.4820080871599,829.8553232633225,842.7323765790377,6234825
2023-09-15,834.4436645507812,843.2750130256832,830.3486353069225,834.7890023406493,4013431
2023-09-18,820.2344970703125,836.8118559132034,817.1756015326744,836.8118559132034,2801202
2023-09-20,807.2094116210938,826.5003282876138,804.1998414376676,820.9745620566129,3016411
2023-09-21,820.0865478515625,831.2368526358669,809.1336650132608,810.2684497315598,6437320
2023-09-22,816.0901489257812,827.5857904219289,811.2057329184724,822.8494107464281,3156509
2023-09-25,814.708740234375,820.6785552740353,808.0975147231554,817.7183104385341,2395763
2023-09-26,810.4656982421875,819.9878434997166,808.1468638101901,815.1527527026251,1569635
2023-09-27,819.6917724609375,821.9612813606042,810.613676635938,814.8566820094596,2463842
2023-09-28,812.1925048828125,830.200661429725,808.2948972633175,822.2080242583424,5057959
2023-09-29,814.2153930664062,821.4679690630951,811.4031242437212,815.5474791959737,1468496
2023-10-03,820.382568359375,825.6616477230599,813.3272938580604,815.0541033991603,2453090
2023-10-04,813.6726684570312,834.2464077696686,808.4922395995552,819.9385566394967,4096647
2023-10-05,814.2647094726562,820.9745858695924,809.380293340785,819.8398012336851,2083505
2023-10-06,819.7411499023438,825.4149526251105,815.4488188895679,819.001088677635,1877058
2023-10-09,779.5804443359375,807.9494565768838,774.5973777093162,804.1998252650864,5994282
2023-10-10,808.6401977539062,812.784552484428,789.9413062120726,789.9413062120726,7591327
2023-10-11,804.0518188476562,816.4355580502312,801.5849481262406,816.4355580502312,3281387
2023-10-12,804.1505126953125,812.3405112708141,801.7822927626287,807.7027823680036,2563606
2023-10-13,802.9664306640625,813.8699873546942,795.1710949885863,801.2396211357527,3801000
2023-10-16,794.9738159179688,807.6535078641522,792.6055958361396,807.6535078641522,2664794
2023-10-17,794.4310302734375,803.6078376217964,793.3456312366583,801.2396176171226,2162192
2023-10-18,788.0171508789062,798.3286824313492,784.8596045697388,798.2300316940634,2271927
2023-10-19,782.3433837890625,786.7344258716187,777.0149789807399,786.1917263392438,2862500
2023-10-20,783.1328125,792.3588850158138,778.1990709992789,781.3072920089312,2434862
2023-10-23,761.2269287109375,785.2542238514749,759.697481010489,783.132751307734,2002377
2023-10-25,758.9080810546875,772.9692441002205,750.9647694145834,762.2630493104717,2581498
2023-10-26,760.1415405273438,761.5723376296579,744.5016038218855,753.8757128163295,3855358
2023-10-27,772.0318603515625,775.9788533794818,762.8057280130005,764.6312484242136,2995404
2023-10-30,774.597412109375,783.8728701793085,769.466308926568,775.4855096660223,3522068
2023-10-31,774.3507690429688,780.6165969861032,772.1305852515108,779.3338361740844,2825760
2023-11-01,758.9080810546875,780.0245184206187,757.0332954510845,774.3507157882107,2693768
2023-11-02,764.0391845703125,773.1172808321151,761.8190009303989,766.6047662455696,1741799
2023-11-03,784.859619140625,788.214527212983,766.9994388378548,769.6636712837195,4310765
2023-11-06,791.865478515625,795.5657844899971,788.707872038894,790.8787302557924,2270316
2023-11-07,786.9811401367188,797.6873959467433,785.4516922285268,792.3589307280238,2394891
2023-11-08,807.850830078125,812.8832222230465,789.4479505383263,791.3721217324442,5123208
2023-11-09,795.5164794921875,816.7315676218188,787.5237822470831,814.067335206784,4982049
2023-11-10,797.8846435546875,807.9494881623851,795.5164837934467,797.2926186709614,3903183
2023-11-13,799.1181030273438,817.0276091295965,796.7992685653976,799.2661393659097,1050882
2023-11-15,800.0061645507812,807.1600895498478,798.3286804367676,807.1600895498478,1694698
2023-11-16,802.8184204101562,807.5548605941812,797.3913045734382,803.6078672583862,1689762
2023-11-17,799.3154296875,811.0577582735837,798.328681410563,800.94358843498,3218979
2023-11-20,792.950927734375,805.1866310218103,790.4840569285483,799.3154664586752,3227659
2023-11-21,790.730712890625,804.101200313092,788.7078909547212,794.3323682159271,3643664
2023-11-22,781.406005859375,794.2830591785266,778.1003629058868,793.3456362446617,3212329
2023-11-23,782.5900268554688,794.0363428941489,780.9619283499118,784.4648726542329,3776615
2023-11-24,785.0076293945312,792.3095911969071,774.5974464587296,785.3530274491379,4421350
2023-11-28,826.5990600585938,843.0777686561142,795.3191270129415,795.3191270129415,15929818
2023-11-29,824.4775390625,838.736064199153,822.2573553631493,838.736064199153,8057644
2023-11-30,814.5607299804688,827.8818321667029,812.0938592052402,827.8818321667029,5998210
2023-12-01,816.8302612304688,828.0792163615255,814.5607521008945,828.0792163615255,2932775
2023-12-04,867.00634765625,871.6440161095201,847.123346931279,853.537210361743,11064795
2023-12-05,999.6746215820312,1010.7262741828511,868.3384544387097,872.2854474134311,46564412
2023-12-06,1004.46044921875,1068.1550402674934,994.7409422777424,1031.1519788263563,41008947
2023-12-07,1025.8729248046875,1044.7197938066738,1008.1114548745621,1015.3640310054946,14840081
2023-12-08,1009.3941650390625,1041.0194353667864,979.1503061674932,1034.1121974070068,12202462
2023-12-11,1018.2255249023438,1034.112147350303,1002.1908661290208,1013.1931330086339,7889666
2023-12-12,1028.142333984375,1034.5561978781082,1009.6901891173189,1023.3073637189292,4902289
2023-12-13,1049.4068603515625,1060.7544662697976,1015.1667411097854,1031.1520160483149,8151639
2023-12-14,1060.458251953125,1075.4568970004177,1048.9133460897403,1065.6880656415046,8004131
2023-12-15,1064.2574462890625,1072.1020472340954,1052.909840634951,1064.7014348509792,11672787
2023-12-18,1079.7987060546875,1087.7913431436982,1058.5342321428532,1064.701408978922,5448342
2023-12-19,1059.7677001953125,1084.4364083004175,1054.4392351540746,1080.4894150036007,5993252
2023-12-20,998.7373046875,1069.4871088196282,991.6820303314237,1063.7146554201738,8467564
2023-12-21,1005.4472045898438,1014.377264768462,976.1407676772384,982.9493551207912,5352057
2023-12-22,1013.8838500976562,1037.0230489090845,1005.4964897805467,1020.2977138695636,5252106
2023-12-26,1015.1173706054688,1027.2050379589725,1012.5024633731543,1020.3964502162588,2176775
2023-12-27,1010.824951171875,1023.3073408691827,1004.509738157756,1023.2579552746492,2803997
2023-12-28,1003.4736938476562,1017.5347968699396,1001.2041848071814,1015.9067585401326,4865603
2023-12-29,1010.7755737304688,1021.1858162367301,1004.1150228588997,1008.2593776686986,2429250
2024-01-01,1033.9642333984375,1043.9303676326988,1009.4435610165765,1012.9465658365621,3989711
2024-01-02,1064.109375,1068.5497422840251,1017.4361329224016,1033.9641667018282,6344621
2024-01-03,1079.749267578125,1128.8399927890107,1048.6666978466094,1090.3568112166581,33060778
2024-01-04,1108.315673828125,1116.012358967593,1088.9261655450734,1102.197882375598,9771995
2024-01-05,1138.9542236328125,1144.6280263496317,1110.486559309393,1114.1374798330596,10622789
2024-01-08,1153.3607177734375,1166.3364819123196,1136.7340331328191,1144.6280194740193,8760094
2024-01-09,1181.236328125,1213.6017195127085,1162.8828344215242,1166.3364533612573,14701104
2024-01-10,1198.2578125,1203.832964664597,1181.1377530356742,1203.832964664597,7036728
2024-01-11,1187.0087890625,1207.3851650289057,1184.0979298327293,1204.8196436048022,3721202
2024-01-12,1191.103759765625,1202.5994006914857,1185.1340052686628,1194.3600770931785,3912779
2024-01-15,1187.1568603515625,1199.244527074541,1173.3423840967296,1197.9124409547885,2825654
2024-01-16,1177.5360107421875,1195.938889862369,1171.0728819175852,1187.6501803965516,3173587
2024-01-17,1151.38720703125,1188.7356053583012,1144.0852456648868,1164.3629710105886,5268593
2024-01-18,1138.7568359375,1168.6059697095482,1128.2972084023536,1155.5315557432791,5918594
2024-01-19,1137.1781005859375,1151.3380359300827,1134.760615282278,1146.8482827059372,2732559
2024-01-23,1122.031494140625,1191.202527501505,1115.2722922177195,1183.259275771914,7201014
2024-01-24,1105.7501220703125,1131.553614233403,1103.5299383929414,1122.9195665991826,18373913
2024-01-25,1131.109619140625,1140.4343423506123,1096.8693810203808,1107.2796237173911,4305042
2024-01-29,1180.7923583984375,1188.9330317432252,1135.7472751334112,1139.694268270278,6768033
2024-01-30,1171.615478515625,1201.0698888823238,1165.349651389963,1184.0978676273967,4683729
2024-01-31,1191.646484375,1198.1589983856375,1175.8585132206495,1179.9535423293412,5510242
2024-02-01,1202.6981201171875,1223.0744962427461,1184.3940117471582,1197.5176916337068,7433628
2024-02-02,1244.7335205078125,1270.4383603685692,1215.3777603361893,1216.7099668237572,10450227
2024-02-05,1241.8720703125,1274.1386902206607,1232.3005399226877,1252.6769155741558,5611298
2024-02-06,1256.2291259765625,1267.5767304269368,1232.3004818094687,1249.2232377542553,4408002
2024-02-07,1239.0106201171875,1269.3037470231359,1235.5570008075922,1263.0379189376922,3359763
2024-02-08,1228.6988525390625,1247.7431416323502,1220.3608781445703,1247.299153108209,3354609
2024-02-09,1254.6505126953125,1258.5975060502328,1215.772604058811,1236.000945002778,3538164
2024-02-12,1232.7938232421875,1262.79099221519,1227.416093804519,1261.0641828880741,2204823
2024-02-13,1248.0391845703125,1254.1569752931164,1210.3947162567806,1233.3858772852063,2245009
2024-02-14,1251.0487060546875,1264.567228933999,1232.1031884205631,1245.226867468862,3382943
2024-02-15,1250.2593994140625,1260.6202558821944,1245.3749233789154,1258.1039997017247,3382824
2024-02-16,1289.531982421875,1293.6270119277415,1248.7793501987296,1252.9730304433467,5476230
2024-02-19,1289.6800537109375,1309.4150201028417,1284.894348451436,1295.995267046882,2700240
2024-02-20,1283.26611328125,1295.5018158067608,1276.556176926163,1293.626970020545,1856718
2024-02-21,1273.89208984375,1297.5740496859266,1264.4685951421466,1287.5092649340722,2770510
2024-02-22,1293.5777587890625,1299.5476347531712,1264.02469257313,1278.8259184814804,2556009
2024-02-23,1303.1983642578125,1314.3486676524474,1280.7992271868445,1294.6630882661973,2924829
2024-02-26,1320.417236328125,1325.202941400504,1299.3007990239118,1302.507730937204,2802425
2024-02-27,1311.83251953125,1321.4533157516382,1296.833993091818,1319.1344812659775,2197456
2024-02-28,1282.2794189453125,1317.2103329401675,1277.987087920486,1316.81560952868,2121625
2024-02-29,1303.0009765625,1312.2764335797167,1275.914787101276,1282.772638796857,2672239
2024-03-01,1304.579833984375,1331.1233859337806,1295.0084241642871,1317.3089104681967,3301090
2024-03-04,1324.8082275390625,1338.5734384299365,1318.6904363337887,1327.4231345931144,2170214
2024-03-05,1320.565185546875,1336.9944469798136,1316.3221200373534,1326.2389877884152,1815438
2024-03-06,1307.2442626953125,1326.7818077601949,1286.719848827423,1324.9069618040362,2758443
2024-03-07,1307.885498046875,1317.6543303969872,1297.574026398391,1312.1779495533742,1640786
2024-03-11,1309.36572265625,1324.5616718915887,1304.5307519268692,1313.3621018007293,2217673
2024-03-12,1284.0555419921875,1329.100503105254,1276.309471891164,1317.3089097347622,3139768
2024-03-13,1193.5213623046875,1290.6666767588752,1172.355540632112,1289.6799285350533,8670336
2024-03-14,1251.0487060546875,1259.0907281344803,1179.8547979242624,1193.9653456447659,7195603
2024-03-15,1265.998046875,1271.77050023904,1239.9972537128795,1256.920010854003,4024586
2024-03-18,1249.8153076171875,1253.2196613465421,1210.986788124349,1233.435310780555,4858444
2024-03-19,1224.751953125,1255.9825611998542,1220.8543454849619,1254.2064865150046,2311324
2024-03-20,1228.8963623046875,1236.3462397307842,1213.897715807248,1231.4618838054141,2772098
2024-03-21,1245.7203369140625,1251.8875137581708,1234.7181897863113,1243.3028517722412,3155563
2024-03-22,1264.61669921875,1272.0173120658314,1238.4186020116913,1245.7204436586653,3076926
2024-03-26,1286.9171142578125,1296.587296001144,1264.0246013527135,1264.616626255786,3610644
2024-03-27,1305.270751953125,1325.2030202342517,1294.7124724465914,1297.5740667222942,4938400
2024-03-28,1324.068115234375,1340.694799157125,1296.5872005611131,1316.3221655620432,4188741
2024-04-01,1357.6669921875,1363.4394455759737,1332.3568745351608,1338.8201239961445,3251462
2024-04-02,1385.54248046875,1406.0667703327294,1369.8037747326157,1379.276653618854,5769001
2024-04-03,1378.6845703125,1383.4210099684935,1370.7905845209536,1381.2994771964827,2727582
2024-04-04,1348.7369384765625,1389.9336814894582,1344.1979202231623,1389.9336814894582,4197697
2024-04-05,1357.3216552734375,1363.5874828095518,1339.3627641664004,1348.8849092328655,1853120
2024-04-08,1330.7781982421875,1363.6368463200026,1319.2825557711474,1363.6368463200026,14038860
2024-04-09,1338.5240478515625,1346.8127575314466,1328.2618416027854,1338.1787100425406,1935801
2024-04-10,1334.3797607421875,1341.8790236556201,1330.3339963910678,1340.9909261040896,3984001
2024-04-12,1326.3870849609375,1340.3989838138698,1323.2295384194574,1332.1102735766349,2183230
2024-04-15,1298.1168212890625,1317.3090282385074,1291.2588480839295,1302.5078032021197,3372368
2024-04-16,1287.065185546875,1304.4813180056406,1277.2470876506727,1284.7463510161451,2696593
2024-04-18,1278.3818359375,1318.7891315167058,1273.8920828941768,1298.5114053313944,6219274
2024-04-19,1292.6402587890625,1298.5607485239743,1253.1703272229843,1263.0378101145038,3899281
2024-04-22,1303.59326171875,1313.3620947787151,1297.5741206867094,1303.59326171875,8903130
2024-04-23,1304.579833984375,1320.8119149280365,1301.4222877733082,1303.5930857368332,3847872
2024-04-24,1303.0009765625,1315.2366781307865,1300.5834916935235,1313.3618324912438,2553035
2024-04-25,1312.91796875,1319.2330613635813,1299.3501799349815,1303.0011003805,6097087
2024-04-26,1307.046630859375,1323.821350121151,1303.593012187833,1322.2425771046924,2565490
2024-04-29,1299.794189453125,1318.0490328806313,1289.6800194459931,1316.6182960363012,2191564
2024-04-30,1307.3428955078125,1316.963691791546,1298.807498304016,1306.0108093436772,2321071
2024-05-02,1321.0587158203125,1330.8274279505733,1289.2360820950619,1316.272890045226,7991511
2024-05-03,1302.8037109375,1336.0570774613445,1293.0841446987126,1335.0703292505164,3528822
2024-05-06,1272.85595703125,1304.974663276324,1240.3426478172698,1304.974663276324,4000668
2024-05-07,1270.5865478515625,1283.9076506906677,1248.2366734420832,1273.9907815071506,3474340
2024-05-08,1260.32421875,1276.5561794931348,1252.232931175538,1276.2108416916642,1627418
2024-05-09,1228.0577392578125,1268.761109758729,1223.5679859669415,1262.0511726223533,2591646
2024-05-10,1249.96337890625,1261.7549726260538,1229.2416651055544,1233.4353452795046,2022402
2024-05-13,1289.0880126953125,1295.6005274326953,1244.9310259454169,1250.210105298724,2495810
2024-05-14,1313.6087646484375,1322.1441621205392,1268.2183397291299,1289.0880917988695,2989543
2024-05-15,1320.1212158203125,1336.0078396817635,1315.3355105588519,1320.1212158203125,2189768
2024-05-16,1327.225830078125,1348.6382197002356,1293.133628620566,1334.2809839598924,4822618
2024-05-17,1317.9996337890625,1325.499017104088,1303.6425185390171,1312.3752167554646,1945123
2024-05-21,1367.1397705078125,1380.2635710871164,1315.3354847253079,1326.1897160321182,4200578
2024-05-22,1359.9364013671875,1375.872409828788,1346.121925751402,1375.872409828788,1878562
2024-05-23,1424.22314453125,1429.6009950749221,1351.7465295777577,1365.6596566131225,7821034
2024-05-24,1397.3343505859375,1425.8020171312432,1363.8342914156467,1415.9839189751715,19100263
2024-05-27,1412.67822265625,1437.7416534757822,1404.7348506890223,1425.8512883228855,5517078
2024-05-28,1381.9410400390625,1418.944102517795,1379.474169207147,1418.944102517795,4070886
2024-05-29,1391.31494140625,1408.9283724250101,1364.5740896725908,1387.367948664672,3214475
2024-05-30,1365.166259765625,1394.9167448116589,1355.4468131957392,1391.3150894611717,3477661
2024-05-31,1418.3519287109375,1431.7716805372247,1372.566786786547,1372.566786786547,8238969
2024-06-03,1562.9599609375,1599.9137579740861,1514.6586786180155,1528.4731551656719,23398347
2024-06-04,1232.399169921875,1537.3537626040938,1172.2569126916967,1537.3537626040938,52109624
2024-06-05,1336.6492919921875,1349.8717439843242,1145.220111924235,1264.0246374590054,20879925
2024-06-06,1335.0211181640625,1385.3946690924038,1326.9792155567584,1365.6597022962158,12153840
2024-06-07,1360.577880859375,1366.64640704618,1337.0933433925686,1339.7081300475213,5884018
2024-06-10,1365.708984375,1396.5941327983662,1362.9460410518905,1385.3945640809804,4843234
2024-06-11,1384.8519287109375,1399.9986123011925,1365.7091070127979,1372.5669598894049,4122878
2024-06-12,1375.4776611328125,1395.706000055252,1372.1720786189471,1393.041827987997,3258265
2024-06-13,1385.838623046875,1392.30187269225,1369.6560470403738,1384.9999110695233,2839159
2024-06-14,1417.7978515625,1428.9959961755226,1382.8657372315797,1396.2935912699802,5651491
2024-06-18,1431.9688720703125,1445.4462019664916,1421.1176684517554,1433.950835907088,5651898
2024-06-19,1435.3382568359375,1438.9057676030418,1407.640239209828,1432.9598760013764,4484742
2024-06-20,1456.1488037109375,1463.4820938422383,1431.0769136722852,1446.1399108821538,4905603
2024-06-21,1472.1036376953125,1485.3828195769331,1456.743417981898,1466.603639668204,25891893
2024-06-24,1447.0814208984375,1466.3064952997838,1437.122003717611,1461.5497334586025,3009931
2024-06-25,1443.0184326171875,1455.6534528468321,1424.0411035293548,1452.9282524051441,3343186
2024-06-26,1454.5633544921875,1461.202885168915,1437.9644068308926,1445.7435909439325,3217949
2024-06-27,1472.1036376953125,1480.5269839897655,1445.8426168949584,1462.2928925231724,7803408
2024-06-28,1464.7703857421875,1480.527022829651,1431.968907623056,1466.6532756277668,11534763
2024-07-01,1461.202880859375,1477.9504999576604,1458.3290090191645,1469.6262274089204,3372730
2024-07-02,1461.5496826171875,1476.1666661582008,1441.9283128861898,1466.1577728087577,5368562
2024-07-03,1497.02685546875,1500.3466206931662,1457.5362503134882,1466.4550875567104,4435563
2024-07-04,1490.090087890625,1506.2926191726983,1480.873907030263,1500.9908897399011,2980840
2024-07-05,1486.9188232421875,1495.887258306143,1480.4279640306272,1494.400785376392,2111633
2024-07-08,1461.99560546875,1487.5133886957783,1455.752371281729,1482.5088818498753,2177821
2024-07-09,1464.67138671875,1490.3873210680017,1461.6984407375887,1466.6533507061908,2256634
2024-07-10,1474.383056640625,1480.9729901143214,1446.8337088648577,1478.5451326207997,2082079
2024-07-11,1470.468505859375,1484.9864152608582,1464.57221179084,1481.5179785218438,1765496
2024-07-12,1473.292724609375,1483.4998864443078,1467.7928477122548,1476.5630132278013,2018935
2024-07-15,1481.5675048828125,1491.4277261797354,1471.9054315736746,1480.5269255232722,1913095
2024-07-16,1485.531494140625,1496.977262723976,1479.7837506223423,1482.5089508997316,2170314
2024-07-18,1480.427978515625,1490.6846176373663,1458.923597339801,1476.5631246665619,3263419
2024-07-19,1456.0498046875,1488.6530135556015,1452.2840249487683,1479.0901346636576,2568243
2024-07-22,1454.1173095703125,1461.69834552234,1429.5410303086383,1456.7434358765017,1721261
2024-07-23,1493.7564697265625,1503.3194687878267,1406.2032473368004,1454.7613580623135,5987213
2024-07-24,1471.4100341796875,1499.90076497947,1466.6532724757599,1494.4007668198958,2201442
2024-07-25,1473.590087890625,1485.927764179527,1453.621778376626,1457.73437746275,2211808
2024-07-26,1528.8372802734375,1533.9408610989356,1476.562986619622,1482.409803847781,4500728
2024-07-29,1534.733642578125,1544.9408046851293,1526.1121483098775,1533.9409296282186,1928637
2024-07-30,1532.3057861328125,1542.8597677218982,1522.1482215036378,1540.580460929514,2800881
2024-07-31,1555.7425537109375,1563.6704091387587,1533.049043354905,1542.9588626396812,2622023
2024-08-01,1575.8099365234375,1590.476396471689,1554.3551535948734,1566.6928302069284,7160588
2024-08-02,1573.6793212890625,1585.2737616034651,1536.2201555557267,1565.7018682813878,4313297
2024-08-05,1480.37841796875,1549.3507401111794,1458.2795922271616,1526.1122608899657,7147230
2024-08-06,1480.6260986328125,1525.864448579361,1474.6802069676226,1511.148390901911,3159971
2024-08-07,1529.8779296875,1533.8913338639873,1500.5447682102306,1506.292511708486,2258441
2024-08-08,1505.301513671875,1541.9678441563117,1500.1484561537425,1524.1301698665857,2468123
2024-08-09,1519.9681396484375,1529.5806160260854,1505.301558628846,1527.598652156923,1503033
2024-08-12,1487.8602294921875,1510.5041414186253,1444.2074289774584,1486.4728306563477,9230512
2024-08-13,1470.072021484375,1503.7654054040577,1466.157691446199,1492.2700397900596,2485446
2024-08-14,1448.7659912109375,1474.5811190005857,1438.9057693473455,1474.5811190005857,2648057
2024-08-16,1479.9818115234375,1483.697993501185,1443.9101685683402,1457.9324651221352,1985315
2024-08-19,1482.954833984375,1493.40974154489,1476.5630490390752,1487.4142525888553,1343387
2024-08-20,1479.090087890625,1496.3826737122934,1472.8964509961204,1491.3781667137455,990643
2024-08-21,1489.94140625,1503.319662973894,1479.0902019617442,1485.581061346094,1551436
2024-08-22,1478.8424072265625,1495.8872483194575,1476.9595173342195,1493.409793453079,1442064
2024-08-23,1477.851318359375,1489.4457579073942,1472.6981400284476,1479.535939158842,1181075
2024-08-26,1469.1802978515625,1483.4999382464462,1466.6532455609488,1482.0134653624316,1087057
2024-08-27,1465.0181884765625,1483.4009526251941,1462.2929880268423,1471.509168844597,910064
2024-08-28,1456.5452880859375,1472.9955639185698,1453.7704902960832,1466.0586904134077,1225101
2024-08-29,1462.739013671875,1469.6262901096131,1439.5004134414537,1458.775085714735,3359850
2024-08-30,1468.5361328125,1473.5901164153224,1452.7794960758995,1467.5946274059377,1996592
2024-09-02,1481.0224609375,1485.977370475598,1465.4640933756607,1476.5630423532118,2054244
2024-09-03,1466.207275390625,1484.589916513046,1463.2838062899639,1481.0224059719117,882478
2024-09-04,1458.824462890625,1461.8470061399098,1447.874185236398,1458.7253888923394,1122071
2024-09-05,1452.3336181640625,1463.4821648939476,1449.8065658508322,1463.4325674095805,959956
2024-09-06,1429.392333984375,1455.50468317025,1414.6762767858756,1452.3830659537266,3340767
2024-09-09,1422.950927734375,1428.5994761501117,1398.2754543461376,1418.0950922532409,1621371
2024-09-10,1440.2930908203125,1450.797474570715,1422.059000006131,1426.0229275322806,1542798
2024-09-11,1417.69873046875,1444.702988168007,1412.2483298322027,1441.829116365751,1637596
2024-09-12,1459.3199462890625,1461.6983270829564,1427.2121079951764,1430.9778876662976,4003674
2024-09-13,1439.0048828125,1462.3425564051672,1436.9238448862156,1459.6668325261062,1683544
2024-09-16,1427.7076416015625,1447.9732949844433,1425.8248726792326,1441.9778058217273,1673805
2024-09-17,1413.73486328125,1431.9689558401694,1407.2934804349102,1429.7888438799694,1321316
2024-09-18,1415.9150390625,1426.270751909698,1402.2890374375158,1417.1041689983451,1421406
2024-09-19,1395.500732421875,1425.0320428946875,1381.8747306209,1420.0771331488784,2072872
2024-09-20,1425.7257080078125,1439.9463960145602,1396.49173997162,1406.1538141530734,4407151
2024-09-23,1443.0184326171875,1445.7931095761273,1430.829305890209,1434.941905296107,1139915
2024-09-24,1443.513916015625,1452.6309017848098,1433.9509157766397,1443.0184250288328,1537307
2024-09-25,1439.4508056640625,1450.7975000189087,1425.2301186389843,1445.8425905243087,1227806
2024-09-26,1459.3199462890625,1462.4415635204562,1434.9418153329632,1443.7119811015666,2066994
2024-09-27,1443.5633544921875,1471.6081919933872,1439.3516812154387,1471.6081919933872,2694100
2024-09-30,1435.1400146484375,1455.5047421519541,1430.9779388373936,1443.563361241317,2042408
2024-10-01,1454.2659912109375,1459.56772037512,1434.9418434571976,1435.1399914566257,1687795
2024-10-03,1412.347412109375,1455.7524694571537,1401.4466107723915,1439.64901293661,3967953
2024-10-04,1400.9510498046875,1433.356230196296,1391.536721847675,1411.9510455616141,2611371
2024-10-07,1342.9786376953125,1411.0591675776957,1324.9428152989274,1397.2844948178665,4531821
2024-10-08,1405.7574462890625,1411.505068824102,1329.897732179697,1329.897732179697,3031170
2024-10-09,1395.4512939453125,1420.0275743727752,1391.685514048054,1411.9015705559286,1507508
2024-10-10,1404.4195556640625,1417.1537703567087,1394.1629167885694,1404.2214076640382,1628495
2024-10-11,1395.5504150390625,1413.9826562239882,1392.527871521946,1402.4376916180872,1158809
2024-10-14,1397.5819091796875,1413.140277592884,1394.460291805976,1405.2124218981132,762384
2024-10-15,1407.49169921875,1411.8519229836586,1394.3115910153915,1403.180830999732,1018477
2024-10-16,1391.1405029296875,1405.6088151343617,1379.4468675896287,1405.2123981624236,1450465
2024-10-17,1382.1224365234375,1395.3025444575944,1375.037012565442,1391.1404687781094,1418861
2024-10-18,1392.9241943359375,1397.8296275335324,1363.5911530286353,1376.4739182825394,1290065
2024-10-21,1363.0955810546875,1400.15832769965,1358.9335055308575,1397.1853820484948,1644382
2024-10-22,1350.5596923828125,1374.591004065672,1341.6904525412576,1362.3028040009544,2467299
2024-10-23,1328.361572265625,1358.4379681846412,1323.1589175538263,1350.5101133857102,1916219
2024-10-24,1342.1859130859375,1346.7444056440393,1324.1499698767927,1332.8706590075299,1115993
2024-10-25,1306.8077392578125,1355.6631936749673,1292.389025678695,1347.7353387411956,2078274
2024-10-28,1340.0057373046875,1351.7984466411212,1291.39814549633,1314.8843691991415,2126411
2024-10-29,1360.3209228515625,1365.0280872817998,1310.0781845839783,1352.3930669690574,3790528
2024-10-30,1383.60888671875,1402.140320915167,1345.8030238364593,1367.505430770117,2526884
2024-10-31,1363.54150390625,1395.3025223518339,1359.7262477655884,1395.2529248687915,1891761
2024-11-01,1381.8253173828125,1385.3432308817464,1365.9696054701456,1373.9965354320368,243881
2024-11-04,1337.0823974609375,1382.4198217217029,1323.9518866094588,1381.6269877730683,1700308
2024-11-05,1317.36181640625,1340.8481609420655,1284.213518934729,1337.8256176403474,4852958
2024-11-06,1357.645263671875,1369.5370470033074,1303.3394047372096,1318.0059859004334,3645515
2024-11-07,1340.897705078125,1360.568673365235,1337.8256851062217,1360.568673365235,1292794
2024-11-08,1349.81640625,1354.9695846523318,1326.5283318682134,1340.89756925272,1400491
2024-11-11,1335.7445068359375,1345.7038021973922,1326.9743413485623,1342.8795280193517,1269498
2024-11-12,1314.0419921875,1342.5823191386364,1308.096100820136,1335.8931913503516,1038042
2024-11-13,1276.28564453125,1317.262722908168,1273.2631012742713,1310.0781039568162,1437072
2024-11-14,1253.146240234375,1284.9567357971332,1249.2813865373355,1278.3170843254316,2963013
2024-11-18,1267.7633056640625,1277.2767085551754,1249.9256298796704,1252.6012328595368,1445637
2024-11-19,1278.0198974609375,1309.5330509249943,1270.4388613409437,1273.4118071943158,2631778
2024-11-21,1104.5980224609375,1150.2326673423115,986.6711738593333,1150.2326673423115,46926687
2024-11-22,1126.498779296875,1145.476108635733,1044.4950194668188,1062.927260322337,27086168
2024-11-25,1156.27783203125,1180.6559647431038,1129.4221233798187,1174.3136558257604,10532688
2024-11-26,1118.669921875,1163.858673462424,1109.2555935872251,1161.4804136179332,5802555
2024-11-27,1189.1287841796875,1220.5924621946194,1092.062147163934,1092.062147163934,24434211
2024-11-28,1157.0704345703125,1215.8357092382626,1152.6606135323545,1185.8585069621258,15602469
2024-11-29,1179.318115234375,1204.6376314161282,1158.35882284687,1164.4037885338741,9412850
2024-12-02,1204.8359375,1209.889921394994,1178.6739890812626,1191.0612638089337,6941125
2024-12-03,1277.02880859375,1297.6907563509194,1208.9978791509138,1215.885154746815,16753958
2024-12-04,1258.1011962890625,1289.2675305577206,1250.6192340998027,1289.2675305577206,4874025
2024-12-05,1265.533447265625,1273.2135567690143,1242.889414728446,1262.5109041700528,4369917
2024-12-06,1247.69580078125,1270.9342777845322,1244.7723316151908,1267.4658411589994,2232531
2024-12-09,1255.4254150390625,1266.0289941130634,1237.7364120471748,1246.4571012884585,2849557
2024-12-10,1237.4886474609375,1261.4208845366586,1233.177900390403,1261.4208845366586,2406907
2024-12-11,1222.673583984375,1247.0021183883398,1219.651040635027,1242.7904450812516,2595435
2024-12-12,1232.781494140625,1256.5650599439812,1212.4167675337128,1222.6735270619872,5457302
2024-12-13,1248.587646484375,1250.6192078484642,1218.9077857794064,1230.74997157053,2818291
2024-12-16,1231.939208984375,1250.470522665187,1229.7589761593258,1246.6552664331932,1337624
2024-12-17,1220.7906494140625,1248.1417261667355,1217.9663751406483,1223.9617431650058,2684726
2024-12-18,1199.1378173828125,1227.727623886413,1196.3630193952624,1224.8537518927683,1931870
2024-12-19,1194.1331787109375,1198.0971062751232,1174.313540890009,1176.7909956176252,1541271
2024-12-20,1171.78662109375,1204.935041676757,1165.5929835748193,1194.1333136498451,3045185
2024-12-23,1181.05224609375,1188.187267200411,1163.6604658132464,1179.2188328508528,1540796
2024-12-24,1171.538818359375,1192.250365404747,1169.3587064470103,1187.1963816301002,1380778
2024-12-26,1232.73193359375,1237.736440769278,1171.8857393659403,1176.2955606029886,3827047
2024-12-27,1219.6014404296875,1239.6688249657677,1214.696128153103,1237.1913700847701,2595142
2024-12-30,1207.511474609375,1247.4480945414875,1201.0700921022262,1222.6239489530706,8312636
2024-12-31,1219.997802734375,1225.6464721916088,1197.2548163337597,1210.979891565547,1717204
2025-01-01,1207.7095947265625,1220.6915544091694,1195.4709924394012,1211.9708652899408,1937930
2025-01-02,1214.94384765625,1217.3222284850347,1197.2052468938014,1212.7637357953904,3772207
2025-01-03,1188.732421875,1226.4392117093787,1186.2053695670802,1223.3671919219385,3040564
2025-01-06,1152.5615234375,1190.070163385846,1147.606614039582,1188.7323620423017,2298522
2025-01-07,1163.412841796875,1171.4893691088666,1151.5706555513852,1152.5616375290656,2010913
2025-01-08,1141.9085693359375,1172.8767558148315,1130.8094987202148,1172.8767558148315,2900996
2025-01-09,1122.138427734375,1146.2688149013243,1119.7600467739069,1146.2688149013243,1884725
2025-01-10,1102.1700439453125,1127.1428609315944,1096.3233473880682,1124.665406129551,1902237
2025-01-13,1057.0308837890625,1096.4718914229022,1049.4002504621649,1090.9720143765414,2273302
2025-01-14,1107.02587890625,1121.1969687534715,1065.35516174184,1069.1208204570687,6277854
2025-01-15,1118.7196044921875,1131.6518470162582,1108.4133674937004,1114.8547504965695,3135942
2025-01-16,1140.3724365234375,1179.2684766134178,1135.070707482137,1169.309059998768,3997547
2025-01-17,1153.0074462890625,1163.06593681715,1135.169772001823,1152.5119553366392,2464355
2025-01-20,1138.3409423828125,1161.430870708756,1136.1608304330962,1161.430870708756,1312101
2025-01-21,1096.22412109375,1143.8408494160774,1094.0440093180416,1139.62917637296,3134022
2025-01-22,1092.309814453125,1107.9673770784818,1070.7063603451475,1105.440324810579,1906032
2025-01-23,1094.0440673828125,1104.201632320017,1079.8235006646214,1092.3098489788995,1968815
2025-01-24,1084.2828369140625,1104.9447847031838,1078.4360196890043,1094.192655610952,2400140
2025-01-27,1072.242431640625,1083.737797656556,1057.9227913618638,1075.314451382115,2371555
2025-01-28,1070.9542236328125,1086.760459477878,1051.679671677495,1077.1974587641337,2404643
2025-01-29,1087.0576171875,1092.9044349698859,1064.8101204801044,1075.2154311036884,4603700
2025-01-30,1067.337158203125,1108.4133116646874,1001.6350064953803,1093.9449993808853,14097862
2025-01-31,1089.4359130859375,1099.2466579593877,1064.314546448846,1075.2153472039086,4659891
2025-02-01,1074.323486328125,1107.4223069904594,1053.4137917949515,1095.9269407941176,4919797
2025-02-03,1075.0667724609375,1084.1342817351594,1045.4859846714746,1074.2244619752403,3961203
2025-02-04,1114.9537353515625,1117.72853311872,1081.9045124733382,1090.0801133232626,4071098
2025-02-05,1134.0301513671875,1144.4850591530367,1113.4177997327927,1115.845657081993,2979646
2025-02-06,1153.5526123046875,1158.8543416582816,1129.818521505733,1145.178742063881,6263278
2025-02-07,1135.7642822265625,1165.0478444916057,1122.584296108833,1149.5389542341231,4079540
2025-02-10,1133.881591796875,1148.3995027489486,1117.0844947545609,1139.6293359660635,2415627
2025-02-11,1129.818359375,1149.5389219716824,1104.0033553037783,1133.88136068118,4901591
2025-02-12,1118.76904296875,1133.881517961608,1089.039583966406,1129.7194420890714,2862155
2025-02-13,1101.5260009765625,1141.2643517534834,1096.0756004194682,1123.575348684808,3763868
2025-02-14,1053.116455078125,1109.8997684029591,1032.7518488734877,1109.8997684029591,4565339
2025-02-17,1073.1343994140625,1079.4767082154096,1030.6212487108444,1049.4003086529283,2518527
2025-02-18,1075.3641357421875,1078.0893362276115,1052.3732808834673,1073.1344262541134,1715308
2025-02-19,1073.0848388671875,1081.8550054089335,1045.0401207349014,1052.026471281605,1792268
2025-02-20,1101.674560546875,1115.845650499624,1064.3145902634071,1064.5127382611415,3714173
2025-02-21,1073.481201171875,1109.0078800123777,1070.260509822871,1101.6745893622885,2360177
2025-02-24,1060.7470703125,1073.4811637780076,1056.0893827114242,1073.4811637780076,1669749
2025-02-25,1070.6072998046875,1081.5576984772774,1058.1209517281309,1064.9091537288864,1665355
2025-02-27,1069.219970703125,1078.138808621303,1059.4588222865707,1073.2334961540976,1819078
2025-02-28,1059.756103515625,1073.1343596132904,1049.6480152157044,1064.314596214268,2849138
2025-03-03,1043.5535888671875,1071.2514859296598,1031.2157910312703,1065.2559967556765,2274285
2025-03-04,1048.4093017578125,1053.4138089746925,1027.1527873963016,1038.4994822942688,1788886
2025-03-05,1102.6656494140625,1108.5620650369337,1045.486035032766,1047.26985106327,3785743
2025-03-06,1125.95361328125,1138.3904848110446,1091.9134083972258,1108.1159386552663,4020627
2025-03-07,1134.1788330078125,1146.5165098021519,1123.8725966135844,1125.9536344986027,2211623
2025-03-10,1132.59326171875,1158.1110461848145,1126.6968467070437,1135.6652814799934,2430740
2025-03-11,1124.7645263671875,1135.5662539420543,1114.260141768579,1127.0438332665597,2399428
2025-03-12,1118.125,1144.7328415783172,1095.0350718173274,1128.728458642476,2842848
2025-03-13,1109.10693359375,1129.1743177834626,1104.9944553378577,1124.7644965591921,1358839
2025-03-17,1126.8951416015625,1138.192359954933,1101.1790875779134,1104.746719351223,1489537
2025-03-18,1126.8951416015625,1126.8951416015625,1126.8951416015625,1126.8951416015625,0
2025-03-19,1162.917236328125,1173.8180370095135,1148.3498510780566,1149.538980946421,2416781
2025-03-20,1166.83154296875,1176.2458706411667,1150.728087739616,1174.3135044014568,1919013
2025-03-21,1178.079345703125,1191.705346996939,1161.4803986724792,1171.3406203118502,3127446
2025-03-24,1189.97119140625,1199.9304875681803,1175.3542074292995,1185.2144295886715,2135192
2025-03-25,1171.78662109375,1198.196315668367,1163.9579600454078,1194.1333136498451,2090037
2025-03-26,1170.9442138671875,1191.3584172495102,1162.4713910228197,1172.3316127507278,1676081
2025-03-27,1185.9576416015625,1201.0701162490861,1164.4037843173896,1171.3406579260889,2004036
2025-03-28,1172.281982421875,1194.133181559359,1164.6018727479454,1186.8989653496762,1670913
2025-04-01,1164.156005859375,1191.160263071265,1157.516475409745,1168.3676790025138,1584541
2025-04-02,1184.6693115234375,1188.1377483126712,1156.8227432094857,1171.73706979098,1232853
2025-04-03,1189.079345703125,1194.9261637939337,1159.6967047222054,1159.6967047222054,1300511
2025-04-04,1137.994140625,1189.2774584543881,1132.6924111882252,1185.2144565014148,1785093
2025-04-07,1100.6341552734375,1108.9088305748949,1032.1077274743102,1040.481476779421,2192949
2025-04-08,1121.1473388671875,1145.2282472208428,1101.0304790493994,1124.7644469654194,2423486
2025-04-09,1121.5933837890625,1125.3590424978233,1101.9718934142218,1123.6248241403819,1537177
2025-04-11,1154.048095703125,1159.7462420017496,1137.647295794945,1152.5120252696177,3536245
2025-04-15,1199.8809814453125,1214.8447845467335,1168.367707362751,1189.1783281045812,3176522
2025-04-16,1221.7816162109375,1224.3581449728745,1190.7638341625657,1199.0881063676068,1909731
2025-04-17,1248.042724609375,1270.9343840581641,1207.6106116059316,1221.781702248719,4280765
2025-04-21,1231.8895263671875,1248.6371440004518,1198.4934860622632,1248.0425790781542,6049182
2025-04-22,1222.078857421875,1244.2768766612905,1215.934817895279,1238.3309851312404,2932537
2025-04-23,1227.9256591796875,1231.5923648244664,1205.8268351918998,1228.9166410886323,2580999
2025-04-24,1225.2501220703125,1236.7454886361763,1220.49336026469,1226.835669015694,2133285
2025-04-25,1182.241455078125,1232.1869690758235,1170.5478197918253,1225.1510214918017,3628854
2025-04-28,1198.9891357421875,1203.7457767198273,1173.4217519730032,1177.3856799391103,2646406
2025-04-29,1205.430419921875,1212.8627842493659,1191.6557471743643,1201.0700753225194,2381980
2025-04-30,1205.529541015625,1215.4393605060945,1193.0431926515284,1204.142142093064,1824334
2025-05-02,1251.709228515625,1283.3215756937911,1231.4931733223846,1243.682299224485,10694521
2025-05-05,1334.9517822265625,1364.5821672043435,1274.1054653192707,1278.3667361609316,14191797
2025-05-06,1308.888916015625,1344.0687727697045,1303.1411727215375,1337.8255385354187,3604276
2025-05-07,1326.1319580078125,1329.2040987378268,1286.9881721367722,1287.087367104429,3269847
2025-05-08,1321.0780029296875,1354.5732409632485,1304.5286528830286,1327.9158025246422,5077662
2025-05-09,1294.519775390625,1312.9520155481441,1280.9432500339724,1288.2765406902583,2979366
2025-05-12,1349.81640625,1362.6000968066617,1333.366131093355,1347.7353684778618,3662785
2025-05-13,1356.8524169921875,1379.347779498007,1334.9517404229377,1348.3299965452206,3356599
2025-05-14,1359.4290771484375,1369.4379705740807,1349.7174057238676,1367.5550806893814,1557379
2025-05-15,1393.518798828125,1397.1855047014485,1359.5281898143735,1363.1947747182182,3706424
2025-05-16,1394.7080078125,1412.0501917781996,1388.3656991968635,1398.17644460564,2777119
2025-05-19,1385.690185546875,1397.8791916228815,1379.44695052953,1394.8071716022368,1317210
2025-05-20,1372.1136474609375,1394.6090113517157,1368.942553461546,1386.3838123971634,2970441
2025-05-21,1372.1136474609375,1378.4559564292026,1357.8434825247114,1367.5551544732564,1993690
2025-05-22,1359.0325927734375,1395.3025058772039,1346.3479761504025,1367.6540868580444,3186493
2025-05-23,1382.816162109375,1385.8881817936078,1362.600107233615,1370.6270363986973,1715309
2025-05-26,1387.5728759765625,1397.8791124354123,1382.2216702299554,1383.2126521785087,1024835
2025-05-27,1391.536865234375,1406.2034471085713,1372.906476360362,1384.4018432774305,2571237
2025-05-28,1398.2755126953125,1414.9240576198006,1390.3476572016466,1392.3296210750632,2035398
2025-05-29,1425.6265869140625,1428.0049677509846,1397.7800187458458,1408.1853290590905,1662886
2025-05-30,1419.8790283203125,1444.3562348210837,1415.9151004031362,1428.9960141420258,2575127
2025-06-02,1454.761474609375,1468.6352216424343,1412.4465945463332,1419.8789590283293,3164701
2025-06-03,1419.383544921875,1458.7254813224672,1413.8339490325636,1456.743517353279,3677200
2025-06-04,1423.248291015625,1428.104126978827,1410.2664510915818,1419.3835580156406,1446972
2025-06-05,1443.5633544921875,1454.4641559143608,1425.0320404622835,1430.7797841454014,2019939
2025-06-06,1458.4281005859375,1465.5632432720004,1440.5904253249962,1443.5633712018198,1269864
2025-06-09,1453.8695068359375,1470.61712497326,1449.9055792753627,1468.6351611929726,1493331
2025-06-10,1460.50927734375,1480.5270647714763,1456.545349459489,1458.725461408041,2125187
2025-06-11,1443.26611328125,1462.6893349992695,1435.7346747746067,1460.5092231316403,2192673
2025-06-12,1432.76171875,1452.3830883271012,1427.1130491832112,1446.6354657309594,2192452
2025-06-13,1399.103515625,1417.8246646708017,1391.2366459230511,1399.103515625,3380550
2025-06-16,1394.7220458984375,1405.2775363263931,1369.2295063107285,1383.170752193165,2823300
2025-06-17,1386.4569091796875,1408.862482233283,1378.1916936078223,1394.622447180459,1571621
2025-06-18,1366.8394775390625,1389.3446060336857,1359.470509388254,1381.179068240472,1732093
2025-06-19,1332.384765625,1366.8395342062408,1326.0116004314837,1364.748371665966,2950283
2025-06-20,1343.6373291015625,1351.0061756597495,1328.9989488792505,1332.3847041280987,4541583
2025-06-23,1349.1142578125,1359.1718460730945,1330.0943189691652,1335.3721246847103,3921155
2025-06-24,1383.6685791015625,1412.7459846055735,1379.2870206064074,1389.245052841755,7635176
2025-06-25,1387.25341796875,1398.1076971944683,1379.6853379365639,1393.8256947978061,1915989
2025-06-26,1423.3016357421875,1426.9860591488848,1389.34464762559,1393.128748603831,2877806
2025-06-27,1434.15576171875,1450.6861925658231,1421.0112077197398,1428.878077540092,2888390
2025-06-30,1444.11376953125,1447.3999687543087,1426.6872133198979,1434.753316584131,1586196
2025-07-01,1440.92724609375,1453.6735758157788,1435.9482300395216,1444.2134453127446,2134736
2025-07-02,1437.84033203125,1451.8811334962572,1433.9566750580318,1451.8811334962572,1219600
2025-07-03,1425.093994140625,1445.0100589642184,1420.7124355678318,1437.9398802634453,978007
2025-07-04,1418.422119140625,1433.857068922884,1410.654805465704,1425.9901992383889,608462
2025-07-07,1429.5750732421875,1431.7659132532112,1411.053157727584,1418.4221258410096,764520
2025-07-08,1442.4210205078125,1443.815169381867,1423.9986602182753,1431.9650862894266,824935
2025-07-09,1436.944091796875,1449.6904220382373,1432.2638651384138,1442.3214536661376,1008636
2025-07-10,1437.0435791015625,1444.1137575369871,1431.1683158875026,1437.9398262965901,1035509
2025-07-11,1425.69140625,1447.7983104331013,1422.305772584506,1437.9398343486107,819864
2025-07-14,1426.986083984375,1440.429428111234,1420.1150171190436,1425.9902807157187,718442
2025-07-15,1439.0352783203125,1443.2177249808533,1423.002870016613,1428.3802319755848,735108
2025-07-16,1450.5865478515625,1467.8139927258928,1436.8445359155314,1441.4252065608753,2488981
2025-07-17,1446.4041748046875,1457.8559118169105,1442.8193075298545,1448.8936828508229,1168071
2025-07-18,1437.0435791015625,1450.3873663441714,1423.1023342482715,1446.3045975201662,1147990
2025-07-21,1444.41259765625,1447.0016617651274,1423.9986312640037,1436.0478261400199,815780
2025-07-22,1414.7376708984375,1448.3958703767382,1411.1528034029895,1448.3958703767382,976668
2025-07-23,1414.8372802734375,1432.4629488519565,1413.0447858331083,1423.9986213822021,740816
2025-07-24,1405.67578125,1420.0153717277162,1399.1035044021326,1417.2270741277682,598011
2025-07-25,1390.4400634765625,1410.754351607946,1384.1664546631591,1405.7753355839777,744410
2025-07-28,1370.2252197265625,1398.207265672458,1367.735711696536,1390.440073553581,790020
2025-07-29,1390.041748046875,1392.8299241459954,1367.8352874748944,1370.2252395298626,782760
2025-07-30,1388.149658203125,1397.2114429945711,1385.6601502077824,1392.9295621773863,627316
2025-07-31,1367.33740234375,1389.942208790375,1364.5492262110206,1376.2996314894044,1412892
2025-08-01,1341.446533203125,1370.1257154143523,1337.1646521647217,1365.2462551797876,1239941
2025-08-04,1383.0711669921875,1391.1371490566469,1339.5544917568952,1344.1352839823053,1368323
2025-08-05,1352.400390625,1388.3488641995696,1340.3511954235091,1386.158145638577,3000067
2025-08-06,1361.362548828125,1381.0795010781055,1352.4003199068627,1368.2336153126946,2293293
2025-08-07,1339.753662109375,1352.2012022256765,1309.4812202349278,1345.3301357698763,2857406
2025-08-08,1319.4393310546875,1351.2054796384753,1312.1699185698212,1339.7537420481892,1561061
2025-08-11,1333.7789306640625,1342.641604121953,1308.1867135652549,1319.4393391944216,2053173
2025-08-12,1324.916259765625,1343.9360780406607,1322.6258636058071,1336.3679974486802,1260241
2025-08-13,1314.0618896484375,1333.6792857910427,1311.0744800228842,1329.5963953897128,1205658
2025-08-14,1294.843017578125,1323.4225222956916,1285.0840970824604,1319.240197259272,2298528
2025-08-18,1321.6300048828125,1326.409909034068,1289.5651893386773,1316.3523206720638,10225114
2025-08-19,1363.6529541015625,1365.9432285732971,1319.4392668115215,1326.4098893531673,3150673
2025-08-20,1364.847900390625,1368.8311133621767,1352.3008038418393,1363.6529851223647,1594619
2025-08-21,1356.0848388671875,1372.0176899788805,1349.6121181030621,1365.3457356410547,1227167
2025-08-22,1335.5712890625,1358.2756521050576,1332.58387927048,1358.2756521050576,1210284
2025-08-25,1334.774658203125,1343.2389855591964,1326.9077884664684,1335.6709054112523,1214246
2025-08-26,1309.879638671875,1334.2768186565386,1304.502276730999,1329.5964703777324,1652272
2025-08-28,1309.879638671875,1333.1814593769936,1305.6971920254089,1311.3733435688953,1785681
2025-08-29,1307.29052734375,1317.3481156426576,1297.5316070786646,1312.468655510115,1592903
2025-09-01,1329.6961669921875,1332.8826888615895,1310.5766711017232,1312.7675112502025,983914
2025-09-02,1330.59228515625,1343.1395036462056,1322.6258589698741,1335.272633475556,1495993
2025-09-03,1326.8082275390625,1339.1562117125832,1322.0283234854385,1332.3847012296176,1774676
2025-09-04,1322.6258544921875,1342.342807859924,1320.4351359215575,1332.3847751606665,1350147
2025-09-05,1316.2528076171875,1330.094375789156,1307.2905782096025,1324.4183457875586,1135666
2025-09-08,1342.6416015625,1357.6782066726748,1316.3523708446094,1316.3523708446094,1445628
2025-09-09,1375.104736328125,1379.1875053536703,1342.641574593136,1349.0146181656876,3515252
2025-09-10,1383.270263671875,1399.0040035701065,1379.1874946779328,1394.1245433567553,2553605
2025-09-11,1387.25341796875,1417.127514062649,1382.1748459443888,1399.0039443888868,4041646
2025-09-12,1387.25341796875,1400.5972052022933,1385.26181156249,1389.6433699678637,1466190
2025-09-15,1389.3446044921875,1403.0867375570433,1386.3571948309589,1387.2534420409295,1254831
2025-09-16,1402.2900390625,1406.6715975211102,1390.7387460774437,1394.1245013208247,1636246
2025-09-17,1400.1988525390625,1407.1694749257738,1390.3403765662551,1404.0825093232602,1062568
2025-09-18,1406.870849609375,1409.061568088499,1395.1203228918635,1404.0825519468433,1416920
2025-09-19,1421.807861328125,1453.8726758293778,1419.0195637375778,1441.7239253805822,8069167
2025-09-22,1438.1390380859375,1455.5655953615296,1419.0196638696375,1426.9860900527653,5490489
2025-09-23,1435.5499267578125,1448.893714488068,1417.1275668141498,1446.902108007672,2550337
2025-09-24,1425.5919189453125,1446.3046753219019,1423.1024108018769,1438.9357069057298,2603193
2025-09-25,1401.2943115234375,1433.857151354776,1398.207345701119,1425.6914916141088,1970560
2025-09-26,1386.1580810546875,1410.754371944451,1384.465264205339,1401.2942413625403,1899079
2025-09-29,1377.39501953125,1395.4191557695617,1371.8185455912155,1387.7513977387512,1978395
2025-09-30,1397.60986328125,1402.090977912362,1381.3782216609054,1383.867729789301,1999250
2025-10-01,1416.729248046875,1420.911694669752,1386.8551502749608,1400.0993822437154,1602493
2025-10-03,1413.1444091796875,1424.9944925135912,1406.5721318486706,1407.070033488263,1576970
2025-10-06,1394.6224365234375,1413.1443524612716,1389.145518707744,1413.1443524612716,1338654
2025-10-07,1393.6265869140625,1409.061536608359,1391.435868483882,1394.9211797051746,1608151
2025-10-08,1388.448486328125,1405.1779075864208,1380.1832709309474,1393.5270584680004,1704405
2025-10-09,1389.742919921875,1393.925366291604,1382.573185513779,1388.6475607148059,1250770
2025-10-10,1403.485107421875,1412.0489909538571,1389.8425301315895,1394.6224342954,1359246
2025-10-13,1431.7659912109375,1435.8487603091337,1390.14136587319,1394.9212701956737,2245061
2025-10-14,1423.0028076171875,1436.1473615555974,1416.0321850466344,1433.9566430851994,2640234
2025-10-15,1444.6116943359375,1450.1882896595307,1423.9986161381216,1423.9986161381216,2675240
2025-10-16,1473.2908935546875,1484.2447291944993,1446.902107695141,1447.897910935124,6512312
2025-10-17,1473.1912841796875,1482.7509706256453,1456.3621857219653,1473.290840188477,3290072
2025-10-20,1460.8433837890625,1482.7510555295937,1452.9765137160869,1481.7552522686606,2660484
2025-10-21,1467.3160400390625,1475.28246577392,1463.8307287800624,1470.8013512980626,394024
2025-10-23,1447.001708984375,1477.2741527386854,1444.213532759988,1472.593925987526,2999137
2025-10-24,1423.0028076171875,1457.3580188577703,1416.330974637148,1456.860117245588,1907383
2025-10-27,1414.6380615234375,1423.7995242862632,1404.0825714679759,1423.0028330693174,2280976
2025-10-28,1411.949462890625,1428.9776742794954,1404.082592846055,1419.915888949326,2068057
2025-10-29,1448.694580078125,1458.6526123262342,1415.6338400795962,1418.1233481416234,3578596
2025-10-30,1451.7816162109375,1456.860188592308,1443.516400420734,1451.8811722266473,1380931
2025-10-31,1445.408447265625,1455.5655920024662,1436.9441194655851,1451.7816125090228,1141853
2025-11-03,1438.6368408203125,1451.2836144514092,1429.2763879450545,1445.4083512336563,1059573
2025-11-04,1438.3382568359375,1460.146372598858,1425.9902720678808,1443.5163851783411,3554714
2025-11-06,1430.7701416015625,1460.1463371352913,1428.2806335054838,1446.0058582147567,2745063
2025-11-07,1442.221923828125,1457.855986535939,1419.0196590257603,1428.977691720678,2184538
2025-11-10,1438.836181640625,1457.7564439350754,1434.952524542266,1446.1054726399982,1161695
2025-11-11,1468.2122802734375,1469.8055411012408,1431.7659070211469,1446.9020672222919,2258827
2025-11-12,1500.575927734375,1508.6419096725067,1469.3076816645435,1470.8013865256055,4641466
2025-11-13,1492.7091064453125,1508.6419588156427,1481.556158409288,1508.6419588156427,2304918
2025-11-14,1506.3515625,1517.2058424877075,1490.7174997365244,1493.7049095556356,2345593
2025-11-17,1501.27294921875,1512.6251305336998,1496.6922785991776,1512.5255745207116,1750560
2025-11-18,1488.725830078125,1512.5255516063608,1483.9459259469772,1512.5255516063608,1818617
2025-11-19,1477.9710693359375,1493.2069070069613,1471.7971380835536,1492.7090054040914,1746304
2025-11-20,1484.8421630859375,1498.6838522119892,1481.3568518017237,1493.7048360916835,1459401
2025-11-21,1473.5897216796875,1486.037262504938,1460.9429472664233,1485.738472901926,1165365
2025-11-24,1479.6640625,1483.9459435083984,1465.1253594695536,1475.7804055422337,2485518
2025-11-25,1477.6724853515625,1486.1368130817598,1468.3119103736237,1483.7468609404539,1355333
2025-11-26,1499.8787841796875,1516.608327153635,1478.0707905760219,1478.0707905760219,3986754
2025-11-27,1502.7666015625,1507.5465055989935,1494.7006198641752,1505.4553431672812,861910
2025-11-28,1510.533935546875,1527.8609359646764,1496.7918024256505,1503.6628689862628,2612938
2025-12-01,1524.076904296875,1542.499264786579,1516.608379774022,1523.5790026620182,4059126
2025-12-02,1511.7288818359375,1523.5789647623585,1503.6628998635042,1521.6869142853648,1974536
2025-12-03,1491.4144287109375,1517.6041019277768,1482.3526437524984,1507.6460697628966,1958074
2025-12-04,1499.2813720703125,1502.7666834992024,1483.9459774715936,1491.414501962072,1591805
2025-12-05,1503.0654296875,1507.6461002644157,1487.0330218892893,1498.2855255284503,1141428
2025-12-08,1474.2867431640625,1504.5591869232765,1466.4198730091657,1503.065482016322,1070689
2025-12-09,1490.91650390625,1492.9081103082397,1454.7689206449425,1470.7017718608597,1327921
2025-12-10,1491.812744140625,1514.616661648646,1487.331629757049,1493.7047945252918,1677388
2025-12-11,1497.6881103515625,1508.641946265038,1488.7258809678099,1489.7216842326711,1451645
2025-12-12,1516.4091796875,1520.9898501505868,1503.164948346175,1505.654456375897,1152570
2025-12-15,1506.251953125,1516.409219084965,1501.7708385550775,1516.409219084965,850425
2025-12-16,1492.7091064453125,1506.25200664849,1487.9292021110068,1506.25200664849,1122212
2025-12-17,1480.0623779296875,1493.7048334520116,1473.091755373578,1487.8295701288316,964352
2025-12-18,1489.4228515625,1491.7132476286595,1469.8055764351811,1480.1619544018824,683681
2025-12-19,1490.1199951171875,1497.3892858464274,1484.4438437049728,1488.7258462672744,1276175
2025-12-22,1502.3682861328125,1508.641895111928,1491.215338567731,1491.215338567731,1116833
2025-12-23,1487.3316650390625,1507.4469630173096,1484.9417129995268,1502.3682693490425,928446
2025-12-24,1488.02880859375,1500.8745729572056,1485.7384125517326,1496.6922480330122,1318023
2025-12-26,1480.8590087890625,1495.0990440798362,1478.7678462473864,1493.3065495823905,876540
2025-12-29,1448.2962646484375,1480.8589821549176,1444.9105093019439,1480.8589821549176,1568472
2025-12-30,1455.067626953125,1464.3286455892364,1441.2260593415328,1443.914679431753,3463973
