Price,Close,High,Low,Open,Volume
Ticker,APOLLOHOSP.NS,APOLLOHOSP.NS,APOLLOHOSP.NS,APOLLOHOSP.NS,APOLLOHOSP.NS
Date,,,,,
2021-01-01,2383.68310546875,2398.6374772955346,2364.0892008735823,2374.453683800168,423934
2021-01-04,2378.1552734375,2397.6503721820845,2367.2972437569715,2386.8911482581484,527018
2021-01-05,2477.06201171875,2483.379555417311,2355.007983223221,2373.9601323396028,1720467
2021-01-06,2469.856201171875,2506.082729763104,2448.9792675361405,2489.4501058952624,1108589
2021-01-07,2476.174072265625,2530.908372450042,2467.734372513691,2469.856527678179,1014690
2021-01-08,2520.5439453125,2545.7148364836253,2483.231752555011,2501.196810996857,862326
2021-01-11,2517.6318359375,2558.3988531553096,2491.9179973529376,2531.6485180079017,422296
2021-01-12,2484.761474609375,2551.6370689701994,2475.828228935938,2525.972634233942,500012
2021-01-13,2447.202392578125,2504.9967707645337,2406.287411262434,2495.3726082130793,662618
2021-01-14,2479.579345703125,2496.261132644193,2443.05687922581,2449.8677292811167,603193
2021-01-15,2558.892578125,2579.9668850847665,2477.7041172218733,2487.476248946862,1941813
2021-01-18,2575.573974609375,2596.895292755378,2514.176800915687,2565.949812013824,1572820
2021-01-19,2611.3564453125,2624.682210578695,2546.701806428369,2584.70491478011,1202289
2021-01-20,2641.265380859375,2648.2244396691876,2609.135432602344,2611.1096200099687,1064146
2021-01-21,2551.686767578125,2650.346740502429,2541.174074460532,2640.4758029214145,994932
2021-01-22,2564.37060546875,2617.772470589695,2533.968312553789,2556.6220645821118,1194708
2021-01-25,2652.22216796875,2673.049943019617,2577.153879162777,2577.153879162777,1764152
2021-01-27,2566.83837890625,2714.162114654151,2553.858193056995,2663.1788210910318,1665899
2021-01-28,2588.55419921875,2664.659213320486,2547.244476030559,2560.520836952525,1410605
2021-01-29,2528.193603515625,2641.956146338534,2518.0758936333273,2588.7518951582174,921579
2021-02-01,2629.123779296875,2642.0053988557293,2495.4714034881918,2556.5724003675264,879244
2021-02-02,2670.236083984375,2709.5718592846,2643.4365898594388,2644.9172302197035,607131
2021-02-03,2685.5859375,2771.907238384756,2669.101519949727,2679.860745509271,1286454
2021-02-04,2696.394287109375,2712.4345590080297,2651.3335581407114,2694.7656789739917,455213
2021-02-05,2703.255126953125,2747.0819944646246,2652.9625059838745,2704.6369618516246,941316
2021-02-08,2695.012451171875,2744.120360500984,2689.8302094838787,2705.623707961582,564043
2021-02-09,2753.300537109375,2799.9901178515006,2702.7613872890743,2711.0528780680706,1052950
2021-02-10,2720.923828125,2791.5010288182475,2710.2137649106435,2777.5337491328673,745906
2021-02-11,2720.923828125,2743.626983592758,2694.7658446512787,2724.378656130963,581642
2021-02-12,2712.632568359375,2753.991702186294,2690.916504757906,2732.2756385848247,693562
2021-02-15,3050.760986328125,3086.641937999425,2724.8227013225373,2741.159149927855,4446974
2021-02-16,3161.4140625,3211.5584661346643,3007.674232593084,3049.132164253376,4381584
2021-02-17,3193.248046875,3241.6156370749613,3135.9966135770865,3135.9966135770865,2081001
2021-02-18,3066.653564453125,3196.012250977797,3054.068118908174,3183.870949430612,1477343
2021-02-19,2882.26416015625,3069.1210431086993,2858.6233145751526,3050.2182954182017,2037556
2021-02-22,2891.739990234375,2929.594883710294,2829.898434035197,2880.78315530987,1246303
2021-02-23,2958.0732421875,3013.103719622038,2899.5879365732144,2907.18851037072,1465930
2021-02-24,3020.1611328125,3079.7323338061906,2961.3304930810314,2976.0874956492517,1088420
2021-02-25,3051.452392578125,3099.425004739276,3018.433913501323,3060.977750970015,819639
2021-02-26,3019.173828125,3132.9857716026318,2981.664270270459,3030.377437195837,2103433
2021-03-01,3041.383544921875,3058.0161695478505,2968.733595881483,2999.8270462819855,678218
2021-03-02,3047.45458984375,3111.3195074231858,3027.8112795780726,3065.419647938675,944553
2021-03-03,3017.54541015625,3079.2387657776976,3010.043401716814,3074.895649937816,536623
2021-03-04,3002.838134765625,3041.5321633909634,2978.06198407729,3018.5328297342903,687383
2021-03-05,2842.33642578125,2978.8021354059274,2832.959035246462,2961.2812215119816,1486110
2021-03-08,2829.60302734375,2897.959269221982,2810.0091200990255,2863.558955794247,952087
2021-03-09,2848.8515625,2889.1742003428076,2790.2180451586705,2833.4528025542686,883183
2021-03-10,2866.61865234375,2887.199409541053,2843.5699201290877,2872.442408253283,432551
2021-03-12,2937.9365234375,2991.8810994550954,2889.7168982694793,2893.270532097895,1512021
2021-03-15,2957.92529296875,2985.9586596919653,2877.378344794076,2959.3071278533926,918701
2021-03-16,3033.5859375,3040.248820466932,2952.2001041240746,2963.25550618238,1081398
2021-03-17,2958.714599609375,3042.519000455548,2931.668328263021,3040.248636717207,740599
2021-03-18,2920.51416015625,3025.442271472464,2884.28786859463,2986.9456161421454,789785
2021-03-19,2896.725341796875,2944.352614028388,2849.986357521995,2915.8748636661094,2288304
2021-03-22,2867.606201171875,2906.250825784564,2837.8945823658387,2875.4041455414567,488626
2021-03-23,2908.71826171875,2929.4966315962215,2859.4623841569455,2880.240513044752,630061
2021-03-24,2881.918701171875,2938.4298123252615,2866.5693468004033,2919.675033077849,627981
2021-03-25,2773.091796875,2954.371459424435,2751.5237030222565,2889.2232748865094,1001626
2021-03-26,2814.89501953125,2867.50716125584,2782.617104158421,2803.346071589186,918204
2021-03-30,2887.841064453125,2932.556210686908,2837.894033075145,2865.0391064349947,1420415
2021-03-31,2865.187744140625,2890.1612656700286,2844.853756298549,2863.559135754018,665173
2021-04-01,2856.698486328125,2876.34155398222,2806.702047305655,2849.0979132604953,842489
2021-04-05,2881.81982421875,2976.087264949317,2848.7521879415353,2884.287558269288,1241115
2021-04-06,2945.04345703125,2976.087505700406,2889.420630636635,2901.068384495354,1015604
2021-04-07,3057.81884765625,3074.796810740737,2960.0471705325153,2960.293943952318,1240450
2021-04-08,3074.402099609375,3103.619928204785,3049.5271458592556,3094.3413439257006,800699
2021-04-09,3091.725341796875,3123.312339233833,3065.8141329618707,3106.877326025782,934037
2021-04-12,2965.969970703125,3078.745432606056,2940.601709308893,3078.745432606056,961549
2021-04-13,2942.27978515625,3022.3823490188415,2912.913745197046,2993.2139206074194,544916
2021-04-15,2954.865234375,2999.7285985379576,2864.84232971675,2997.8038138623265,692875
2021-04-16,3021.49365234375,3033.3387761033464,2955.358378019336,2961.034166487476,622872
2021-04-19,3116.649658203125,3201.292945862865,2966.85818412306,2998.7907628022276,3552506
2021-04-20,3227.451171875,3266.2934096029667,3140.6857225760773,3168.5711226429507,2575420
2021-04-22,3187.27587890625,3291.0689170830956,3175.726931812485,3226.809026371906,1307224
2021-04-23,3158.749267578125,3256.4221417587996,3130.0741471710076,3215.9512997423976,1030125
2021-04-26,3133.67724609375,3211.0161419743163,3111.319667846002,3188.658563726569,557667
2021-04-27,3149.865478515625,3163.6353877777515,3117.044612168165,3158.6999191540735,505348
2021-04-28,3157.95947265625,3207.0673834993063,3141.5244591920796,3168.5707297730914,575824
2021-04-29,3197.09765625,3217.925429505551,3157.9594878360845,3157.9594878360845,589707
2021-04-30,3156.232421875,3267.280474247459,3141.7221912296045,3213.977409108679,906562
2021-05-03,3162.9443359375,3180.2184753861916,3099.4741639366594,3167.3862575100206,728281
2021-05-04,3140.191650390625,3201.391456229279,3125.5332134027612,3191.4217140435703,581864
2021-05-05,3289.884765625,3313.673822138103,3135.15781548495,3158.5027279946326,1679977
2021-05-06,3303.95068359375,3342.2005656500064,3258.100228010703,3314.5127793016736,1124908
2021-05-07,3268.119384765625,3353.1574135318874,3259.383508826109,3303.950694508825,774478
2021-05-10,3280.802734375,3299.4589467819483,3219.504370439797,3272.2150688176584,627199
2021-05-11,3216.148681640625,3272.2156526348376,3203.3658662784937,3272.2156526348376,670759
2021-05-12,3155.491943359375,3232.6332234782535,3144.4859444495614,3232.6332234782535,703372
2021-05-14,3100.411865234375,3170.2981464099134,3055.4005377409057,3158.6997955979523,842794
2021-05-17,3111.6650390625,3148.7796189898463,3074.895797349387,3106.3839911722607,847722
2021-05-18,3122.671142578125,3147.299083951018,3099.474438974336,3133.0356271670516,639445
2021-05-19,3188.016357421875,3194.3339014632897,3120.8939882909503,3139.1552210692166,711069
2021-05-20,3178.392333984375,3230.5109299172827,3172.519174625055,3204.007367485731,752076
2021-05-21,3205.833740234375,3217.333286075043,3183.3773573261055,3204.501067270318,471439
2021-05-24,3219.011474609375,3242.6029184727104,3198.331668075772,3206.0804502889996,611909
2021-05-25,3158.3544921875,3224.835354148701,3129.728772790404,3224.0950338194657,622276
2021-05-26,3142.51123046875,3178.4413405310697,3137.0822157566627,3163.6349367708317,260821
2021-05-27,3157.71240234375,3181.9950011146184,3112.8984496410135,3145.373732437749,1084157
2021-05-28,3108.70361328125,3165.6094681923,3099.4741908711635,3157.712718661418,555829
2021-05-31,3127.853271484375,3145.176814724379,3084.6679205960304,3104.409795287845,635444
2021-06-01,3197.986328125,3207.067542281323,3120.0553260111137,3148.829011965965,706976
2021-06-02,3231.349853515625,3258.3961229998567,3178.44153773388,3202.427961511605,843219
2021-06-03,3381.4375,3390.6669226627987,3224.8845808574683,3228.7835528471655,1098294
2021-06-04,3336.524658203125,3384.3987024313546,3331.4412220675426,3381.1414860281816,380548
2021-06-07,3272.511962890625,3336.524848088332,3265.306130305979,3336.524848088332,526855
2021-06-08,3246.9951171875,3269.7476737263805,3213.5821421569512,3256.4219096221373,766456
2021-06-09,3263.232666015625,3288.6011645618983,3209.0413232704373,3247.5379740263734,587528
2021-06-10,3282.777099609375,3301.8280540684464,3254.4969646901177,3279.569045446229,749909
2021-06-11,3293.487548828125,3302.8155361402096,3259.0872368212313,3299.2127405136907,277612
2021-06-14,3306.961181640625,3316.6347478531297,3242.6027222314083,3301.8283427287856,317756
2021-06-15,3255.73095703125,3313.623901839364,3252.4734998653203,3311.699117465296,461588
2021-06-16,3251.68359375,3282.0861239380915,3235.692726095959,3267.2797203714535,419575
2021-06-17,3198.7763671875,3240.5796463633574,3183.5749775865206,3214.964609630408,356502
2021-06-18,3179.922119140625,3211.0155683887797,3121.7329980312957,3193.24788310412,520516
2021-06-21,3196.209716796875,3210.029029964002,3139.9453703307163,3153.764683497843,200280
2021-06-22,3216.148681640625,3260.3211252169176,3188.4114929496527,3196.2094368722787,567861
2021-06-23,3202.921875,3232.682655415664,3170.5451515311343,3232.682655415664,504942
2021-06-24,3161.908447265625,3239.2965104781447,3101.202174103419,3188.2144025733614,1754163
2021-06-25,3394.615234375,3420.279670575567,3180.6626748952726,3211.262579595949,3717669
2021-06-28,3409.56982421875,3444.9572320093343,3358.290351441649,3403.351326305154,1213113
2021-06-29,3544.801513671875,3558.4234551961645,3375.860520009382,3375.860520009382,2268589
2021-06-30,3573.131103515625,3612.614850158384,3536.361864454556,3570.317790171463,1291906
2021-07-01,3630.97509765625,3649.2363327412186,3548.6021692141553,3573.1315462511934,876022
2021-07-02,3685.01806640625,3696.56701422805,3619.672513193384,3653.233698207994,573795
2021-07-05,3670.113037109375,3714.384043208404,3654.9116501372146,3711.4721651065856,444545
2021-07-06,3658.416015625,3702.3416851549323,3648.298305227656,3669.9155608026977,344090
2021-07-07,3667.6455078125,3709.30081443257,3649.8778209233033,3667.0531551869894,466002
2021-07-08,3624.015380859375,3671.988226668158,3609.801329281036,3652.2463544817697,459811
2021-07-09,3677.812255859375,3695.6787479115455,3625.595096442069,3625.595096442069,469932
2021-07-12,3699.034423828125,3739.900243059601,3681.9578975079576,3696.6654956073057,464757
2021-07-13,3701.897705078125,3721.2940006929434,3672.975810268827,3719.369216095926,246112
2021-07-14,3706.33935546875,3726.278599378751,3661.0316114811803,3705.5496323358493,395272
2021-07-15,3713.792236328125,3748.982031831885,3702.144481975471,3726.13090810219,399845
2021-07-16,3730.325927734375,3738.1238716305256,3694.0993958645154,3713.792108127876,226565
2021-07-19,3833.625244140625,3869.357988691422,3716.407864612669,3730.325982493544,1044561
2021-07-20,3832.83544921875,3857.5621946984647,3768.032843955982,3839.7945080289223,357815
2021-07-22,3933.8642578125,3952.3228603359184,3839.7941874891917,3839.7941874891917,760359
2021-07-23,3868.32177734375,3948.1284070759853,3862.498020348354,3933.8649499342787,335985
2021-07-26,4047.4296875,4105.1250241980015,3879.2781818720937,3886.187837666777,1982531
2021-07-27,4025.615234375,4135.577385783788,3998.173978915215,4067.7146879689694,859687
2021-07-28,3976.408203125,4047.0842091241107,3934.061979381498,4047.0842091241107,455244
2021-07-29,3986.624755859375,4002.220884810657,3941.6625887807477,3987.858623007583,449417
2021-07-30,3982.9228515625,4033.708771323153,3955.7777763659774,3978.97447698846,627367
2021-08-02,3995.9033203125,4040.1251668796986,3982.97253725815,4007.254898018896,344295
2021-08-03,4039.878662109375,4170.471217301146,4011.5985217299435,4037.8059097667806,981680
2021-08-04,4013.91796875,4075.3153934058246,4000.3454295517517,4057.7448352924675,305863
2021-08-05,4021.173095703125,4058.6334956705514,3983.9103072740872,4032.080529653137,270458
2021-08-06,4035.28857421875,4124.126768997192,4020.6301359211375,4037.0159882475746,717143
2021-08-09,3952.027099609375,4057.942304527276,3938.503963771304,4055.968117076764,431991
2021-08-10,4010.36474609375,4034.054997336612,3948.375207143655,3972.065458386517,364246
2021-08-11,3974.38525390625,4030.4519894606574,3864.472261888087,4012.5363332247953,831738
2021-08-12,4079.75732421875,4089.4802941705652,3924.0432832594074,3975.0265796720905,556973
2021-08-13,4011.6474609375,4092.243562301243,3986.0815904162814,4091.454080160853,553736
2021-08-16,4289.0205078125,4318.040963324686,4071.9090771917113,4092.490075195828,3709012
2021-08-17,4856.99560546875,4909.8051298854925,4276.337610363174,4288.923057770901,8069431
2021-08-18,4728.98876953125,4901.934405874836,4703.456735862825,4790.3247770487515,2941548
2021-08-20,4688.09814453125,4873.982688183404,4639.404934190742,4660.936509858416,2331020
2021-08-23,4684.88916015625,4780.102960299687,4662.12295974004,4721.186988994228,699991
2021-08-24,4781.1884765625,4828.79560735756,4692.196987918959,4760.693788572277,1576663
2021-08-25,4712.9384765625,4819.9554108796265,4691.554959360293,4805.139974165857,469002
2021-08-26,4642.56591796875,4721.18661155306,4589.230337001414,4717.680483861794,800419
2021-08-27,4706.46923828125,4772.545989235495,4618.811238168532,4659.059841037189,937887
2021-08-30,4699.01318359375,4768.596563726528,4663.505799704729,4731.261845677161,632354
2021-08-31,4908.40380859375,4983.913350622217,4707.457373585184,4707.457373585184,2883159
2021-09-01,4977.048828125,5009.395868824909,4884.452337571826,4923.664057680766,841956
2021-09-02,4981.4443359375,5058.978465088108,4951.319610598728,4977.048896216419,900686
2021-09-03,4952.8505859375,5010.8777236183,4905.885835923939,4991.815384489549,567961
2021-09-06,4934.03466796875,4977.98713373286,4910.823815261861,4967.122479274316,439776
2021-09-07,4817.0419921875,4961.1963985896155,4800.201970365425,4958.6282928503815,479021
2021-09-08,4752.19970703125,4841.142007515505,4733.137370072515,4839.709655626433,642506
2021-09-09,4661.47998046875,4760.694226289046,4627.35528011705,4756.447326838848,838279
2021-09-13,4687.4560546875,4736.988900973414,4623.749677683166,4676.739459155362,1151299
2021-09-14,4674.2216796875,4714.272555735841,4638.91155107498,4714.272555735841,528943
2021-09-15,4733.08837890625,4759.904710870131,4628.886451896609,4691.555955410358,659281
2021-09-16,4820.69677734375,4829.832964444181,4733.087957860529,4759.706555348979,779552
2021-09-17,4847.8583984375,4884.650070691724,4804.597510951284,4815.017509781044,814867
2021-09-20,4818.080078125,4891.613757854502,4722.866277727838,4804.153467711689,434640
2021-09-21,4831.4130859375,4858.426663719827,4731.211149675667,4798.226409131486,462221
2021-09-22,4844.55029296875,4948.357245002233,4809.9809309777165,4864.403080166865,562041
2021-09-23,5021.6435546875,5070.8306162953895,4844.648261185993,4870.723335800698,696944
2021-09-24,4673.57958984375,5134.043643169769,4653.578746485884,5092.659278553116,1949974
2021-09-27,4509.37451171875,4712.296813260314,4409.1730589521285,4690.36977288621,1885178
2021-09-28,4356.7763671875,4572.93373916099,4322.157814348952,4523.647803866134,1051440
2021-09-29,4369.0732421875,4451.644723981144,4345.862386260879,4365.616306198429,571896
2021-09-30,4426.45751953125,4445.272931296499,4329.71252463371,4390.307757402583,808446
2021-10-01,4404.53125,4464.385721391929,4380.431565126815,4426.458293133902,534563
2021-10-04,4492.2880859375,4508.831993031317,4386.2096378025735,4405.025052662595,535335
2021-10-05,4427.248046875,4520.536118406856,4414.0622100327055,4514.758000883447,425555
2021-10-06,4324.8740234375,4453.5214322991005,4302.4039385883525,4439.693687776548,480575
2021-10-07,4373.8134765625,4413.02519594432,4327.095654304402,4355.738834851041,276775
2021-10-08,4325.3671875,4404.135934021237,4311.88523517706,4404.135934021237,269607
2021-10-11,4323.29345703125,4368.530223269456,4306.354567058174,4346.948969179396,331320
2021-10-12,4297.76220703125,4352.826269218801,4240.475828432542,4295.490698720367,612692
2021-10-13,4323.638671875,4354.751091786836,4286.600076741862,4331.046390901628,302343
2021-10-14,4275.142578125,4375.245647980617,4259.29025279966,4349.763288213647,436160
2021-10-18,4277.1181640625,4394.2589924812755,4268.475825068521,4394.2589924812755,345049
2021-10-19,4248.1298828125,4333.664456791869,4174.645393495413,4298.453189230918,285362
2021-10-20,4095.72802734375,4264.229046560796,4084.1226003656857,4248.129313814422,510321
2021-10-21,4083.974365234375,4182.7931441357105,4025.1075949174633,4135.482608409157,698306
2021-10-22,3978.833984375,4137.9026951265805,3953.1046996243344,4104.370227109453,347114
2021-10-25,4112.765625,4198.596300114129,3906.3371870497117,3995.624797727601,1151030
2021-10-26,4215.4375,4255.48838144775,4084.6661586970336,4112.766303898905,790450
2021-10-27,4223.9306640625,4271.88358887005,4163.286232891387,4226.152979814259,623848
2021-10-28,4236.7216796875,4260.92022990369,4173.015292383655,4225.16544443,537955
2021-10-29,4209.609375,4295.489731663833,4109.852083002288,4236.721822021616,705546
2021-11-01,4283.24267578125,4296.477706053252,4205.609671810287,4228.524412485284,239375
2021-11-02,4237.1171875,4340.924138786655,4218.005172482049,4286.600856048711,389193
2021-11-03,4383.98681640625,4395.197260554214,4247.141269517501,4263.882906779382,667752
2021-11-04,4383.9375,4422.902296661771,4365.467875798254,4393.27141928351,69818
2021-11-08,4351.14697265625,4419.939907385784,4324.133388722897,4383.987866940178,285968
2021-11-09,4477.126953125,4499.49817032669,4365.616174886321,4399.197837770062,547476
2021-11-10,4496.83154296875,4527.598174949864,4424.877797507721,4466.459892907732,359967
2021-11-11,4511.05419921875,4669.925184708262,4471.348630249706,4489.176831003729,1110123
2021-11-12,4612.0458984375,4630.318272165115,4514.9059124633195,4556.142215335098,423439
2021-11-15,5018.43359375,5084.213753792992,4741.730206082132,4741.730206082132,3044498
2021-11-16,5034.1376953125,5140.956905158086,4977.987089720798,5017.494923766201,1118231
2021-11-17,5663.3994140625,5772.4901429278325,5012.705029546647,5017.495451383064,6482125
2021-11-18,5519.837890625,5771.897617199148,5477.910003058195,5663.399598821921,2165157
2021-11-22,5352.818359375,5570.605322792693,5247.628737588223,5528.134395686295,1204625
2021-11-23,5387.1396484375,5471.834560635055,5284.172364512192,5308.370910854351,763056
2021-11-24,5330.79248046875,5414.005859670351,5239.825592032264,5398.745765174471,697909
2021-11-25,5630.90380859375,5679.251718305034,5259.530131014151,5333.5581354516835,1575738
2021-11-26,5617.61962890625,5862.37049446469,5558.2098134689295,5638.756225959279,2613669
2021-11-29,5657.02880859375,5785.923135878164,5481.712769567056,5699.005888360705,1189390
2021-11-30,5617.76708984375,5758.217633098274,5560.332672426609,5684.189635980973,1352746
2021-12-01,5502.453125,5694.06610404326,5463.636874216546,5648.335982881956,835169
2021-12-02,5524.13330078125,5737.524780952444,5510.206693840884,5556.529529427305,1236317
2021-12-03,5365.5595703125,5585.07500289092,5353.312236558087,5524.134450004861,844674
2021-12-06,5234.58984375,5400.720465008721,5211.132069235743,5399.732769239698,489242
2021-12-07,5249.25732421875,5368.373532728438,5171.525955052651,5234.589945309547,595254
2021-12-08,5267.875,5300.962805849817,5213.057888815974,5247.627238211306,557196
2021-12-09,5168.4140625,5319.7292424007455,5146.88248833091,5303.926110600074,689987
2021-12-10,5180.76171875,5262.839354117409,5166.144010625584,5200.219523170576,416165
2021-12-13,5142.63623046875,5263.431241314855,5111.326078777327,5221.651899319414,480443
2021-12-14,5147.87060546875,5185.403046567716,5002.728512046434,5062.928765086878,1007056
2021-12-15,5128.66015625,5205.058530623518,5106.436998484339,5165.649560640423,377883
2021-12-16,5140.265625,5177.501953669245,5079.720058702962,5165.600410878161,265216
2021-12-17,4727.8037109375,5136.018194945671,4671.80116578712,5136.018194945671,1133941
2021-12-20,4647.06005859375,4764.6450636163,4586.020162071445,4721.186443633067,994682
2021-12-21,4787.955078125,4810.079371386755,4637.2817686161725,4701.432814743523,1004676
2021-12-22,4716.79052734375,4839.956387624502,4691.555092335368,4839.907195743394,779992
2021-12-23,4817.5361328125,4838.722403606607,4727.6558023923735,4743.903593493067,582129
2021-12-24,4782.91748046875,4845.586979343157,4764.398182015722,4819.956077374806,348742
2021-12-27,4780.4970703125,4800.201795282727,4696.493731804397,4794.621410226423,315490
2021-12-28,4784.59619140625,4833.783249379443,4751.014534177214,4795.06538107663,348173
2021-12-29,4915.3671875,4929.886026906304,4773.533969180178,4805.1402358910755,861183
2021-12-30,4909.58935546875,4948.010629215297,4879.217706787834,4938.430268426324,617460
2021-12-31,4951.71435546875,4994.580259575267,4892.057621649324,4918.725410016886,504012
2022-01-03,4929.09716796875,5005.643612316526,4917.590605369874,4976.457386768147,310798
2022-01-04,4903.51513671875,4967.02378985721,4860.550365286714,4953.294913371536,369814
2022-01-05,4912.05859375,5075.423397794242,4861.439179296737,4900.947014967576,966342
2022-01-06,4903.3671875,4976.012029277695,4844.648472331697,4908.848706929365,585391
2022-01-07,4960.060546875,4996.852217629435,4896.996069811718,4898.971461530077,549876
2022-01-10,5002.9267578125,5022.433752228728,4901.93485001203,4960.060851347469,542304
2022-01-11,4996.80224609375,5078.237957745894,4958.529033828331,4987.863792009485,742409
2022-01-12,4952.7021484375,5036.261316748804,4944.059809445236,5012.556615512882,360219
2022-01-13,4922.03466796875,4988.852201976092,4892.20605761736,4963.073241440718,457570
2022-01-14,4912.8486328125,4953.29497310946,4869.34082102286,4936.405276646772,207639
2022-01-17,4851.3154296875,4923.368039881067,4839.710002640352,4912.79950063941,337077
2022-01-18,4559.00634765625,4849.487795898337,4449.56983951818,4839.709703360507,3507266
2022-01-19,4460.3857421875,4558.216833649307,4345.862203262611,4558.216833649307,2404880
2022-01-20,4587.6494140625,4666.862812810445,4434.754291961672,4469.323646130638,2747887
2022-01-21,4633.923828125,4675.505926055673,4488.930248666807,4592.737194411899,1008450
2022-01-24,4442.80419921875,4652.837635099578,4407.3460129984,4632.293753367134,737762
2022-01-25,4430.8037109375,4479.200808983852,4197.806349654736,4360.677303564214,917284
2022-01-27,4239.4384765625,4372.530522626173,4098.938709938698,4372.530522626173,1244330
2022-01-28,4423.4951171875,4508.831949637234,4281.908808250782,4292.526539567015,932049
2022-01-31,4402.50634765625,4527.597934985589,4304.427856951892,4527.597934985589,934551
2022-02-01,4456.53271484375,4476.484363241529,4389.320207456639,4423.691828953126,548762
2022-02-02,4608.88525390625,4625.379968591281,4465.027440383283,4474.262493640509,676206
2022-02-03,4585.67431640625,4646.862270117729,4546.166480537243,4610.515254027598,777217
2022-02-04,4630.2197265625,4735.014362837171,4545.129817310378,4582.909187226632,829635
2022-02-07,4420.087890625,4666.419189537541,4395.296623265265,4629.726377660667,597040
2022-02-08,4345.3681640625,4473.9663646911295,4326.108093781963,4442.162363421092,628869
2022-02-09,4520.93115234375,4530.561187569126,4375.54211992923,4459.150965422622,842211
2022-02-10,4534.1650390625,4566.117090498255,4472.384867703876,4519.744585800301,487802
2022-02-11,4459.34814453125,4556.6858653221525,4421.371526352281,4553.278121540927,572726
2022-02-14,4431.1494140625,4620.441229010089,4348.5779437845595,4423.988619083808,1094132
2022-02-15,4606.02099609375,4617.478365069242,4446.5081071186305,4474.262458559073,791080
2022-02-16,4528.388671875,4665.876155392042,4499.004714291826,4637.23296984878,584166
2022-02-17,4508.5361328125,4610.071088899124,4494.016808675097,4527.598472739922,520450
2022-02-18,4416.53173828125,4536.289875092169,4407.642474517966,4448.582665537129,388145
2022-02-21,4372.18408203125,4469.274881091149,4336.627028632971,4415.988492880755,392246
2022-02-22,4519.74560546875,4548.882634358765,4247.092346680182,4273.760135833756,833525
2022-02-23,4554.06787109375,4676.739889618866,4534.017838077171,4538.462469440061,755051
2022-02-24,4328.0341796875,4479.200842099727,4297.513990997597,4370.554294661806,814710
2022-02-25,4576.43994140625,4689.185336386875,4410.803139528854,4513.770441168195,1187316
2022-02-28,4743.70556640625,4766.620303668087,4514.955587050992,4558.2164735657325,1617666
2022-03-02,4801.43603515625,4843.610837209559,4721.3834863531765,4767.607455222262,1194676
2022-03-03,4857.29052734375,4907.86074849275,4815.066529155369,4819.955816591793,930907
2022-03-04,4688.8388671875,4829.239728123049,4673.974238368219,4819.955484096055,738388
2022-03-07,4606.95947265625,4674.566967721129,4527.449952619326,4563.155062988683,643012
2022-03-08,4664.14697265625,4681.678574914633,4538.8576510480025,4602.662902764175,670238
2022-03-09,4652.986328125,4755.657030547258,4636.244689224511,4720.198843162321,447387
2022-03-10,4711.01318359375,4759.706397070702,4686.616902697755,4746.471368868654,363906
2022-03-11,4794.37451171875,4803.1649083103375,4676.986763741831,4689.579885802485,436703
2022-03-14,4862.92041015625,4954.825314061175,4804.201700260255,4829.832599911458,626924
2022-03-15,4753.73095703125,4937.491577898252,4642.170517327823,4889.045289132082,686998
2022-03-16,4882.8232421875,4896.157138210007,4772.744812165751,4833.38925021343,477521
2022-03-17,4780.349609375,4936.504438053837,4765.5341698850425,4886.131943787981,852493
2022-03-21,4708.74169921875,4854.426855669191,4696.543557461266,4815.017882684062,509842
2022-03-22,4620.04638671875,4768.59575196574,4416.827957562381,4738.964875296525,1255679
2022-03-23,4551.5,4658.022606715229,4539.054936406461,4639.701042447895,896055
2022-03-24,4571.599609375,4627.355235160513,4502.510571375214,4543.351892797636,719101
2022-03-25,4625.5771484375,4705.382775908818,4565.524954628649,4612.539371010534,968364
2022-03-28,4601.27978515625,4661.924211280528,4543.449906264601,4654.812608557372,524802
2022-03-29,4556.98193359375,4639.701464764376,4542.462611034149,4628.244095932633,778391
2022-03-30,4558.01806640625,4635.94764539903,4523.300657917048,4619.4529337823815,4839707
2022-03-31,4460.533203125,4577.674024198501,4445.470841822832,4568.093181805159,1225845
2022-04-01,4451.4462890625,4501.917642989032,4400.283837411328,4501.917642989032,827880
2022-04-04,4508.7822265625,4526.906059041399,4443.6434943220775,4500.929851883909,619577
2022-04-05,4498.21484375,4548.340419491409,4486.263624803265,4548.340419491409,487075
2022-04-06,4456.2373046875,4552.29073802952,4442.804543004522,4510.807507177439,653418
2022-04-07,4480.6826171875,4527.302058312723,4434.754756127383,4475.250289535228,413722
2022-04-08,4549.47607421875,4571.551177439299,4458.4599794665655,4517.721742596382,685882
2022-04-11,4604.78662109375,4628.985172101318,4519.2028626584,4550.315285382417,652187
2022-04-12,4569.37646484375,4624.391308734813,4538.017126088446,4611.551264520043,574409
2022-04-13,4686.07421875,4705.383481563677,4572.0445290004745,4572.0445290004745,812061
2022-04-18,4498.46044921875,4686.073456340203,4462.40955309481,4666.3687325357305,579482
2022-04-19,4757.0888671875,4810.078651565787,4527.00493261856,4537.474604783004,1713344
2022-04-20,4722.125,4790.3252103430505,4673.1843778168895,4746.866589878083,777140
2022-04-21,4825.1416015625,4843.315110444034,4711.408510274503,4780.448360178599,771623
2022-04-22,4754.47119140625,4800.201311401844,4729.087217899594,4790.275162093147,381911
2022-04-25,4618.5146484375,4706.963094695159,4551.647933650733,4706.963094695159,421185
2022-04-26,4567.15478515625,4682.666007289927,4544.38858880847,4674.764440519558,548203
2022-04-27,4467.29931640625,4601.625957380742,4444.631502832451,4563.15500957465,476441
2022-04-28,4482.01611328125,4546.364407252927,4449.61939711775,4523.647400655747,552600
2022-04-29,4399.5439453125,4539.450992703871,4376.481146360064,4489.0784947430575,465103
2022-05-02,4251.78369140625,4385.369554525524,4237.215177683445,4385.369554525524,568610
2022-05-04,3963.920166015625,4272.130732458857,3946.8824110429473,4249.561783765004,1729814
2022-05-05,3900.510009765625,4004.2672720722194,3881.6449214535005,3992.2668632353816,1122769
2022-05-06,3780.258056640625,3850.6805824691032,3744.4046466996324,3850.6805824691032,891448
2022-05-09,3720.008544921875,3761.096549630179,3693.636871514405,3758.1828949560413,521295
2022-05-10,3641.535888671875,3736.1572033765046,3616.7448664584836,3723.613513772302,836241
2022-05-11,3634.375244140625,3688.9454444498638,3575.1134881486914,3664.2530461198917,524764
2022-05-12,3536.791015625,3605.0900917300837,3497.875651870607,3605.0900917300837,717916
2022-05-13,3504.1474609375,3667.215904630945,3486.5664261984534,3557.5816629006254,957908
2022-05-16,3641.3876953125,3662.2773662019263,3509.3328076577504,3536.9388585920015,600622
2022-05-17,3766.232421875,3785.7888483887746,3632.794854107636,3666.327080770427,843357
2022-05-18,3689.0439453125,3794.727399702979,3679.1669869582497,3774.9734829944778,427461
2022-05-19,3587.1142578125,3672.105543920453,3565.187455593014,3565.187455593014,572640
2022-05-20,3622.86865234375,3649.5364423146552,3541.8775865061853,3649.5364423146552,692428
2022-05-23,3671.216552734375,3718.329603113651,3620.8934903955283,3622.8688823706484,401917
2022-05-24,3586.96533203125,3693.982267712288,3569.038749833784,3693.982267712288,471324
2022-05-25,3480.93701171875,3628.7456195703057,3443.2562651704784,3605.3372729292364,370431
2022-05-26,3617.732666015625,3663.3641693176664,3320.1892699501227,3344.3383869802155,1730687
2022-05-27,3814.23486328125,3832.260314502816,3529.0376555975677,3654.4750421805206,1733752
2022-05-30,3844.062744140625,3867.3724622245268,3773.4424921707105,3842.136785496054,666686
2022-05-31,3930.33837890625,3950.586145040725,3791.814027669169,3807.5677291903603,1361696
2022-06-01,3791.764892578125,3940.660062558889,3743.417222261134,3891.0777722586413,794887
2022-06-02,3600.3984375,3797.690691224882,3579.1629758975723,3797.690691224882,1891062
2022-06-03,3544.64306640625,3648.4991930237734,3502.715424006723,3643.610146584375,1305662
2022-06-06,3588.990478515625,3604.9911035781115,3498.517680398383,3536.050123917725,561188
2022-06-07,3564.890625,3588.990306915997,3481.627817893675,3588.990306915997,490554
2022-06-08,3591.4599609375,3600.151733514616,3513.234490016869,3555.7054158169044,342056
2022-06-09,3624.893310546875,3635.36274218687,3517.1850266671768,3580.200072002452,483671
2022-06-10,3654.968505859375,3669.2900957350566,3551.260441242368,3575.9528375797504,624657
2022-06-13,3606.966552734375,3632.794945143956,3547.803664910615,3604.102331085422,523342
2022-06-14,3660.59814453125,3711.612777545232,3578.1749778253093,3583.5578717356184,655865
2022-06-15,3676.8955078125,3709.8846958156905,3601.040413864619,3691.957870406748,466405
2022-06-16,3618.572021484375,3728.552057434506,3602.1269810499716,3698.9211801568804,678602
2022-06-17,3655.709228515625,3678.1793088800237,3512.345273766233,3555.705024696049,768620
2022-06-20,3764.800537109375,3777.9369412369642,3637.585252795415,3654.4749496932727,673219
2022-06-21,3761.343505859375,3821.395465249067,3747.367705226104,3802.5798099881285,596024
2022-06-22,3741.14501953125,3760.8989368675643,3667.5616774534788,3742.429072385448,359601
2022-06-23,3803.123046875,3809.543070197864,3677.3398780869816,3715.514469142642,646244
2022-06-24,3791.172119140625,3873.7435987819936,3715.71224340078,3853.989679359342,1024811
2022-06-27,3747.811767578125,3822.382801562088,3728.551699198161,3801.6411894605885,708737
2022-06-28,3790.135498046875,3799.3208783155465,3677.093493284983,3712.7988498365544,463753
2022-06-29,3667.315185546875,3770.97383075426,3649.5366578496373,3720.848259607881,567477
2022-06-30,3638.177734375,3719.1687956533356,3611.4110798637043,3668.302458387064,534241
2022-07-01,3690.18017578125,3698.9213815086578,3590.4723165417563,3634.7211439123794,316894
2022-07-04,3723.712646484375,3736.256336986875,3654.5244960503064,3686.0813338401654,300790
2022-07-05,3770.43017578125,3827.0746312532497,3714.724224309561,3714.724224309561,468762
2022-07-06,3835.717041015625,3841.692649458786,3736.9474506714605,3762.232562254245,390568
2022-07-07,3867.076171875,3881.644685644276,3820.654466983071,3846.13706810853,398354
2022-07-08,3887.71923828125,3897.4481396460965,3861.891086167318,3869.7926536070468,268377
2022-07-11,3884.855224609375,3919.325717956727,3847.12528629122,3886.583692579391,199806
2022-07-12,3881.348388671875,4048.269230830513,3852.013869737366,3852.013869737366,1125104
2022-07-13,3820.704345703125,3910.2388883835083,3813.691607904161,3902.5348116370983,385514
2022-07-14,3850.087890625,3930.3381791525485,3832.309365166589,3878.68163750994,656393
2022-07-15,3883.32373046875,3895.472437667514,3827.3214239253593,3850.0878615259808,318645
2022-07-18,3898.5341796875,3921.9425218664437,3842.284711097257,3891.620309103367,291155
2022-07-19,3970.735107421875,3983.3282304591685,3875.126093703553,3895.867708117919,412946
2022-07-20,4059.67724609375,4090.74047638275,3980.464079763164,4039.676403265845,753440
2022-07-21,4098.98681640625,4118.543482870401,4045.9478406047183,4061.405183625667,542974
2022-07-22,4074.54150390625,4118.296719498406,4039.626600232399,4099.135516431051,378496
2022-07-25,4138.3466796875,4200.57151724853,4087.134554224267,4093.011537347707,1127478
2022-07-26,4059.628173828125,4137.409231561897,4037.7011303576155,4133.507639566199,363638
2022-07-27,4074.838623046875,4086.0490688511877,3972.5132232775322,4061.4058612921963,440198
2022-07-28,4138.939453125,4154.248738776697,4084.1223335334385,4097.950075412391,364711
2022-07-29,4160.470703125,4200.4723818490675,4135.4821930289245,4154.248412677253,333278
2022-08-01,4235.33837890625,4240.918763619432,4138.445326245222,4187.830115341227,311325
2022-08-02,4272.67333984375,4294.748438332974,4218.399742773821,4257.956768275387,440869
2022-08-03,4257.0185546875,4332.775023728382,4227.43735161165,4272.723305440911,367949
2022-08-04,4341.7138671875,4354.751647246717,4256.969743622896,4269.760599683063,358472
2022-08-05,4320.28076171875,4367.591299192457,4281.661755314179,4341.713473528952,207510
2022-08-08,4372.87646484375,4419.495431826672,4326.158149521734,4334.9490307110445,445755
2022-08-10,4461.5703125,4569.031912755687,4342.997615955821,4384.28311050301,867000
2022-08-11,4375.14697265625,4496.485508364654,4363.640412071399,4483.744327925777,446510
2022-08-12,4259.685546875,4340.725803590845,4223.4865881345095,4296.526411503974,1412625
2022-08-16,4295.884765625,4327.639094680929,4155.138089567072,4296.477479663086,596342
2022-08-17,4252.771484375,4316.280135789012,4233.116433053082,4295.489330673373,502434
2022-08-18,4225.68408203125,4296.943454604579,4209.194042090848,4273.569950969884,580509
2022-08-19,4095.644287109375,4268.072752296672,4080.441574331073,4249.79970763462,719126
2022-08-22,3986.255126953125,4093.3173096065207,3957.2366421490037,4093.3173096065207,723542
2022-08-23,4031.86279296875,4054.1467595932186,3949.5608213136197,3986.155998144278,497236
2022-08-24,4170.3203125,4179.48149824853,4038.7953487455807,4039.835315487146,956039
2022-08-25,4128.7734375,4199.141547286927,4116.790001467535,4174.530045672712,414795
2022-08-26,4174.77734375,4195.080513324017,4116.294504828883,4166.606555994603,342452
2022-08-29,4210.67919921875,4230.982368355287,4046.7682483847616,4060.6338273072743,914112
2022-08-30,4281.39404296875,4295.853959354587,4192.555578045835,4210.679679123003,848217
2022-09-01,4236.08349609375,4287.3864364039555,4203.251877510887,4256.733404698821,390072
2022-09-02,4270.94482421875,4355.772354179431,4242.866931629077,4268.419018032225,735146
2022-09-05,4241.43115234375,4267.231324942887,4192.357097217975,4240.886626573912,522750
2022-09-06,4373.10546875,4379.543060313102,4250.543629375566,4257.624883376355,1078704
2022-09-07,4334.478515625,4367.656861397521,4293.376982802325,4337.1527846916115,396347
2022-09-08,4372.41162109375,4402.222716185424,4319.128368933951,4357.7539149987115,562760
2022-09-09,4417.5244140625,4431.934520000294,4372.609741628632,4394.29937386623,476210
2022-09-12,4438.5703125,4458.576073388168,4404.3517518704,4430.052788109192,331303
2022-09-13,4446.98828125,4476.601098880186,4423.416507431952,4476.601098880186,309270
2022-09-14,4385.0888671875,4436.985656269902,4363.052498693749,4363.052498693749,362669
2022-09-15,4300.16162109375,4416.335166226333,4286.493832282685,4407.025517484098,427750
2022-09-16,4238.658203125,4321.405808711345,4216.126636065921,4300.310512989952,458526
2022-09-19,4266.83544921875,4289.416343899953,4186.117963181381,4254.653256262178,266140
2022-09-20,4515.57373046875,4550.881342095233,4275.055345626566,4275.055345626566,1173769
2022-09-21,4560.5869140625,4623.675493259729,4512.255659696118,4512.255659696118,1177984
2022-09-22,4564.6474609375,4586.733637212711,4478.780202817407,4525.675184003713,511789
2022-09-23,4376.0263671875,4673.69043758052,4340.768084501984,4565.737003018901,1205497
2022-09-26,4241.58056640625,4378.0079828436565,4150.859951751758,4376.027185508812,843901
2022-09-27,4202.21142578125,4312.294120157298,4164.625610013485,4293.377412463367,651304
2022-09-28,4227.9619140625,4253.761601819095,4142.93610523303,4188.395300138056,395837
2022-09-29,4349.533203125,4362.35857330015,4243.808165261718,4256.188146276154,631907
2022-09-30,4341.3125,4441.8379433925575,4310.412358295228,4310.412358295228,761064
2022-10-03,4323.28857421875,4446.890137842242,4309.175392823593,4342.898274930564,454169
2022-10-04,4362.11181640625,4401.876226388194,4323.288478600415,4387.466119140672,307009
2022-10-06,4348.34521484375,4407.273933732989,4319.425381212133,4383.950239273725,272050
2022-10-07,4351.91064453125,4390.437053879842,4311.749690595838,4337.549864634734,501530
2022-10-10,4298.923828125,4377.561372348586,4253.761559782167,4332.993439824675,207878
2022-10-11,4234.4990234375,4320.465921871776,4222.713375472795,4320.465921871776,258216
2022-10-12,4245.88818359375,4308.233969765867,4204.242115323243,4238.9060668041175,621343
2022-10-13,4225.08984375,4276.491919055215,4195.328558625686,4229.101248320962,277038
2022-10-14,4255.89111328125,4282.483411572646,4223.108823934736,4259.7042444898125,254366
2022-10-17,4249.65185546875,4259.258431565494,4180.52174423766,4248.80991995481,254734
2022-10-18,4324.080078125,4334.974462197234,4217.117034506699,4283.473737492127,387469
2022-10-19,4346.61181640625,4363.597055523894,4299.419420262029,4337.945828734691,249672
2022-10-20,4280.99755859375,4351.117579650107,4253.959872713525,4341.907066946212,370651
2022-10-21,4346.90869140625,4387.46570666923,4281.196132538595,4302.439891910539,364601
2022-10-24,4367.80615234375,4392.417653501937,4278.5218180672755,4367.855962428031,30919
2022-10-25,4361.76513671875,4407.1750131600475,4330.02305229096,4395.191092348855,474364
2022-10-27,4389.2978515625,4455.803016582843,4360.576293998396,4402.321495601409,421237
2022-10-28,4523.15087890625,4539.987656865831,4372.610275973526,4411.483425086089,691801
2022-10-31,4474.12548828125,4580.593333326127,4448.375125758768,4538.105331882642,433481
2022-11-01,4468.03466796875,4602.382136743858,4427.081590541218,4533.054237115695,866656
2022-11-02,4341.0166015625,4489.278995528632,4328.042281984839,4468.6788961820575,643118
2022-11-03,4352.80126953125,4382.5132235894835,4307.589676157904,4328.0413078160545,457168
2022-11-04,4320.712890625,4367.65768604208,4298.3791127548275,4367.65768604208,669679
2022-11-07,4321.90087890625,4377.5614693061325,4294.813866191188,4342.352995269626,356178
2022-11-09,4319.326171875,4392.417388418693,4302.291124079098,4305.262319606777,378028
2022-11-10,4244.3037109375,4335.420378641014,4209.193888477568,4332.498509445911,527721
2022-11-11,4378.9482421875,4496.409612030974,4288.4752340021405,4343.8882287153865,1685313
2022-11-14,4512.94873046875,4524.14003931796,4382.711336604846,4387.465055643293,886587
2022-11-15,4567.6689453125,4584.555047741336,4483.534392120335,4516.217545409482,492794
2022-11-16,4436.24267578125,4565.737285338296,4418.167902363154,4560.78529262101,499585
2022-11-17,4358.0517578125,4472.591768840402,4328.7363394562635,4446.890725884933,430622
2022-11-18,4356.912109375,4406.283578625531,4278.522153216969,4387.466004340549,385705
2022-11-21,4376.42236328125,4397.369194142857,4299.319745895077,4361.665522839326,336664
2022-11-22,4426.88330078125,4436.985559554956,4337.94570331489,4378.502717882417,310657
2022-11-23,4560.9833984375,4571.827971934678,4405.292559680643,4439.263035037735,799422
2022-11-24,4768.818359375,4786.596206839274,4569.698923723652,4585.545300572282,1822610
2022-11-25,4743.4638671875,4838.096242004878,4705.432181297156,4768.768353173693,1069669
2022-11-28,4676.513671875,4723.0624055349745,4638.284189639899,4715.287679896558,598162
2022-11-29,4673.88916015625,4795.50991203033,4662.449766430827,4679.633278468259,910558
2022-11-30,4681.02001953125,4714.396647023498,4598.024807217439,4673.88943950324,1113421
2022-12-01,4729.84716796875,4747.97127036959,4655.913519656408,4719.249708658968,611403
2022-12-02,4824.67724609375,4836.066829504347,4697.50968444361,4725.191517561366,996306
2022-12-05,4732.47119140625,4854.884553646097,4721.180744217564,4838.097104136179,684834
2022-12-06,4742.07763671875,4753.913092960318,4669.729215272479,4724.5478723442875,354855
2022-12-07,4682.009765625,4768.768770822111,4665.668190397883,4758.567859723603,354913
2022-12-08,4659.32958984375,4731.975414145524,4636.451288528404,4692.507938501369,336491
2022-12-09,4640.11572265625,4690.477578905897,4630.360201525052,4682.603718049398,271785
2022-12-12,4696.76708984375,4710.335744108202,4585.545520441752,4632.094254666539,445259
2022-12-13,4633.9267578125,4715.634645336196,4616.544971583427,4700.431929544989,363818
2022-12-14,4621.34814453125,4666.75801523083,4611.890031719433,4666.75801523083,356293
2022-12-15,4598.3212890625,4641.601898739271,4583.217711312998,4635.015845160555,316614
2022-12-16,4521.318359375,4593.468998688369,4507.997787514395,4593.468998688369,342890
2022-12-19,4566.18310546875,4575.6412180124935,4477.641089830186,4555.833247371746,308464
2022-12-20,4552.5146484375,4572.12482665395,4496.656276134782,4566.083299775251,282355
2022-12-21,4720.43798828125,4742.474357073009,4558.012618310536,4566.529659373572,877375
2022-12-22,4735.78857421875,4802.24392491685,4679.632787333546,4748.960680479227,902304
2022-12-23,4655.02197265625,4758.8653645833065,4641.354665150452,4719.9428922914785,473498
2022-12-26,4639.076171875,4694.489164628882,4607.829290809256,4678.345861571701,247357
2022-12-27,4599.212890625,4667.4517420095335,4581.237252498072,4640.017506962303,226485
2022-12-28,4544.59228515625,4634.669228210791,4538.006231408063,4607.334131058557,313366
2022-12-29,4481.00927734375,4565.7376867484545,4435.500266833613,4544.592579267999,530411
2022-12-30,4434.60888671875,4538.452277083851,4425.200099979202,4506.313648941536,348965
2023-01-02,4411.58203125,4473.333479707481,4403.312106351444,4444.908846897274,246577
2023-01-03,4447.78125,4465.658235987044,4382.613211542945,4424.11081872054,430096
2023-01-04,4390.73388671875,4470.7583831490565,4382.513771838177,4451.841673313583,414977
2023-01-05,4386.5244140625,4412.720648607483,4314.175994912848,4412.720648607483,468816
2023-01-06,4345.32470703125,4431.340442051194,4327.051658683804,4399.400085907328,299640
2023-01-09,4365.37939453125,4409.402315004273,4338.984889248357,4381.86943182772,407803
2023-01-10,4423.763671875,4445.89917661261,4363.696095378739,4367.6576896550705,557940
2023-01-11,4318.73193359375,4439.412091387263,4294.417359487262,4431.043030358068,462687
2023-01-12,4317.89013671875,4340.322567460816,4283.721386281959,4328.982794065883,207917
2023-01-13,4293.92236328125,4328.041787745436,4227.070459237128,4323.089794853278,366497
2023-01-16,4253.41552734375,4322.347371104559,4243.858276950917,4322.347371104559,210854
2023-01-17,4281.34423828125,4294.813754555297,4233.953573494411,4274.75818499664,294500
2023-01-18,4298.1318359375,4310.214892815071,4263.666156610497,4295.358913175313,331806
2023-01-19,4276.689453125,4298.131485270398,4244.501499864942,4298.131485270398,162244
2023-01-20,4244.10498046875,4280.947996442192,4223.257286422402,4260.694154594613,242706
2023-01-23,4293.8232421875,4311.699741142079,4245.739106290927,4253.167094819368,161350
2023-01-24,4263.666015625,4308.184626577291,4249.602161927173,4308.184626577291,178860
2023-01-25,4183.79052734375,4276.5412618365735,4153.731832362804,4273.5207394682,423714
2023-01-27,4203.3994140625,4244.204022952536,4151.849369045314,4187.404576082956,421866
2023-01-30,4197.01220703125,4219.097901670852,4083.413297790826,4195.823535311869,623069
2023-01-31,4215.037109375,4262.4277769039145,4087.4241589697062,4198.794669807527,671038
2023-02-01,4221.7216796875,4310.213874214238,4171.062897806357,4233.953196752268,321331
2023-02-02,4190.87109375,4221.078246853953,4129.961588310883,4221.078246853953,479256
2023-02-03,4210.77880859375,4218.899787004419,4118.077402384236,4204.242081077701,413966
2023-02-06,4279.21484375,4294.021010654902,4149.422834677475,4170.56793863661,257669
2023-02-07,4274.16455078125,4318.1381545354225,4230.339410107353,4263.666228274082,319090
2023-02-08,4349.087890625,4362.012399031815,4261.239340592625,4278.521989752348,250175
2023-02-09,4347.15625,4362.161175210412,4283.473815384225,4305.609320143029,284239
2023-02-10,4373.84765625,4382.810569812851,4308.481351056114,4343.293763846066,359807
2023-02-13,4316.80029296875,4396.973244380372,4286.444675889751,4387.861384811424,272935
2023-02-14,4227.86328125,4338.391864889848,4210.233895509941,4338.391864889848,339582
2023-02-15,4444.8095703125,4470.659069270355,4129.961966959986,4129.961966959986,2724361
2023-02-16,4598.56884765625,4623.1803478978345,4456.941857564264,4466.648053334779,1419679
2023-02-17,4570.392578125,4624.12170176669,4532.063959159048,4595.597932147614,408098
2023-02-20,4566.33203125,4605.304314153454,4531.420479457992,4548.900918601189,232327
2023-02-21,4458.82373046875,4595.44940791944,4447.880019604785,4566.727849119943,490637
2023-02-22,4406.38232421875,4492.39853576022,4397.369600615995,4461.745506931319,333978
2023-02-23,4405.341796875,4474.917290590096,4358.743741496613,4428.4183717790165,443522
2023-02-24,4433.7060546875,4448.929304641132,4360.565498241383,4418.23487064422,358946
2023-02-27,4403.06103515625,4457.606529144334,4378.564955975842,4447.937100664628,215703
2023-02-28,4365.2763671875,4436.433452892778,4325.259707157645,4412.2351819203095,312308
2023-03-01,4377.32568359375,4409.259787584704,4301.408460121853,4365.276183857498,287008
2023-03-02,4365.82177734375,4413.425120221169,4345.143978432122,4392.400116751811,313250
2023-03-03,4371.8701171875,4408.2670262659285,4357.589213996634,4380.250481048378,168868
2023-03-06,4384.56591796875,4451.80545254417,4375.590412953731,4379.507965452868,242661
2023-03-08,4339.8876953125,4404.499706427038,4323.97052046663,4378.41674966637,246734
2023-03-09,4381.6396484375,4500.747275227774,4348.912350452039,4362.647995092156,684685
2023-03-10,4281.57421875,4363.343083323723,4256.18566860292,4363.343083323723,328154
2023-03-13,4309.0947265625,4399.293347276176,4286.284788999568,4291.243471078466,496455
2023-03-14,4264.0693359375,4318.763494027254,4239.672527003045,4309.094065456896,279237
2023-03-15,4293.02783203125,4331.854694942771,4273.688974495275,4298.928856618925,279479
2023-03-16,4283.35888671875,4333.888049784894,4230.747464618388,4295.160937226177,300181
2023-03-17,4310.58203125,4340.036794447671,4261.193754879197,4304.135744995973,368653
2023-03-20,4277.35888671875,4317.920806671444,4160.333997167901,4286.284513887882,563835
2023-03-21,4238.681640625,4317.921287127617,4230.747748925187,4284.3015178989235,239304
2023-03-22,4249.68994140625,4259.508035371931,4176.301444405663,4239.722699576627,302705
2023-03-23,4237.73876953125,4263.8217257938795,4208.482547531677,4240.664585429711,233054
2023-03-24,4247.953125,4318.663718630879,4225.787725250194,4242.1513716868585,354933
2023-03-27,4282.41650390625,4371.47422766074,4241.656046173735,4269.127334676766,495895
2023-03-28,4297.7890625,4307.607156245152,4209.970511635538,4298.978855660634,343628
2023-03-29,4326.94580078125,4343.805319143221,4275.474779807781,4297.788848228037,250790
2023-03-31,4275.2763671875,4364.582520916168,4264.41714411139,4348.615467962385,465663
2023-04-03,4199.35888671875,4308.05328691319,4185.276036929901,4307.6068118597095,493574
2023-04-05,4166.234375,4214.878841817083,4133.556473574966,4214.878841817083,622533
2023-04-06,4167.22705078125,4190.0863816024785,4148.582115505867,4182.15249022903,286725
2023-04-10,4201.9873046875,4208.582255177434,4152.697809822356,4180.169102963845,323560
2023-04-11,4236.00341796875,4251.375331901474,4186.267935222774,4227.772199690385,284178
2023-04-12,4284.49951171875,4293.177204657197,4231.24307678658,4252.26808080452,304498
2023-04-13,4361.953125,4444.069172723949,4284.597701573112,4293.22600019228,1257056
2023-04-17,4350.4501953125,4411.640039740813,4304.135912418152,4373.557459392638,334963
2023-04-18,4302.796875,4347.871486402299,4258.416672750393,4343.805270464253,409038
2023-04-19,4284.59814453125,4319.011587850507,4186.664184875627,4319.011587850507,517278
2023-04-20,4312.46630859375,4322.8301472966,4198.168692636776,4284.59841991464,484517
2023-04-21,4325.259765625,4391.408777172982,4282.764248301647,4304.135974013267,485292
2023-04-24,4362.69677734375,4425.325303480035,4326.2504733267915,4326.2504733267915,571150
2023-04-25,4380.00390625,4409.508064794309,4346.880006615902,4373.508226386663,252655
2023-04-26,4373.9541015625,4451.607351872571,4364.631876294699,4383.4254746866445,438486
2023-04-27,4380.9951171875,4401.821579544248,4328.9783544122665,4383.3257943480985,400508
2023-04-28,4476.400390625,4491.573762518582,4394.334210707047,4406.235046465541,713399
2023-05-02,4453.689453125,4535.507702849534,4439.90441456612,4492.317778057091,384900
2023-05-03,4478.1357421875,4487.061368633679,4444.961970197376,4472.482651739762,287955
2023-05-04,4515.57373046875,4532.135435454722,4462.813167764688,4472.73053035972,391146
2023-05-05,4564.46630859375,4591.739056771116,4484.13566850769,4512.4001529824145,332169
2023-05-08,4586.8798828125,4621.49138452979,4547.111158383925,4572.896303447825,274255
2023-05-09,4555.09521484375,4609.492059640144,4544.434047288023,4607.508586606521,207566
2023-05-10,4563.2763671875,4595.706340196416,4539.177367086533,4555.094542132122,293523
2023-05-11,4557.32568359375,4606.615172028484,4546.763788713806,4572.846744282942,409446
2023-05-12,4567.193359375,4601.656194017697,4497.523887903073,4557.028062825715,427837
2023-05-15,4587.62353515625,4650.251586675211,4553.160698168201,4571.855024577874,401847
2023-05-16,4517.4580078125,4603.887727419633,4503.474429471173,4586.7802766580435,310725
2023-05-17,4445.111328125,4561.590965140506,4421.160990269235,4542.202227450562,266803
2023-05-18,4405.29248046875,4492.466001141614,4396.3668541012985,4472.73054635616,167057
2023-05-19,4410.39990234375,4428.102491797382,4373.8049304477945,4418.185128993804,177405
2023-05-22,4567.24267578125,4586.780073251203,4415.160311992687,4422.9450540173475,361967
2023-05-23,4512.79736328125,4578.896499624169,4495.541246213873,4566.946269317204,433331
2023-05-24,4498.962890625,4568.929701581697,4485.971046632107,4503.425704529302,225979
2023-05-25,4530.39990234375,4559.953933459536,4493.50760399445,4531.242975014567,202680
2023-05-26,4571.8056640625,4581.822298837791,4513.6404193908,4552.070205988195,289579
2023-05-29,4602.10302734375,4626.449960446742,4542.796904505598,4596.69787066895,332364
2023-05-30,4561.14453125,4755.376209024702,4497.971210845777,4633.392627437624,1298380
2023-05-31,4583.755859375,4691.904510934893,4487.606829841553,4561.987053540584,1655511
2023-06-01,4774.466796875,4806.946162840136,4647.276608019161,4650.251817115205,1692479
2023-06-02,4926.251953125,4960.863940369859,4766.2850678706345,4799.656900387556,1326161
2023-06-05,4909.29296875,4967.805407384407,4893.276040947169,4926.896287152724,698352
2023-06-06,4899.2763671875,4928.383923103246,4853.061360883436,4927.937448090281,382992
2023-06-07,4984.91357421875,4998.351408612836,4909.144526580051,4923.425918001687,552840
2023-06-08,4885.9375,4986.99533117871,4879.342550515725,4978.516179591247,411502
2023-06-09,4885.9873046875,4924.813683043812,4866.499299467038,4885.937427325963,249400
2023-06-12,4884.0537109375,4953.72319125495,4874.433674405121,4908.103318022171,343835
2023-06-13,4910.13671875,4948.76504844794,4876.120351093468,4884.302177075371,308751
2023-06-14,4967.60693359375,4981.044766237884,4910.135623544342,4923.970538090031,360156
2023-06-15,5175.62353515625,5216.334114366634,4976.53248372006,4998.3012880238975,1712253
2023-06-16,5157.078125,5250.25194357551,5120.383882100058,5175.623787407385,797312
2023-06-19,5102.4833984375,5218.46715548824,5092.863362374597,5176.863622904519,327818
2023-06-20,5119.39208984375,5154.945932465507,5058.946053896802,5132.1858753011375,334154
2023-06-21,5076.4501953125,5130.251889690171,5044.565970055903,5127.128017188457,410174
2023-06-22,5024.13671875,5112.401260394048,5013.227618097365,5087.508579328321,329800
2023-06-23,5003.75634765625,5042.384187839478,4959.673473316093,5042.384187839478,335552
2023-06-26,4995.32666015625,5013.227307784252,4958.731201016952,5008.2192328567835,430106
2023-06-27,5100.3017578125,5107.442453582043,4995.326847401441,4998.351449719125,556456
2023-06-28,5084.533203125,5133.178163622201,5073.872036928132,5102.483728640612,362944
2023-06-30,5056.06982421875,5106.400437719379,5022.20164468294,5085.623370073346,411015
2023-07-03,5026.615234375,5100.003717623249,5018.1854761640525,5085.127673721577,150815
2023-07-04,5067.72314453125,5082.3512550851265,5010.301224858358,5077.59063025544,233404
2023-07-05,5035.6904296875,5105.955053198727,5008.66561174059,5082.649246895888,279982
2023-07-06,5239.39208984375,5266.119575928544,5028.301412883593,5047.937597264838,1251554
2023-07-07,5103.72314453125,5231.359805307951,5087.607428991074,5231.359805307951,559765
2023-07-10,5115.7236328125,5160.5004350974095,5068.516882612489,5137.045965733533,271366
2023-07-11,5213.55810546875,5228.83074874204,5122.417629768533,5157.029132287902,503174
2023-07-12,5208.6484375,5244.748026194699,5162.830511016038,5218.169202823368,263391
2023-07-13,5139.177734375,5246.185989038496,5125.293425559629,5246.185989038496,338327
2023-07-14,5129.06201171875,5155.492173618725,5054.136521976433,5137.194443725862,508041
2023-07-17,5176.16943359375,5274.996350096142,5109.624310674958,5109.624310674958,469609
2023-07-18,5119.9384765625,5280.004635957327,5064.252574105033,5163.475608022506,511024
2023-07-19,5132.83056640625,5180.7811140637305,5119.937994317171,5119.937994317171,265631
2023-07-20,5152.5166015625,5166.946171163509,5090.235270794203,5127.276718793732,276787
2023-07-21,5161.88818359375,5209.590796589189,5082.697942996616,5087.656624508693,313184
2023-07-24,5137.9873046875,5182.516652607493,5101.491602010805,5101.491602010805,249814
2023-07-25,5169.12841796875,5176.863767831371,5111.210627498681,5111.210627498681,547945
2023-07-26,5113.14501953125,5211.574858679478,5100.5497733674165,5153.062410218567,297720
2023-07-27,5172.40087890625,5221.491827713816,5101.690271595068,5104.219005562409,363050
2023-07-28,5302.7646484375,5319.673558798943,5134.218869109271,5134.218869109271,453505
2023-07-31,5130.69873046875,5295.822836504808,5115.921471120154,5295.822836504808,689230
2023-08-01,4990.81396484375,5166.946439357076,4980.053528480672,5166.946439357076,1044095
2023-08-02,4955.45849609375,5002.020710383957,4934.879967291239,4991.408937977654,1016605
2023-08-03,4955.01220703125,4988.433916232149,4915.342752429006,4919.012370678222,412037
2023-08-04,4939.14453125,4994.830916740687,4922.979421850976,4983.475341418444,358846
2023-08-07,4972.96240234375,4983.375633486365,4915.392303868077,4939.144097688487,608113
2023-08-08,4981.8388671875,5013.227225668098,4938.995663370526,4975.541244545371,519420
2023-08-09,4940.18603515625,4984.466966973001,4917.0288942005855,4981.83896245686,268668
2023-08-10,4881.82177734375,4940.284824018251,4863.078058735037,4940.234946657135,370166
2023-08-11,4865.607421875,4970.582816229829,4771.392464264897,4889.260431766373,1066479
2023-08-14,4781.0126953125,4886.830682507443,4690.913343234309,4822.814289249142,832136
2023-08-16,4901.06103515625,4913.011746926706,4714.81317029615,4760.333765075446,667417
2023-08-17,4852.31787109375,4919.012138495734,4832.2846037667,4899.673280289954,375779
2023-08-18,4817.1455078125,4863.495165528786,4794.045147731082,4843.574403901114,336848
2023-08-21,4900.9033203125,4913.621230473063,4808.849713627914,4849.585837235092,243126
2023-08-22,4887.986328125,4927.083162894178,4874.573216066305,4916.05450706264,175172
2023-08-23,4913.77001953125,4954.903470463655,4879.3926094740345,4926.090115612353,597123
2023-08-24,4888.28466796875,4951.425456711345,4868.562328477757,4923.108886927805,534065
2023-08-25,4834.18505859375,4881.4787963139115,4814.810562931932,4868.463012456968,249504
2023-08-28,4873.87890625,4880.237619068055,4810.837073957718,4843.525233793508,204098
2023-08-29,4847.00244140625,4913.173899753207,4827.627943722693,4874.424904386094,591619
2023-08-30,4843.126953125,4858.477708556124,4813.816819753949,4850.529197811432,396122
2023-08-31,4783.1162109375,4880.18711578481,4774.869339237909,4855.994222207823,488260
2023-09-01,4809.197265625,4818.735576380771,4770.2993347930515,4808.849421221771,206097
2023-09-04,4793.79736328125,4838.6566808615025,4786.594024279968,4828.721040859734,354446
2023-09-05,4952.4189453125,4959.870674089679,4800.949944312959,4828.720247611345,800554
2023-09-06,5000.70654296875,5011.1884480181625,4922.11554175197,4947.948203053051,535407
2023-09-07,4996.6826171875,5012.430702912539,4954.903446907198,4997.57721285852,334709
2023-09-08,4953.064453125,5017.298255411724,4945.911084887742,5007.561524281051,292671
2023-09-11,5063.15283203125,5073.932613686886,4971.546034060633,4971.79442506908,543287
2023-09-12,4947.15380859375,5092.015238293047,4934.038570412346,5078.105343007955,483061
2023-09-13,4978.7490234375,4988.883569925422,4913.173801815693,4942.980720734696,232238
2023-09-14,5051.82568359375,5067.176441575169,4963.349002723286,4968.813604768121,414391
2023-09-15,5059.0283203125,5117.2512601349035,5029.122435929873,5051.824982253432,658355
2023-09-18,5042.48583984375,5128.77696346523,5034.736235310473,5067.176000324036,371912
2023-09-20,4974.07861328125,5027.234280379209,4897.276320109175,5018.93841016733,509910
2023-09-21,4987.74072265625,5014.467982144869,4943.428156735782,4957.884318760066,422586
2023-09-22,4957.4375,4984.512121391311,4923.110054823568,4980.736771913329,348459
2023-09-25,5064.24560546875,5080.540444509609,4940.84523768049,4982.624413234877,386746
2023-09-26,5021.1748046875,5064.195933749811,4997.875533793405,5064.195933749811,267102
2023-09-27,5072.49267578125,5085.905791397843,4987.691881133045,5021.473061204464,460768
2023-09-28,4987.7900390625,5112.382850289826,4962.851489106536,5072.491358270975,407714
2023-09-29,5104.68359375,5153.567138068235,4994.249048873146,5021.472606260036,410567
2023-10-03,5086.0048828125,5121.773188577404,5033.395472361143,5105.876163793002,268482
2023-10-04,5014.9150390625,5064.046974901798,4950.233923023097,5052.273143998666,442482
2023-10-05,5014.5673828125,5047.156575634616,4994.2987726611755,5022.416927134969,363289
2023-10-06,5027.68212890625,5051.279273427079,4996.434347685309,5017.49809811305,407753
2023-10-09,5014.81494140625,5033.394780625083,4954.952715679313,4967.819562401384,176296
2023-10-10,5034.0908203125,5051.825549275541,5000.607520072563,5036.326339271403,202645
2023-10-11,5060.07275390625,5106.919201695621,5032.401898168934,5040.300926398241,336099
2023-10-12,4961.70947265625,5081.036601135263,4840.345732117168,5060.022335295826,1029595
2023-10-13,4985.00830078125,4996.732646682587,4901.996225340447,4956.8411504096,410013
2023-10-16,4989.3798828125,5016.951280220352,4954.306787098806,4997.626268882648,259806
2023-10-17,4996.43408203125,5035.381982025019,4979.941308953995,5017.497831339058,217907
2023-10-18,4945.21630859375,5007.512964058392,4906.666220309883,4988.68473262328,341459
2023-10-19,4964.88818359375,4987.641184515832,4903.3866765597795,4945.215812860479,231958
2023-10-20,4945.513671875,4967.769890785547,4908.702324362259,4957.983189589226,252447
2023-10-23,4937.5654296875,4978.301550779644,4912.32900291668,4944.967675014576,363474
2023-10-25,4828.62158203125,4939.354483782581,4800.404461485521,4928.077435365452,894230
2023-10-26,4729.66259765625,4828.621670810383,4695.58354591719,4828.621670810383,836962
2023-10-27,4799.11279296875,4829.267070788232,4746.056089843552,4749.186204401943,333727
2023-10-30,4810.587890625,4837.066270859664,4752.265497121073,4808.849153844168,234759
2023-10-31,4788.87890625,4868.11563325915,4774.273806900162,4800.901127375672,276660
2023-11-01,4765.6787109375,4824.746278605614,4759.171061474648,4803.8814367912155,281746
2023-11-02,4855.546875,4863.495386356661,4779.241360031512,4806.6633361010845,214035
2023-11-03,5120.0341796875,5132.254822786281,4905.274933780561,4918.88695458507,1262458
2023-11-06,5131.70849609375,5194.352511264611,5094.49933081662,5107.9619287519035,399720
2023-11-07,5103.78955078125,5148.599386143626,5088.0909478202675,5116.8548209176015,222204
2023-11-08,5078.05517578125,5120.480059610728,5054.706426122076,5101.950191483398,400498
2023-11-09,5263.50439453125,5278.805182089289,5089.083954809675,5114.37035098901,1032216
2023-11-10,5244.52734375,5303.644399154589,5185.062443932948,5265.888968812163,696409
2023-11-13,5187.04931640625,5245.023867433741,5166.731225582053,5216.210514117662,150128
2023-11-15,5191.322265625,5260.9212277554225,5173.487598285645,5249.843086503745,356675
2023-11-16,5304.3896484375,5333.4513945797235,5168.271384455119,5190.378182802622,449045
2023-11-17,5443.6875,5457.994724120591,5271.999355136937,5297.881987603034,735541
2023-11-20,5438.71923828125,5558.989952857328,5419.940492688854,5439.762286308109,526567
2023-11-21,5431.615234375,5484.770905960027,5387.501091806931,5464.601751731823,382979
2023-11-22,5496.39599609375,5504.2950238746225,5404.14348253722,5431.814336703639,302473
2023-11-23,5458.5908203125,5514.27988527864,5438.073336772575,5494.408606412771,234584
2023-11-24,5366.53662109375,5457.646626851791,5360.277362436813,5457.646626851791,270183
2023-11-28,5332.2587890625,5389.935467186381,5306.625033322094,5366.536745184876,362746
2023-11-29,5387.0537109375,5400.019525125462,5329.973273695591,5337.524455983837,277119
2023-11-30,5493.36572265625,5514.28005023275,5347.361302766245,5347.361302766245,775261
2023-12-01,5555.1650390625,5651.043961222111,5494.756544337605,5514.279979127868,546990
2023-12-04,5586.36279296875,5621.833220038902,5533.753872899893,5589.790782651679,936113
2023-12-05,5544.28564453125,5652.385206221425,5489.4407214577905,5573.893655634064,787929
2023-12-06,5507.4248046875,5602.707496977036,5473.295783644661,5498.532212671761,574427
2023-12-07,5426.25,5484.274037016,5406.47817463954,5454.914416670906,510609
2023-12-08,5519.59619140625,5536.6852021353925,5404.044400277809,5459.634503426411,456382
2023-12-11,5511.64697265625,5519.59548410857,5454.6659841547025,5514.279820047103,238128
2023-12-12,5394.0087890625,5514.279501982734,5368.424519301048,5514.279501982734,615205
2023-12-13,5391.8232421875,5416.910732281061,5334.842251818551,5368.176613897347,476781
2023-12-14,5480.39892578125,5497.339481071329,5417.009744094712,5459.434630820049,490550
2023-12-15,5515.47265625,5552.035617297709,5464.601985529242,5494.40890545031,349758
2023-12-18,5463.26025390625,5571.658176634268,5458.640278619529,5514.776641149927,428321
2023-12-19,5519.74462890625,5638.823367599793,5468.278209375655,5473.344997505827,682732
2023-12-20,5367.431640625,5569.7208831315065,5340.505959168323,5519.744807933255,437044
2023-12-21,5440.607421875,5517.26078597421,5250.836701521845,5309.605913964736,487514
2023-12-22,5505.73486328125,5513.286045900764,5427.541675933643,5474.5370540481545,220537
2023-12-26,5596.89501953125,5608.668850106153,5490.5836702024,5505.735521391793,243281
2023-12-27,5650.845703125,5678.218196965668,5579.4580334897455,5598.733077848037,307177
2023-12-28,5723.4248046875,5732.863661669451,5638.226700876728,5638.475091849937,568149
2023-12-29,5667.388671875,5721.885755864812,5640.76086482855,5703.057523469661,325682
2024-01-01,5713.0419921875,5727.895966763875,5671.113886081183,5704.050432817243,127030
2024-01-02,5709.36669921875,5745.432879063151,5643.44362951177,5701.169796059688,166449
2024-01-03,5731.1748046875,5748.761080860353,5636.537837360858,5693.121499020018,198997
2024-01-04,5725.11474609375,5802.364348054975,5694.612136858734,5731.175098458222,220702
2024-01-05,5717.21533203125,5771.414051189904,5678.217947179666,5725.114359451551,144894
2024-01-08,5645.43017578125,5737.682682492414,5603.700491271779,5712.992522129917,157009
2024-01-09,5760.33642578125,5811.356035964532,5638.178018861071,5665.501029801236,329437
2024-01-10,5763.56494140625,5781.846420807556,5684.477155044221,5762.670830891254,239740
2024-01-11,5832.12109375,5854.0789546776605,5764.906587708495,5766.645324668897,213210
2024-01-12,5758.3984375,5883.885362886043,5705.888488829499,5832.220040550671,250919
2024-01-15,5858.45068359375,5886.02208464562,5766.645466848772,5797.4459509067165,375458
2024-01-16,5866.54833984375,5929.043905873808,5791.4847709137175,5844.143664867814,347797
2024-01-17,5887.7607421875,5941.860495414615,5793.720007707492,5835.052366655163,378205
2024-01-18,5952.29296875,5990.147854065309,5800.426614773294,5920.647858416249,591170
2024-01-19,6055.42431640625,6080.611259090504,5912.698954713658,5948.46725623772,326813
2024-01-23,6114.14404296875,6387.324639967818,6094.173310919503,6386.628951160369,982889
2024-01-24,6173.361328125,6189.904072639708,6044.198000766547,6113.945906456892,435151
2024-01-25,6129.14697265625,6198.050728522308,6079.71716692868,6170.081515663033,337391
2024-01-29,6289.01123046875,6308.13733595262,6138.0389985808815,6159.152231907231,554591
2024-01-30,6269.18994140625,6346.737902791648,6243.357277372207,6290.253692289477,304312
2024-01-31,6312.0625,6330.641855399328,6215.288979942651,6239.5818133830235,499281
2024-02-01,6247.48095703125,6335.957637305728,6227.460254290908,6249.169724750527,255111
2024-02-02,6279.87060546875,6318.12281861186,6250.808859119764,6279.3243393364555,239428
2024-02-05,6194.37451171875,6305.753128718198,6169.2375375736365,6279.870496464058,147909
2024-02-06,6157.4130859375,6257.36570680097,6115.435013054195,6219.660249578298,326654
2024-02-07,6138.18896484375,6208.632556070029,6115.386476776578,6197.603898539902,323738
2024-02-08,6190.8974609375,6322.246819546968,6110.418774637398,6161.587322099808,794455
2024-02-09,6395.91943359375,6432.283973710384,6173.609484382251,6229.050162577066,933104
2024-02-12,6571.87939453125,6634.821283911294,6333.970307891532,6423.291611754695,709946
2024-02-13,6675.6572265625,6696.621524505231,6555.783824045496,6571.879755296367,521773
2024-02-14,6710.63037109375,6731.395760619074,6656.878464376059,6675.557272578849,452781
2024-02-15,6584.9443359375,6720.863686194144,6543.214651280277,6706.556462767966,446114
2024-02-16,6558.068359375,6617.583228301985,6483.104250164831,6588.372059957472,391508
2024-02-19,6614.30419921875,6632.983492693269,6469.144408075428,6577.393395244466,334607
2024-02-20,6722.0048828125,6747.4131492989345,6601.078412969933,6630.564063809969,559251
2024-02-21,6722.7001953125,6784.158128585155,6680.087477540819,6747.363100247052,537325
2024-02-22,6731.701171875,6836.368123345939,6652.989246987088,6727.524244189091,564432
2024-02-23,6736.5234375,6749.2028060172925,6685.855977790408,6741.44621009606,352524
2024-02-26,6547.5263671875,6754.125486686771,6534.498840635703,6732.446447198475,453443
2024-02-27,6583.92333984375,6631.508357836955,6533.6035562828465,6551.50383999869,313760
2024-02-28,6327.1044921875,6593.2716903862465,6310.148652980312,6593.2716903862465,536602
2024-02-29,6067.798828125,6357.136749836006,6028.467633440517,6357.136749836006,1543361
2024-03-01,6051.68798828125,6073.168425660836,5908.93342117172,6068.196124673722,1749136
2024-03-04,5999.876953125,6137.5601717453865,5989.485134648651,6110.95835952127,551616
2024-03-05,6027.52294921875,6069.687965520066,5943.093373478652,6001.616969087564,724456
2024-03-06,6020.7607421875,6045.224562447615,5912.0664266728045,5991.623249908099,588776
2024-03-07,6015.291015625,6108.82029425535,5998.584277517605,6031.898696167612,738112
2024-03-11,6170.32763671875,6190.514985331968,6002.661543374261,6015.290897058803,521556
2024-03-12,6110.75830078125,6239.4913564847375,6073.66513284146,6205.431097655459,482112
2024-03-13,5975.11474609375,6145.764218599238,5923.054655961718,6145.764218599238,356191
2024-03-14,5989.78271484375,6061.234775639013,5946.871855343937,5975.114427240686,439181
2024-03-15,5950.05517578125,5997.441112873581,5908.685529389258,5981.678819699755,764270
2024-03-18,6102.5546875,6110.908541834608,5945.529515396355,5964.523802771782,419258
2024-03-19,6079.3349609375,6091.765714811712,6000.6230389449265,6043.335303487251,542392
2024-03-20,6139.84716796875,6166.349922332658,6039.804854372428,6113.941672451811,413963
2024-03-21,6148.25048828125,6179.9736731031,6071.776592262852,6155.609397007202,350032
2024-03-22,6340.5791015625,6355.496005525888,6134.52722616068,6134.9744419338,727548
2024-03-26,6287.42529296875,6427.644185790693,6274.546838723738,6362.5565693247445,629120
2024-03-27,6196.9296875,6363.948999680619,6185.542923097537,6319.795060495956,603420
2024-03-28,6321.5849609375,6390.004120058828,6078.638506947607,6196.929752368548,818070
2024-04-01,6421.47802734375,6520.675430762782,6337.446141740661,6365.539641957079,440465
2024-04-02,6384.18603515625,6433.660431394269,6368.7223728741765,6433.660431394269,213898
2024-04-03,6339.7333984375,6373.495516962107,6276.038415906984,6364.097673701281,289202
2024-04-04,6404.92041015625,6439.129743648178,6291.352861991439,6389.406734044717,547885
2024-04-05,6362.30810546875,6444.102461558751,6346.197655084335,6404.9208245713235,239001
2024-04-08,6272.806640625,6362.308063106273,6245.210368693274,6362.308063106273,491584
2024-04-09,6469.01318359375,6503.769762103389,6295.878049794494,6312.634315842869,592624
2024-04-10,6453.89794921875,6479.803444495277,6415.263071399127,6469.013453669791,174947
2024-04-12,6371.0595703125,6442.014411275882,6327.452873731659,6414.269065456845,450885
2024-04-15,6268.23193359375,6363.6505873796505,6248.193656972259,6290.060529984147,251305
2024-04-16,6299.65673828125,6312.4356489387765,6167.64214701769,6265.049717626846,290190
2024-04-18,6040.50048828125,6299.308762253649,6019.66683787977,6271.1657320714085,518459
2024-04-19,6135.3720703125,6164.659119044691,6016.484541090559,6105.985964015874,560178
2024-04-22,6203.98974609375,6223.3321920236685,6115.930485929301,6120.405557016566,197001
2024-04-23,6160.58203125,6268.878661084158,6146.7591301595985,6206.9239784648325,217146
2024-04-24,6248.5419921875,6275.541491219393,6151.880260369384,6195.387896886435,207837
2024-04-25,6348.7333984375,6366.7332249983965,6134.675842460994,6245.209995505038,520353
2024-04-26,6223.92919921875,6344.656579973198,6216.42073276657,6344.656579973198,261065
2024-04-29,5935.28662109375,6165.653228893527,5701.240316330095,6165.653228893527,2785015
2024-04-30,5914.15478515625,5989.634222742324,5868.31006946745,5966.761636469192,1040838
2024-05-02,5925.541015625,5966.761587824743,5906.547213031466,5914.154736940682,572406
2024-05-03,5976.30810546875,5994.307932175191,5927.032311291866,5966.7611904487785,563849
2024-05-06,6023.1474609375,6052.434023324707,5953.038014819508,6016.484383175206,419144
2024-05-07,5867.56396484375,6046.3181909664845,5823.9567866966045,6046.3181909664845,455928
2024-05-08,5814.11181640625,5877.260041898732,5780.449240032401,5859.359757507163,511587
2024-05-09,5774.23388671875,5859.35978106055,5757.924835767241,5827.437509985339,598157
2024-05-10,5810.08447265625,5848.420721002616,5721.378424265992,5787.709117066629,372227
2024-05-13,5797.8525390625,5810.034677565485,5758.124141984266,5787.758864275289,348407
2024-05-14,5830.3212890625,5861.994944757767,5708.201766067734,5822.564693436686,558136
2024-05-15,5816.39892578125,5850.857361962913,5787.758664763453,5837.432148565266,509306
2024-05-16,5898.83984375,5911.568740254666,5817.592250061367,5857.370658608796,378026
2024-05-17,5920.0712890625,5939.910964918684,5877.359513449748,5892.176873789252,267904
2024-05-21,5915.2978515625,6008.428951656313,5887.602038032164,5966.761166624638,606639
2024-05-22,5835.64111328125,5925.590226247694,5812.569929616775,5925.590226247694,735701
2024-05-23,5936.9775390625,5958.259378012659,5828.134150219865,5845.885363747769,308200
2024-05-24,5881.5859375,5938.767400521655,5834.498148661694,5905.402968578033,608807
2024-05-27,5906.3974609375,5926.485751851865,5885.2156522291025,5917.038379649063,189637
2024-05-28,5871.791015625,5938.370328916604,5847.7248814201885,5911.221270575028,314362
2024-05-29,5870.74658203125,5912.066211363753,5848.321211952713,5877.160559325219,337183
2024-05-30,5734.505859375,5869.056145334891,5718.146793014889,5867.31583978919,643549
2024-05-31,5806.8525390625,5926.33684207595,5711.185267908286,5823.509748402124,1382132
2024-06-03,5818.78564453125,5984.810481522877,5780.3493698154325,5953.136827429214,804820
2024-06-04,5813.31640625,5930.712243089998,5661.6612199877945,5718.494525461947,642000
2024-06-05,5901.7734375,5911.8175831606,5744.797789604321,5882.232390663183,487289
2024-06-06,5928.97216796875,5941.900151562107,5867.315630831202,5936.927850180046,490549
2024-06-07,5981.23095703125,5997.590023070682,5932.403345138668,5954.579615427206,436163
2024-06-10,6023.1474609375,6041.345888890806,5958.855218695931,6006.539780888966,443756
2024-06-11,6074.11328125,6133.084575990469,6025.633347230861,6048.058230172286,521348
2024-06-12,6134.427734375,6154.565554894163,6041.34615574894,6083.411631047337,321285
2024-06-13,6171.8193359375,6176.144849520622,6125.875078617354,6173.559641357561,401804
2024-06-14,6173.21142578125,6185.493106746791,6140.791925142165,6175.598033219894,216573
2024-06-18,6201.80224609375,6215.177445043382,6132.040957021441,6190.515025197609,267887
2024-06-19,6139.349609375,6234.271030250494,6094.101670010445,6230.293189427236,401714
2024-06-20,6141.63720703125,6159.388418958555,6081.870051081025,6131.543532978869,252844
2024-06-21,6135.81982421875,6204.537125524207,6110.958317637636,6118.118625763517,434583
2024-06-24,6224.87353515625,6260.127345654195,6122.046441240431,6135.819812976391,357273
2024-06-25,6260.47509765625,6280.016143410039,6207.66916408572,6223.331912186861,348730
2024-06-26,6102.8037109375,6250.829222158528,6091.06927375084,6245.011532349152,538411
2024-06-27,6158.1953125,6166.051451633224,6021.457023364957,6081.8704856555305,440975
2024-06-28,6151.43359375,6188.029540473974,6111.10793512959,6188.029540473974,334692
2024-07-01,6106.4833984375,6145.76457981333,6074.611140437763,6145.76457981333,374933
2024-07-02,6063.82080078125,6129.604247937101,6043.334822910365,6100.764901242284,436037
2024-07-03,6158.39404296875,6183.305077428613,6045.373249690907,6098.278728006371,188203
2024-07-04,6190.564453125,6209.409668691468,6126.869469700214,6166.598350071698,222050
2024-07-05,6293.4912109375,6307.712283835749,6124.8806700476125,6166.648000481449,350300
2024-07-08,6282.453125,6352.562572897371,6257.93929128123,6344.656419648639,317731
2024-07-09,6285.287109375,6315.220460898839,6221.2439644998185,6274.348046302099,176239
2024-07-10,6340.38037109375,6381.451384935202,6266.243068567219,6285.286885122135,295890
2024-07-11,6353.65625,6376.131149416012,6304.878167555664,6360.468400025002,354777
2024-07-12,6318.70068359375,6384.385072354621,6284.988579310489,6349.827579770596,211028
2024-07-15,6401.58935546875,6430.876404570304,6305.375324610604,6305.375324610604,359221
2024-07-16,6417.94873046875,6428.191477484831,6367.5293982573285,6401.589664053098,298376
2024-07-18,6484.7265625,6503.472236322672,6394.379746877148,6396.368667482709,583444
2024-07-19,6346.59521484375,6489.101161597413,6329.738920894607,6489.101161597413,228785
2024-07-22,6366.68359375,6398.357249834364,6334.860865743363,6346.595788041587,222285
2024-07-23,6368.1259765625,6438.53357049252,6289.76221477814,6368.523663561139,284679
2024-07-24,6387.02001953125,6408.251841390932,6314.871642461446,6364.545122452339,309594
2024-07-25,6350.423828125,6398.50607649474,6336.700471428688,6369.318572154684,412373
2024-07-26,6627.62939453125,6642.9444697553445,6358.130685908097,6397.362334216768,432671
2024-07-29,6644.63525390625,6739.457136167379,6579.746722382726,6739.457136167379,367708
2024-07-30,6604.21044921875,6675.960658369286,6547.625758717602,6644.635160831205,264929
2024-07-31,6578.65283203125,6649.707212576285,6547.675491725978,6627.331856494038,352268
2024-08-01,6669.248046875,6697.6897068135495,6570.001109295568,6578.652622025413,361725
2024-08-02,6672.97802734375,6758.203473657495,6643.989605226516,6669.24880102739,587569
2024-08-05,6650.55224609375,6719.070457948023,6563.486962726471,6651.944393282665,907845
2024-08-06,6620.81787109375,6697.689450361828,6594.315118289432,6652.093353053687,334936
2024-08-07,6683.12060546875,6730.506536197739,6625.093756523246,6664.076790029601,358284
2024-08-08,6505.6591796875,6706.98784433008,6463.99139381799,6702.661845282039,509454
2024-08-09,6551.35498046875,6561.448654776042,6493.825358546158,6545.785906016914,115598
2024-08-12,6466.37841796875,6555.382612896779,6385.3799196286345,6513.714824341823,230114
2024-08-13,6552.89599609375,6605.204700138739,6474.2340965423355,6474.2340965423355,400126
2024-08-14,6479.75341796875,6826.969090396383,6424.461335212415,6563.437144445174,1723346
2024-08-16,6660.0771484375,6687.865137603918,6529.7023168916085,6529.9017091728565,611092
2024-08-19,6697.9248046875,6729.796445434941,6538.715902001771,6722.924220163302,398225
2024-08-20,6646.1337890625,6761.369891614773,6623.325742042407,6747.824346216136,146064
2024-08-21,6725.36474609375,6761.269947692598,6600.517453138968,6648.225219245503,291296
2024-08-22,6803.15087890625,6830.490965093489,6723.92016700877,6733.431665205967,344641
2024-08-23,6833.1806640625,6899.612826292235,6803.300999584239,6836.467232626043,468784
2024-08-26,6752.8037109375,6850.410608234237,6582.290242763536,6802.603148333795,385016
2024-08-27,6754.248046875,6823.269872145192,6706.988186552672,6752.803668670495,297297
2024-08-28,6749.26904296875,6821.02984727093,6719.488586387282,6758.680846094708,250361
2024-08-29,6829.6943359375,6879.643075106448,6733.182635804537,6772.623888059406,659960
2024-08-30,6899.71240234375,6961.961702256632,6823.519259250384,6837.463102430869,499581
2024-09-02,6852.4521484375,6970.925203802718,6837.5123173106185,6960.965316384797,248292
2024-09-03,6817.39404296875,6898.019044630054,6807.03585670109,6863.309223967324,361990
2024-09-04,6903.09814453125,6910.169761730667,6762.813035600574,6810.57088940823,389768
2024-09-05,6906.48486328125,7015.745027935887,6872.522034643088,6903.098598664039,387284
2024-09-06,6879.09521484375,6934.522380344161,6830.391460032308,6906.484906706516,185503
2024-09-09,6833.1806640625,6900.210516846332,6793.0921142208335,6879.095359419296,304409
2024-09-10,6893.7861328125,6947.868616828162,6833.180602962473,6872.322768549933,354522
2024-09-11,6872.57177734375,6926.056570900872,6845.8794717992205,6872.322780141571,223028
2024-09-12,7033.4736328125,7067.985034376988,6887.262669017379,6915.150355891202,831152
2024-09-13,6990.99462890625,7071.470815056651,6979.939056055574,7067.735857088359,238034
2024-09-16,7003.14599609375,7034.619339662762,6982.379532201105,6996.821369904109,226343
2024-09-17,6979.939453125,7123.760631863761,6971.822241276675,7003.195889995092,266003
2024-09-18,7007.67724609375,7039.648582676887,6932.828787757235,7001.701313510832,251334
2024-09-19,7002.05029296875,7096.0715388508,6983.325897972859,7039.648870339338,407897
2024-09-20,7054.23974609375,7091.4400238203125,6989.749473405215,7011.661226287806,493357
2024-09-23,7124.1083984375,7153.191465535991,7061.958795416672,7061.958795416672,254282
2024-09-24,7093.431640625,7171.11876053075,7047.815551927337,7047.815551927337,333949
2024-09-25,7104.8359375,7116.28980779336,7045.77351454154,7064.299002019671,236185
2024-09-26,7139.0986328125,7165.094038541609,7065.9430587155,7079.488604068855,405696
2024-09-27,7204.98291015625,7250.698698373635,7081.480300139749,7130.582352980152,772592
2024-09-30,7170.27294921875,7287.600726184317,7131.778077876355,7131.778077876355,442794
2024-10-01,7124.65625,7214.892928368183,7106.3797591013445,7172.613011235926,310719
2024-10-03,6878.24853515625,7171.118825435437,6828.449098868504,7064.896725098199,655420
2024-10-04,6746.4296875,6930.388523100485,6700.365206493092,6874.414245540814,429272
2024-10-07,6745.9814453125,6829.993197880158,6716.101781304275,6773.719830664667,260810
2024-10-08,6896.5244140625,6912.161631302128,6721.629186051907,6791.646997672797,345891
2024-10-09,6980.7861328125,7041.641148631688,6908.576941401496,6931.086386609324,391824
2024-10-10,6927.15185546875,7026.750737575965,6856.436649172628,7026.651527751991,237853
2024-10-11,6955.38818359375,6990.795877710645,6902.302174358209,6953.99389651925,75315
2024-10-14,7064.14990234375,7072.914408810763,6933.82467720022,6948.8642045829965,168515
2024-10-15,7111.50927734375,7121.668557553225,7011.761097069711,7086.460256484516,322659
2024-10-16,7042.935546875,7106.579621517922,7027.697112461229,7056.680484381746,223419
2024-10-17,6961.2646484375,7074.110476509149,6932.7296652575005,7060.564930935862,183572
2024-10-18,6954.89013671875,7013.404479076011,6922.1222022632155,6955.288434976651,236651
2024-10-21,6958.3759765625,7003.793162594709,6929.591997831725,6944.282832466007,222611
2024-10-22,6864.30517578125,7009.022153282737,6843.9866152886925,6991.791741644362,112233
2024-10-23,6879.04541015625,6931.036218274933,6827.25399431984,6857.382654493906,109466
2024-10-24,6926.25537109375,6950.0098010833935,6843.090306836017,6909.4232577480325,147408
2024-10-25,6916.99267578125,6952.997572391807,6848.4683569169665,6926.255176771926,175261
2024-10-28,6898.51708984375,6942.0419953046385,6766.996962209259,6895.230521304736,238427
2024-10-29,6959.42236328125,6969.631248815988,6828.300044403761,6929.990601482619,196146
2024-10-30,6954.49169921875,7006.781110491072,6911.962783521535,6952.599417789615,191699
2024-10-31,6994.53076171875,7021.7210615129925,6928.147718937242,6971.821925215581,224153
2024-11-01,7003.74365234375,7017.737100485966,6972.668607185229,6994.530755923158,18769
2024-11-04,6930.48828125,7061.560502941484,6864.504024082176,7061.560502941484,273442
2024-11-05,6938.3564453125,6958.5252181125215,6786.916545804852,6892.2423593160765,246059
2024-11-06,6940.1494140625,7113.102765924989,6863.358582978836,6991.841133726807,459745
2024-11-07,7395.06787109375,7453.880817846269,7171.418284214943,7287.152382502199,2502817
2024-11-08,7391.630859375,7514.735166928777,7350.397022125166,7360.406514597787,1032481
2024-11-11,7126.74853515625,7424.250109680674,6954.591767007646,7370.317411293648,625620
2024-11-12,6991.39306640625,7203.837771667591,6972.917668484182,7132.52487550812,194183
2024-11-13,6831.337890625,6970.129027423095,6803.051905917854,6942.041948682719,299775
2024-11-14,6833.13037109375,6880.290537400829,6799.665050601561,6832.483075647031,192648
2024-11-18,6714.85693359375,6846.875543582557,6667.696765664991,6846.875543582557,268706
2024-11-19,6660.0771484375,6769.635912143735,6634.480529074262,6722.924136518968,290018
2024-11-21,6715.45458984375,6734.826766838141,6567.699551770419,6596.981525687408,258574
2024-11-22,6907.28173828125,6922.4204756211275,6724.517801045079,6724.517801045079,498633
2024-11-25,7046.62060546875,7118.331797496136,6903.0985252716355,6952.001671543729,639047
2024-11-26,7048.16455078125,7083.52215419796,7014.251325695136,7066.540739198721,179222
2024-11-27,6954.69140625,7086.858832358551,6942.042153564508,7048.1645690013365,227250
2024-11-28,6813.6591796875,7001.801369579959,6788.659763166003,6954.69129315865,412343
2024-11-29,6801.5078125,6864.803192472588,6784.675699060755,6839.504687918847,410883
2024-12-02,7037.45751953125,7051.600755122849,6793.73935019793,6830.491239919844,579743
2024-12-03,7097.96337890625,7106.777976542611,7048.163941777238,7075.902325522623,351470
2024-12-04,7203.33984375,7239.94243290613,7096.469951508705,7187.702624737906,604278
2024-12-05,7245.56982421875,7305.52854700212,7111.758626107617,7228.140019493662,510951
2024-12-06,7204.28564453125,7280.727785483219,7178.838325036564,7233.86670663391,189048
2024-12-09,7164.994140625,7198.957456038171,7134.0187916178675,7134.0187916178675,203674
2024-12-10,7229.18505859375,7279.134284217463,7186.258331879629,7199.803390025749,333300
2024-12-11,7311.35400390625,7334.461137379791,7187.104407642246,7226.595750542978,391192
2024-12-12,7198.11083984375,7289.293421045356,7160.661563251275,7270.718326967703,396742
2024-12-13,7230.33056640625,7248.158667373907,7175.302189181224,7192.034605283496,314999
2024-12-16,7230.08203125,7240.938211815018,7137.305286244866,7222.562024079061,219812
2024-12-17,7189.79443359375,7277.690448660714,7172.115631696428,7198.011341517857,237831
2024-12-18,7208.369140625,7238.348500340199,7148.858810677242,7204.235884428723,253532
2024-12-19,7268.27783203125,7283.915050632362,7108.770323872915,7119.327902358066,292899
2024-12-20,7222.6123046875,7360.257667516113,7181.128981367319,7295.418698211739,349055
2024-12-23,7235.95849609375,7300.498377302682,7156.179694097524,7222.014652570108,179062
2024-12-24,7210.958984375,7250.549539572363,7181.477618334569,7230.87876057493,146814
2024-12-26,7232.02392578125,7268.775814972087,7195.770030986828,7243.029893735596,116439
2024-12-27,7217.2333984375,7265.738247200788,7126.299816137304,7232.023929282693,189089
2024-12-30,7284.91064453125,7348.803224963915,7191.088310655739,7210.958480555935,428884
2024-12-31,7267.0830078125,7336.403925840035,7223.707403601825,7276.295904250112,212227
2025-01-01,7340.0888671875,7415.136721600807,7271.11664180525,7290.63811982779,341399
2025-01-02,7391.88037109375,7415.087202526482,7303.63566387098,7375.29725441015,265991
2025-01-03,7269.0751953125,7407.716549048129,7250.798702965628,7398.155445311148,180636
2025-01-06,7399.349609375,7443.02381264575,7261.504865789776,7269.074477436224,527272
2025-01-07,7406.919921875,7515.084405936943,7315.737339136088,7436.30159232181,398234
2025-01-08,7113.9990234375,7430.07615386966,7102.3958516413595,7418.871280313221,450295
2025-01-09,7063.10400390625,7134.964983091644,6963.057223235731,7111.359854591464,305521
2025-01-10,7008.5244140625,7110.364272141569,6988.704333568859,7061.560819370182,185381
2025-01-13,6812.1650390625,6971.921544035586,6728.949883696884,6971.921544035586,431086
2025-01-14,6679.94775390625,6871.326909528497,6656.293019292349,6827.1051029253595,362659
2025-01-15,6665.00732421875,6732.8342544451,6581.493571391098,6722.525673756861,547360
2025-01-16,6762.4150390625,6780.492137930959,6673.174348215843,6732.884069365978,579821
2025-01-17,6800.7109375,6817.5430502499685,6735.174585413292,6792.593726384755,166710
2025-01-20,6753.65087890625,6882.282737583675,6712.964638395654,6873.318838214897,120356
2025-01-21,6891.3955078125,6986.811522486259,6810.5711174807175,6810.5711174807175,799900
2025-01-22,6865.25048828125,6914.104026345765,6802.503199492876,6880.290015080764,247081
2025-01-23,6893.08935546875,6935.169883317082,6795.831143990335,6864.603977814577,271085
2025-01-24,6717.99365234375,6887.511130323293,6701.4606283273615,6887.511130323293,317194
2025-01-27,6668.59375,6702.805577989317,6647.578287969774,6673.1253047450455,191705
2025-01-28,6682.03955078125,6720.434726195839,6608.435586137206,6672.129267252453,202194
2025-01-29,6757.08642578125,6771.478658053845,6670.385797779168,6713.960306518253,146288
2025-01-30,6797.27490234375,6867.342812056165,6743.192904748861,6759.029029487476,204648
2025-01-31,6783.181640625,6852.4028613905,6761.917182736824,6794.884508883915,187712
2025-02-01,6813.6591796875,6912.162376228295,6782.932827479646,6782.982432391332,117096
2025-02-03,6771.37890625,6859.125613534109,6697.974826211083,6754.397492370044,250589
2025-02-04,6764.955078125,6789.257106704785,6679.399254229739,6757.783764494344,223642
2025-02-05,6916.79345703125,6979.889444177147,6769.188210065273,6798.768785351028,389639
2025-02-06,6846.67578125,6897.222211173037,6758.331383091911,6809.973497923129,334197
2025-02-07,6763.3115234375,6902.053054499303,6722.924372293009,6893.686845878313,259335
2025-02-10,6734.12890625,6806.935780818557,6659.18075314291,6789.854671095885,213808
2025-02-11,6292.009765625,6787.6634807121045,6257.299459658664,6772.623952991413,1728723
2025-02-12,6348.98046875,6468.001135191058,6190.070643775548,6324.130838972857,1133586
2025-02-13,6346.6396484375,6399.227659420889,6319.000960881246,6346.6892533454875,636246
2025-02-14,6254.18115234375,6363.296343685195,6214.385088677594,6360.653337657951,320088
2025-02-17,6283.80419921875,6300.560283147624,6133.994893360438,6133.994893360438,482329
2025-02-18,6360.25439453125,6373.370074355719,6303.552248815046,6303.552248815046,220118
2025-02-19,6405.93505859375,6418.253015318179,6267.895339784502,6331.7287808070905,195067
2025-02-20,6374.3173828125,6452.613082083915,6361.301053975747,6367.634625140561,165304
2025-02-21,6301.1083984375,6378.955565730267,6276.5728094792485,6345.741936683745,220428
2025-02-24,6235.13037109375,6258.669048502964,6219.770547643742,6258.669048502964,458224
2025-02-25,6235.0810546875,6263.606721027249,6196.880437645116,6234.731868155043,421160
2025-02-27,6169.10302734375,6265.9002570202465,6129.456477904209,6244.705560778983,397857
2025-02-28,6036.84814453125,6129.057250262549,5985.731523175903,6129.057250262549,845516
2025-03-03,6154.54150390625,6178.877907058175,5985.382779702358,6009.918857171232,373515
2025-03-04,6172.04541015625,6204.311317561263,6096.392710320739,6117.039033936698,445246
2025-03-05,6198.22705078125,6218.823212166801,6114.69500848266,6183.8646238955935,345922
2025-03-06,6257.77197265625,6275.625291133245,6200.87015106991,6238.721582332875,284475
2025-03-07,6199.9228515625,6298.316019985903,6181.171485889195,6275.874575676994,299433
2025-03-10,6133.595703125,6195.83320911127,6117.936367724691,6190.247685764061,266043
2025-03-11,6118.833984375,6139.679981720381,6024.280896238241,6114.046671182188,526709
2025-03-12,6127.76123046875,6141.924470558438,6047.969426043521,6118.136441462062,250139
2025-03-13,6089.759765625,6183.864314326566,6066.271250009453,6139.081265323298,247628
2025-03-17,6140.62744140625,6188.053986440044,5986.380009896248,5986.380009896248,287639
2025-03-18,6140.62744140625,6140.62744140625,6140.62744140625,6140.62744140625,0
2025-03-19,6410.822265625,6418.153234834269,6210.894223988234,6258.918817404511,579880
2025-03-20,6457.50048828125,6467.773487546892,6347.188229313708,6448.174724417698,457285
2025-03-21,6594.34326171875,6616.834867602567,6453.211515139204,6477.099380124182,496635
2025-03-24,6598.58251953125,6682.513913010905,6583.272856740102,6632.095174628822,389998
2025-03-25,6627.4072265625,6649.798507770052,6544.97193527686,6579.3324732484025,223668
2025-03-26,6502.83251953125,6662.615805969646,6474.157339228611,6636.48379468094,281646
2025-03-27,6475.154296875,6542.877977275219,6413.515325686059,6483.133476938838,728926
2025-03-28,6598.9814453125,6632.443936182036,6416.208355902318,6475.154157748995,413873
2025-04-01,6615.0390625,6644.562125090072,6528.614668904192,6581.825921467723,319668
2025-04-02,6714.62939453125,6728.842308720632,6615.0391580547775,6615.0391580547775,292940
2025-04-03,6653.98779296875,6757.318269568567,6642.716909209037,6657.677871448089,312519
2025-04-04,6697.0751953125,6717.472169011471,6564.870351363548,6654.636126450561,279891
2025-04-07,6665.90673828125,6708.196783293852,6473.957875239059,6547.914804917633,744140
2025-04-08,6738.0185546875,6772.3289308082,6698.77086620627,6707.498094209889,578124
2025-04-09,6816.314453125,6833.619397408445,6647.654435974469,6647.654435974469,680834
2025-04-11,6763.302734375,6853.0685088699265,6747.892748282507,6804.944079765703,651996
2025-04-15,6887.02978515625,6946.873635570352,6817.211959673131,6946.873635570352,778401
2025-04-16,6987.2685546875,7016.193083712686,6847.134198548239,6852.121186311201,621996
2025-04-17,7055.09130859375,7073.543162585265,6981.782591384216,7019.683696880302,533349
2025-04-21,7123.91162109375,7170.290604696251,7039.6315326117865,7131.39210231996,244570
2025-04-22,7070.05224609375,7153.833636891786,7051.600392167992,7122.914314097273,305540
2025-04-23,7123.4130859375,7150.342818970307,7053.09656079628,7070.052318631751,287593
2025-04-24,7140.86767578125,7165.802614239876,7075.039438250478,7122.91452009104,277769
2025-04-25,6934.90478515625,7224.150058807237,6880.047922912097,7150.841342899142,550158
2025-04-28,7026.6650390625,7037.636411018452,6936.400569788524,6936.400569788524,379519
2025-04-29,6974.30224609375,7071.54850551372,6957.845186807293,7030.655206680707,174253
2025-04-30,6958.84228515625,7017.19003829967,6901.9906282472775,6973.803247500717,499567
2025-05-02,6909.9697265625,7079.527297797435,6899.995751783975,6903.985341695385,207912
2025-05-05,6955.85009765625,7012.701754605835,6931.912557888004,6941.88653279144,259097
2025-05-06,6990.7587890625,7055.589623887591,6931.912338990494,6981.283513203448,292595
2025-05-07,6964.82666015625,7037.636676795431,6931.912543045387,6951.8604928095465,338311
2025-05-08,6833.6689453125,6960.837126079828,6788.287359234748,6931.9125986896115,383274
2025-05-09,6704.50634765625,6826.188849056735,6660.122156571647,6717.9712146145,428193
2025-05-12,6907.97509765625,6922.437361432747,6740.911016100168,6782.303012426003,237009
2025-05-13,6899.49755859375,6994.749024708055,6882.043101452385,6890.022281859866,323598
2025-05-14,6898.49951171875,6974.800417183434,6844.640049037797,6911.964377388988,324593
2025-05-15,7054.09375,7078.031289766702,6852.120758218452,6923.933377518558,656146
2025-05-16,6996.74365234375,7086.509429779379,6974.8009067483745,7061.574491602816,270772
2025-05-19,6956.34912109375,7042.62400803541,6947.37254326167,6966.821795231177,307173
2025-05-20,6894.01171875,6988.764483981662,6873.066370646159,6967.320437113444,365507
2025-05-21,6965.82421875,7024.67067191527,6910.4686568741945,6910.4686568741945,449740
2025-05-22,6936.40087890625,6982.779862423274,6897.003677854154,6965.824105008448,229993
2025-05-23,7046.11474609375,7069.553587700829,6911.964780300048,6969.31513742375,321466
2025-05-26,7078.03173828125,7101.470580788065,7061.574678648806,7076.535641951028,228090
2025-05-27,7055.09130859375,7105.95858175955,7011.205818019335,7099.97419668122,218088
2025-05-28,6938.39599609375,7082.519940812437,6914.458455102411,7081.522543271131,278102
2025-05-29,6904.98291015625,6962.831965304172,6868.577901313161,6947.372304014641,308885
2025-05-30,6862.59326171875,6974.800476593157,6835.663530148892,6931.912385574496,911209
2025-06-02,6897.50244140625,7071.548305917188,6865.585721266709,6925.928270280529,1217905
2025-06-03,6794.7705078125,6932.411363603785,6781.804340237958,6931.912664850917,489548
2025-06-04,6837.15966796875,6850.125835099836,6754.375677824124,6794.770275424815,629518
2025-06-05,6858.10498046875,6901.491770266654,6824.193466603721,6850.6244994691115,488647
2025-06-06,6924.43212890625,6936.899597629524,6790.282165443824,6849.128617817677,269399
2025-06-09,6913.95947265625,6958.3436614233015,6868.079187638623,6958.3436614233015,239444
2025-06-10,6900.49462890625,6974.30204417532,6893.014147628979,6933.40874652624,559472
2025-06-11,6909.4716796875,6928.920932340536,6845.139536296689,6899.996402753969,526939
2025-06-12,6978.29150390625,7036.639256779617,6911.964571152764,6913.959366122794,552007
2025-06-13,6976.296875,7019.184967876546,6904.982953123883,6960.837213614268,367775
2025-06-16,7095.48583984375,7119.4233799275635,6963.829369382775,6992.255198232304,589027
2025-06-17,6988.265625,7115.932505753586,6981.283842458788,7101.470241918219,264117
2025-06-18,6915.45556640625,7011.704425158424,6898.998507655878,6988.265583907894,394355
2025-06-19,6991.2578125,7016.691448881875,6894.011555745774,6918.946493375062,462080
2025-06-20,7045.1171875,7058.582053647271,6956.348810677249,6986.769434195158,378436
2025-06-23,6989.2626953125,7031.153388598711,6977.293925802154,6981.7822143685335,137379
2025-06-24,6987.7666015625,7057.584423730553,6975.299133318205,7016.192429159492,238243
2025-06-25,7023.67333984375,7042.623892734553,6976.7956563770285,6976.7956563770285,378904
2025-06-26,7083.0185546875,7103.9639028038755,7002.229354810053,7036.140870807994,426516
2025-06-27,7289.4794921875,7304.939153147875,7098.976573256417,7111.44404177285,523582
2025-06-30,7223.15283203125,7317.406897569354,7184.753027552763,7317.406897569354,353888
2025-07-01,7476.49169921875,7564.761378431778,7385.229827490026,7455.5463516088785,1872535
2025-07-02,7421.634765625,7512.397937735183,7397.198526979951,7450.559293000772,910865
2025-07-03,7545.3125,7580.720113185724,7420.637805684071,7454.549322538004,894597
2025-07-04,7533.84228515625,7573.239487812459,7505.416455391644,7573.239487812459,349076
2025-07-07,7596.17919921875,7605.654475268196,7515.888702168184,7542.818434098188,449086
2025-07-08,7545.3125,7615.13032881692,7534.341126900198,7585.208402181097,481581
2025-07-09,7449.56201171875,7548.803064090689,7429.115362737596,7525.3642225757085,266815
2025-07-10,7339.84814453125,7435.598303775033,7328.8767721179,7435.598303775033,384661
2025-07-11,7170.78955078125,7364.78337060557,7140.368926078721,7335.8588421998875,578061
2025-07-14,7201.2099609375,7237.614969742793,7154.3322783663,7181.262010907202,670246
2025-07-15,7341.34423828125,7354.809104420343,7208.690371873885,7241.6044891027805,517978
2025-07-16,7333.365234375,7390.715591529242,7290.975839956648,7355.307979720971,527782
2025-07-17,7331.37060546875,7389.219662691686,7312.420052240547,7341.843279621178,378666
2025-07-18,7284.49267578125,7365.281873664221,7236.11889680194,7365.281873664221,192649
2025-07-21,7235.62060546875,7303.443639609198,7227.142726201195,7284.493085952308,217270
2025-07-22,7227.64111328125,7272.524001585625,7197.7191877449995,7251.079954951313,300768
2025-07-23,7354.31005859375,7370.76711643152,7225.1470895033735,7232.128871616366,508883
2025-07-24,7344.3369140625,7466.019416067745,7330.373348258619,7353.81219085799,454916
2025-07-25,7449.0634765625,7464.024439560216,7324.388784914871,7345.832831878263,434232
2025-07-28,7337.35498046875,7482.47632209292,7303.942162981399,7460.533576280331,240740
2025-07-29,7436.595703125,7449.561870525835,7291.474367984886,7337.354652633994,336770
2025-07-30,7430.611328125,7455.047566720847,7380.741453439597,7440.58530306208,266922
2025-07-31,7478.486328125,7505.416060168128,7335.858488044729,7358.798630155542,342605
2025-08-01,7332.36767578125,7518.382308377754,7312.419725904949,7518.382308377754,215243
2025-08-04,7288.98095703125,7368.772757327159,7276.014789483164,7367.775359823459,260996
2025-08-05,7255.06982421875,7322.892858044276,7216.670018302828,7292.9709313565445,282791
2025-08-06,7170.78955078125,7260.056629826374,7145.854612500489,7251.0800520453,296623
2025-08-07,7151.34033203125,7178.768764267074,7035.14351910494,7145.355946816161,407857
2025-08-08,7066.0625,7179.765813571882,7047.610646481756,7151.339985178912,327102
2025-08-11,7240.1083984375,7300.949645483193,7002.229096463765,7082.5195946142285,498598
2025-08-12,7217.6669921875,7266.040770826496,7186.248971009595,7240.1084358860035,342006
2025-08-13,7788.17822265625,7819.596243276558,7369.769979792154,7383.733544512291,2291645
2025-08-14,7801.14453125,7839.045636177124,7728.8332126390405,7809.622409983699,673142
2025-08-18,7802.14208984375,7896.894854117979,7785.685030785595,7829.570521607343,633876
2025-08-19,7813.12744140625,7854.07308275573,7789.658598193743,7820.118160661039,384598
2025-08-20,7872.54833984375,7907.501935162097,7802.141812131079,7819.618609790253,452843
2025-08-21,7915.99072265625,7936.463542919223,7842.5881719573,7882.535138324076,482016
2025-08-22,7911.99609375,7969.419858393815,7841.589564925845,7884.532554137741,843648
2025-08-25,7840.5908203125,7939.459562028324,7828.107393328179,7915.491382218428,402979
2025-08-26,7783.1669921875,7823.613295284131,7710.263779198511,7817.121913305659,671659
2025-08-28,7717.75390625,7817.621322221144,7704.271805093896,7744.718108562209,418353
2025-08-29,7599.91015625,7733.732490144546,7575.941977045007,7659.830604262484,481590
2025-09-01,7661.32861328125,7674.311377013591,7585.429379153716,7585.429379153716,255894
2025-09-02,7671.81494140625,7688.792402224254,7621.381896035121,7621.381896035121,195907
2025-09-03,7725.7431640625,7765.190792679417,7645.849232686466,7674.810782810278,321268
2025-09-04,7889.52587890625,7908.001350901157,7740.723428785107,7779.671721098694,386286
2025-09-05,7794.15234375,7904.505836476552,7785.164276469104,7889.525724341726,228324
2025-09-08,7776.17626953125,7839.09274098575,7730.237258627964,7824.11262873468,314960
2025-09-09,7815.12451171875,7837.594679952559,7744.717984586148,7744.717984586148,303494
2025-09-10,7918.4873046875,7928.474046148828,7794.651710567025,7794.651710567025,337313
2025-09-11,7869.05322265625,7930.971021984214,7849.579076093423,7865.058525925414,161041
2025-09-12,7864.0595703125,7904.50587326477,7831.103323462501,7864.558907385985,117761
2025-09-15,7806.13671875,7945.4517666954525,7785.663898084181,7889.526012681507,214626
2025-09-16,7842.0888671875,7851.576271738698,7795.151181513153,7795.151181513153,194911
2025-09-17,7877.54150390625,7900.511008798471,7849.578628385284,7858.566695517024,249447
2025-09-18,7840.09130859375,7875.544240439502,7810.630421566998,7864.558824938002,264065
2025-09-19,7796.14990234375,7866.05709419209,7788.160508989655,7840.091565791278,207129
2025-09-22,7728.7392578125,7786.163021518951,7601.408303506893,7601.408303506893,302818
2025-09-23,7673.81201171875,7738.72583014167,7654.337866191874,7714.7576510316685,443181
2025-09-24,7633.36572265625,7719.751035014432,7624.377655474474,7687.793462812561,201984
2025-09-25,7613.8916015625,7693.785532323911,7604.903534351841,7638.858454925441,374239
2025-09-26,7500.04296875,7620.3832054656295,7481.0681596413115,7539.989935294608,207170
2025-09-29,7434.13037109375,7584.930167713195,7416.154236397392,7539.989830972301,388214
2025-09-30,7399.1767578125,7468.085273980547,7390.188690486233,7434.1303529702045,369272
2025-10-01,7431.13427734375,7472.079917092587,7349.242997846077,7399.67604192696,220764
2025-10-03,7439.623046875,7474.077304894624,7394.183373254917,7431.134316638281,478143
2025-10-06,7651.84130859375,7719.751150538983,7539.989804213366,7539.989804213366,423558
2025-10-07,7689.791015625,7696.282397651177,7623.379184126421,7664.324824599229,210121
2025-10-08,7651.84130859375,7751.7087232190925,7633.3658368880615,7687.294240785746,188810
2025-10-09,7684.7978515625,7739.724931723116,7609.8972877071155,7679.804480638808,295802
2025-10-10,7670.81640625,7728.739508914041,7649.844248388882,7684.298507732147,273853
2025-10-13,7660.82958984375,7733.732804556121,7632.866712967772,7698.779208461148,191488
2025-10-14,7748.712890625,7838.094228904539,7664.8242602844275,7838.094228904539,413862
2025-10-15,7815.6240234375,7839.592203422486,7730.237382240988,7789.658495120432,212807
2025-10-16,7823.11376953125,7859.565375146606,7797.148242243599,7803.639624065512,178563
2025-10-17,7891.02392578125,8019.353556163189,7830.104801631069,7839.592206211834,610960
2025-10-20,7999.3798828125,8054.306960659527,7910.997221185919,7939.459434252107,498555
2025-10-21,8001.37744140625,8047.815790261142,7981.903295112264,8027.342969798233,31082
2025-10-23,7957.93505859375,8088.761373794325,7909.499361744682,7939.459586599775,456860
2025-10-24,7827.10888671875,7971.4173057466105,7814.126122377143,7964.426586485745,287555
2025-10-27,7835.09814453125,7892.52190889433,7823.613391658633,7827.10875122856,266541
2025-10-28,7870.0517578125,7890.524578196379,7818.120701229002,7853.57363408889,348079
2025-10-29,7848.0810546875,7894.519404123521,7835.597627419753,7880.038628492934,199897
2025-10-30,7779.671875,7827.108898628049,7754.705020458922,7756.702368822208,209452
2025-10-31,7670.81640625,7822.614882197142,7640.856180734117,7822.614882197142,347031
2025-11-03,7814.1259765625,7834.598796873003,7651.342088239963,7664.824189420051,332284
2025-11-04,7800.14453125,7873.047744972713,7770.184306432447,7814.125969498192,384562
2025-11-06,7771.68212890625,7840.091307244734,7689.790849727336,7722.247759158003,425649
2025-11-07,7631.86767578125,7880.537533314557,7615.389552691694,7778.672772397299,486385
2025-11-10,7519.51708984375,7642.354011558443,7505.03631451966,7621.38185419252,377719
2025-11-11,7491.0546875,7558.964528687842,7431.134239393081,7491.554024567558,306736
2025-11-12,7488.05859375,7529.004232899606,7448.111628725993,7510.029424513204,420561
2025-11-13,7430.63525390625,7499.044435398431,7415.155804079552,7470.082884109771,448567
2025-11-14,7410.66162109375,7457.099969639112,7365.221946710654,7430.135767257934,218565
2025-11-17,7477.57275390625,7494.550214582899,7415.15561906563,7465.089326938126,248470
2025-11-18,7375.7080078125,7464.090670962105,7363.224580813969,7440.122491124924,285148
2025-11-19,7449.1103515625,7472.079856601505,7322.278736781907,7409.163386277273,454714
2025-11-20,7413.158203125,7481.068045212094,7405.168809938283,7471.081303728698,228411
2025-11-21,7381.20068359375,7425.142346437496,7371.713279116123,7415.654941959869,138622
2025-11-24,7344.7490234375,7411.160854297327,7322.278855101469,7389.1900230354295,751685
2025-11-25,7320.78076171875,7399.676018546495,7304.801975525789,7399.176681477964,237415
2025-11-26,7383.1982421875,7392.186309843349,7298.810273640923,7331.766521712368,272489
2025-11-27,7312.79150390625,7386.194054338084,7300.30807696206,7380.202009404874,243681
2025-11-28,7325.7744140625,7349.243257185732,7290.321480833788,7320.2817060974885,299937
2025-12-01,7277.837890625,7371.713261015223,7272.345182783019,7365.221879020154,227568
2025-12-02,7232.3984375,7289.322865964167,7220.414347297017,7277.838112852975,329723
2025-12-03,7174.47509765625,7247.3783106474675,7141.019513612335,7190.453884065284,329160
2025-12-04,7191.45263671875,7217.917501997606,7148.5096477757,7174.475175973823,306183
2025-12-05,7179.9677734375,7209.927997820715,7137.524122227946,7191.452526117732,260117
2025-12-08,7086.591796875,7209.428717818577,7072.61035871882,7147.510920269782,287363
2025-12-09,7081.5986328125,7171.978646388798,7049.641058951267,7090.586700460971,560843
2025-12-10,7009.1943359375,7106.5650629808715,6996.2115723317165,7091.584951128046,266098
2025-12-11,7000.20654296875,7056.13229607614,6963.754936032683,7018.682014977441,350620
2025-12-12,7091.5849609375,7120.546510559692,6986.724177822665,7005.698986195826,306662
2025-12-15,7077.1044921875,7088.589245120564,7006.198626252933,7065.619739254436,205982
2025-12-16,7042.15087890625,7138.522935889084,7015.686013517182,7100.5733175953255,385236
2025-12-17,6912.3232421875,7099.574648372598,6902.336500524295,7099.574648372598,358023
2025-12-18,6909.3271484375,6940.286047274179,6871.876867586679,6912.323170905565,384579
2025-12-19,7003.20263671875,7014.687389705882,6892.849140625,6909.8266015624995,235742
2025-12-22,7044.6474609375,7094.5811684859655,7003.701820747759,7004.700494898728,358776
2025-12-23,7064.12158203125,7088.589098643926,7006.6978185525195,7060.126885441426,286197
2025-12-24,7162.4912109375,7199.941492645553,7035.16025313012,7060.626444691596,351381
2025-12-26,7146.51220703125,7192.451217864598,7122.044690391749,7172.477734893577,228172
2025-12-29,7075.10693359375,7170.480313812284,7060.626158586748,7158.496224151317,234376
2025-12-30,6980.732421875,7055.632984341471,6927.802691065362,7045.646242679274,433130
