Price,Close,High,Low,Open,Volume
Ticker,ASIANPAINT.NS,ASIANPAINT.NS,ASIANPAINT.NS,ASIANPAINT.NS,ASIANPAINT.NS
Date,,,,,
2021-01-01,2633.825927734375,2649.4359175181085,2609.5805061514325,2618.1209514442917,1246698
2021-01-04,2613.091552734375,2648.5819869074076,2604.8358352199257,2639.0926031725444,1360486
2021-01-05,2651.19140625,2661.3924931447823,2592.499478748402,2613.0913938662466,1299589
2021-01-06,2662.103759765625,2678.3304632966456,2638.048084740426,2658.2605138828408,1697884
2021-01-07,2649.6728515625,2687.2508992584403,2639.4717652864515,2657.9760613220747,1142806
2021-01-08,2699.44482421875,2704.2845023772506,2646.636498761357,2674.10821711257,1660967
2021-01-11,2703.8095703125,2726.7263344160206,2680.370843881342,2699.7290898523684,1517995
2021-01-12,2581.633544921875,2704.4735332829655,2573.6623260297024,2704.0940507199584,6674890
2021-01-13,2565.64453125,2621.916620877694,2541.2568623635416,2619.0698058713124,2862676
2021-01-14,2527.87646484375,2596.9117212569436,2512.7884396170075,2574.469424728452,2124950
2021-01-15,2458.604248046875,2525.931608489195,2448.782875250049,2525.0299317282847,2570436
2021-01-18,2456.042236328125,2486.076274662915,2424.9170115405173,2459.6482484593585,2395168
2021-01-19,2509.9892578125,2539.9283070479346,2457.7501588730056,2481.4736160049843,2558693
2021-01-20,2559.52392578125,2568.9183226342398,2509.989390996181,2518.482342765201,2065439
2021-01-21,2577.648193359375,2673.1112306499326,2557.3882715256013,2587.7067985767217,5015712
2021-01-22,2464.060546875,2627.467907663497,2457.7501998424577,2609.5803280180535,4945564
2021-01-25,2385.5830078125,2497.1307333036875,2373.294305146313,2479.433129535612,3520087
2021-01-27,2312.18310546875,2396.069156741962,2306.441982540491,2396.069156741962,2700415
2021-01-28,2317.0224609375,2328.646954410935,2278.4482140403,2296.430547405147,3035457
2021-01-29,2284.42626953125,2357.162283558268,2277.4514816988094,2330.5920162717816,2768673
2021-02-01,2322.811279296875,2341.742552554116,2255.531413019991,2302.6938331328593,1797359
2021-02-02,2337.851806640625,2391.324573808035,2301.270419630816,2334.388274431653,2679428
2021-02-03,2328.3623046875,2375.999191409573,2313.843734426344,2375.999191409573,2409356
2021-02-04,2279.16015625,2330.5925680537657,2275.5541442153626,2330.5925680537657,3478562
2021-02-05,2255.38916015625,2300.1315094351053,2249.743023466861,2296.4307426435785,3303319
2021-02-08,2293.441650390625,2310.56980157049,2252.210095424129,2271.7583173071384,3666313
2021-02-09,2378.845703125,2403.1383808536,2299.893863402575,2308.2920587320405,7178572
2021-02-10,2382.404541015625,2424.537308023461,2348.622245541317,2399.864912716764,4473123
2021-02-11,2377.564697265625,2410.303065677385,2367.695832501103,2396.021499209265,1446286
2021-02-12,2359.155517578125,2394.1712469505746,2338.373630532189,2389.4265556169426,1376085
2021-02-15,2331.30419921875,2388.952201702739,2323.522951391181,2367.601089671632,1634576
2021-02-16,2325.136474609375,2348.7176881419336,2298.3289629645574,2345.7758862297214,1615849
2021-02-17,2266.206787109375,2329.690894984141,2260.3709095466693,2311.613575002387,3178784
2021-02-18,2344.58984375,2352.9880423055156,2272.944985628731,2300.2269680259033,4253843
2021-02-19,2293.06201171875,2344.7316581401947,2277.45202231733,2344.7316581401947,2244567
2021-02-22,2265.1630859375,2323.00082568326,2258.473024969836,2304.733764451886,2002642
2021-02-23,2251.0712890625,2277.4518189670775,2196.7920670453273,2253.728362519504,3267268
2021-02-24,2240.775634765625,2286.32467494205,2227.3480182923104,2251.8306737220187,1708526
2021-02-25,2252.542236328125,2264.4039647974673,2216.9095576713435,2253.7284091750594,2839515
2021-02-26,2160.92236328125,2239.494504959629,2144.600670003713,2218.665354521686,3933813
2021-03-01,2241.67724609375,2248.889038985205,2182.5583369789583,2182.5583369789583,2545806
2021-03-02,2268.341552734375,2279.8712897107257,2238.5449889174615,2264.166317743562,2033586
2021-03-03,2279.44482421875,2294.2481229611535,2254.4877001436694,2283.1455909857523,1591567
2021-03-04,2293.67822265625,2310.6641208544024,2230.0043876828936,2258.4725288022496,2149984
2021-03-05,2265.210693359375,2300.1314372249158,2255.72131042322,2276.5029663836444,1953642
2021-03-08,2261.03515625,2290.262501128383,2239.541797231102,2261.3198840641962,1593838
2021-03-09,2298.99267578125,2319.2051070507337,2273.798318647603,2277.4518236177414,1800442
2021-03-10,2307.770263671875,2321.1028920317062,2292.2077694939862,2321.1028920317062,1056102
2021-03-12,2278.732666015625,2338.800264169929,2274.604692489678,2318.0661050807125,1279203
2021-03-15,2234.75,2303.595529349746,2223.410232109831,2279.8720686278775,1524449
2021-03-16,2342.549072265625,2353.366875718126,2254.060579862111,2257.7138531443843,4230564
2021-03-17,2299.2294921875,2334.3876946552855,2287.9847148580925,2334.3876946552855,1623187
2021-03-18,2281.769287109375,2342.786056815272,2267.96219061823,2342.786056815272,1851739
2021-03-19,2288.126953125,2309.715294517885,2235.081406943646,2270.808833106532,3738079
2021-03-22,2301.83935546875,2313.6063282048144,2267.962307915513,2267.962307915513,1489853
2021-03-23,2287.225830078125,2309.6681262336388,2275.7435849861504,2305.9198666124967,1745466
2021-03-24,2318.7783203125,2343.8776929977785,2286.941392763015,2287.2261205990685,4132092
2021-03-25,2279.539306640625,2342.928424983975,2269.860183297557,2325.800044071961,2272545
2021-03-26,2377.232421875,2385.583124309505,2286.087093763391,2301.175118364572,3084607
2021-03-30,2446.410400390625,2451.534574477489,2392.74789385449,2409.4493003976686,2332884
2021-03-31,2407.8359375,2451.0601231799683,2401.762825080654,2446.4104182033802,1616044
2021-04-01,2421.453125,2433.599580661807,2402.711594983835,2402.711594983835,1219588
2021-04-05,2382.45166015625,2427.3839777463622,2357.637018260687,2427.3839777463622,1268939
2021-04-06,2478.247314453125,2486.218303366684,2376.6159315961295,2397.018104696276,3372846
2021-04-07,2494.37890625,2531.8144698199235,2467.3341690564225,2471.9838733076826,1937977
2021-04-08,2515.30322265625,2522.6574945117486,2493.8098627418726,2495.7077393497434,897483
2021-04-09,2496.466796875,2519.4310562125706,2476.87108298872,2500.45229119402,1185017
2021-04-12,2469.326904296875,2476.7286684916076,2424.537068197723,2446.552387804998,1427691
2021-04-13,2439.43603515625,2491.9123779498664,2433.3629217259145,2467.2399781681843,1200230
2021-04-15,2455.567138671875,2461.118519370477,2407.4560220899293,2457.749742693306,1209829
2021-04-16,2527.686767578125,2555.965173733779,2449.8738311585334,2455.4727058323742,2760777
2021-04-19,2440.57470703125,2514.686892650455,2435.7827531980042,2514.686892650455,1552036
2021-04-20,2423.256103515625,2471.699448194152,2399.6751266761844,2467.2394846913166,1489287
2021-04-22,2383.02099609375,2426.4349176751493,2360.9581834868095,2425.153758466938,1690758
2021-04-23,2389.379150390625,2434.02674381974,2368.739742328996,2398.0620748556685,1614593
2021-04-26,2427.2890625,2443.5159992814843,2400.8137779348176,2400.8137779348176,1103980
2021-04-27,2442.899169921875,2448.1655916399877,2404.609420536016,2415.0477408303714,866331
2021-04-28,2481.046630859375,2486.4555327304183,2443.516075481663,2455.852273144289,1065561
2021-04-29,2480.00244140625,2507.094672793451,2438.771123799837,2495.7074146278487,1295346
2021-04-30,2406.886962890625,2472.7434185865864,2395.167714126698,2462.494838818476,1384907
2021-05-03,2450.300537109375,2462.589471419923,2377.659507488613,2381.834742654602,1034774
2021-05-04,2455.04541015625,2484.2727535117992,2440.2421130075422,2471.98404996298,1058140
2021-05-05,2436.541259765625,2483.371456126569,2416.0918253575087,2483.371456126569,1220186
2021-05-06,2418.89111328125,2450.0163344835632,2398.9159166122413,2448.118457967256,1518119
2021-05-07,2421.3583984375,2457.7502760832404,2411.726767052338,2424.537434514548,1416102
2021-05-10,2426.3876953125,2456.801213604122,2412.3433623954134,2456.801213604122,1526814
2021-05-11,2425.7236328125,2431.180028270171,2392.558284148144,2403.6608163966994,1168363
2021-05-12,2425.67529296875,2456.7530127724403,2400.813163460661,2445.413249896492,2085630
2021-05-14,2632.829345703125,2690.4773481365237,2468.7105110362536,2486.2183765515183,10543708
2021-05-17,2640.65771484375,2679.9911559871903,2607.2551373128417,2639.946011210246,2134352
2021-05-18,2677.714111328125,2699.729433307034,2646.5888891013424,2654.180395416441,1328605
2021-05-19,2672.067626953125,2703.5248344810116,2655.7457051611746,2661.9138032391406,1219067
2021-05-20,2651.42822265625,2699.729082642573,2636.624694594864,2670.311999492513,1211975
2021-05-21,2687.86767578125,2708.2698487836496,2652.282490311948,2663.669749662125,1328308
2021-05-24,2675.24609375,2703.5244938641395,2664.8077752408717,2700.6776797252865,813091
2021-05-25,2765.585693359375,2773.4144343471394,2678.615590692331,2692.042974989468,2730112
2021-05-26,2791.39697265625,2797.3750985568527,2761.789912603802,2789.736330645108,1250531
2021-05-27,2798.7509765625,2813.6017667425076,2754.055894613303,2799.367693723574,2415085
2021-05-28,2790.542724609375,2812.463291318919,2781.480317794845,2807.101651088107,711383
2021-05-31,2825.46337890625,2837.277612694765,2786.1774316476235,2787.9803214866706,2093635
2021-06-01,2781.337890625,2830.3031948799567,2766.2498657713973,2813.6017897315332,1194073
2021-06-02,2755.431640625,2783.9472781687227,2730.2372865831408,2769.8081925019605,2067842
2021-06-03,2785.46630859375,2791.7766560200225,2755.764491581294,2770.520529418932,1404434
2021-06-04,2775.548828125,2837.324788258145,2759.511867643708,2802.214080176021,1509084
2021-06-07,2783.3310546875,2790.827574680093,2755.669363897103,2780.389253251504,802415
2021-06-08,2776.83056640625,2793.9114549821793,2759.0379741396573,2778.491208351132,762931
2021-06-09,2793.247314453125,2813.601994180702,2770.520289030623,2781.148351409009,1340352
2021-06-10,2813.798095703125,2822.094681221297,2785.2365150934074,2808.4576416939813,1344559
2021-06-11,2819.186279296875,2833.8246842688386,2802.3546978952922,2822.762414112051,878445
2021-06-14,2813.130615234375,2832.2987910904685,2781.2792674125762,2818.0897084656976,746823
2021-06-15,2901.151123046875,2908.5895297199204,2823.668205246959,2832.298656809234,2262031
2021-06-16,2878.74072265625,2901.1511669126126,2866.152774999909,2888.5632192562716,859505
2021-06-17,2918.41162109375,2931.428656348855,2861.3841549442127,2878.0250527238336,1533864
2021-06-18,2905.9189453125,2935.100293741412,2876.213283453807,2919.603712086779,2293860
2021-06-21,2926.279296875,2936.3876970637234,2880.9815945759465,2883.9854543367524,720491
2021-06-22,2871.20703125,2949.452903871602,2864.9129411443027,2941.966768883861,1199238
2021-06-23,2848.84423828125,2889.5167154209653,2845.17264701599,2889.5167154209653,1009007
2021-06-24,2902.152587890625,2908.3034931679517,2837.496024293926,2848.844431725424,985596
2021-06-25,2864.62646484375,2911.9268932948007,2846.6028414884495,2889.7071327584654,786964
2021-06-28,2844.6484375,2897.956829177952,2838.259122913976,2883.795241559635,891695
2021-06-29,2862.337890625,2883.651744158451,2835.2069983292513,2850.4174429712225,1242734
2021-06-30,2853.9462890625,2889.516956911508,2847.223108984638,2859.9542421708293,924522
2021-07-01,2881.505859375,2886.5599425650357,2858.046326926393,2868.5363201183145,848235
2021-07-02,2865.67578125,2897.908720129143,2860.669192946651,2892.329857176909,805542
2021-07-05,2875.021728515625,2908.5896676236157,2867.678778214077,2879.9805889256786,863343
2021-07-06,2863.2919921875,2889.0401633079205,2857.0933583992505,2863.7688101712115,762630
2021-07-07,2899.1484375,2926.708420405951,2871.6359501294946,2922.893877010179,1234865
2021-07-08,2887.895751953125,2917.1723286281263,2878.83621055987,2908.589605202937,907391
2021-07-09,2871.016357421875,2898.2424763351187,2867.583175024965,2881.8877136433134,547082
2021-07-12,2860.33544921875,2901.7711156767996,2852.3727290800102,2894.1895239514724,765566
2021-07-13,2855.04296875,2881.0295473563715,2846.9370634966363,2879.980454724488,703484
2021-07-14,2862.76708984375,2868.298224331239,2845.840053526942,2863.7684540492764,470744
2021-07-15,2845.268310546875,2871.397842420799,2833.3478611844507,2870.444206471805,635535
2021-07-16,2850.7041015625,2866.629775975887,2827.530700521791,2855.1861441356637,1062548
2021-07-19,2843.6943359375,2860.621372034486,2827.5302550739243,2850.7036524639066,837836
2021-07-20,3012.58349609375,3032.085303423193,2841.4058543373535,2857.093118117907,6755922
2021-07-22,2962.708251953125,3018.2575416211926,2946.734851061449,2984.8802860266455,1982572
2021-07-23,2940.774658203125,2984.4989566266804,2935.3389802268803,2961.9930566287494,815329
2021-07-26,2919.270263671875,2974.3904670150555,2909.7339043675624,2937.1509373674608,1136884
2021-07-27,2888.2294921875,2938.6292464138455,2881.22040748918,2936.6265177450214,904289
2021-07-28,2864.817626953125,2892.377610628833,2845.6494527254986,2889.850568687054,996594
2021-07-29,2858.475830078125,2899.0053550934886,2851.657426645221,2864.8176483909324,762683
2021-07-30,2821.283935546875,2869.1564086811077,2815.037574161408,2868.53663850674,1067423
2021-08-02,2836.1611328125,2848.3199915571968,2823.3822709880483,2847.175674945482,832285
2021-08-03,2886.656005859375,2922.894171773698,2855.376700295388,2879.9805542435784,2433031
2021-08-04,2878.645263671875,2911.736381030587,2872.3511739470755,2899.625252326203,659295
2021-08-05,2849.84521484375,2899.052916689746,2841.88249537388,2893.331101722595,693694
2021-08-06,2828.9130859375,2861.861251879437,2824.1449065774877,2856.1394366474224,744159
2021-08-09,2853.80322265625,2875.2123025237233,2835.2073221921664,2855.805718398082,825462
2021-08-10,2839.1171875,2868.823087161723,2823.2869703553774,2859.0005902706534,724335
2021-08-11,2834.778564453125,2862.290824308794,2815.658115429719,2848.892191482639,987941
2021-08-12,2837.543701171875,2846.8416514613814,2820.85507244712,2836.113247281182,438552
2021-08-13,2850.131591796875,2862.814995938069,2835.2550113242005,2842.6931851499044,572250
2021-08-16,2833.633544921875,2845.7924023241576,2822.7621890789255,2841.8349065727025,461742
2021-08-17,2875.498291015625,2902.867593974059,2835.254903786938,2836.1130829431186,2036757
2021-08-18,2862.3857421875,2906.6820810113654,2853.8030195073484,2906.6820810113654,1375320
2021-08-20,2968.620849609375,2979.20630130372,2862.3381743571676,2862.3381743571676,3931334
2021-08-23,2934.766357421875,3017.160627743675,2909.5427378386835,3012.5831294778136,1578949
2021-08-24,2904.7275390625,2949.405478966772,2893.8561817482496,2949.405478966772,763704
2021-08-25,2897.193359375,2927.661977363442,2872.923374237653,2885.7020011406435,797870
2021-08-26,2898.71923828125,2941.4899010522226,2885.8928821322093,2921.940365318207,1319516
2021-08-27,2896.001708984375,2916.1710162642494,2880.4573963843422,2899.482387084734,634375
2021-08-30,2964.615478515625,2969.8604757433973,2906.729828402466,2914.97868545946,1051747
2021-08-31,3052.922607421875,3061.171465438547,2959.180144953379,2964.61582342121,2283290
2021-09-01,3149.62109375,3178.4685808701083,3065.9395402032396,3080.2918076322094,2423168
2021-09-02,3148.5244140625,3165.1175857705125,3115.1946527459263,3159.348041949883,847517
2021-09-03,3184.0,3189.8647684126436,3134.124789435295,3148.5247865104043,832039
2021-09-06,3161.827880859375,3192.4871850774803,3152.625153782624,3187.051506451202,664394
2021-09-07,3181.567626953125,3237.212372320732,3169.7426354584063,3178.945128347169,1285818
2021-09-08,3181.90185546875,3205.6950262426194,3144.1377781081833,3189.9123044500675,702598
2021-09-09,3191.199462890625,3203.2628634276066,3151.7665268318665,3151.7665268318665,591745
2021-09-13,3210.940185546875,3217.5679092758787,3175.9417904186544,3191.4383756367138,610920
2021-09-14,3206.6005859375,3231.490575063911,3201.212636445765,3227.961936117548,569412
2021-09-15,3196.873779296875,3227.056263396236,3191.771733935535,3205.9810490057157,587855
2021-09-16,3187.146728515625,3214.706713709934,3180.3758202974277,3194.680359219305,516746
2021-09-17,3149.90673828125,3225.1962372313174,3132.7412940854597,3196.587163571666,1545695
2021-09-20,3119.867431640625,3161.3028630246154,3113.621070218814,3146.9505968258186,689288
2021-09-21,3155.77197265625,3180.375826211889,3119.3431266983775,3119.867673024076,922057
2021-09-22,3163.687255859375,3175.5599768416005,3135.793404394752,3174.1772512819684,825945
2021-09-23,3166.69091796875,3185.1438655277825,3161.302968330718,3185.1438655277825,694716
2021-09-24,3288.70849609375,3342.4934618086227,3166.88152327034,3175.6071976669655,2775975
2021-09-27,3271.591064453125,3309.1167320502745,3259.1937971572593,3301.1062832337643,902449
2021-09-28,3223.003173828125,3270.6849683719065,3194.680234433371,3266.107469531451,961271
2021-09-29,3168.979736328125,3224.9103871862153,3156.5347416134036,3208.98471466136,973387
2021-09-30,3094.214599609375,3192.486824709568,3070.7075680322914,3175.5120592909752,2077896
2021-10-01,3030.511962890625,3102.1298798774237,3023.0258278854935,3097.409428697818,1512332
2021-10-04,3053.16064453125,3080.7206275945086,3030.654745239235,3054.3049609922627,921241
2021-10-05,3103.84619140625,3108.8527794713495,3043.6716779143644,3059.788262997623,909337
2021-10-06,3063.316650390625,3127.9254769340027,3052.2543817949218,3110.760032243511,786378
2021-10-07,3138.2724609375,3164.16357974088,3070.7072714784913,3070.7072714784913,1177283
2021-10-08,3153.578369140625,3174.653815021297,3112.7629401128875,3153.673825856242,882436
2021-10-11,3152.767822265625,3189.2921215814554,3144.8525982121287,3172.1741719591582,460197
2021-10-12,3169.170654296875,3180.3758766508927,3127.925899674641,3127.925899674641,564524
2021-10-13,3169.408935546875,3203.1675535116015,3138.7971298168777,3188.004835725351,770144
2021-10-14,3144.900146484375,3197.4930670348767,3137.461740777858,3187.0508017263223,648597
2021-10-18,3091.211181640625,3131.692984424089,3082.151639383773,3101.7011779380323,1576121
2021-10-19,3036.137939453125,3117.5308470715527,3028.8427188048418,3109.710847354487,1042069
2021-10-20,3022.64501953125,3070.66045658139,2991.222524362993,3042.09910248129,1205540
2021-10-21,2862.814697265625,3047.2954978652792,2785.045650514164,3045.9127725071307,5103543
2021-10-22,2844.123291015625,2863.720553092266,2777.130376672772,2837.066479288076,2855592
2021-10-25,2782.75732421875,2813.2259450937318,2724.776214108158,2813.2259450937318,2161537
2021-10-26,2832.10791015625,2883.794928783824,2763.636806751165,2782.7572528928363,1988263
2021-10-27,2951.169189453125,2999.184849246029,2888.7537675330677,2888.7537675330677,4609951
2021-10-28,2975.324951171875,3005.2090492343314,2923.4813264898016,2962.6265695943353,1791065
2021-10-29,2959.85791015625,3002.440157522983,2943.8178611744347,2983.6313918480137,1118903
2021-11-01,2980.576171875,3000.1010089002857,2951.789956619605,2986.495649881484,750393
2021-11-02,2962.96044921875,2997.7614740144327,2940.6666655128397,2978.857141688331,881916
2021-11-03,3027.216064453125,3038.9118990396364,2954.988411857351,2961.767315345969,879227
2021-11-04,3016.33154296875,3045.690471494916,3002.7261858468682,3035.1880905587263,263595
2021-11-08,2996.04296875,3037.097732184114,2955.1313263684647,3021.8215411388624,787824
2021-11-09,3002.869384765625,3012.2738829953796,2978.857215513656,2997.9524540746406,668840
2021-11-10,2967.686767578125,2994.754130387201,2941.144337391452,2990.314580331124,872975
2021-11-11,2924.913330078125,2966.1112163378943,2913.933567291803,2950.214522585737,958143
2021-11-12,2981.62646484375,2986.495844785691,2936.6573098519248,2949.2601229357415,682344
2021-11-15,3025.35400390625,3036.1428600596582,2984.5857171529847,2984.5857171529847,696377
2021-11-16,3009.123046875,3063.830950605386,2978.9527105597094,3021.821426820208,1400107
2021-11-17,3084.1201171875,3093.333477746978,3021.8696780422874,3026.595703578477,1616452
2021-11-18,3080.87353515625,3112.52379895315,3068.604751483259,3102.8330588911954,1609821
2021-11-22,3113.71728515625,3158.686664444809,3069.6073314460955,3094.3833564404467,2146970
2021-11-23,3041.4423828125,3139.5441862824996,3028.075713726563,3113.7178254650726,1482618
2021-11-24,3014.18359375,3063.7356476498285,3007.500259839246,3041.919476098866,1056213
2021-11-25,3002.01025390625,3029.793919821408,2972.1739430421103,3013.7060877649924,728825
2021-11-26,3000.91259765625,3024.0655766362797,2951.1694031864504,2960.717023384401,1029110
2021-11-29,3002.05810546875,3035.0927297353896,2932.9331990618225,2989.3597246629856,876651
2021-11-30,3001.4375,3044.736050399219,2975.181544720609,2975.181544720609,2340489
2021-12-01,2996.1865234375,3054.9999607121968,2982.772302711404,3013.1335503310515,1741820
2021-12-02,3036.716064453125,3049.509781820912,3009.6484689245362,3017.0478743124863,939320
2021-12-03,2969.7392578125,3043.255927889577,2965.4906137584503,3040.916807733633,1216263
2021-12-06,2900.853759765625,2974.0839668403314,2891.2583539596253,2974.0839668403314,1107363
2021-12-07,2893.262939453125,2930.1643952126897,2879.9916086232924,2902.476298939908,2056459
2021-12-08,2967.8779296875,2981.7219798661936,2893.8838683875865,2894.7430610222623,1171484
2021-12-09,3034.902099609375,3039.055407789844,2970.2647550625175,3009.7918109270854,1287243
2021-12-10,3134.626953125,3143.076690565031,3034.9021029248247,3039.9623884444286,2554394
2021-12-13,3131.47607421875,3189.8596742092195,3122.9785530080158,3136.4885744550857,1265832
2021-12-14,3148.32763671875,3155.488351586192,3102.0216805759574,3125.890730134098,863179
2021-12-15,3152.576416015625,3164.033560294496,3118.7301489110328,3129.8530332432915,811946
2021-12-16,3149.378173828125,3174.5837985692615,3122.644836577015,3174.5837985692615,502930
2021-12-17,3096.96142578125,3144.3177138068713,3081.685233914429,3126.845522739957,1019403
2021-12-20,3092.90380859375,3126.8456453479885,3037.098014611283,3081.017067950522,948872
2021-12-21,3123.3603515625,3146.8951385318055,3093.4284735567508,3100.1118066786325,712026
2021-12-22,3131.714599609375,3137.013341674364,3094.3833161025927,3127.513507394115,619865
2021-12-23,3120.06689453125,3158.257377566468,3102.9767466114736,3141.167229646692,1051596
2021-12-24,3136.201904296875,3150.714238412146,3113.478524685457,3131.619000603588,651404
2021-12-27,3124.363037109375,3136.1544409027324,3080.2530798714834,3131.7148908958475,640701
2021-12-28,3215.829345703125,3222.32177397066,3124.9360492462133,3127.752550547927,1211648
2021-12-29,3215.113037109375,3232.82391765433,3194.8243459545747,3219.6481563086836,598421
2021-12-30,3213.442138671875,3236.642899883192,3198.7388983828505,3211.1030185935533,691223
2021-12-31,3229.912109375,3250.9646584077163,3209.336941349392,3236.6432281944662,570671
2022-01-03,3267.5771484375,3285.2402442097664,3229.95962149071,3229.95962149071,696276
2022-01-04,3302.80810546875,3315.3631320446534,3260.559888602884,3278.652581183832,790886
2022-01-05,3367.255126953125,3379.8579404508155,3295.886657730329,3313.024591345856,1024506
2022-01-06,3355.654296875,3377.5184873589837,3295.9816696199127,3333.217389027087,1312743
2022-01-07,3414.51513671875,3419.957233100261,3338.372872804807,3355.653923879295,964364
2022-01-10,3392.746826171875,3427.5956397796626,3367.4456327306048,3418.0480196131457,657511
2022-01-11,3378.6640625,3402.771803249735,3336.941009287024,3389.97808555568,734344
2022-01-12,3383.4853515625,3420.386806672148,3374.1286380917377,3395.9925929042874,594543
2022-01-13,3299.89599609375,3398.952548598553,3293.9287338946656,3398.952548598553,1153984
2022-01-14,3212.200927734375,3305.3857848674315,3194.6334015500943,3305.3857848674315,1558978
2022-01-17,3225.806884765625,3245.2363867923505,3170.7649427882893,3212.2015248033445,1103159
2022-01-18,3221.08056640625,3242.801402267865,3199.407515264669,3226.1886364297675,558543
2022-01-19,3132.001220703125,3217.547990483844,3119.9235744521015,3217.547990483844,1495218
2022-01-20,3156.824951171875,3212.6785275988063,3076.243132437137,3133.5288518493744,3075678
2022-01-21,3126.702392578125,3174.5358283641563,3095.099677507156,3150.762348079094,1441694
2022-01-24,3012.4169921875,3122.071492430762,2993.1786326515103,3120.1619685821806,1575665
2022-01-25,3004.7314453125,3014.135710722476,2874.5495593584187,2959.762063941243,2699779
2022-01-27,2975.94580078125,3000.8174011067726,2932.3132176739346,2998.0486841437964,1834684
2022-01-28,2970.12158203125,3026.595663395239,2962.6266067872007,2988.4051818382013,892060
2022-01-31,3009.648193359375,3048.9843369428245,2994.515124035653,2997.952360107364,944530
2022-02-01,3051.658203125,3067.029965372574,2999.480550317089,3049.509988511928,1008915
2022-02-02,3053.042236328125,3097.390882220039,3047.743260894317,3059.8211394014547,667265
2022-02-03,3058.1025390625,3094.9564437301988,3045.8815394304634,3067.5070375491036,899753
2022-02-04,3090.230712890625,3101.8312124704366,3032.372268455516,3043.7816291349427,705765
2022-02-07,3031.0830078125,3104.122304018135,3000.9126671460635,3087.700443516631,860393
2022-02-08,3070.848876953125,3077.675332070256,3022.9674224053756,3035.1884227241644,799206
2022-02-09,3082.305908203125,3111.5692694316904,3076.95914791684,3083.8811722198097,472725
2022-02-10,3092.2353515625,3101.0668998456194,3032.324037533771,3074.333564502123,728666
2022-02-11,3070.801025390625,3083.8334332746285,3038.530023610963,3083.8334332746285,587840
2022-02-14,3001.246826171875,3038.7212379668936,2978.857701922501,2997.9529436014914,681236
2022-02-15,3116.916015625,3122.071637016462,2991.12612627426,2997.9525811106087,676844
2022-02-16,3105.69775390625,3136.4888292883106,3077.198014151352,3131.619449710343,624320
2022-02-17,3118.109130859375,3145.8925612804032,3089.991207450888,3124.9355849574367,636735
2022-02-18,3111.044189453125,3123.981261160605,3083.9290419162467,3089.7529502532384,423801
2022-02-21,3104.552001953125,3130.1396721330625,3059.200803478012,3088.65530667349,547472
2022-02-22,3081.159912109375,3090.373504720008,2978.8572631223465,2978.8572631223465,1147209
2022-02-23,3090.755126953125,3147.754364858256,3083.88088800158,3090.468651768443,935896
2022-02-24,2930.2119140625,3053.13750274086,2913.455796908859,2988.404602433141,1823450
2022-02-25,2978.09326171875,2999.3367139214047,2943.5787123897576,2964.5356894041543,1239456
2022-02-28,3031.034912109375,3046.1679821593884,2878.6072609968833,2950.2144067928257,1678348
2022-03-02,2891.92626953125,2970.4554428432484,2855.78866823566,2966.44548912315,3014206
2022-03-03,2741.98095703125,2912.978928365522,2732.5289062543834,2891.974163886977,4406840
2022-03-04,2614.28125,2734.247224738156,2541.6240079683075,2734.247224738156,6979253
2022-03-07,2585.925048828125,2604.5429075152797,2481.760656236168,2530.023688048226,3233760
2022-03-08,2600.198974609375,2613.136047508025,2518.662385614546,2568.310014140686,2611102
2022-03-09,2744.892822265625,2759.2620362361945,2544.488382145627,2625.595363200531,4076068
2022-03-10,2781.03076171875,2902.4764398182224,2760.407809565777,2864.2859603469296,3971987
2022-03-11,2799.36181640625,2806.9521266903025,2751.957982569486,2785.040388286846,1265493
2022-03-14,2828.768798828125,2837.8868222205474,2785.3271293851976,2816.547799046922,1214217
2022-03-15,2852.017333984375,2894.8385047084003,2831.824210080843,2862.37659535481,1857685
2022-03-16,2904.3857421875,2912.0238374989726,2874.5494323770595,2905.340504101434,1287234
2022-03-17,2994.706298828125,3020.198395194686,2937.3250148238794,2972.6512054783516,2867519
2022-03-21,2907.966064453125,2976.279325194207,2893.02413391791,2976.279325194207,1259015
2022-03-22,2913.1220703125,2924.1496183620247,2840.4170350733866,2887.2003744745953,1515772
2022-03-23,2880.326416015625,2940.5717660507958,2869.060176357771,2921.5720930631546,948403
2022-03-24,2888.489013671875,2901.4736356823532,2817.072776777659,2835.1654682026888,1243917
2022-03-25,2909.11181640625,2925.9157196150995,2855.69293303442,2888.489098573034,1083275
2022-03-28,2890.494140625,2920.2351164775796,2860.132662717263,2909.1119994339856,680332
2022-03-29,2904.958984375,2948.0186111610283,2876.411460423094,2930.1646081962754,1120936
2022-03-30,2942.14697265625,2954.367973228297,2917.657186791538,2938.7575208391613,849545
2022-03-31,2940.619140625,2987.6889532895116,2927.3958269385544,2974.0835949498533,1464862
2022-04-01,2973.271728515625,2979.811940880987,2947.9705377327523,2969.309559801304,637392
2022-04-04,2976.94775390625,3000.8168026065887,2953.5560861799177,2983.5833028257084,873264
2022-04-05,2998.716064453125,3014.1831598005615,2940.6664973664015,2969.30935286023,805874
2022-04-06,3011.319091796875,3021.821472903332,2972.173853127353,2995.0881391778053,736379
2022-04-07,3012.274169921875,3063.78353422729,3003.2039307414443,3011.319407902882,1025244
2022-04-08,3061.20556640625,3074.3335434941523,3008.6458733369036,3024.685921052632,678898
2022-04-11,3014.613525390625,3076.243465143009,3007.5005944135564,3039.9625055913534,672652
2022-04-12,2987.115966796875,3019.052941411897,2973.2719181271573,3011.987562922743,794265
2022-04-13,2941.287109375,2980.6710371525164,2927.3955104176794,2976.183702909826,1121350
2022-04-18,2884.861083984375,2919.6621112550156,2876.6978225020803,2917.7525873104405,1032504
2022-04-19,2855.884033203125,2920.8078488717265,2835.6431255256816,2892.9288452332707,749782
2022-04-20,2943.531005859375,2949.7369583530776,2845.1905278822373,2855.9793842212935,838182
2022-04-21,3015.377197265625,3030.796510893555,2946.4434249526785,2950.0237825841978,1069035
2022-04-22,3021.249267578125,3029.7467906084285,2972.4132766282173,2980.29006440054,681191
2022-04-25,2988.978271484375,3012.369942527314,2955.0842175241983,2992.2243693294,1096774
2022-04-26,2984.251708984375,3006.2590193859414,2965.2998234156566,2988.405016862899,1703441
2022-04-27,3005.9248046875,3020.866735599515,2946.347520613168,2955.9429245942156,963536
2022-04-28,3100.7802734375,3120.1619872357082,3026.595318095837,3045.6905566958108,2001838
2022-04-29,3090.755126953125,3129.70945847343,3075.5745062227898,3102.021363813354,1088970
2022-05-02,3055.23828125,3066.218043823242,3011.3670156744124,3050.464471435547,595522
2022-05-04,2960.573974609375,3050.1782524973232,2942.051451115362,3034.233772996663,1120002
2022-05-05,2937.373046875,2985.4929579312343,2931.11930922143,2964.2972883730404,724601
2022-05-06,2879.801025390625,2914.3155801646994,2868.00962086708,2883.381383068276,923941
2022-05-09,2869.298583984375,2901.330896635617,2840.4170326440444,2865.097724300624,998324
2022-05-10,2946.729736328125,2996.7591709454987,2898.6573772968645,2912.978807026592,2460016
2022-05-11,2915.5087890625,2968.8801229079377,2844.235901421119,2950.5962913710687,1883969
2022-05-12,2902.428466796875,2938.757204656256,2852.828631420693,2904.385775362031,1254245
2022-05-13,2925.390869140625,2975.277185365363,2897.989245412497,2935.320301045442,1121729
2022-05-16,2864.1904296875,2950.1190096612786,2850.1554749110214,2950.1190096612786,733044
2022-05-17,2912.024169921875,2918.3256925116602,2817.50272965228,2863.2357373119185,1179081
2022-05-18,2959.85791015625,2987.2595342397417,2889.109949354269,2892.9289975358342,1379763
2022-05-19,2909.06396484375,2932.7421067862433,2864.715320827282,2864.763105541926,772390
2022-05-20,2969.26171875,2983.630931937444,2931.119027535345,2940.666646517545,778957
2022-05-23,3030.605224609375,3043.7809856583726,2988.4525792917525,3001.7236766745677,813294
2022-05-24,2947.20703125,3039.6278019298716,2931.1191990849543,3031.1305137768595,691307
2022-05-25,2709.662109375,2901.5214702752846,2698.4436568328038,2901.5214702752846,3381427
2022-05-26,2711.667236328125,2730.6193555130835,2595.568315475915,2721.0717353889117,3212196
2022-05-27,2706.60693359375,2739.2119600611322,2655.1929107459073,2738.2571981370957,1879534
2022-05-30,2715.34326171875,2753.533743599464,2689.5646864492683,2749.7146954113923,2525482
2022-05-31,2730.28515625,2747.8051328057086,2683.8360765520665,2715.3432236620692,2408221
2022-06-01,2723.45849609375,2806.9045983184124,2703.9336605937515,2730.2849508822956,1770795
2022-06-02,2776.973388671875,2786.950606127325,2719.162496146153,2740.3581684224305,1164197
2022-06-03,2756.302490234375,2787.380041821589,2726.800435899574,2773.583776711577,1228489
2022-06-06,2689.994140625,2742.0764541572885,2680.6852111584144,2741.217261598849,1193698
2022-06-07,2620.53515625,2677.152588204664,2607.45496376139,2673.333540289964,1403598
2022-06-08,2582.822021484375,2649.464453270561,2577.85730588487,2646.504597940146,1743575
2022-06-09,2580.03759765625,2590.4084966910477,2529.095540917134,2573.507754972157,1857501
2022-06-10,2601.115234375,2627.282429626211,2546.620249769266,2559.1036823661743,1592920
2022-06-13,2555.022216796875,2576.3880889471075,2537.4974003141,2563.8565979441405,1674206
2022-06-14,2530.6796875,2560.4000462705394,2482.2824749935107,2513.0109234266993,2296040
2022-06-15,2555.406982421875,2576.9651012665786,2522.710173958772,2544.7001303661355,928842
2022-06-16,2551.853515625,2617.1514675152994,2535.0969557410413,2587.863415564503,1280628
2022-06-17,2477.673095703125,2551.4214168918406,2458.2758100275164,2544.795689148406,2043251
2022-06-20,2554.974609375,2567.122090739149,2485.499643344724,2496.6866261824057,1595360
2022-06-21,2571.9228515625,2602.315109527149,2535.096638063348,2568.657813713461,1042074
2022-06-22,2560.400390625,2600.34723829702,2521.9898249175844,2581.1900155383437,1871760
2022-06-23,2648.60009765625,2657.9626715846475,2568.658120267627,2568.658120267627,1612872
2022-06-24,2651.19287109375,2674.143322112884,2617.6797501663773,2664.7326877152227,2215583
2022-06-27,2708.85693359375,2715.2906560988704,2655.130204729523,2669.438045872529,1295734
2022-06-28,2618.16015625,2674.1436020410238,2596.842339404631,2669.534287318907,1838358
2022-06-29,2590.600341796875,2610.9578923039235,2571.587067153331,2598.9545919531333,1066354
2022-06-30,2588.103515625,2618.591897975024,2573.5075495453207,2606.9728441053026,1291447
2022-07-01,2662.9560546875,2669.5339569543394,2578.3088756915113,2597.418035780258,1477191
2022-07-04,2679.425048828125,2686.8190357412313,2635.733030913105,2664.8769065949273,653147
2022-07-05,2656.6669921875,2700.551018623324,2650.329154780703,2674.335759443572,1073043
2022-07-06,2747.69921875,2754.997318667945,2693.6843706583054,2718.0752160602665,2085735
2022-07-07,2776.507080078125,2815.4938900669704,2762.4873671282226,2786.1097195394723,1469087
2022-07-08,2765.368408203125,2773.2425263832183,2727.6299848308627,2765.560414121769,1274148
2022-07-11,2816.502197265625,2823.704176818593,2738.0486802231803,2759.798564697369,1081885
2022-07-12,2778.236083984375,2807.092067458996,2770.7459770173955,2803.971209092711,1115524
2022-07-13,2824.32861328125,2850.975941011324,2809.7807065125103,2831.8187198554347,2153712
2022-07-14,2822.35986328125,2837.4361957474302,2796.672801085964,2834.7954697273544,882479
2022-07-15,2859.81005859375,2866.3879605872917,2823.6081536846073,2832.73066143187,1668006
2022-07-18,2897.93310546875,2904.798900002055,2869.653140196487,2875.7509110020346,823390
2022-07-19,2899.133056640625,2902.877992362105,2859.810059367854,2864.8995053161207,638171
2022-07-20,2886.986083984375,2923.716187430587,2880.792427153892,2912.4811438525844,867436
2022-07-21,2944.265625,2962.3664612332213,2862.5470625809294,2862.5470625809294,1184060
2022-07-22,2945.513671875,2969.856457819799,2926.8846442275476,2944.2655162384062,1268141
2022-07-25,2981.57177734375,2993.335011807055,2930.38965724001,2947.5304640908957,985844
2022-07-26,2984.98095703125,3024.639911278126,2931.6862994423054,2972.9776557724786,2876310
2022-07-27,3059.449462890625,3066.123251454533,2972.9776343574176,2995.0156484218815,1976407
2022-07-28,3142.367919921875,3149.6660203301317,3055.560145332463,3070.9243698218784,1332572
2022-07-29,3201.2802734375,3221.0618066232037,3144.864760557274,3154.8514128913494,1836550
2022-08-01,3192.44580078125,3221.6857933591664,3182.7951004736087,3207.329893120167,1076122
2022-08-02,3261.20068359375,3269.4590482602152,3193.4542419200475,3198.6395740523612,1650536
2022-08-03,3302.97216796875,3310.990466615837,3237.290200283828,3268.73884813234,1169005
2022-08-04,3322.99365234375,3338.789948637784,3275.3644630163844,3317.7122002160545,981434
2022-08-05,3335.861083984375,3353.1938964264195,3314.3993238095286,3336.917468181741,792478
2022-08-08,3321.024658203125,3338.789540460837,3299.9949724413896,3327.314433674147,724644
2022-08-10,3276.084716796875,3312.7669906597243,3261.0566783535105,3304.268560133813,1089295
2022-08-11,3269.89111328125,3339.7503232842764,3255.2951465327724,3312.910989834237,1410533
2022-08-12,3291.641357421875,3298.3151459650344,3248.57341917374,3263.9376446265273,548472
2022-08-16,3361.884033203125,3369.9982165581873,3318.0000183036996,3332.1158512467423,911189
2022-08-17,3383.682373046875,3404.760121975189,3365.341470426292,3378.1608547806704,817912
2022-08-18,3394.86962890625,3401.927429064047,3375.856353682949,3384.9308021369548,599877
2022-08-19,3344.16748046875,3397.89420502961,3326.354536165768,3380.129320815099,581829
2022-08-22,3216.64453125,3347.0484373344752,3200.75211418756,3324.530292041516,2336567
2022-08-23,3223.221923828125,3249.4850010194186,3185.0514335270523,3200.5596018484453,831446
2022-08-24,3244.588623046875,3250.494153804579,3170.792229206121,3206.8982550891706,1182154
2022-08-25,3228.8876953125,3269.8428610772626,3218.0366652403623,3240.8909952950744,615392
2022-08-26,3191.485595703125,3250.0136420289014,3174.2967287305933,3245.0683760007423,1384783
2022-08-29,3210.40283203125,3215.300272533534,3108.0866491221404,3117.977415869429,1031166
2022-08-30,3256.83154296875,3274.2602411504067,3198.639449599532,3198.639449599532,1426459
2022-09-01,3309.597900390625,3336.3411118385015,3183.2751256652496,3183.2751256652496,1417762
2022-09-02,3294.714111328125,3350.361367753884,3288.904466769003,3350.361367753884,740821
2022-09-05,3288.71240234375,3312.9110097882226,3270.227319173193,3288.952468358952,518438
2022-09-06,3260.336669921875,3298.075095759164,3249.533698848575,3284.1032062831346,540937
2022-09-07,3265.23388671875,3298.5069415675116,3251.4059440292885,3257.2155882960697,682921
2022-09-08,3313.054931640625,3346.184041498708,3291.208924415367,3312.910985808333,1143090
2022-09-09,3305.084716796875,3345.271624224618,3297.0183585951427,3345.271624224618,702805
2022-09-12,3295.818115234375,3316.4157315297252,3286.9837331578924,3305.0848036704638,641280
2022-09-13,3286.215576171875,3321.5533400045983,3278.965535726007,3295.626210724424,776044
2022-09-14,3302.300048828125,3311.4706175072884,3245.6925292662418,3245.6925292662418,816678
2022-09-15,3260.480224609375,3321.313041531087,3254.4307490856477,3303.3080919022595,590182
2022-09-16,3190.525146484375,3284.1028248243006,3178.041714694107,3276.8047247711334,1598265
2022-09-19,3184.4755859375,3209.298504861112,3102.9012035678297,3188.700653889006,1013563
2022-09-20,3258.3681640625,3274.500648161279,3201.5205750644295,3203.057091431735,708184
2022-09-21,3222.694091796875,3288.8081285119597,3214.9639195945465,3269.6989684048476,605378
2022-09-22,3299.46728515625,3303.308341367142,3183.89941263525,3222.694221028939,829396
2022-09-23,3260.336669921875,3301.3398999077485,3248.285308636654,3298.507167714201,513370
2022-09-26,3301.435791015625,3330.1956517895255,3220.725552509247,3236.089776969637,1429914
2022-09-27,3332.740478515625,3360.924323403384,3294.7141611202323,3317.56849340727,1455383
2022-09-28,3428.766845703125,3440.5300806907653,3284.103155732958,3313.871342232292,1843428
2022-09-29,3250.302001953125,3421.853091193288,3238.3945863417866,3421.853091193288,2624894
2022-09-30,3209.634521484375,3276.3248127536585,3154.7074648072503,3266.8182924508837,2159720
2022-10-03,3171.65625,3219.2854438548984,3155.18781421215,3214.964255339657,934543
2022-10-04,3205.121337890625,3234.5055116422795,3180.4425986549954,3197.679291491508,994382
2022-10-06,3196.6708984375,3232.968925689561,3180.1063439062327,3205.1212687964157,922770
2022-10-07,3210.834716796875,3226.103055188391,3156.627860430884,3186.155978678127,774544
2022-10-10,3147.697509765625,3167.9111149956398,3130.6528228025536,3149.6660979647463,734377
2022-10-11,3167.622802734375,3226.4870326888813,3143.904328876011,3159.748684840108,1411316
2022-10-12,3119.129638671875,3206.8017932783837,3078.6065426712075,3202.48060505567,1812549
2022-10-13,3081.4873046875,3128.7322485726286,3066.9872239061738,3101.7489697094384,779890
2022-10-14,3058.921142578125,3117.0171178177975,3053.639690283609,3106.454213228766,845765
2022-10-17,3070.540283203125,3090.1295751742523,3044.1330230050853,3058.9209949402057,1067773
2022-10-18,3097.667724609375,3120.858006481758,3084.3679744059714,3090.129558417938,1015424
2022-10-19,3085.08837890625,3116.729033001925,3069.3401419952233,3113.176102844623,943543
2022-10-20,3016.09326171875,3113.0321051451265,2978.5470780168534,3070.9244327649803,2284352
2022-10-21,2969.520263671875,3038.995457001832,2950.5550499027663,3015.2289232911776,1738731
2022-10-24,2997.608154296875,3033.474110057673,2992.182756232893,3024.8317336757423,178709
2022-10-25,2962.318359375,3010.427680193103,2957.517039310896,3009.4674161802823,1016316
2022-10-27,2922.515625,2998.9046783439494,2912.480912397438,2998.9046783439494,2005709
2022-10-28,2932.070068359375,2949.5470610956077,2919.2026242519423,2937.1595145592846,715736
2022-10-31,2988.518798828125,2993.615589318335,2943.657933137014,2963.804447889209,814364
2022-11-01,3038.236328125,3043.044577194501,2991.211746136398,2991.211746136398,939335
2022-11-02,3011.790771484375,3038.7650940471785,3002.366791714755,3036.889923981908,787012
2022-11-03,3020.830322265625,3027.9945657474896,2985.92239035997,2985.92239035997,563798
2022-11-04,3059.344482421875,3062.854410048186,3006.020816722998,3027.273369805868,609757
2022-11-07,2984.528076171875,3075.3558465092547,2978.6619188887526,3063.8160497118465,1669943
2022-11-09,2968.132080078125,3025.3502426456444,2961.8813564362954,3025.3502426456444,1391333
2022-11-10,2928.36767578125,2967.651162428984,2917.1645499767737,2967.651162428984,1375007
2022-11-11,2938.224609375,2979.190983432732,2931.10849499773,2972.1708931656667,810288
2022-11-14,2936.10888671875,2959.909717358223,2924.424936497751,2938.8015528981623,811702
2022-11-15,2961.208251953125,2976.306106734477,2925.3386677500093,2950.822387242243,873840
2022-11-16,2964.814208984375,2974.38257671953,2933.993288577849,2961.208022543153,770953
2022-11-17,2953.803466796875,2977.7965811102035,2942.648235782799,2973.421027790985,706271
2022-11-18,2976.786865234375,2995.3948822087336,2938.5612868486323,2976.30604034902,1258576
2022-11-21,2976.5947265625,2991.0676032689976,2948.610622966843,2985.922682835123,612194
2022-11-22,2984.81689453125,2999.8666203374873,2954.476795685438,2984.961048093464,764079
2022-11-23,2981.8837890625,2995.346886453334,2971.4979241197284,2991.692570205979,488341
2022-11-24,2995.827392578125,3000.587511693523,2973.42090734921,2998.3756704019734,571872
2022-11-25,2988.95166015625,3000.1550209237853,2957.3134764073975,2995.8275969277415,898769
2022-11-28,3030.3505859375,3037.8515007962537,2977.9406755882137,2988.9515180546664,914689
2022-11-29,3014.820068359375,3047.4680301203202,3007.222894536592,3035.928233224945,877720
2022-11-30,3053.38232421875,3077.2312866490474,3013.1374202217985,3019.4841681508233,2547283
2022-12-01,3057.421142578125,3074.3941662882226,3040.0151886702047,3068.6242679467373,761717
2022-12-02,3022.89794921875,3052.5649387960807,3013.8104057676355,3051.4589006841575,932259
2022-12-05,3035.83203125,3047.1795453653954,2993.1348758478102,3009.96374663571,926122
2022-12-06,3040.4482421875,3047.4683329520044,3005.15574013096,3005.15574013096,958365
2022-12-07,3102.76318359375,3110.648665262233,3054.5844330894065,3058.0464663964435,1832282
2022-12-08,3097.90673828125,3116.610780159248,3079.827674869609,3106.1288911250795,851312
2022-12-09,3103.19580078125,3118.00534869022,3083.0492842604326,3110.9371286907362,847879
2022-12-12,3044.92041015625,3106.129335503575,3021.407881079176,3103.244385656358,1323816
2022-12-13,3056.603759765625,3062.8544832007287,3022.1285219855217,3062.8544832007287,886601
2022-12-14,3025.3017578125,3072.470721478066,3005.155244012193,3057.084326628724,1103870
2022-12-15,3010.541015625,3039.967359203624,2997.173942281542,3021.5037296444852,799124
2022-12-16,2938.705322265625,2997.4622148050894,2933.3202246327955,2995.538915340986,1192821
2022-12-19,2962.794921875,2969.5745999606484,2924.377059093372,2944.5717050127932,655594
2022-12-20,2963.94873046875,2970.199453943749,2902.2589919304437,2957.121158001185,739257
2022-12-21,2951.92822265625,2993.0868811633136,2933.080027391856,2966.6896410373547,616324
2022-12-22,2970.103515625,2974.863635145594,2921.540201070336,2956.1114641789413,663202
2022-12-23,2940.62890625,2968.4688565087613,2919.5688689915128,2960.8716820238287,1230858
2022-12-26,2938.849609375,2954.0916162364083,2912.644655079118,2940.6285204513683,536884
2022-12-27,2993.231201171875,3009.0021636634738,2939.090271565551,2942.6483287984115,729041
2022-12-28,3003.9052734375,3023.234527299916,2985.922470090096,2990.6825893912073,972274
2022-12-29,2995.68310546875,3005.1554493562285,2973.9499621256673,2982.075855505173,596265
2022-12-30,2969.478271484375,3010.6850586035557,2953.515025950717,3010.6850586035557,836220
2023-01-02,2930.387451171875,2969.478422939694,2905.1441430766213,2969.478422939694,1015990
2023-01-03,2912.11572265625,2942.5999713857314,2908.9903611112545,2930.146654646609,860367
2023-01-04,2901.153076171875,2933.031670747748,2886.439788376177,2918.6069248260383,836382
2023-01-05,2889.13232421875,2929.762023398439,2880.525371718245,2922.982346165567,1113920
2023-01-06,2864.177734375,2907.548235234713,2838.790272999131,2894.565962644778,1045526
2023-01-09,2869.707275390625,2901.922545022382,2837.8286771138987,2878.506512291049,808263
2023-01-10,2846.820068359375,2870.52464192682,2838.982481652939,2869.7071456888607,864325
2023-01-11,2827.635009765625,2860.81192823823,2822.4421946984185,2860.81192823823,890426
2023-01-12,2804.122802734375,2827.106374766739,2784.9379353905406,2826.2888784919887,1558620
2023-01-13,2797.583251953125,2812.8254942690755,2761.617645527254,2812.8254942690755,1507864
2023-01-16,2804.218994140625,2817.249396108736,2784.9378683657537,2812.825713042068,644073
2023-01-17,2828.11572265625,2831.914427080682,2799.5066419180816,2812.8255851812473,716489
2023-01-18,2832.299072265625,2846.4834068096934,2817.008934363132,2834.8954797689826,893808
2023-01-19,2756.232666015625,2859.5621318080084,2734.5476493871734,2841.5790915144644,2379947
2023-01-20,2680.887451171875,2738.7787241581427,2674.348185352456,2738.7787241581427,3171005
2023-01-23,2677.66552734375,2692.6192275092203,2661.7022827901756,2692.6192275092203,1402260
2023-01-24,2702.813232421875,2718.6804553584107,2677.665947325472,2687.811400461666,1061471
2023-01-25,2668.578369140625,2703.1977641997464,2660.9814291359926,2703.101505302352,857953
2023-01-27,2618.23583984375,2666.510849576437,2582.8473135961704,2660.500538083602,1801498
2023-01-30,2660.11572265625,2669.5399379807604,2592.848363753828,2619.5341466352997,1171912
2023-01-31,2621.313232421875,2673.3383463540486,2613.8123169370942,2654.153479571399,1961805
2023-02-01,2638.526611328125,2671.46311663582,2601.070398962959,2644.3446395132155,1176872
2023-02-02,2601.8876953125,2635.882109756223,2590.6845690197974,2635.882109756223,1308570
2023-02-03,2654.5380859375,2657.903860328701,2596.454530354754,2601.887757960862,1278409
2023-02-06,2648.575439453125,2658.961302708585,2613.763768810826,2654.53762037345,1120284
2023-02-07,2652.2783203125,2668.0974128202306,2642.757846273393,2656.0767901277627,732250
2023-02-08,2659.53857421875,2677.2328352532836,2639.0553881141686,2661.8464396483796,811956
2023-02-09,2706.659423828125,2712.188909775337,2660.067306589839,2675.261419278601,946372
2023-02-10,2697.04296875,2722.3822986642,2685.887737796843,2721.4687783619997,700072
2023-02-13,2683.723876953125,2720.5069776584755,2673.3861427679612,2706.56305712965,467228
2023-02-14,2670.50146484375,2697.1872464964017,2658.961667372333,2697.1872464964017,524746
2023-02-15,2679.300537109375,2690.984723223754,2648.3835894802605,2670.501535216661,817717
2023-02-16,2698.341064453125,2725.6520581731907,2683.099056808293,2689.734346160864,788964
2023-02-17,2724.93115234375,2736.7113631941875,2678.675699909688,2695.456443104343,840526
2023-02-20,2717.189697265625,2742.625288062258,2704.2555541354754,2735.893739318767,646218
2023-02-21,2709.0634765625,2729.834969313845,2697.4274212264977,2728.200211771684,631934
2023-02-22,2688.724609375,2706.034305118468,2673.386342602315,2702.187706064364,580270
2023-02-23,2602.176025390625,2697.9564318742764,2596.550515368234,2697.42747757018,1790570
2023-02-24,2633.478271484375,2656.0770443088713,2606.071249122752,2608.090807839469,1429040
2023-02-27,2644.440673828125,2652.8551095231387,2620.543817320955,2635.305000787824,561317
2023-02-28,2720.314697265625,2730.1234771741724,2622.851407013697,2644.5366545364473,1815923
2023-03-01,2731.950927734375,2743.875526578594,2708.0540701541177,2719.545738749499,816598
2023-03-02,2725.219482421875,2739.7404894218935,2703.197794231289,2722.4307917000283,604523
2023-03-03,2720.363037109375,2742.6251353028442,2702.8608235289107,2728.248518242699,679295
2023-03-06,2754.69384765625,2773.397888401601,2721.7092141638805,2733.970248517944,1050267
2023-03-08,2749.8857421875,2759.934935677179,2718.5839941321897,2759.934935677179,580250
2023-03-09,2744.11572265625,2762.2908092293596,2728.0562186019392,2752.241616181735,774224
2023-03-10,2721.6611328125,2734.931946597537,2699.350905098202,2734.931946597537,489978
2023-03-13,2677.42529296875,2740.1729416398443,2665.8854955119973,2715.2181765951723,813217
2023-03-14,2640.305908203125,2680.06998842509,2634.968704608099,2676.223389045294,1060450
2023-03-15,2718.968505859375,2756.4249527751335,2659.153936239376,2665.885484728586,2170346
2023-03-16,2782.29345703125,2788.7845935852847,2720.2189116219215,2740.702100592435,1755487
2023-03-17,2752.86669921875,2811.8158787678335,2745.558301623579,2811.8158787678335,1848073
2023-03-20,2745.654541015625,2803.209379826441,2722.478919942746,2803.209379826441,1074367
2023-03-21,2730.219970703125,2776.28290102446,2726.2771127136625,2748.5392110986086,691891
2023-03-22,2730.941162109375,2743.7309160823347,2706.899918133476,2716.660569276582,731807
2023-03-23,2690.503662109375,2714.737188354864,2661.606040761309,2709.06354885779,1016581
2023-03-24,2691.1767578125,2707.668956699852,2666.5105362553586,2690.503649959953,784111
2023-03-27,2696.225830078125,2711.852640506576,2679.6373697771537,2691.1771682473945,791560
2023-03-28,2677.66552734375,2702.8128084958967,2658.961487165355,2683.9643799922264,558581
2023-03-29,2664.250732421875,2686.6090899489673,2649.345160737147,2677.665699982574,1087648
2023-03-31,2655.739990234375,2668.578108559637,2642.1327399162533,2650.3548923954786,1967803
2023-04-03,2670.50146484375,2674.973042452812,2604.772607835025,2641.603841720187,1035295
2023-04-05,2700.79345703125,2703.7265358699988,2646.7006559068036,2654.153441839505,668643
2023-04-06,2702.091796875,2716.6606975009267,2679.9257219274446,2699.7836964777093,627554
2023-04-10,2669.876708984375,2702.2361331805596,2649.4416492583655,2702.2361331805596,1215461
2023-04-11,2648.19140625,2683.0030838955226,2644.58521930928,2683.0030838955226,1246379
2023-04-12,2679.87744140625,2698.5814820923397,2645.498462836133,2649.8740161551564,2235399
2023-04-13,2701.9951171875,2705.409020417101,2675.30933927062,2679.8290456919835,602597
2023-04-17,2734.06640625,2736.4705305442026,2698.389107812929,2716.6604524488685,754555
2023-04-18,2745.125732421875,2748.827943446275,2721.565311296844,2738.7787495546268,717724
2023-04-19,2701.947509765625,2743.29845290511,2693.2445317539655,2727.575618880377,799624
2023-04-20,2734.787841796875,2741.6635438656435,2705.2650055015974,2711.8524004563715,761101
2023-04-21,2771.571044921875,2776.283035136901,2737.913301163721,2737.913301163721,894930
2023-04-24,2780.225830078125,2786.861119785549,2742.6252289953018,2771.5709818800333,782967
2023-04-25,2786.861083984375,2790.4672706872534,2754.3091447686147,2780.1776649172634,636120
2023-04-26,2798.40087890625,2804.603473074043,2777.2927130466883,2785.851302236011,569221
2023-04-27,2788.736328125,2808.0174538303168,2782.8704051326426,2803.6900296720164,599461
2023-04-28,2791.04443359375,2807.9693294657254,2737.432456424454,2807.9693294657254,1080665
2023-05-02,2788.3515625,2821.19180735037,2782.052709720502,2799.3142756717866,663800
2023-05-03,2817.345458984375,2848.791361458532,2785.899556510218,2806.094202932971,1237193
2023-05-04,2868.45751953125,2871.6307764026833,2810.0851823434155,2834.9439263550403,1008540
2023-05-05,2897.40283203125,2908.990759533048,2837.876800978699,2857.0616682884906,1326561
2023-05-08,2903.6533203125,2919.280128909465,2878.217731120995,2899.3740258368857,941879
2023-05-09,2918.414794921875,2956.8807860641755,2895.2870707920115,2900.383861573922,1025850
2023-05-10,2924.76171875,2939.763550110158,2903.124597429268,2926.252322952098,751851
2023-05-11,3019.340087890625,3035.111051369875,2915.241492615791,2935.0034438013527,3229605
2023-05-12,3011.021728515625,3057.8058965327527,2967.651229404851,3018.618667887825,1998170
2023-05-15,3011.886962890625,3046.506353268678,3001.356945272854,3014.002545347064,810281
2023-05-16,3017.753173828125,3044.2945660565547,3002.6071902684253,3011.887016443101,822404
2023-05-17,2973.853515625,3027.225073038449,2957.6017298912857,3015.733406280654,835371
2023-05-18,2989.8173828125,3005.1556502960543,2974.6232688890464,2986.547632598307,498067
2023-05-19,2966.16064453125,3007.9924103500107,2950.389681903795,3004.1939406392653,633262
2023-05-22,2966.59326171875,2986.49959964682,2929.185179827078,2952.2647741527016,659425
2023-05-23,3000.924072265625,3007.9920565162283,2966.689249895439,2968.612549247073,581204
2023-05-24,2982.556640625,3012.9927606993137,2979.1908665665806,2995.538911993189,439465
2023-05-25,3003.761474609375,3009.0024194038156,2967.651475321245,2982.5570481882182,500313
2023-05-26,3008.425048828125,3016.6472013233874,2992.4136740566473,3003.232233977315,568249
2023-05-29,3017.080322265625,3034.0054545284765,2996.549237631777,3026.504538303399,535712
2023-05-30,3023.811279296875,3034.00486021854,3007.6076224156145,3026.2154035918184,506026
2023-05-31,3070.499755859375,3095.8874520571103,3016.16654085161,3031.0721131103774,2349066
2023-06-01,3116.418212890625,3125.2653433938262,3084.0106641548714,3111.2735277350735,1104861
2023-06-02,3113.100830078125,3125.3137356415245,3095.5507211434037,3115.168283246992,781973
2023-06-05,3077.0390625,3115.697338948614,3072.4712257793576,3115.697338948614,492565
2023-06-06,3089.540283203125,3114.6873306524576,3072.470999870511,3084.7320343770366,577698
2023-06-07,3101.128173828125,3105.4074682781097,3083.289523934873,3093.627258790951,470038
2023-06-08,3089.0595703125,3122.4769008653398,3070.547811660927,3096.5123562631334,561161
2023-06-09,3078.943359375,3135.4291531038652,3067.326714535183,3107.258931172055,1239045
2023-06-12,3092.689697265625,3100.0470002532447,3050.482459509538,3083.4447367462963,1029156
2023-06-13,3158.614501953125,3167.472099871946,3102.7576074514423,3107.4527630161815,1598821
2023-06-14,3165.7294921875,3184.8001047954876,3149.0790140815734,3160.6956596914656,741615
2023-06-15,3189.107666015625,3198.449289288346,3168.778539176928,3171.3437868367496,806994
2023-06-16,3210.88916015625,3215.874542408856,3181.5570844006475,3186.5909166087754,984671
2023-06-19,3203.96728515625,3238.091178097593,3197.7233860565066,3212.8251183202333,516915
2023-06-20,3212.679931640625,3220.569711504887,3172.4090374606176,3209.09818003523,866290
2023-06-21,3210.1630859375,3226.523099526414,3194.5773262637763,3212.6798838443556,742456
2023-06-22,3144.286865234375,3220.5695440063646,3138.865669981879,3218.778550126191,871640
2023-06-23,3192.3505859375,3198.594484930035,3149.1270834904476,3160.6952777441134,1260659
2023-06-26,3202.466796875,3209.4369726832247,3166.8908229139124,3189.736985082562,592801
2023-06-27,3219.74658203125,3237.655575346818,3168.7786496453305,3170.3758437018473,914141
2023-06-28,3241.2861328125,3248.0625094061497,3217.326801284953,3224.587204778149,713110
2023-06-30,3254.645263671875,3339.398419518564,3236.9298322004784,3245.8843296802106,1436363
2023-07-03,3251.402099609375,3271.9732419028664,3230.588943877137,3257.5008855340484,474224
2023-07-04,3240.75341796875,3278.797976747532,3224.5869679793414,3251.4020089767873,473663
2023-07-05,3266.600341796875,3291.3826112889574,3234.0254290187013,3244.2868928727444,632406
2023-07-06,3290.8017578125,3301.063221895064,3260.211401725198,3301.063221895064,693995
2023-07-07,3236.880859375,3304.935076496107,3230.540060861575,3276.861521364769,620761
2023-07-10,3236.348876953125,3264.3257728000376,3188.720678585586,3238.1398709698337,548838
2023-07-11,3284.170654296875,3291.334157199478,3238.139653213883,3242.9314718001674,772158
2023-07-12,3297.9169921875,3305.322508567636,3254.8386018881406,3299.1270593307404,1025127
2023-07-13,3289.979248046875,3315.584223467886,3276.2329315273178,3315.584223467886,750126
2023-07-14,3320.18212890625,3329.1366254999907,3278.79783383788,3289.9789011772295,832843
2023-07-17,3349.852783203125,3362.0503538289454,3315.5837782505437,3320.1820331254894,817694
2023-07-18,3401.20849609375,3410.4534569338766,3345.2067268898095,3349.4660689728107,962485
2023-07-19,3402.369873046875,3417.229592013229,3371.2470408459126,3407.549054925373,620289
2023-07-20,3413.357421875,3422.0699053681583,3383.299306555357,3397.9170122859296,589848
2023-07-21,3405.322509765625,3424.9255975161254,3393.0282748397317,3422.989490083977,857975
2023-07-24,3430.491943359375,3454.015696181776,3386.735962189446,3393.9963651382586,680246
2023-07-25,3291.77001953125,3434.557953840447,3242.9802029546445,3434.557953840447,2555630
2023-07-26,3265.2451171875,3303.9672650343723,3257.5006876181255,3291.2374534662067,959076
2023-07-27,3261.76025390625,3304.935546264483,3243.9481592068782,3281.702255956824,874078
2023-07-28,3282.379638671875,3290.4145316632184,3257.0166789587815,3267.1812428253493,553750
2023-07-31,3269.456298828125,3279.7659763246456,3216.9875985636363,3217.0360485174847,933890
2023-08-01,3236.155029296875,3276.861734148861,3231.3632108091283,3264.2770362038286,698667
2023-08-02,3255.468017578125,3264.228951704338,3224.248282642297,3234.4612974631996,857218
2023-08-03,3229.765869140625,3271.9728662070356,3211.9535402893544,3262.340779719136,711067
2023-08-04,3232.96044921875,3265.5355980743393,3216.842449627559,3231.5083686667062,519248
2023-08-07,3236.20361328125,3242.9799893784584,3210.066162620588,3210.114612575245,360358
2023-08-08,3241.092041015625,3252.6117848105814,3226.183873134905,3236.2033228588266,500258
2023-08-09,3224.587158203125,3249.7081066584915,3197.481652220031,3226.0876888382977,643222
2023-08-10,3134.4609375,3213.938239711281,3126.8134079118786,3204.2577028446804,1253219
2023-08-11,3083.59033203125,3145.1584132175803,3078.4111495544557,3134.461371231536,919023
2023-08-14,3100.2890625,3107.35566586631,3051.5474612074386,3083.5901351605353,815534
2023-08-16,3092.011962890625,3106.3392048963406,3075.409700156993,3092.83466672959,597686
2023-08-17,3081.556884765625,3121.0050723268278,3060.9857440128503,3120.9081724220873,873392
2023-08-18,3062.486572265625,3083.7353053939833,3054.2096652073515,3073.473840825406,592652
2023-08-21,3080.6376953125,3085.6715278701063,3051.450731055889,3058.9531481040435,353330
2023-08-22,3078.120361328125,3096.416718411817,3069.698341245746,3096.416718411817,377068
2023-08-23,3067.568603515625,3093.899616816025,3064.1319656216906,3084.219079842258,370811
2023-08-24,3122.55419921875,3129.620802359354,3069.601471230169,3083.251123329916,1167742
2023-08-25,3155.177734375,3160.695593656164,3113.4545218946755,3121.8765425176366,1363431
2023-08-28,3155.564697265625,3167.4718054160917,3127.830052430126,3160.646979349499,707315
2023-08-29,3180.73388671875,3183.928511088422,3151.0631363586585,3156.8230084096517,533163
2023-08-30,3189.446533203125,3197.336312799122,3171.7311029189345,3195.835782269961,599080
2023-08-31,3152.080078125,3196.5136530847376,3117.1332413485325,3194.6259954397506,1601967
2023-09-01,3155.419677734375,3159.9210331776785,3114.325842928938,3137.559133147277,650131
2023-09-04,3132.186279296875,3161.9054814060987,3113.35768160122,3155.4195687124884,696213
2023-09-05,3120.327392578125,3145.0612107248694,3117.132768249252,3141.334109617647,597022
2023-09-06,3122.263916015625,3126.8137215310257,3092.931839099575,3106.4845920721555,754106
2023-09-07,3142.641357421875,3149.8048605705776,3098.9820391553017,3122.2637789004534,923108
2023-09-08,3134.6064453125,3158.8077886985216,3128.7496729448344,3146.707117005511,395918
2023-09-11,3155.27392578125,3160.695120677859,3138.4298870559323,3138.4298870559323,359345
2023-09-12,3152.805908203125,3175.022694201268,3139.3982694078245,3155.855182938485,554905
2023-09-13,3173.0380859375,3179.717562079966,3122.2637155084185,3141.3343265554686,880907
2023-09-14,3136.736083984375,3188.962535205736,3120.2791706512267,3177.1523270231364,1102554
2023-09-15,3094.529052734375,3136.494279060155,3083.251320619319,3131.654010110988,1568607
2023-09-18,3103.87060546875,3126.7165308359936,3088.0912829927347,3097.771819930016,673602
2023-09-20,3111.663818359375,3124.877658158019,3092.9318828422774,3103.870938021677,901084
2023-09-21,3140.559814453125,3157.0167276056013,3078.94329003932,3107.4524246734504,845739
2023-09-22,3170.23095703125,3178.701427448774,3118.246280938701,3131.6054701225894,896521
2023-09-25,3217.08447265625,3228.2655402086107,3166.6487801282137,3167.7621836928456,1422084
2023-09-26,3187.607666015625,3218.6820518353165,3156.1943668224008,3216.8428441136775,834560
2023-09-27,3196.320068359375,3203.290008416781,3167.181554586442,3182.9608787169464,516326
2023-09-28,3069.0693359375,3183.9288201516833,3054.209616168611,3176.9588803402457,2104381
2023-09-29,3060.066162109375,3092.9315375958636,3033.8802625431726,3092.9315375958636,1550585
2023-10-03,3065.680908203125,3124.6837330611183,3060.9857532923543,3064.9548679390614,1219145
2023-10-04,3068.633544921875,3087.123466428834,3050.6763365968663,3063.8417260380957,892584
2023-10-05,3103.822021484375,3128.8463029231243,3072.892754573618,3107.4522226790937,1002610
2023-10-06,3093.657470703125,3114.228610890074,3088.091162181951,3112.050490164397,814257
2023-10-09,3052.079833984375,3061.9539347193313,3032.6218595592095,3039.7371489803686,700012
2023-10-10,3050.8212890625,3063.7931143335363,3039.737121271327,3049.36920848703,847367
2023-10-11,3062.8251953125,3083.2512241755635,3051.3539000665496,3067.7623640227193,1025317
2023-10-12,3058.178466796875,3086.639150375813,3049.4175337481993,3084.219016182324,992531
2023-10-13,3048.20751953125,3070.6663179681927,3028.313968847415,3049.36913669603,854688
2023-10-16,3012.631591796875,3028.0720011842827,2997.1911824094673,3024.1997863490087,853011
2023-10-17,3014.08349609375,3036.7843069697324,2993.028329158273,3036.7843069697324,792640
2023-10-18,2997.52978515625,3015.68079174701,2991.285886157275,3010.6469598540857,481985
2023-10-19,3002.709228515625,3011.518376010426,2977.8302939159094,2989.059575833664,568124
2023-10-20,3006.629638671875,3015.584135277716,2966.648974125656,2993.706027412357,711434
2023-10-23,2973.861083984375,3009.5821723902673,2966.1166540781655,2997.1428236581655,374476
2023-10-25,2963.018798828125,3008.7108859932378,2954.4998790384043,2994.5772075006626,669290
2023-10-26,2865.729248046875,2957.4038808157,2846.077711816091,2953.628566142637,1834111
2023-10-27,2860.743896484375,2879.620944290715,2837.3654933530197,2839.108037341854,1708185
2023-10-30,2872.312255859375,2896.3682487345804,2845.206751994645,2878.9917319181172,878885
2023-10-31,2899.99853515625,2916.503898654541,2871.2473864108765,2874.151547624374,1152306
2023-11-01,2840.8017578125,2912.776401640652,2836.3970666353184,2902.17626191925,1029990
2023-11-02,2860.98583984375,2867.3750888659015,2840.2695849873585,2866.4554851096987,900125
2023-11-03,2887.7509765625,2892.647992174285,2852.9855749735552,2867.531728482938,715997
2023-11-06,2937.644287109375,2942.2505691345473,2893.5694885561225,2907.2912655716914,620959
2023-11-07,2941.572021484375,2947.0024439201834,2911.3643644670146,2937.6445123163226,757998
2023-11-08,3001.599365234375,3005.187369786155,2954.033386580885,2965.476410269516,783400
2023-11-09,2987.004150390625,3017.2601029650414,2981.040322029973,3006.2051207708255,849702
2023-11-10,2983.367431640625,2991.6587861621083,2948.1173964232103,2977.112633231012,364232
2023-11-13,2992.2412109375,3004.2659379372017,2972.2643963129512,3004.2659379372017,405941
2023-11-15,3021.914794921875,3024.4847573746474,2985.5494118960023,2992.3376167274987,700017
2023-11-16,3035.588623046875,3045.8677637797387,3003.8780527490876,3024.6304723496687,675454
2023-11-17,3073.0205078125,3130.5748872056256,3050.4739683166335,3054.6924478270644,1430175
2023-11-20,3045.334228515625,3075.9294478797124,3037.236775233902,3073.020217252094,406431
2023-11-21,3038.44921875,3061.3835608228896,3032.388321082343,3061.3835608228896,409069
2023-11-22,3038.206787109375,3061.4806341858593,3026.763764946007,3044.994992506683,489889
2023-11-23,3028.460693359375,3075.444722887016,3020.896646015806,3052.752817610115,792460
2023-11-24,3041.261474609375,3044.8011810090325,3016.8725163420827,3023.6607219397665,756329
2023-11-28,3053.092529296875,3064.3899481700873,3041.2614673091102,3046.1101855815314,647883
2023-11-29,3053.092529296875,3074.0873847149296,3046.9345623893714,3053.092529296875,620725
2023-11-30,3025.502685546875,3058.5224994502328,3014.30233739682,3053.092077840403,1793116
2023-12-01,3077.384033203125,3094.06381137529,3045.2371297827417,3051.7343641036796,960196
2023-12-04,3097.89453125,3107.4948983946197,3070.69317533516,3093.4821504244937,1018189
2023-12-05,3128.63525390625,3149.3876720086314,3083.7846129165055,3100.270253928952,1005550
2023-12-06,3154.1396484375,3189.4867559220547,3135.1325788451045,3166.2129091169077,1229158
2023-12-07,3153.412353515625,3200.105414156322,3148.6121699433556,3184.638050755092,1071725
2023-12-08,3134.21142578125,3170.8677825053214,3130.1385498683126,3156.5155293681837,895852
2023-12-11,3135.18115234375,3146.8180758909584,3089.118329969383,3132.271921456948,910426
2023-12-12,3127.1806640625,3158.503429592723,3112.8769460084113,3130.3323307523838,1019030
2023-12-13,3145.508544921875,3156.466694295893,3093.7728690147824,3141.969075695526,1052079
2023-12-14,3143.2783203125,3160.006396389378,3120.6347139359036,3156.5152249413813,923107
2023-12-15,3213.63330078125,3225.7067983027605,3143.9088289191463,3151.666777910927,1631687
2023-12-18,3231.234130859375,3234.8706692706105,3196.274827581937,3212.760468379538,911936
2023-12-19,3235.113037109375,3252.422817530438,3200.2991013992273,3235.015968052263,780448
2023-12-20,3197.389892578125,3258.2898356573664,3183.3286109210712,3235.113059213811,979762
2023-12-21,3203.014404296875,3219.5485791399037,3172.8555220084145,3180.7588372225555,1585879
2023-12-22,3240.2041015625,3249.4166650901725,3187.546980574625,3209.754012692445,930563
2023-12-26,3280.982177734375,3289.2732962982595,3243.9863165079832,3248.592598711836,600190
2023-12-27,3301.443603515625,3306.7771933993845,3252.520085478084,3278.751697620791,837182
2023-12-28,3294.46142578125,3316.474558021403,3270.9936781496267,3301.976938637179,779250
2023-12-29,3299.455322265625,3319.38359934207,3281.5150667948124,3306.8254678632597,615676
2024-01-01,3293.345947265625,3308.570872643957,3286.6060406353927,3300.037082617024,283951
2024-01-02,3288.739990234375,3296.0613648725757,3243.7922805246862,3293.2492031873944,552394
2024-01-03,3271.527099609375,3296.1584923173427,3263.1872099581815,3288.7400484880545,379131
2024-01-04,3277.684814453125,3298.3404003640494,3262.0235501055104,3269.9754002286145,777127
2024-01-05,3254.023193359375,3278.1211798339523,3246.7015818082987,3277.684842563503,416956
2024-01-08,3198.60205078125,3274.339117215186,3195.1596505600874,3253.4896307587587,545884
2024-01-09,3168.63720703125,3214.7000279444815,3163.54605314084,3209.851309953615,670704
2024-01-10,3187.401611328125,3193.3654393268394,3159.618317184531,3192.3956957983464,691087
2024-01-11,3188.7109375,3209.0755536066436,3171.740424077797,3187.4019256597185,537469
2024-01-12,3178.62548828125,3195.256495633534,3145.848108602877,3195.256495633534,673004
2024-01-15,3174.843505859375,3187.7411432060017,3160.0066180491363,3182.8924251624435,728116
2024-01-16,3197.1474609375,3219.5486319638285,3174.843358969076,3175.8616370618724,748215
2024-01-17,3144.19970703125,3204.372344482611,3096.4398349530143,3194.432472628765,2239241
2024-01-18,3068.123291015625,3159.3760189708214,2956.360344486807,3159.3760189708214,1979174
2024-01-19,3070.062744140625,3104.682541882013,3053.3346677305535,3081.6511323319146,936201
2024-01-23,2962.275390625,3014.9325094662736,2930.1284886430753,2994.1315589630412,2365225
2024-01-24,2908.697265625,2962.5665675843725,2886.0538956140726,2962.5665675843725,2665932
2024-01-25,2859.9677734375,2924.746693170147,2853.276637309158,2918.976766109648,2001961
2024-01-29,2886.005615234375,2898.0303417024365,2851.094844096857,2851.094844096857,1862723
2024-01-30,2864.7197265625,2914.0795821882225,2861.7619611665878,2899.5334278678156,1273188
2024-01-31,2868.356201171875,2881.980909345077,2858.8526665437294,2876.2595168081757,1771244
2024-02-01,2840.71826171875,2882.902104641327,2831.602530621139,2871.4105492815925,3006472
2024-02-02,2847.4580078125,2872.7198744153884,2835.5786494309805,2860.7434469782165,1881911
2024-02-05,2829.081787109375,2875.2899782299896,2823.8935637793356,2860.743823196786,923435
2024-02-06,2842.27001953125,2857.8344520040573,2814.8262276973805,2842.3185540630784,1471312
2024-02-07,2890.951171875,2912.091630681534,2847.2158755486116,2867.531957555572,1134012
2024-02-08,2840.961181640625,2908.98860613925,2831.4576462191317,2908.98860613925,1633654
2024-02-09,2862.34326171875,2869.4709710323227,2822.4869465525567,2841.348409977934,1144765
2024-02-12,2864.428955078125,2875.241502505769,2831.7001055839823,2862.343864095089,614469
2024-02-13,2881.690185546875,2891.048116614855,2856.573684175403,2875.2412485342575,717118
2024-02-14,2886.344482421875,2890.611495909217,2847.215473927537,2880.041149620067,750339
2024-02-15,2925.27978515625,2932.9891985853756,2877.665284883389,2889.835613087922,1068730
2024-02-16,2916.891845703125,2943.1719934599305,2909.2309655287613,2943.1719934599305,1179473
2024-02-19,2907.388427734375,2927.365004157281,2897.1090507106633,2916.8917257612716,560700
2024-02-20,2920.528564453125,2925.813857102718,2882.1753899295873,2907.388726518507,729371
2024-02-21,2910.976318359375,2935.171373267814,2893.229963539943,2920.916190028986,927130
2024-02-22,2926.1044921875,2935.608027624536,2843.385545492719,2892.7454042188574,2615821
2024-02-23,2895.605712890625,2914.079374914302,2876.4532777310383,2908.2609135999974,1650523
2024-02-26,2781.6611328125,2841.3489019778503,2761.6360210888265,2831.6514654523285,3524491
2024-02-27,2773.030517578125,2783.1642914278555,2763.866487383944,2768.618136594609,1296180
2024-02-28,2709.80322265625,2772.8848567446894,2701.220896780246,2763.914728115999,2472196
2024-02-29,2736.519287109375,2752.132253297183,2692.7354595993493,2700.7358440566086,2284424
2024-03-01,2746.071533203125,2759.8418454432453,2729.8768618801028,2747.186643679733,978174
2024-03-04,2746.071533203125,2774.387999940657,2742.434994578772,2773.466790839918,971299
2024-03-05,2735.064697265625,2749.0776813942125,2720.1307408409607,2748.2533046500116,736381
2024-03-06,2741.756103515625,2753.10205618507,2693.705261207495,2742.3863421485585,1723066
2024-03-07,2783.697509765625,2806.4379496015104,2739.5256418881363,2739.5256418881363,1564364
2024-03-11,2789.806884765625,2808.910785748724,2766.7754749722667,2807.9410421784773,866546
2024-03-12,2789.1279296875,2812.159339933572,2778.751720632663,2792.8615372078593,663186
2024-03-13,2773.61181640625,2799.891960332813,2749.222861734704,2791.503773639617,955841
2024-03-14,2804.740966796875,2810.365527107244,2755.0416065934555,2773.4667352542356,1381741
2024-03-15,2780.78857421875,2809.2989440914776,2763.769525055798,2807.4079912408897,1356226
2024-03-18,2760.375,2779.2849991217286,2732.0100013174074,2779.2849991217286,940424
2024-03-19,2729.92529296875,2754.071813817955,2716.251813557779,2754.071813817955,1199135
2024-03-20,2739.4287109375,2751.211238202901,2712.9063644648068,2729.9254126789515,818910
2024-03-21,2735.792236328125,2759.308520122843,2721.100714555841,2758.9207173597174,1167680
2024-03-22,2755.52685546875,2768.7637629059236,2723.0404399634876,2735.7924755274485,1652689
2024-03-26,2729.489013671875,2758.0964528550826,2724.979800163174,2734.6772371744305,1372390
2024-03-27,2744.859130859375,2756.835558458302,2732.446366011707,2732.6888019003186,1156231
2024-03-28,2760.61767578125,2781.224727896944,2733.7072900772264,2749.271722673019,1864623
2024-04-01,2784.1337890625,2799.116279866047,2766.0481661861677,2774.387818834666,558086
2024-04-02,2787.237060546875,2804.8863470503106,2769.5877740434394,2787.091693705646,562473
2024-04-03,2782.533447265625,2797.2735002717372,2758.9200996897944,2758.9200996897944,816676
2024-04-04,2830.002685546875,2854.197740078373,2764.9813323361795,2783.1640241314635,1831347
2024-04-05,2796.207275390625,2839.1669663618586,2792.8617071546932,2835.530427680668,1155672
2024-04-08,2804.49853515625,2820.935642083115,2786.849248710386,2820.014432999438,570695
2024-04-09,2770.702880859375,2828.208724703413,2758.9205906132897,2805.4682842334787,1017670
2024-04-10,2809.104736328125,2811.383728459654,2771.5271723227,2796.0617324305517,740495
2024-04-12,2768.133056640625,2805.4681845721943,2758.9204926055627,2802.55895382428,1766311
2024-04-15,2758.338623046875,2767.16338457849,2727.258529823065,2744.5683111682647,884519
2024-04-16,2744.374755859375,2755.4782742169423,2734.6773185595184,2742.0957633923726,911249
2024-04-18,2722.7490234375,2772.6908181967674,2715.379114224338,2768.6179424797824,1732434
2024-04-19,2723.573486328125,2736.713559705892,2682.456214862923,2705.5846948592125,1337807
2024-04-22,2755.865966796875,2760.4722489343744,2728.907047146642,2760.4722489343744,676040
2024-04-23,2787.916015625,2790.873781204746,2757.951030564074,2765.7089800171375,929062
2024-04-24,2780.982177734375,2795.8678365290793,2773.4666649185992,2795.7222329384263,718441
2024-04-25,2774.872802734375,2783.0670888799937,2743.45320450303,2778.315439897226,1594152
2024-04-26,2758.095947265625,2791.115761586824,2751.2109103020357,2783.1639120460222,625507
2024-04-29,2781.418701171875,2786.9947271826154,2753.1022338246194,2758.096318941406,566219
2024-04-30,2788.8857421875,2823.8935835810903,2768.6181940673123,2768.6181940673123,1290649
2024-05-02,2885.375,2897.5938640075788,2788.109906752457,2788.109906752457,2493406
2024-05-03,2841.106201171875,2906.321455725611,2821.2264581480595,2892.793580384555,1594445
2024-05-06,2843.43359375,2869.4713040356246,2823.117512739982,2860.7436116610656,768806
2024-05-07,2824.86328125,2878.15064801001,2816.1355883110195,2857.8345656861484,629534
2024-05-08,2757.272216796875,2817.105353723121,2735.646885663657,2812.256635386248,1652877
2024-05-09,2628.102294921875,2767.5997734377193,2621.992862728712,2742.4349736995487,3547959
2024-05-10,2687.402099609375,2708.106221311954,2589.312623764945,2617.3381206479758,2478584
2024-05-13,2792.134765625,2807.408230089216,2670.771426821993,2687.402437870376,2748823
2024-05-14,2779.430419921875,2800.619411486616,2756.0112075640454,2791.8917194148084,999330
2024-05-15,2728.567626953125,2787.2856515861504,2721.2460151352916,2779.4306334166413,1230520
2024-05-16,2728.907470703125,2751.7449835644393,2702.239517346863,2735.695677011992,1534319
2024-05-17,2724.882568359375,2752.3263608130333,2701.802859053989,2729.440552885526,1325150
2024-05-21,2765.514892578125,2780.2064136649424,2716.2518695146373,2729.8282801441287,921822
2024-05-22,2798.437744140625,2807.407872922848,2750.7749383398536,2765.5149945014996,933846
2024-05-23,2815.892822265625,2832.863334324049,2790.2431528195093,2797.7101307744565,1181894
2024-05-24,2787.7705078125,2822.147872237353,2780.254994659862,2822.147872237353,755822
2024-05-27,2785.39453125,2810.6078643215383,2769.151326290451,2800.522389040641,817091
2024-05-28,2823.11767578125,2832.6212109331595,2777.345822702009,2788.837379693698,1084544
2024-05-29,2812.40185546875,2833.2998777608673,2793.9284289723664,2808.377514160687,1758297
2024-05-30,2796.449951171875,2822.778635534368,2788.013228058605,2788.2556639914797,1344426
2024-05-31,2794.025146484375,2818.0748345428656,2769.199852967387,2796.4495054266863,2520363
2024-06-03,2779.7216796875,2860.7438102052647,2773.515414936381,2860.7438102052647,952701
2024-06-04,2771.18798828125,2809.347497559576,2691.766073990678,2792.861854667442,2683847
2024-06-05,2872.137939453125,2935.704676069066,2777.83037986443,2777.83037986443,2410576
2024-06-06,2816.911376953125,2872.138229981339,2795.0436104882974,2870.441178608851,1689408
2024-06-07,2839.118408203125,2854.0526023152343,2801.4440098317837,2816.9113735429746,1600180
2024-06-10,2848.67041015625,2862.586089011269,2826.8026442368628,2839.4093112609035,876867
2024-06-11,2841.865234375,2859.3917395137455,2834.5707908568284,2854.15331790938,855430
2024-06-12,2845.1455078125,2857.090801944555,2805.833439883359,2848.2786644471253,1701770
2024-06-13,2849.2578125,2867.861214024914,2844.3621805197595,2867.861214024914,726380
2024-06-14,2860.61572265625,2870.162204845333,2844.460137413186,2849.2577610493768,982815
2024-06-18,2857.58056640625,2866.8822677531266,2844.3623592291096,2860.6159540425224,741098
2024-06-19,2831.33984375,2859.049169468482,2822.478701768596,2857.0909166126817,1018294
2024-06-20,2854.64306640625,2863.4552041519732,2812.442622250583,2824.7797107124097,1129752
2024-06-21,2830.5078125,2866.8822647425595,2819.982203092219,2863.9448853729464,1722379
2024-06-24,2835.59912109375,2839.417618520189,2811.4635113745016,2822.821473482917,892125
2024-06-25,2798.78369140625,2834.521803488446,2796.3848796370344,2815.967406805361,1217792
2024-06-26,2803.581787109375,2813.862614727606,2784.6845990117185,2800.497395397181,960622
2024-06-27,2820.716064453125,2842.4036161302893,2785.6142913850063,2801.0355304322165,1628022
2024-06-28,2856.160888671875,2870.7987814436556,2802.455706709519,2805.197308607119,1206712
2024-07-01,2866.686279296875,2877.65244700565,2827.717001344783,2828.9899134548477,1104110
2024-07-02,2864.5322265625,2874.7150452739984,2851.2160122063633,2866.6862567847948,1064295
2024-07-03,2864.4833984375,2887.3948614683854,2855.1326931458952,2868.5466775372956,925189
2024-07-04,2873.637939453125,2906.487677567196,2861.9864310580756,2878.6315796478766,968666
2024-07-05,2874.6171875,2885.387578219812,2852.2932961527476,2875.8410955363424,817429
2024-07-08,2837.655029296875,2874.6170502293767,2830.360585557512,2874.6170502293767,828260
2024-07-09,2844.362060546875,2852.390848846916,2829.675165225635,2848.229561839231,685431
2024-07-10,2933.903076171875,2951.576354432764,2833.9344201998174,2839.5153925336463,2299950
2024-07-11,2958.968994140625,2966.7530012359516,2910.942796262206,2936.4000827414584,1968980
2024-07-12,2936.546630859375,2988.2935529094425,2908.8863120947312,2961.857142054739,1879930
2024-07-15,2894.787353515625,2936.400227699428,2871.337322813896,2936.400227699428,2425341
2024-07-16,2912.362548828125,2952.99629549068,2880.1003809133895,2897.235093361455,2085611
2024-07-18,2870.35791015625,2896.157746150954,2782.677097368681,2814.9882670425613,5384611
2024-07-19,2884.55517578125,2917.7964669159023,2856.356289634368,2863.9445187010115,2164746
2024-07-22,2873.050537109375,2911.2854694246976,2856.258376543479,2875.6941304827324,1616347
2024-07-23,2836.627197265625,2885.7792948789406,2825.7587985763644,2873.05065164211,1906312
2024-07-24,2851.99951171875,2865.9030592090458,2825.954653075666,2840.4457720414903,1476148
2024-07-25,2840.83740234375,2847.985073277743,2825.0246057053882,2831.682713411636,1239922
2024-07-26,2888.56982421875,2902.571380375934,2840.15206868345,2841.620758370332,1359780
2024-07-29,2893.0244140625,2903.2074709502863,2874.714800167338,2891.4089512946493,854408
2024-07-30,2942.323486328125,2969.4942406979053,2908.0050622791955,2911.4320042717804,2144591
2024-07-31,3020.06640625,3033.333616908847,2942.3238649463924,2942.3238649463924,3549501
2024-08-01,3034.655517578125,3063.63751572626,2998.8683996827003,3023.5423372686028,1675122
2024-08-02,3041.851806640625,3063.7353763457113,2996.1266535602276,3005.917917133954,1348780
2024-08-05,3028.829345703125,3079.3523608179776,2991.524775315157,3005.868880678585,2019141
2024-08-06,3037.00537109375,3069.5613245357963,3021.6331341194955,3036.9563669638774,885743
2024-08-07,3036.711669921875,3053.4058236448914,2996.175930651477,3037.005455664756,1907105
2024-08-08,2942.666259765625,3025.2066595272886,2927.9793644003653,3015.709181666658,1280109
2024-08-09,2977.1318359375,2989.0281261135715,2904.0889106716413,2975.565138075225,1665414
2024-08-12,2989.46875,3019.625891668633,2941.0019920111554,2956.961800531541,1736881
2024-08-13,2960.437744140625,2995.931076975215,2950.1079125688234,2991.1332140756795,502260
2024-08-14,2962.68994140625,2971.45307555276,2931.553671677525,2971.45307555276,454671
2024-08-16,2984.52392578125,2990.25191061881,2940.3164661389283,2990.25191061881,514229
2024-08-19,3012.08642578125,3023.3953828855997,2974.9286287622595,2990.2028563319955,542858
2024-08-20,3038.425048828125,3041.50944046779,3013.751110933483,3031.375386436018,668282
2024-08-21,3085.765625,3104.418029346318,3019.674597898923,3036.270741339846,1186536
2024-08-22,3120.084228515625,3131.882510198292,3090.1718696981125,3100.893255785909,1540888
2024-08-23,3088.801025390625,3131.8338222301445,3083.0242752049576,3123.4132395089528,779284
2024-08-26,3105.152587890625,3111.125115472425,3075.925569386867,3089.1437757171943,472874
2024-08-27,3100.10986328125,3136.7780980098746,3084.248063904361,3088.164569382335,1003501
2024-08-28,3060.259521484375,3099.4245769505,3053.6994225027042,3087.136492989098,538366
2024-08-29,3050.811279296875,3078.3245894258002,3028.1443582967177,3060.25975402824,849866
2024-08-30,3061.5322265625,3100.6482752551988,3045.768197185602,3064.714387103932,1567031
2024-09-02,3085.17822265625,3117.5383973598614,3074.065281657704,3082.289847640968,702358
2024-09-03,3088.9970703125,3108.2858129061433,3081.800395534344,3098.886103691147,577471
2024-09-04,3164.19384765625,3184.119166223837,3089.6334652580927,3089.6334652580927,2379110
2024-09-05,3170.656005859375,3189.0146255180994,3149.8495702461546,3172.369477027523,1482119
2024-09-06,3205.3662109375,3217.311505816286,3158.025590515862,3170.4114444881543,2131256
2024-09-09,3212.268798828125,3244.8247502297972,3189.993674184876,3205.3659101957087,1272289
2024-09-10,3226.270263671875,3240.9081545064378,3202.624219359568,3221.325627893106,928920
2024-09-11,3297.1591796875,3312.3356390339472,3245.8040473208475,3245.8040473208475,2561892
2024-09-12,3312.62939453125,3322.175876936239,3270.575963438178,3299.6559697244697,1643536
2024-09-13,3287.95556640625,3299.3622937337923,3251.5808759906813,3285.5077503235552,1029400
2024-09-16,3266.169921875,3324.0361492011148,3261.0785123587843,3289.8647331560865,1019280
2024-09-17,3243.64990234375,3279.9753474232057,3232.8795122206266,3266.169808964826,586834
2024-09-18,3206.296142578125,3255.4484786711946,3183.6784663592844,3243.6499578437183,410510
2024-09-19,3225.095703125,3250.6997637791187,3206.639074209824,3225.242476472415,963456
2024-09-20,3237.921875,3255.3993761794713,3197.8757024120955,3235.033500041011,1504277
2024-09-23,3209.037841796875,3255.4973426803335,3204.876554506199,3247.713335439624,522775
2024-09-24,3180.593994140625,3228.913975957664,3173.446562898951,3209.0376629036864,1057933
2024-09-25,3177.0205078125,3184.1191744837815,3139.813703190611,3184.1191744837815,740636
2024-09-26,3208.646240234375,3217.2626004258645,3159.738924008051,3182.1608231130963,951080
2024-09-27,3241.642578125,3268.274767158201,3208.6460677876194,3222.2558284972106,1315996
2024-09-30,3259.60986328125,3287.906521226102,3236.1595942661793,3241.6427978407737,1088162
2024-10-01,3208.93994140625,3259.4627192551634,3176.3349850997006,3247.7622068074065,968660
2024-10-03,3083.562744140625,3158.5636811251156,3061.238614956061,3125.6651783140173,1741363
2024-10-04,3008.365966796875,3090.857368815634,2990.7906951252285,3069.5613688879425,1551818
2024-10-07,2998.329833984375,3033.872170298019,2974.586018660962,3010.813695649262,909812
2024-10-08,3023.591552734375,3034.3129398047367,2982.0764468527505,2994.1687544120314,817718
2024-10-09,3014.583251953125,3081.0168312337073,3007.631359264989,3030.934614154712,1225598
2024-10-10,2995.24560546875,3030.3961469022447,2979.481575128766,3025.549519128867,1161933
2024-10-11,2973.802734375,3000.0433704107377,2962.8365662085157,2995.3435157552335,976017
2024-10-14,2975.7119140625,2991.231163178308,2954.2201373110906,2973.606887912446,716011
2024-10-15,3003.07861328125,3032.15861893477,2984.034413970068,3010.813616059169,1242322
2024-10-16,3017.765625,3038.7678388325867,3002.0996023303546,3023.5423752416177,764001
2024-10-17,2992.0634765625,3020.6049152328696,2973.606848480462,3018.54865419464,674481
2024-10-18,2929.693115234375,3004.939078624193,2918.384395959059,2993.1895612102176,899318
2024-10-21,2985.55224609375,2993.1894800145687,2937.917841154578,2944.282162914504,806970
2024-10-22,2944.08642578125,2994.1196433373984,2932.72846348239,2990.252141716124,541838
2024-10-23,2927.2939453125,2963.3258421185824,2910.0124611803,2937.329990209812,624689
2024-10-24,2909.963623046875,2939.6312003908815,2889.4019689136367,2927.2941122931275,571259
2024-10-25,2896.255859375,2952.6046308847276,2890.381101039554,2913.3905711867183,1047769
2024-10-28,2939.190673828125,2958.6261894041795,2901.2005217719843,2925.531669338662,504961
2024-10-29,2930.37841796875,2964.794613855907,2879.708628910942,2956.961602987067,613459
2024-10-30,2934.09912109375,2943.254048832852,2901.6901796846887,2943.254048832852,812725
2024-10-31,2874.372314453125,2933.9522513847237,2858.0699555454726,2931.700212860588,1031171
2024-11-01,2878.48486328125,2903.8441416051287,2868.8403725543376,2896.2559119507614,112249
2024-11-04,2854.447265625,2900.3191944222995,2825.269250851829,2900.3191944222995,1146008
2024-11-05,2827.03173828125,2857.8742202713024,2812.73639704265,2834.570963847689,935417
2024-11-06,2836.8232421875,2847.153074520172,2800.3017761097453,2830.1651342116147,1817087
2024-11-07,2783.50927734375,2844.312876705158,2766.031777397964,2839.466249364282,1112489
2024-11-08,2711.6416015625,2787.5729028364462,2704.7387125294986,2783.5096238329847,2060410
2024-11-11,2490.016357421875,2544.504644081364,2453.6906736192004,2511.508133350377,8854840
2024-11-12,2423.19091796875,2482.0852716971294,2418.4420596023315,2482.0852716971294,3445898
2024-11-13,2418.931884765625,2445.857862029764,2399.9369273316497,2418.442321542641,1803766
2024-11-14,2431.31787109375,2449.529719598363,2414.7217247396984,2430.975320245732,1206967
2024-11-18,2431.85595703125,2467.398289727899,2419.2253233087795,2467.398289727899,945471
2024-11-19,2436.024658203125,2455.1503504239377,2424.8926681984503,2440.2421664298527,941508
2024-11-21,2381.540771484375,2418.6152360227406,2378.4513325454554,2407.5811834490764,1377572
2024-11-22,2424.745361328125,2446.077863815995,2376.44072925789,2383.355450368951,3805843
2024-11-25,2412.4853515625,2459.8091798845007,2403.0206816798122,2456.915853815773,1857124
2024-11-26,2456.915771484375,2469.666232573915,2410.425724524224,2412.6813837689556,1152258
2024-11-27,2444.06689453125,2469.322613059505,2432.395415536785,2469.175588150749,864653
2024-11-28,2410.866943359375,2457.896478934162,2406.2081212225285,2452.01165097183,1506133
2024-11-29,2432.00341796875,2443.674898059773,2407.9246148110415,2410.867028896604,1030854
2024-12-02,2431.4638671875,2438.280411759127,2414.103672404123,2432.0033576473265,914624
2024-12-03,2421.998779296875,2446.1266681971183,2416.212127948517,2446.1266681971183,1341985
2024-12-04,2412.240234375,2431.5131917036847,2406.1102045861603,2431.3168391870113,1005012
2024-12-05,2405.129150390625,2419.5469310678895,2377.3723304944847,2417.6834979870496,3190834
2024-12-06,2383.06103515625,2420.6259015352716,2380.4129104643857,2420.6259015352716,1735948
2024-12-09,2345.937744140625,2392.182588518261,2341.180745712624,2391.348808767617,2301281
2024-12-10,2343.044189453125,2358.4918630654356,2339.2682351315643,2353.833040864897,1657888
2024-12-11,2370.8994140625,2381.39397719139,2346.722432853778,2353.686242489719,1337700
2024-12-12,2343.681884765625,2368.643316127544,2335.0016675148786,2366.6817067560096,1089028
2024-12-13,2361.434326171875,2365.7009223732866,2308.814250110579,2343.681904879696,1150861
2024-12-16,2356.137939453125,2373.4981336387937,2340.3468890142485,2373.4981336387937,987775
2024-12-17,2310.775634765625,2353.832860871112,2305.3812094722416,2342.1613819271274,1258218
2024-12-18,2300.42822265625,2327.1551494176,2296.0636898466246,2311.560451235801,855682
2024-12-19,2247.857421875,2280.3710029744066,2221.866096464754,2280.3710029744066,2784409
2024-12-20,2238.53955078125,2273.505140179618,2232.3113455775715,2252.9082428785946,1719502
2024-12-23,2235.449951171875,2258.3518359488926,2222.5524655707823,2255.8507361549114,855647
2024-12-24,2240.157958984375,2250.9468108008496,2233.439350935133,2238.2945258159666,601558
2024-12-26,2218.972412109375,2243.541617232668,2213.1857602794494,2240.1578889777365,1267334
2024-12-27,2227.7998046875,2246.827560435928,2216.6678144909474,2226.6719750111083,821790
2024-12-30,2244.326171875,2254.6737085075883,2213.4799144646513,2236.4797349144405,1076940
2024-12-31,2237.55859375,2253.5455166218694,2229.368779837357,2236.2344118034202,685486
2025-01-01,2260.411376953125,2278.605351392144,2236.2346377260815,2236.2346377260815,1067328
2025-01-02,2298.2705078125,2302.880241800115,2249.9658785540914,2269.581971653953,1342922
2025-01-03,2291.11083984375,2303.8613017716807,2277.575686214012,2299.006366082288,1355319
2025-01-06,2223.63134765625,2295.0830680126287,2213.381986119443,2291.110760965597,1190987
2025-01-07,2248.593017578125,2271.543752455942,2228.388344378195,2228.388344378195,740798
2025-01-08,2289.54150390625,2293.121345211807,2229.0747516227793,2243.1493945831817,1439632
2025-01-09,2305.08740234375,2316.0723682570892,2276.742239291421,2296.946674580136,1362304
2025-01-10,2276.202392578125,2303.8119477071496,2271.5435704883926,2290.767437419308,1214334
2025-01-13,2209.409423828125,2257.71405119624,2203.279394974303,2247.7589801193344,1181928
2025-01-14,2196.953369140625,2242.462849427957,2194.0600432596334,2225.445792649132,1316807
2025-01-15,2186.900146484375,2210.488546922533,2177.386388981929,2205.829724693855,1308999
2025-01-16,2173.071044921875,2196.8555595078333,2165.420720174505,2196.0217797097066,1936087
2025-01-17,2217.599365234375,2225.4948907413877,2170.030338602855,2182.9278242686637,878848
2025-01-20,2236.77392578125,2243.001891172134,2207.791102642474,2228.6331999019817,555716
2025-01-21,2216.9619140625,2270.562793071887,2211.7145133378426,2236.774120348776,1410294
2025-01-22,2218.67822265625,2226.426483358484,2201.808191659471,2226.426483358484,835523
2025-01-23,2232.65478515625,2257.6162158801017,2203.0833809637184,2218.678318741337,1142465
2025-01-24,2218.972412109375,2252.467035601808,2211.7636413843934,2239.177084297799,543202
2025-01-27,2208.28173828125,2234.027861145955,2203.0834255834275,2212.0088439582323,1097939
2025-01-28,2198.76806640625,2223.5333855549316,2191.215917962656,2216.6186643968203,897501
2025-01-29,2180.475830078125,2203.6720044488325,2169.5890417951073,2198.7679810454188,1281088
2025-01-30,2206.66357421875,2215.883042717907,2172.4824342680818,2180.475896878825,1155718
2025-01-31,2256.63525390625,2260.7545853031547,2191.9512389334363,2211.714355687034,1292909
2025-02-01,2306.018798828125,2343.142351284642,2241.4329551285223,2267.6203918669285,1318619
2025-02-03,2248.24951171875,2319.0635612195833,2233.978755835528,2306.01881117763,1070382
2025-02-04,2309.157470703125,2372.174168024552,2220.296475663504,2260.41128914945,5373733
2025-02-05,2231.52685546875,2251.4863273419555,2194.305364161954,2225.445914083573,3474642
2025-02-06,2219.953369140625,2254.771937667948,2216.8639299685055,2243.296570015997,1285954
2025-02-07,2227.407470703125,2232.6057834969856,2200.141052188956,2222.503447209723,1336756
2025-02-10,2226.57373046875,2234.273143271832,2210.7338300854735,2227.456598385804,1181565
2025-02-11,2197.836181640625,2239.0788253452492,2183.271136899819,2235.2537830164815,1607942
2025-02-12,2185.47802734375,2204.7998316412377,2143.744740335438,2198.8170667681698,1181706
2025-02-13,2193.471435546875,2206.761386518349,2177.386334980078,2185.4779733870987,921923
2025-02-14,2188.469482421875,2207.349972098172,2160.712662695219,2193.471442507713,1380052
2025-02-17,2207.64453125,2216.6187991906704,2183.3205248547483,2188.4697499413637,923900
2025-02-18,2194.64892578125,2208.7233310497213,2176.1606594393365,2204.8491999637763,735853
2025-02-19,2196.119873046875,2206.614435319362,2183.3694121007593,2194.6486660146306,645234
2025-02-20,2205.87890625,2213.774432147032,2188.2244212672454,2196.119947164277,637442
2025-02-21,2214.2646484375,2222.3071985851752,2194.0599770955964,2205.8787208845265,755585
2025-02-24,2203.08349609375,2215.6378442975797,2197.9833594824595,2202.7892067893094,765042
2025-02-25,2182.045166015625,2213.774292529145,2175.130445275953,2203.083378069052,947702
2025-02-27,2171.158203125,2185.6250722817654,2155.8087055302076,2171.501580547716,1027196
2025-02-28,2137.908935546875,2168.902458264366,2134.0348050707535,2167.578276205342,1701193
2025-03-03,2124.815185546875,2151.2480635171437,2088.1331859068287,2137.909023945707,959068
2025-03-04,2091.173828125,2118.3911589596355,2083.9648176897913,2112.7024437231626,2180989
2025-03-05,2122.608154296875,2140.9003035438814,2083.9645492939253,2091.075382560136,1535212
2025-03-06,2224.170654296875,2231.3305761243014,2141.1947246770724,2147.8151560567817,1985096
2025-03-07,2226.4267578125,2234.224107597683,2204.849053551762,2224.170859021657,921429
2025-03-10,2234.86181640625,2248.985309133705,2218.433336716765,2226.426799709337,1072395
2025-03-11,2243.492431640625,2246.92524787127,2214.558694839471,2230.3497452821425,601228
2025-03-12,2208.085693359375,2251.8785279157673,2203.8681852119953,2243.4925997474033,749216
2025-03-13,2188.469482421875,2213.872227295552,2179.8383535361436,2211.959706102312,747470
2025-03-17,2176.9453125,2196.2671189096977,2153.8964000094884,2162.674554960761,838015
2025-03-18,2176.9453125,2176.9453125,2176.9453125,2176.9453125,0
2025-03-19,2236.921142578125,2244.031976370776,2224.3179463561214,2230.3497992399066,663292
2025-03-20,2243.29638671875,2262.7163670183427,2225.2005885014587,2246.0426876775055,1166849
2025-03-21,2256.242919921875,2270.072361261491,2234.1259666391193,2247.6608792387738,1624115
2025-03-24,2277.9189453125,2285.520181836148,2257.910624954544,2258.204674804942,1100353
2025-03-25,2286.0107421875,2299.496807919594,2263.6974334307624,2280.3711146995333,1828005
2025-03-26,2278.556396484375,2296.0147684448502,2259.7740818204,2295.0830518488438,1934287
2025-03-27,2293.2197265625,2304.98938379246,2246.5333237686095,2270.5630406131113,1497861
2025-03-28,2295.720458984375,2318.6223448473825,2280.3709609856874,2298.957162432758,1281871
2025-04-01,2271.543701171875,2316.3664283861817,2261.4904529261876,2297.044623551179,970583
2025-04-02,2262.373046875,2283.705548924632,2248.151378841912,2283.3133228295655,792693
2025-04-03,2304.302490234375,2309.6969161401757,2245.846673182262,2250.946809784164,608846
2025-04-04,2310.824951171875,2318.5732124861197,2258.597101126369,2304.302456272972,1163188
2025-04-07,2296.406982421875,2308.8140650270016,2147.962108075248,2147.962108075248,1745817
2025-04-08,2348.242431640625,2373.5472393560162,2310.7757421168485,2310.7757421168485,1876867
2025-04-09,2364.8671875,2382.8159616352013,2345.0058920656825,2353.9313107339253,1186937
2025-04-11,2347.654296875,2401.0099783908627,2334.560457951328,2392.673138188117,968152
2025-04-15,2369.329833984375,2378.451365462363,2339.2191779908185,2368.5451423440904,1141122
2025-04-16,2412.681396484375,2421.1164127236184,2357.560219989948,2358.9334902486225,1166695
2025-04-17,2420.52783203125,2428.864672011156,2384.336234253132,2412.6813944031032,885840
2025-04-21,2398.0673828125,2423.4701276094634,2394.144164190312,2418.566104331728,541913
2025-04-22,2385.317138671875,2402.9716240732296,2367.1722508982607,2398.067600350631,543647
2025-04-23,2406.011962890625,2409.4447791373664,2379.0398352376574,2390.2209123739117,744684
2025-04-24,2417.094970703125,2443.1844711141525,2389.1420371717104,2402.9714790163284,1203452
2025-04-25,2384.9248046875,2421.3125153908227,2367.3682568820964,2416.9970704918337,702217
2025-04-28,2405.129150390625,2412.5833616225136,2358.835218117182,2373.4491118364936,554920
2025-04-29,2404.050537109375,2424.549259908607,2394.7328922998554,2412.7796033071086,1235066
2025-04-30,2379.137939453125,2414.937311402688,2355.402513339064,2402.9715418199903,1479669
2025-05-02,2363.739501953125,2397.9694927349624,2351.9698446819893,2378.451573542045,744673
2025-05-05,2390.122802734375,2427.4915564148305,2376.5878898620194,2376.5878898620194,1229588
2025-05-06,2371.5859375,2402.873513929306,2345.2023849282214,2395.1252520161293,702802
2025-05-07,2289.29638671875,2359.521860813671,2273.9957373452403,2342.1616652061393,1711738
2025-05-08,2258.401123046875,2304.008544122107,2249.4757040009754,2277.4286394986984,2292261
2025-05-09,2255.45849609375,2287.040358313372,2201.9064657768918,2203.4758490175027,1503010
2025-05-12,2311.16796875,2332.8438471773284,2276.4475801129197,2285.2748219143054,940135
2025-05-13,2279.978759765625,2312.73754180249,2270.661114877108,2308.8143229020616,1220489
2025-05-14,2238.490478515625,2274.4859609248783,2233.3903422767617,2274.4859609248783,1549845
2025-05-15,2285.1767578125,2290.6693598735023,2224.4650431141526,2241.1387228905814,1675015
2025-05-16,2308.421875,2309.7949057015176,2270.562720466672,2289.0998322084342,785113
2025-05-19,2286.64794921875,2333.2361718049738,2281.9402782892416,2308.4220048119373,552961
2025-05-20,2251.53515625,2302.634932707437,2247.415585328712,2302.438819676483,1095824
2025-05-21,2268.0126953125,2271.739801067979,2246.042765786948,2251.92759399425,469330
2025-05-22,2255.06591796875,2265.658655678356,2239.2751073744516,2264.8739640972276,916504
2025-05-23,2271.05322265625,2284.294085755304,2250.946726839168,2257.6162465132484,458035
2025-05-26,2282.528564453125,2293.1213027072104,2258.5970264512307,2271.5436001154403,1258062
2025-05-27,2282.921142578125,2306.4604556573113,2256.929817719857,2268.69947425945,2485428
2025-05-28,2258.989013671875,2288.2170374374055,2256.1447762308662,2282.920788597514,774808
2025-05-29,2250.26025390625,2264.678034995227,2242.609929413853,2258.989319887841,1414643
2025-05-30,2215.73583984375,2259.7738720370758,2211.7144450710093,2252.4178372973715,3610431
2025-06-02,2223.189697265625,2228.6822987043906,2214.5585690565263,2215.7357261178645,702789
2025-06-03,2212.401123046875,2243.3946474767345,2203.5738807103767,2228.976866217975,792587
2025-06-04,2205.82958984375,2217.5992452808887,2197.8849766419803,2206.319992153631,768079
2025-06-05,2200.435546875,2217.599630703978,2190.137096577613,2207.8897590624456,996614
2025-06-06,2202.1025390625,2209.360637101461,2196.0215981598762,2205.92782084708,822087
2025-06-09,2204.750732421875,2212.499233024373,2193.0792525749403,2197.002471273643,1041851
2025-06-10,2196.386474609375,2217.272486211869,2192.724063924676,2217.272486211869,1809051
2025-06-11,2186.388916015625,2203.315269404601,2184.8050534192694,2186.5868384242935,1430888
2025-06-12,2196.88134765625,2240.0390684418803,2185.6961934513174,2201.434771637093,3417373
2025-06-13,2191.734130859375,2194.604851740266,2152.733989669046,2152.9319120868795,1786807
2025-06-16,2222.02392578125,2227.1711173642298,2186.8841148183924,2191.7343019196833,1301826
2025-06-17,2241.82080078125,2257.856383051544,2204.404281041556,2208.3636960052586,1540986
2025-06-18,2258.25244140625,2260.826158041413,2232.120396840362,2234.1001045094,1131156
2025-06-19,2244.988525390625,2261.816040792583,2241.029110001929,2246.9682330849732,524926
2025-06-20,2262.5087890625,2266.666126702171,2240.0391560683156,2243.9985712801026,1945026
2025-06-23,2241.128173828125,2249.7398538958046,2231.0314713382227,2238.257452696542,596186
2025-06-24,2252.21435546875,2286.2652288580507,2245.8791462744125,2281.612964421652,1044179
2025-06-25,2256.767578125,2271.021617818927,2252.313236032559,2253.006327022203,807368
2025-06-26,2266.5673828125,2269.3390219114503,2257.064689234252,2263.7957437135497,921519
2025-06-27,2334.76806640625,2340.5092666724286,2253.9961428230686,2259.836183469298,1555059
2025-06-30,2317.3466796875,2345.854273974067,2302.4988736367836,2338.034526119427,785414
2025-07-01,2345.458740234375,2375.6492832084828,2326.3545122491983,2356.3471327824136,1232160
2025-07-02,2394.852294921875,2405.344842339883,2303.389896347699,2316.257996327295,1936030
2025-07-03,2406.2353515625,2439.3954517375932,2400.395311182141,2404.25564408936,1547480
2025-07-04,2399.603515625,2418.2128152580945,2387.527347688303,2406.2354877025405,602309
2025-07-07,2418.014892578125,2440.088680482908,2396.4360315695767,2398.7127436249625,869054
2025-07-08,2459.390869140625,2462.7562754239448,2412.570735668228,2415.7382195225628,1136367
2025-07-09,2473.545654296875,2509.2794744445164,2467.6065312804385,2494.926593821461,2328636
2025-07-10,2426.32958984375,2486.512749306158,2420.2916266528655,2481.8604847719294,932859
2025-07-11,2414.451416015625,2459.5888473703967,2410.7890051739755,2422.6672511448596,1050411
2025-07-14,2377.23291015625,2423.7560373356596,2366.7403635312317,2406.4335963646026,891618
2025-07-15,2369.215087890625,2390.4969447486355,2362.088188810415,2385.448593665743,610228
2025-07-16,2386.04248046875,2397.8216435077948,2346.9432570800277,2356.8417946467926,1200909
2025-07-17,2374.560302734375,2389.507192526197,2369.7101155375785,2379.707736082246,526163
2025-07-18,2358.2275390625,2380.5983310634733,2348.230160923921,2376.2430711148772,599552
2025-07-21,2351.298583984375,2383.567914037501,2336.8468637229585,2358.22756047867,390931
2025-07-22,2341.2021484375,2356.643964310425,2337.341815301031,2351.298608817401,411317
2025-07-23,2351.298583984375,2360.5042725166427,2328.7301110194885,2339.0244937170323,368999
2025-07-24,2328.2353515625,2355.8521774818505,2317.2478770945427,2351.298753078445,506960
2025-07-25,2312.496337890625,2326.651295187884,2302.2019553090836,2316.25783056356,383636
2025-07-28,2335.658935546875,2342.3897475154404,2296.460631549846,2312.496213489174,650364
2025-07-29,2377.1337890625,2393.7633804542284,2301.409976918723,2335.065004538179,1742815
2025-07-30,2391.288818359375,2419.004724295606,2342.4889785032356,2384.5577642993003,1685818
2025-07-31,2371.788818359375,2392.674588818769,2349.418025516724,2377.0348502382585,1274735
2025-08-01,2406.33447265625,2446.9184765142945,2353.872223766583,2353.872223766583,2225293
2025-08-04,2424.94384765625,2441.969284403293,2414.8473873951507,2418.4107160183803,1165898
2025-08-05,2412.075927734375,2438.70289982959,2384.6570242206344,2436.9211145537915,659094
2025-08-06,2465.923828125,2480.1778683627604,2415.243360050098,2415.243360050098,2019109
2025-08-07,2481.068603515625,2484.5330918907716,2441.8702955199838,2458.8959745801,1502806
2025-08-08,2450.482177734375,2486.215755117334,2443.454119049418,2481.0685636610756,1178226
2025-08-11,2463.84521484375,2478.791862374858,2427.121541831701,2438.9007055038905,721135
2025-08-12,2453.15478515625,2477.406203891745,2448.898365372008,2463.8452548090927,608984
2025-08-13,2474.83251953125,2478.9898573216647,2436.2282198165494,2454.639597884359,350844
2025-08-14,2503.043212890625,2509.1802580128915,2472.357745615771,2479.583726564812,1088550
2025-08-18,2561.147705078125,2568.6706908574174,2510.863323805654,2524.127268472607,1755615
2025-08-19,2553.228759765625,2568.670575497609,2535.2134691873252,2561.1475900561763,698587
2025-08-20,2544.023193359375,2553.1297994329543,2537.3909799718176,2551.8429412384953,308028
2025-08-21,2540.558837890625,2549.863366865174,2533.3328568800803,2548.7744310291314,781082
2025-08-22,2479.088623046875,2543.2311919519207,2475.7232170896536,2536.797142820435,523774
2025-08-25,2467.6064453125,2496.9062145049056,2450.878012731079,2490.4721647945858,766497
2025-08-26,2456.22314453125,2497.6981641187676,2442.9592001585233,2455.9263817194274,7106393
2025-08-28,2463.74609375,2502.350391723584,2439.989602689333,2439.989602689333,1485769
2025-08-29,2493.0458984375,2505.913997946369,2464.7359828525773,2465.725836660952,1798653
2025-09-01,2544.122314453125,2551.6453003711945,2489.581512369503,2492.451991866285,1314833
2025-09-02,2514.228759765625,2545.805000673645,2505.320075183778,2542.93452119602,1024054
2025-09-03,2527.987548828125,2539.074104831537,2501.6575824788406,2504.330139433277,925847
2025-09-04,2542.53857421875,2556.792372311873,2527.0967582315957,2527.9875299885935,933071
2025-09-05,2553.7236328125,2575.5994976942957,2538.9749083727397,2538.9749083727397,1153436
2025-09-08,2505.1220703125,2563.3255226646506,2500.7665685510233,2553.7237473782398,742880
2025-09-09,2511.55615234375,2525.711110339231,2499.1829795616045,2514.2287093319874,702450
2025-09-10,2517.4951171875,2529.0763578516126,2499.4798270807123,2511.5559946250305,520584
2025-09-11,2529.96728515625,2533.5308555782876,2509.9722862990047,2515.21855988452,423961
2025-09-12,2520.46484375,2542.241627907083,2511.4570772741577,2534.0257928242045,547539
2025-09-15,2477.2080078125,2517.6929281557755,2472.6545840507674,2509.3782536017916,583051
2025-09-16,2455.728271484375,2484.4340325696035,2449.3933036344274,2469.685307160192,760790
2025-09-17,2468.29931640625,2471.5656403296753,2455.629140541995,2456.816916665378,359627
2025-09-18,2453.550537109375,2480.7715162918726,2444.246008163312,2472.555681514996,400796
2025-09-19,2456.520263671875,2484.0382491741548,2443.454241118311,2449.8882911759447,3731525
2025-09-22,2457.509765625,2477.603844337264,2448.9971686889035,2468.794242954483,872806
2025-09-23,2422.0732421875,2458.598993546187,2403.36510144872,2447.0177520572506,1332111
2025-09-24,2432.268798828125,2449.8882454513505,2418.4108451164807,2421.182484191517,637749
2025-09-25,2379.6083984375,2437.7127648253804,2363.770738547733,2433.5554274370193,1518215
2025-09-26,2319.029541015625,2375.64913028812,2315.26804822663,2373.174495777403,1089446
2025-09-29,2318.83154296875,2339.7173125599843,2305.5673574257466,2319.1283057695373,950369
2025-09-30,2326.156494140625,2364.562870972334,2316.257955867686,2328.136201795213,778874
2025-10-01,2312.1005859375,2333.0854384512804,2297.648623594792,2329.52186805722,648279
2025-10-03,2333.87744140625,2338.727628575792,2312.3976613270074,2318.4356247764845,659872
2025-10-06,2330.907958984375,2335.2632193797976,2310.418032053584,2331.1058814271587,362107
2025-10-07,2328.927978515625,2347.339113482409,2322.1969246043586,2331.1056084583392,498524
2025-10-08,2304.87451171875,2345.3594343916707,2296.4607546435473,2336.0549055856777,701799
2025-10-09,2312.6943359375,2317.2477601110313,2300.2223229785895,2304.8745875346162,587567
2025-10-10,2316.455810546875,2333.8773340631014,2312.8924818709593,2315.168952276326,1117236
2025-10-13,2318.732421875,2342.5879940440077,2313.288226220651,2316.455709905024,667732
2025-10-14,2294.580322265625,2331.105832918551,2284.5827016458666,2318.6335776566284,353345
2025-10-15,2351.001708984375,2359.811310584155,2301.4099400621476,2306.3592087504535,753640
2025-10-16,2385.25048828125,2396.237961365467,2342.8847002435737,2352.882319596366,715890
2025-10-17,2482.355224609375,2518.1878811898305,2396.435872783247,2396.435872783247,3719960
2025-10-20,2490.47216796875,2511.35817987428,2475.327356452451,2482.355415118091,714986
2025-10-21,2479.18798828125,2493.6397091369963,2458.796902808329,2487.502663750938,107942
2025-10-23,2477.010009765625,2520.1677313672517,2471.466973579269,2493.342597184148,811738
2025-10-24,2476.218505859375,2481.266615533017,2461.07369351137,2469.6853737363804,327596
2025-10-27,2493.243896484375,2504.3302111417024,2474.23875111988,2476.2184587966717,550089
2025-10-28,2483.840087890625,2502.944313788174,2466.715569512749,2489.4822059889902,1103957
2025-10-29,2512.94189453125,2524.9192226571176,2487.0077722636356,2494.4316760614374,615292
2025-10-30,2497.89599609375,2512.941725110214,2487.799535942144,2509.774241369409,736486
2025-10-31,2485.32470703125,2504.329849652434,2479.8805117059187,2497.7967185966363,609128
2025-11-03,2486.710693359375,2489.7793368360453,2469.6852561586425,2470.873032398037,425210
2025-11-04,2461.469482421875,2495.421517284876,2454.540505578958,2484.533125103149,527087
2025-11-06,2576.490478515625,2604.305468247461,2534.124927247066,2534.124927247066,4448622
2025-11-07,2587.280029296875,2592.3281389100152,2558.772190218216,2576.490477384487,791663
2025-11-10,2623.50830078125,2639.742047393502,2584.607241463536,2587.2797982746247,1706880
2025-11-11,2630.239501953125,2637.8613279758315,2606.6809328855093,2623.5084476961592,776404
2025-11-12,2741.697265625,2809.8980998107063,2615.292976226382,2633.0112636282392,2859196
2025-11-13,2850.184814453125,2867.705419302586,2811.18467304877,2829.892812411752,5933630
2025-11-14,2876.910888671875,2880.3753768526763,2832.9614781294044,2836.030121469235,2494076
2025-11-17,2858.5986328125,2897.2029302084065,2850.7788846207886,2876.9109277310713,1230683
2025-11-18,2881.00439453125,2890.918380747806,2837.48209185684,2861.1764220981377,1819066
2025-11-19,2868.81005859375,2890.9182956137456,2862.365967742759,2888.935498428825,1387906
2025-11-20,2835.201904296875,2881.10371014527,2827.964645752369,2872.4783482680073,1062883
2025-11-21,2851.857421875,2870.693996016735,2829.550952496629,2844.3226954020324,857340
2025-11-24,2854.434814453125,2871.5860587238258,2839.8613033711026,2851.2623873259877,5404326
2025-11-25,2851.064208984375,2883.4828955546254,2844.322649938532,2874.9567705789004,972417
2025-11-26,2849.27978515625,2871.288787280634,2833.020943741294,2855.228177192067,570376
2025-11-27,2854.3359375,2889.4313527396475,2846.701974295966,2855.2280994648086,1158685
2025-11-28,2849.676025390625,2865.0427036171095,2831.236156743247,2855.227954340334,748446
2025-12-01,2842.934814453125,2862.663550417217,2823.5033044461416,2852.947795413725,499153
2025-12-02,2928.988037109375,2936.522763568836,2836.589732524731,2842.339893028985,2102147
2025-12-03,2928.095947265625,2943.66085784583,2907.3758120528328,2943.462626521632,1252456
2025-12-04,2931.763916015625,2960.0187763517797,2908.763516711522,2924.6258944441,1466098
2025-12-05,2942.966796875,2947.923789963892,2915.703334886096,2929.5829155349925,944978
2025-12-08,2903.112548828125,2948.91511542508,2889.728667820144,2944.453821755753,983544
2025-12-09,2771.95068359375,2888.4400274143027,2764.515193562651,2884.9701320664567,1839391
2025-12-10,2780.37744140625,2799.709714577019,2772.644483729807,2785.830133839031,845073
2025-12-11,2755.4931640625,2787.416392522806,2739.4325551970373,2775.9160719797633,777422
2025-12-12,2741.01904296875,2772.9420311726108,2722.3806998927384,2770.9592338675175,977696
2025-12-15,2756.286376953125,2777.8989151364117,2734.9713067620355,2749.2475920214038,1029674
2025-12-16,2766.894287109375,2783.847300176722,2752.2217812965405,2768.9763210091114,916244
2025-12-17,2761.739013671875,2782.360152826057,2748.156901348238,2775.916061967917,636499
2025-12-18,2735.962646484375,2769.7694352946414,2731.6005894949667,2756.088086314156,417994
2025-12-19,2775.81689453125,2788.2093772598632,2735.9627184841656,2742.6050408185665,3895542
2025-12-22,2783.450927734375,2798.817606705464,2756.3856963642547,2761.8383889023835,463953
2025-12-23,2783.649169921875,2794.752786362001,2759.1616717450024,2773.9334147715076,431068
2025-12-24,2761.540771484375,2800.403547790722,2758.070876420582,2783.6490084418188,512144
2025-12-26,2722.87646484375,2770.3643646289715,2719.406569476208,2761.045313886708,532078
2025-12-29,2751.527587890625,2769.769467423096,2711.475181117445,2722.8762650599865,815529
2025-12-30,2734.574951171875,2768.3814999924343,2717.423706078166,2746.4717350000174,4833527
