Price,Close,High,Low,Open,Volume
Ticker,BEL.NS,BEL.NS,BEL.NS,BEL.NS,BEL.NS
Date,,,,,
2021-01-01,38.62397384643555,39.112884465129085,36.85167372791261,36.9738996341037,201696168
2021-01-04,40.121253967285156,40.274039802400516,38.77674840976797,39.418444720896204,105614565
2021-01-05,40.18238067626953,40.71712603702805,39.41845823276239,39.7240265107723,64361523
2021-01-06,40.68656539916992,41.37409657712328,39.617074786996525,40.33516243993033,74098809
2021-01-07,40.25876998901367,41.25187296579628,40.12126584397311,41.0685306087776,46011027
2021-01-08,40.365718841552734,40.8699076717427,40.19765473250128,40.65600885030387,19906347
2021-01-11,41.129642486572266,41.419936001329134,39.586519473016104,40.57961892686416,42426342
2021-01-12,41.08380126953125,41.54215532905585,40.76295482664961,41.2365871216941,32608233
2021-01-13,40.961578369140625,42.07690712815636,40.472667802962484,41.114360735468665,38455479
2021-01-14,42.51997756958008,43.085282790387986,41.11435888097823,41.175471824752904,94302666
2021-01-15,40.77823257446289,42.62692702597084,40.45738263845465,42.38247176361233,44817729
2021-01-18,40.80878448486328,41.32825142220557,39.20454547498331,40.900453886642445,53634528
2021-01-19,41.8782844543457,42.22968737623799,40.976854550369275,41.11435867316729,64391526
2021-01-20,41.40464782714844,42.45886356576192,41.22130900040172,41.96995303384273,39771243
2021-01-21,40.91574478149414,42.107468355178696,40.42683416012004,41.71022716395051,31082454
2021-01-22,40.44211196899414,41.40465496316276,39.999036067398336,40.79351844141753,30823161
2021-01-25,39.93791580200195,41.1754703540567,39.38789233374739,40.86990214913349,22702206
2021-01-27,40.5490608215332,41.06852788449003,39.96847731231458,40.029590261612,55897923
2021-01-28,40.090694427490234,41.160188197414925,39.67817515216476,40.029577999949325,49918659
2021-01-29,39.73929977416992,41.63382915515879,38.8073133208148,39.96847682822388,77617473
2021-02-01,40.85462188720703,41.190750043216994,38.37950940890763,39.72401503901999,47400000
2021-02-02,40.793514251708984,41.80189185689813,40.151817822513976,41.175473664329374,32215686
2021-02-03,42.504703521728516,43.14639998548268,40.99213703248412,41.00741526993319,63440358
2021-02-04,43.07000732421875,43.32974084892829,41.878287359154406,42.70332264406159,55032168
2021-02-05,42.84083557128906,43.75754388808274,42.382481412892226,43.39085916257939,29863140
2021-02-08,43.44269943237305,44.13716535792327,43.05688738411383,43.58159403037764,31927191
2021-02-09,42.57847595214844,43.82851315217528,42.40871668006897,43.65875741233202,48306774
2021-02-10,43.16490936279297,43.93654044502436,42.70193212634853,42.87169138830775,33662136
2021-02-11,41.791412353515625,43.365535752803424,41.54449138227795,42.99515606206501,35392794
2021-02-12,42.05376434326172,42.285252967287875,41.405599021777334,41.930305627640344,24806265
2021-02-15,42.00747299194336,42.578480225432486,41.60622857980773,42.39328859478097,23422254
2021-02-16,41.09695053100586,42.73280698434117,40.91176243340855,42.00747280647217,48715293
2021-02-17,42.93342590332031,43.1340498675174,40.77286638438535,40.77286638438535,46231716
2021-02-18,43.68962478637695,44.41495540714259,42.5476138958295,43.010591188423426,43649379
2021-02-19,41.791412353515625,44.04456930676608,41.0506494398026,43.33467107292824,51636933
2021-02-22,40.21729278564453,42.146363550083706,39.893206580071784,41.822277344510965,28665003
2021-02-23,41.4210319519043,41.8531445272133,40.20185592434097,40.51050978226805,32119296
2021-02-24,42.08463668823242,42.88712901530567,41.72968578148319,41.86858038243646,22656720
2021-02-25,43.73591995239258,44.13716433196589,42.300691112730924,42.31612345301312,59326020
2021-02-26,42.31611633300781,43.936536515644164,41.97659783945355,43.010582125566245,38633409
2021-03-01,45.047698974609375,45.37178171683483,42.578485186757064,42.80997386898581,62059455
2021-03-02,46.760711669921875,47.39344831431598,45.21745268162109,45.664997682261216,106691166
2021-03-03,47.19281768798828,47.5323327102374,46.51378411125372,47.17738534753315,39659358
2021-03-04,47.161949157714844,47.825550339831075,46.31315637301613,46.76070127415879,30333900
2021-03-05,45.371768951416016,47.223677888208506,44.67730310011883,46.544644375902195,29141961
2021-03-08,44.769901275634766,46.51378400081413,44.5075479562842,45.68042348927066,34685358
2021-03-09,43.21121597290039,45.49523798404504,42.97972730328758,45.078561204531404,37113744
2021-03-10,43.13404846191406,44.02913833505455,42.917992163837525,43.64332276015294,24247668
2021-03-12,43.226646423339844,44.29149205059472,42.9797219099838,43.90567647224178,39599325
2021-03-15,42.31611633300781,43.62788269746107,41.17410568309601,43.62788269746107,30156603
2021-03-16,42.547607421875,42.76366369435993,41.82227337923824,42.43957751951459,29273370
2021-03-17,41.31300354003906,42.73280356706853,41.00435320315592,42.43958203818147,35855832
2021-03-18,40.06295394897461,41.82226491785696,39.52281514315983,41.46731766988116,45353232
2021-03-19,39.49196243286133,40.14012778324998,38.581436703369306,39.63085349412908,56393928
2021-03-22,39.49196243286133,40.726567305311434,39.30677081893475,39.72345106721049,38945382
2021-03-23,39.507568359375,40.49057584481306,39.3671371880354,39.91325166409809,38253711
2021-03-24,38.212486267089844,39.53876814909629,37.947230604951045,39.47635232111881,32029023
2021-03-25,37.21387481689453,38.49334389870363,36.152848627200825,38.274897435275875,60718449
2021-03-26,38.19689178466797,38.774212431151696,37.432330754809186,37.447933822481005,36092943
2021-03-30,39.25791549682617,39.61678959948795,38.35292334991199,38.696194385993394,42697440
2021-03-31,39.039466857910156,39.63239049815747,38.852226497874696,39.25791334939938,24134520
2021-04-01,39.351524353027344,39.63238305467516,38.78980694973171,39.32031822743449,30019032
2021-04-05,41.005489349365234,41.19272974428377,39.008264422423366,39.585588675812716,61276776
2021-04-06,40.865055084228516,42.1133182284439,40.19411252817746,41.286341440123586,61173012
2021-04-07,40.97427749633789,41.95728496839243,40.8806555262818,41.177120931594274,38346498
2021-04-08,40.584197998046875,41.70763675871985,40.41256067749507,41.3019498451659,25322349
2021-04-09,40.53738784790039,41.05229622622872,40.25652905711342,40.880658909681515,15591087
2021-04-12,38.040855407714844,40.10049236694825,37.60396239472778,39.91325199405193,35499102
2021-04-13,39.19549560546875,39.382735956381346,37.96283561653916,38.10326677255178,19430589
2021-04-15,40.10049819946289,40.47497899972281,38.82102867931642,39.00826550813279,42679908
2021-04-16,39.944454193115234,40.412553293591685,39.19549634661546,40.022473090736455,21451458
2021-04-19,38.50895690917969,39.46076189866421,38.11887664404751,38.727403429031554,30034584
2021-04-20,38.78981399536133,39.83523367785639,38.58697057085195,38.961447717296885,26634339
2021-04-22,39.33592987060547,39.53877330251754,38.24369738004545,38.41533467955765,23128215
2021-04-23,39.60118865966797,40.25652820517769,39.117486427073146,39.27352067256971,27613263
2021-04-26,40.36574172973633,40.474966751473225,39.85083346368205,39.9444518497601,16704927
2021-04-27,40.31893539428711,40.59979414373952,40.0536797102869,40.2721261979305,19097265
2021-04-28,40.19411087036133,40.740225303809765,40.00687051362357,40.693416107453515,19394331
2021-04-29,40.52178192138672,40.95867493015005,40.303335417005044,40.568591121329995,16660074
2021-04-30,41.114707946777344,42.581421294696504,39.88204775457932,39.99127279867006,53187741
2021-05-03,40.64659881591797,41.45797241437345,40.20970946057159,40.88064834296284,19524450
2021-05-04,41.442378997802734,42.83107341962305,40.740230253218755,41.005485969442056,52932507
2021-05-05,43.018306732177734,43.22114657437525,41.348750229743466,41.69202479762602,51816273
2021-05-06,44.43820571899414,44.65665219071909,42.877874288289114,43.595625960724675,61565505
2021-05-07,43.03390884399414,44.750270931460946,42.8466684994148,44.5474275224427,32525013
2021-05-10,45.17155838012695,45.530432414198344,43.26795605064546,43.377177495832996,67119504
2021-05-11,46.35740661621094,46.731883694057494,44.14173956073967,44.547422764130765,70482693
2021-05-12,45.826904296875,48.55748010018675,45.49923277198486,47.57447266814201,136024881
2021-05-14,44.73466873168945,46.40422165811001,44.485016124529025,46.123362921468605,47657991
2021-05-17,46.23258972167969,46.529055128661874,44.90631120878442,45.09354800732516,51486270
2021-05-18,48.24541473388672,48.37023925922552,46.59146477395789,46.96594192128711,97548693
2021-05-19,48.41705322265625,49.275232569482064,47.76171373451284,48.15179752845096,83953914
2021-05-20,48.93196105957031,49.524888277621436,47.746110194780925,48.66670536799658,67499931
2021-05-21,49.181617736816406,49.61851076056883,48.76032778024706,49.462476517424925,58163772
2021-05-24,48.94756317138672,49.93057058903248,48.74471974735758,49.41566228181925,74623869
2021-05-25,46.56026077270508,49.2596305410909,46.43543267034271,49.2596305410909,53594838
2021-05-26,46.731895446777344,48.120593381941234,46.497845875019486,46.809914351572,45070683
2021-05-27,46.35740661621094,47.1063643432162,44.37578907363583,47.0595551548994,360249207
2021-05-28,45.20277404785156,46.68508683041439,45.06234287451575,46.341815787490205,44625315
2021-05-31,45.37440490722656,45.62405751332641,44.84389356567846,45.42121410124918,29061186
2021-06-01,45.85811233520508,47.746111948683115,45.561646929632744,47.746111948683115,74882883
2021-06-02,46.919132232666016,47.121975655528985,45.561644105953434,45.63966300478551,24742749
2021-06-03,47.18438720703125,47.41843673966273,46.56025392957649,47.199986699806736,26792298
2021-06-04,47.683692932128906,47.808517446224144,47.07516271197715,47.30921224721821,23574183
2021-06-07,47.83973693847656,48.13619881358,47.55887813199365,47.74611852675342,16889640
2021-06-08,47.730506896972656,47.99576258725758,46.26379371052537,47.93335032397003,31918326
2021-06-09,47.02836608886719,48.52628208624587,46.66948837229807,47.87094249815016,31016931
2021-06-10,47.44964599609375,47.73050473950546,46.84111574260781,47.10637142090291,17381064
2021-06-11,48.07378005981445,48.37024189496138,46.85672301487858,47.43404361865486,25835898
2021-06-14,47.35602569580078,47.85533093967834,46.04535032345041,47.746109480029475,26533281
2021-06-15,47.02836608886719,47.71491181382745,46.82552262793422,47.43404943941968,22951029
2021-06-16,46.71629333496094,47.27801084719455,46.263793712171584,46.80991172989559,19709055
2021-06-17,45.60845184326172,46.73188672087834,45.14035278715067,46.24818817229679,22419540
2021-06-18,45.624061584472656,45.87371421284962,43.84528348238802,45.73328304693818,34091544
2021-06-21,46.56026077270508,46.809913406116834,44.313383500686285,44.313383500686285,23199468
2021-06-22,47.24680709838867,47.43404389770105,46.497845615887044,46.8099140907004,28261329
2021-06-23,52.583133697509766,53.051232831738716,47.59007745617199,48.40145119353575,363893778
2021-06-24,53.41011047363281,54.14346530737043,52.05262227080846,52.72356483903129,169690515
2021-06-25,54.61156463623047,54.892423403362166,53.316492265612595,53.410110664218834,71399592
2021-06-28,54.22146987915039,55.26689297562629,53.987420358603515,54.97043120195019,38881053
2021-06-29,54.502342224121094,54.876819383351865,53.84700273132609,54.1278614935774,49605246
2021-06-30,55.547752380371094,55.828611094275644,54.54914203257167,54.87680993690826,43091670
2021-07-01,57.62300109863281,58.01308489002424,55.26690242695938,55.485348921581036,87835578
2021-07-02,56.37473678588867,57.87265251366926,56.24990868958389,57.87265251366926,40351092
2021-07-05,55.922237396240234,56.79601973287381,55.734997048635684,56.577576827199856,22985568
2021-07-06,56.49955749511719,56.858435122857514,55.6725843589575,55.70379048809795,41588856
2021-07-07,57.07688522338867,57.23291587900121,55.828618550611594,56.20309926670728,17834940
2021-07-08,56.37473678588867,58.48118278694357,55.89103460891914,57.35774420545173,44887437
2021-07-09,56.437156677246094,57.01448089731189,56.234313225402076,56.37474440631356,18512454
2021-07-12,57.37335205078125,57.7166266657326,56.48396295086823,56.48396295086823,18021216
2021-07-13,56.68681335449219,57.669820976681876,56.21871414665772,57.42016830392439,15530661
2021-07-14,57.46696853637695,57.623002771726576,56.4215488020795,56.51516720050149,18423249
2021-07-15,56.156288146972656,57.54498236224571,56.00025392539066,57.46696346579838,14669931
2021-07-16,56.06266784667969,56.5463735907852,55.766206031070894,56.327923531309956,21219636
2021-07-19,58.04428482055664,58.59039921310825,55.43853380075504,56.01585432187388,45407127
2021-07-20,56.54637908935547,58.27834452626956,56.2499136736056,58.24713839225654,21901098
2021-07-22,57.57618713378906,57.65420245708296,56.796019615599796,56.82722931622993,14278368
2021-07-23,56.998870849609375,57.794641541663516,56.67120287549554,57.48257663434971,12770211
2021-07-26,57.60740280151367,57.73222733945186,56.234311456314586,56.998872465125494,13753260
2021-07-27,57.123695373535156,57.81024098362798,56.73361158536726,57.60739755663319,14436747
2021-07-28,59.276954650878906,59.79186300081912,56.9520619713907,57.10809621158683,48274629
2021-07-29,58.91807556152344,59.823067649809715,58.65281987552794,59.58901809495336,27425199
2021-07-30,57.62300109863281,58.808851967444845,56.95205854881723,58.808851967444845,28756776
2021-08-02,57.35773849487305,58.35634888063772,57.24851704637923,57.73221560387857,21084204
2021-08-03,56.874046325683594,57.70101958017704,56.65559981912978,57.357748539199946,17656980
2021-08-04,54.75199508666992,57.66981132734844,54.54915165437301,56.95205956685096,38353227
2021-08-05,55.11086654663086,55.89103410606271,54.330702558511774,54.9236261895147,33065568
2021-08-06,54.736392974853516,56.109484254872285,54.61156487152772,55.204492112527504,23813595
2021-08-09,53.41011047363281,53.956224939513106,50.66392793522672,51.490904738549474,110821485
2021-08-10,52.81718063354492,54.36190912807524,52.33348202833755,53.4101078406444,32690748
2021-08-11,53.75338363647461,53.893814810763615,51.58452518202894,52.81718533138289,27235548
2021-08-12,54.252689361572266,54.377513890342996,53.051231844276565,53.644159069876245,17966661
2021-08-13,54.455528259277344,54.7988028499613,53.84700154963927,54.36190986435236,27821241
2021-08-16,54.40871810913086,54.7831988248994,53.815794475695576,54.34630584694036,12560913
2021-08-17,54.939239501953125,55.07966710836896,53.768991591921825,54.33070916021157,18039039
2021-08-18,54.3306999206543,56.74921066631916,54.06544424899872,54.95483322363438,34210602
2021-08-20,53.378902435302734,54.58035636013647,53.14485287666466,53.64415812558417,15542163
2021-08-23,54.65837478637695,55.20449283501929,52.7859782111759,53.8001954036185,26688300
2021-08-24,55.438541412353516,55.688194046480696,54.424324238105946,54.611564606529576,14925912
2021-08-25,56.156288146972656,56.34352849860852,55.32931141529453,55.32931141529453,16571559
2021-08-26,56.57758331298828,56.85844208093514,55.984656072822254,56.28111790724877,21301485
2021-08-27,57.825843811035156,58.04429030295099,56.577580693882425,56.639992956911854,28167945
2021-08-30,57.435760498046875,58.27834034114276,57.326539036844814,57.70101618942187,13619223
2021-08-31,58.24713897705078,58.48118855581133,57.310940662008576,57.388955997824375,21603702
2021-09-01,59.245750427246094,60.025918082067065,58.21593369416332,58.41877714156424,26940252
2021-09-02,59.339359283447266,60.05711455321059,59.21453476440156,59.52659963332845,25664589
2021-09-03,61.976314544677734,62.27277633921414,59.4641854663396,59.91668147599057,52170660
2021-09-06,60.99331283569336,63.318201648712304,60.774862784364245,62.80329693545489,36365391
2021-09-07,60.634429931640625,61.789078130345096,60.337968135385445,60.99331112840354,15882570
2021-09-08,61.50821304321289,62.22596826162603,60.618827694703434,61.1649456403955,19285563
2021-09-09,61.492618560791016,62.17916056498566,61.00891283074737,61.39900017057702,11581218
2021-09-13,61.32099533081055,61.9919379950836,61.0557395930865,61.633063845685236,10518984
2021-09-14,63.5502815246582,64.05265480876324,61.132608747431306,61.36809644893411,29010315
2021-09-15,65.24578094482422,65.55976690518739,63.644467638650404,64.00554682183427,35238519
2021-09-16,64.539306640625,65.6225511873088,64.28812366545903,65.2771745964556,12378501
2021-09-17,64.46082305908203,65.10449028765301,63.01649922418364,64.63351496787064,16039149
2021-09-20,63.29909133911133,64.66492432080996,63.1263993996716,63.58167945574259,12243591
2021-09-21,64.19393157958984,65.0730863866465,63.299074242955,63.299074242955,20777913
2021-09-22,64.6649169921875,64.94749789027888,63.98985184475446,64.17823911014872,9672642
2021-09-23,65.1358871459961,66.15632886524658,64.85329908393454,64.99459311496531,19379646
2021-09-24,64.52362060546875,66.09353598625312,63.92705376688255,65.30858188911756,17282355
2021-09-27,64.0526351928711,65.84234261350373,63.66015820606587,64.71199768054579,10315860
2021-09-28,66.04644775390625,66.70581039514934,64.0997505224598,64.36663608548808,29934006
2021-09-29,64.41371154785156,66.69009665870271,63.95843883758842,66.21912142011445,27378225
2021-09-30,63.72296905517578,65.16729304536392,63.33048478881627,64.6806151422231,34237251
2021-10-01,63.34617614746094,64.13113735520132,62.529817066331944,62.796702583391415,22069932
2021-10-04,64.61779022216797,64.71198381643943,63.34615873322687,63.42465698837504,16627587
2021-10-05,64.63349914550781,65.19866795359,64.22531967675087,64.93178248348143,18733530
2021-10-06,62.57691955566406,65.46556712278425,62.168740001492964,64.64920801444204,15618651
2021-10-07,63.770057678222656,63.989850001364466,62.95370569851778,63.11069508182385,7587423
2021-10-08,62.84381103515625,63.94275111752432,62.60832336132641,63.738661321104225,9881742
2021-10-11,65.49696350097656,66.25052684323352,62.843803645987194,62.843803645987194,21749220
2021-10-12,66.01504516601562,66.47031796934743,64.22533745621872,65.52836729961362,18331041
2021-10-13,65.51268005371094,67.17678927649531,65.02600212714253,66.28193890422608,16863453
2021-10-14,66.1092300415039,66.7685925483995,65.63825476900354,65.71674585674536,15404877
2021-10-18,68.18152618408203,69.54735894285666,64.36663035129318,64.44512144803537,40084623
2021-10-19,64.94750213623047,68.8252013544656,64.60212546042862,68.8252013544656,15424062
2021-10-20,64.3038330078125,65.99934720536405,63.691570779293016,64.94750030157718,16082943
2021-10-21,64.17823028564453,64.99458936313067,63.75435540353348,64.63351022751662,15707487
2021-10-22,63.25198745727539,64.96319684312354,62.79670747788631,64.39802789156565,10288875
2021-10-25,63.20487594604492,63.58165757639258,60.834304397607966,63.58165757639258,13207770
2021-10-26,64.743408203125,65.0730966978968,63.142094885005676,63.20489064024406,9505146
2021-10-27,65.0102767944336,65.85803364199214,64.69629810016129,64.82188957787021,9492999
2021-10-28,62.890892028808594,65.26147083810682,62.76530054359102,65.01028068115957,11429706
2021-10-29,64.94750213623047,68.71530518254438,57.600290507826735,62.10595450494286,95295024
2021-11-01,62.96940231323242,65.55976671583484,61.63497456194172,65.21438287908425,23954010
2021-11-02,62.98509979248047,63.92705040877275,61.933253021217325,63.42467722585106,19613109
2021-11-03,62.90660095214844,64.75910429346227,62.62401289517184,63.40897413059687,25307715
2021-11-04,63.37758255004883,63.518876592568866,63.204890629914736,63.487478714954804,1434759
2021-11-08,66.70579528808594,66.97268079067184,63.28337696874179,63.28337696874179,35893830
2021-11-09,69.32756805419922,70.3951102332264,66.7058058283452,66.7058058283452,51756600
2021-11-10,68.98217010498047,69.5159482717512,68.74668248507143,69.35895173413729,15949584
2021-11-11,70.1125259399414,70.64629700354423,68.91938512573105,68.99788340679487,23431827
2021-11-12,70.20671844482422,71.58824648772325,69.73574313898393,70.80328524915183,23132022
2021-11-15,69.90843200683594,70.96027872727213,69.31186522841467,70.5677945317739,8602539
2021-11-16,68.38561248779297,70.33230944665091,68.04022868287898,69.84563880019282,8030718
2021-11-17,67.64775085449219,68.38561167388208,66.89418750483273,68.35421379985567,18084606
2021-11-18,65.5754623413086,68.29141796704278,65.43416831510872,67.67914864451846,28766142
2021-11-22,63.7386589050293,66.06213767784422,63.03219591031895,65.90514829674632,17243226
2021-11-23,66.25052642822266,66.45461619936741,63.64445980687904,63.895649981562045,17089326
2021-11-24,65.41845703125,66.86278060094658,64.99458219588155,66.59589511450872,11478315
2021-11-25,66.45462036132812,66.75290377171787,64.57071908601351,65.41846891069466,9875469
2021-11-26,62.231529235839844,66.04643166573025,61.729156110952424,65.46556026971565,22881369
2021-11-29,61.933250427246094,63.204882268677906,59.28009059401441,61.61926450612848,14850591
2021-11-30,63.97413635253906,64.4608141359844,61.91754344930834,61.933245978166866,32274063
2021-12-01,64.63349914550781,64.77478595764488,63.267666740588616,64.05262781023745,14136084
2021-12-02,64.64920043945312,64.93178846277219,63.50316019056663,64.08403157932696,13228377
2021-12-03,64.88469696044922,65.87374799117386,64.55501567904533,64.63351395995595,12481431
2021-12-06,65.26148223876953,66.31332907749623,64.88470053078395,64.88470053078395,14751723
2021-12-07,66.0621337890625,67.41226394656793,65.37137336638051,65.74815504534924,23275224
2021-12-08,65.60685729980469,66.86278657651603,65.40276753469944,66.26621981075252,9462426
2021-12-09,65.23007202148438,65.73244514158634,64.11542964005163,64.71199637270173,12294123
2021-12-10,64.539306640625,66.20342259714845,64.39801981035025,65.18297379425613,18276354
2021-12-13,65.60685729980469,66.37611595808129,64.74339783723921,64.93179225930459,27024840
2021-12-14,65.87374114990234,66.84708954875326,65.51266203093641,65.74814966269892,19438713
2021-12-15,65.30858612060547,66.04644704416795,64.80621287874406,65.77956148400763,14031681
2021-12-16,65.05738830566406,66.18772617116468,64.53931259184375,65.62255723841437,23209956
2021-12-17,63.20487594604492,65.35566240224432,62.89089005633656,65.23007092096573,12549333
2021-12-20,61.3052864074707,63.079291429185695,60.17494139162928,63.079291429185695,16835343
2021-12-21,62.63971710205078,63.25198645087718,61.35238265372546,61.35238265372546,10884186
2021-12-22,63.8642578125,64.11544082310648,62.953705026025006,62.953705026025006,8943987
2021-12-23,65.59114837646484,65.85803386073859,64.17822268801149,64.17822268801149,8703837
2021-12-24,64.06832885742188,65.52835499597941,63.55026039824903,65.37136564267126,9183225
2021-12-27,64.9788818359375,65.13587837661846,63.2676727227037,64.05263386657256,8676960
2021-12-28,65.0102767944336,65.6539438974593,64.52360622505569,65.55975028917761,10372101
2021-12-29,65.84233856201172,66.84708476069653,64.9631838415346,64.9631838415346,24965061
2021-12-30,65.92084503173828,66.69011098162328,64.36663215981083,65.87375180967241,42195855
2021-12-31,65.92084503173828,66.87849824291347,65.49697010057868,65.93654756343581,12683187
2022-01-03,66.32901763916016,66.62730103141023,65.77955125828377,65.8580423489732,8974341
2022-01-04,67.86753845214844,68.77808392227521,66.31331864284118,66.72149816338751,31336737
2022-01-05,66.97269439697266,68.1030395668433,66.75290925051965,67.74195318932861,11957511
2022-01-06,66.53311157226562,66.92559579631273,66.12493200370395,66.25053069238581,8820915
2022-01-07,65.32427978515625,67.17678331262297,65.15158786481865,66.53311604100593,12974964
2022-01-10,66.20343017578125,66.40751995972288,65.30857994454622,65.60686335495791,9408897
2022-01-11,66.07784271240234,66.61161381486897,65.48126866860422,66.25053463140863,10022118
2022-01-12,66.12494659423828,66.5488287873576,65.5597775232605,66.25054531063363,7794744
2022-01-13,65.79524230957031,66.65869455641368,65.07308407786805,66.53310307029366,12144687
2022-01-14,69.10777282714844,69.73573745491328,65.43416430372278,65.65394940816118,27463650
2022-01-17,67.97742462158203,69.95551921295235,67.75763952765729,69.70433624846694,28842888
2022-01-18,65.41845703125,68.60539471337889,65.18296941459825,68.54259178729491,17939775
2022-01-19,65.35567474365234,66.06213773901688,64.36663086204994,65.6696606926521,30378717
2022-01-20,66.67440032958984,66.81569435160584,65.13588299022399,65.62255361587493,20278191
2022-01-21,64.9788818359375,66.45461051117381,64.3666197614225,66.37611224083334,17723898
2022-01-24,61.948936462402344,65.54405351879207,61.242473635923794,64.97887750840003,20025537
2022-01-25,64.11544799804688,64.52362762247364,60.97560970850454,61.63497955816087,29718342
2022-01-27,64.33523559570312,64.77480588101642,62.215846523631825,63.39328489700477,23800311
2022-01-28,65.0259780883789,66.2505165323373,64.47650460406247,64.91608195421331,24666333
2022-01-31,65.84233856201172,68.99787116430561,65.19867145642984,67.41225359914277,53776260
2022-02-01,65.12018585205078,66.70580372554035,63.84855392164733,66.45462072028192,29395494
2022-02-02,66.17203521728516,66.62730802521624,65.46557220784794,65.79525350828264,30206025
2022-02-03,65.29288482666016,66.39182496660645,65.1672933104409,66.2505381041167,11555226
2022-02-04,64.3038330078125,65.81095993297555,64.16254614677803,65.76385952162154,17933076
2022-02-07,63.45607376098633,64.6178094761817,62.67111253514336,64.3352286091674,18325029
2022-02-08,62.63971710205078,64.02124517638485,61.666368593600986,63.48747410915557,26278878
2022-02-09,64.09497833251953,64.30061423593064,62.67134849703768,63.08262030385987,15305202
2022-02-10,64.15823364257812,64.77514119741093,63.43060466068864,64.20569085485525,12104241
2022-02-11,63.38317108154297,64.42716497231896,63.22499238323044,63.541349779855494,11505933
2022-02-14,61.975364685058594,63.082630093051854,61.010456489939955,62.32335783325499,31961610
2022-02-15,62.94026184082031,63.08262628606024,60.93135984043447,62.07026816139746,10746255
2022-02-16,62.9560661315918,63.69951665256581,62.18097263946999,63.193337728518706,13420629
2022-02-17,63.58879852294922,64.74352096890729,62.78207640778951,63.035162291311444,19166469
2022-02-18,63.27243423461914,63.77861324507493,62.95607687868161,63.27243423461914,10616886
2022-02-21,62.68716812133789,63.8577047943693,62.27589632674547,62.63971089851739,10470885
2022-02-22,62.4340705871582,63.30406409669979,61.16861955795265,61.69062000825065,20409699
2022-02-23,62.9560661315918,63.446423570065015,62.449887207544684,62.449887207544684,10145349
2022-02-24,59.42863464355469,62.244262187618354,59.15972726957416,61.91207610126968,24915339
2022-02-25,63.31990051269531,63.636265154826035,60.70991212774798,61.01045527934161,22461840
2022-02-28,66.57843017578125,66.91060905623793,62.07026857270139,62.339175975066944,35587689
2022-03-02,68.33423614501953,69.47313718438737,65.66097648351085,65.66097648351085,51608091
2022-03-03,68.03368377685547,69.58385643684704,67.27441169308743,68.96694877390492,28625697
2022-03-04,67.98623657226562,71.10240383851796,67.24278586615245,67.7015149296227,46128378
2022-03-07,67.78058624267578,69.09349443683416,65.34459872433843,67.32186451769617,38244033
2022-03-08,67.38513946533203,68.88786212527636,65.86660255937473,68.47659035556717,20461842
2022-03-09,70.37476348876953,71.29221422961486,67.448411113889,67.82804715164484,30245265
2022-03-10,68.5715103149414,71.65604192080382,68.2235099464352,71.29222730334178,37328694
2022-03-11,67.95460510253906,69.22005642775054,67.73315492212934,69.04605623695025,29348391
2022-03-14,66.37278747558594,68.36586779581131,66.1829658197347,68.3342320599954,28491564
2022-03-15,65.02824401855469,66.48351684464603,64.30061484646488,65.80333765628268,23328489
2022-03-16,66.11968994140625,66.40441878572881,65.36042509147158,66.08805420769878,23656146
2022-03-17,66.24624633789062,67.00551125912229,65.48697417570298,66.49933223131585,36269526
2022-03-21,66.08806610107422,67.82806073194028,65.45534407210319,66.43606647543875,38413833
2022-03-22,66.37278747558594,66.64169485049905,64.85425043355498,66.21460155555062,19632078
2022-03-23,65.61351013183594,67.6698690016077,65.43950997816638,67.6698690016077,33279774
2022-03-24,66.12337493896484,66.61731200497775,65.0877124450348,65.61350841898386,15609300
2022-03-25,65.64537811279297,66.34644917362829,65.31077933089722,66.3145829702909,22413369
2022-03-28,65.3426513671875,65.90032091593295,64.86465098075057,65.64538397276995,13461477
2022-03-29,66.09152221679688,66.47392400820058,65.48605696840372,65.64538800911046,12104067
2022-03-30,66.4261245727539,67.52552704621782,66.17119489410018,67.52552704621782,22181898
2022-03-31,67.17498016357422,67.66891727358012,65.88438064785217,66.98378293669195,21738033
2022-04-01,68.54524230957031,69.15071472444983,66.99971330519085,67.22277671531047,45845880
2022-04-04,69.93146514892578,70.21826103390485,68.7683302700189,69.31006312424273,29426580
2022-04-05,69.66059875488281,71.28579731832585,69.31006315714528,70.55286720710136,29299197
2022-04-06,70.10671997070312,70.42538200613882,69.21445168407026,69.4693813124188,27765654
2022-04-07,74.67959594726562,75.81086450545686,70.6006558965156,70.74405747175382,162897504
2022-04-08,76.35261535644531,77.18114421002011,74.87081088485797,76.0658121381675,86792331
2022-04-11,77.73880767822266,79.09313989246945,76.814672963293,77.0696099473497,53098242
2022-04-12,77.24486541748047,78.51952825302885,75.66746268243959,77.73879526048601,34166946
2022-04-13,78.74259948730469,79.74639592960852,77.77066195769827,77.77066195769827,35185764
2022-04-18,81.24413299560547,81.67433774107528,77.83439770815512,78.39206728470899,58066713
2022-04-19,79.76232147216797,82.6940558116874,79.0453209882516,81.26005484385468,39192846
2022-04-20,80.71834564208984,81.45127579372314,79.85794335189179,80.52714108109681,31402827
2022-04-21,80.59085845947266,82.4391200787254,80.27218914195022,81.08478824324091,32102493
2022-04-22,80.19252014160156,81.7858594385367,79.93759052206391,80.44745705484543,14025423
2022-04-25,78.32833862304688,79.66674129469453,77.35640100518238,79.66674129469453,15988692
2022-04-26,79.8260726928711,80.75020735400581,78.71074077510484,78.72667023297024,16455561
2022-04-27,78.5513916015625,79.33212456570256,77.38825688318673,78.88599040137869,13818495
2022-04-28,78.59919738769531,79.66673352939927,77.59539365837563,79.66673352939927,9256521
2022-04-29,76.01798248291016,79.61892173243149,75.44438354143679,78.94972418299695,21932493
2022-05-02,75.89054107666016,76.2888796732373,74.47247638697766,74.88674444294114,13942155
2022-05-04,73.67579650878906,76.43226363046605,72.91099292541038,76.1613972142085,16041333
2022-05-05,74.85487365722656,75.97020561334304,73.93073896431586,74.83893690510538,18857412
2022-05-06,72.703857421875,74.64772505956738,72.41705428938488,74.01038638596857,16795458
2022-05-09,71.8593978881836,72.38520129580888,70.58473489576565,71.70006683755834,23472795
2022-05-10,71.03085327148438,73.10218564195827,70.77591635369822,71.70005082840025,13234959
2022-05-11,69.78805541992188,71.76378934972678,68.7523854995778,71.66819073255046,17541396
2022-05-12,69.56497955322266,71.1105159448419,68.879852533825,70.10671959799622,23454804
2022-05-13,69.70838165283203,71.92311562609449,69.18258564625037,70.23418495312016,12118287
2022-05-16,72.28959655761719,72.5126600096457,68.92765697066808,69.72432674389889,15258537
2022-05-17,74.16973114013672,74.53619616836073,72.06652500460518,72.91099043267172,17055900
2022-05-18,74.28126525878906,75.60373848795231,73.93073695245069,74.72739948783669,18878982
2022-05-19,72.49671936035156,73.54831863069201,71.4451127963049,73.13405070431718,11176905
2022-05-20,74.87079620361328,75.95426184917056,73.14999181879267,73.61206276944395,17729133
2022-05-23,73.73953247070312,76.54380268631803,73.38899687032429,75.28506916900263,15413691
2022-05-24,73.81920623779297,74.36093913008432,69.81993467526227,70.10673787410278,36815832
2022-05-25,72.13026428222656,75.03013316429109,71.85939784945563,73.93073797500742,12376107
2022-05-26,72.01872253417969,73.14998371900913,70.93524971488625,72.40111698294686,11313504
2022-05-27,73.58019256591797,74.13786210906106,72.40112106790806,73.29338941945421,11187723
2022-05-30,73.50052642822266,74.9823305897352,72.97473036301717,74.53619639560816,8326164
2022-05-31,74.80704498291016,75.18944667159586,73.18184692312788,73.73950906266003,13674072
2022-06-01,78.42391204833984,78.9337785269662,74.80704375251632,74.99824094686167,34360020
2022-06-02,78.31239318847656,79.52333088866592,77.80252660253025,79.09312617027851,26049855
2022-06-03,77.19705200195312,79.01345468426972,77.03772099252399,78.7107221195013,11056728
2022-06-06,77.56352996826172,78.18493194972643,75.9383315186223,76.76686749390859,13057254
2022-06-07,78.32833862304688,79.20467031930899,77.16520374939319,78.39207104164326,28241430
2022-06-08,78.16899108886719,79.81012620267667,77.77065987263623,78.69479442100585,24623397
2022-06-09,78.2486572265625,78.85412240233185,77.46792428018482,78.13712186459236,6650814
2022-06-10,78.61511993408203,78.85412010636966,76.95805547661746,77.43605582119272,9887892
2022-06-13,75.04605102539062,77.43605265040307,74.8389170649758,77.43605265040307,13056528
2022-06-14,76.91024780273438,77.2448538583589,74.58397862946302,74.58397862946302,11702244
2022-06-15,76.52787017822266,77.64320206059324,76.11360217496019,77.46793426738931,9599067
2022-06-16,74.05818176269531,77.72285323299754,73.64391385535015,76.86245121725804,12906030
2022-06-17,74.79113006591797,76.04987084475852,72.9109945670124,73.29339636731157,20333781
2022-06-20,72.38519287109375,75.28506141721334,71.28579051546603,74.88673019015692,12914700
2022-06-21,73.37305450439453,74.05818883291937,72.73572312886007,73.24558968802896,12811437
2022-06-22,71.9709243774414,73.27746071225118,71.71598743423414,73.0225237690439,11056173
2022-06-23,72.30553436279297,72.75166861206749,71.7159985166609,72.2736681516811,9004842
2022-06-24,74.40872955322266,74.53619437846449,72.75165765025054,72.95879163812205,9668958
2022-06-27,76.49597930908203,76.8943177645492,74.79111201730383,74.88671791458775,14977953
2022-06-28,75.34880065917969,76.63940037027649,74.82299726509575,76.30480152572662,9497565
2022-06-29,75.23725128173828,75.74711782945457,74.63178612389515,74.85485684123088,20182623
2022-06-30,74.59991455078125,76.22511268707439,73.86697733848641,75.04604865963334,19573899
2022-07-01,73.22966003417969,75.04606301820247,72.41706081055844,74.249393251317,15324042
2022-07-04,73.19778442382812,74.13785564910808,72.32145289842498,72.87911509926954,13538427
2022-07-05,73.0384521484375,74.85485486778637,72.68791662684067,73.86698070806693,14922519
2022-07-06,73.62798309326172,73.83511706377242,71.42918586730276,73.22965190091337,21103464
2022-07-07,75.41252136230469,75.79492310825816,73.6439214926899,73.7713863101055,19351467
2022-07-08,75.20538330078125,77.26078619160515,74.39278419335028,75.87458814326448,21179418
2022-07-11,74.80704498291016,75.97017950190532,74.50431244003143,75.14164372537056,10090566
2022-07-12,74.01038360595703,75.4603213755391,73.35711550159527,74.40872208542037,12953874
2022-07-13,74.3927993774414,74.98233518684386,73.61206631327978,73.8988694891263,12866319
2022-07-14,75.65153503417969,75.82680283623829,74.45653392351464,74.56806930549884,16879224
2022-07-15,78.23271942138672,78.6151138324024,75.65151338479568,75.68337958571365,24300105
2022-07-18,81.08480072021484,83.10833770449882,79.39586985298493,79.58706709669526,114055476
2022-07-19,81.3078842163086,82.423216233616,80.32000975442307,80.81394698536583,30352653
2022-07-20,81.22820281982422,82.37540087684452,80.62273758382503,82.24793604688834,16157313
2022-07-21,85.62579345703125,86.0081951886249,81.06886076218397,81.2600579811276,56209248
2022-07-22,85.02032470703125,86.07192395415201,84.57419058799425,85.99225480277559,28925541
2022-07-25,86.05599212646484,87.44219751239628,85.41866076013365,85.94446406060875,27481563
2022-07-26,85.05220794677734,86.35874436380863,83.80940394613184,86.27907519647263,16387791
2022-07-27,87.04386901855469,87.26693245088842,85.33899424975247,85.4823958173918,26434413
2022-07-28,86.78893280029297,88.2388706503373,86.40653104801811,87.31473612138423,26787639
2022-07-29,87.69713592529297,88.04767149405309,86.67740271954281,87.31474144341708,14660187
2022-08-01,90.56513977050781,91.71234511586401,86.9642072851547,88.01580671478405,24181113
2022-08-02,89.86407470703125,91.4733436840309,88.93994011918697,91.10687865769648,32577612
2022-08-03,88.22294616699219,90.53327916373526,87.31474826106287,90.18275086131266,15700254
2022-08-04,90.54920196533203,91.6167380470614,87.93612944213854,88.66906673079492,39839988
2022-08-05,87.99986267089844,90.82006166838153,85.16372692553348,90.7881954663239,80363784
2022-08-08,90.30679321289062,90.8675084239682,88.04792324858423,88.25618847935355,21774303
2022-08-10,92.08506774902344,92.37342994017905,89.95435855788062,90.29078478099967,28967340
2022-08-11,92.10107421875,93.6390277387994,91.52434256542408,92.43750040539504,23053884
2022-08-12,93.27056121826172,93.60698740456806,92.02096985936294,92.27729911255018,13774848
2022-08-16,94.1196517944336,94.63230303925783,92.96618832696451,93.7191450719733,18326535
2022-08-17,93.35067749023438,94.74444644140874,93.11037199289109,94.60026167629441,12973041
2022-08-18,92.51763153076172,94.35997153231452,91.87681921142662,93.25456459796564,16134525
2022-08-19,91.34811401367188,93.62300763174596,90.78739883545262,92.75790651874901,17598678
2022-08-22,92.6297607421875,92.99822721481767,90.61118870324952,91.31608873806387,18811092
2022-08-23,95.62555694580078,95.99403072521649,91.92485403237237,92.05301499901718,30535758
2022-08-24,94.21575927734375,96.41055604832663,93.39872215833233,96.12218655524455,20796507
2022-08-25,95.06484985351562,95.89790347728976,94.53617486132515,94.69637607098531,22580238
2022-08-26,97.83636474609375,98.65340186248446,95.3211655836883,95.3211655836883,31345068
2022-08-29,98.95780181884766,99.7427988065368,96.33046511175625,96.69893158892833,27834195
2022-08-30,98.20484924316406,99.9190280577819,97.13149001047925,99.74280303942743,25458348
2022-09-01,102.46625518798828,102.7866649391146,98.04463582344322,98.31698154516114,33768936
2022-09-02,103.98819732666016,105.63829552376383,102.69054913934642,102.85075035582292,37018653
2022-09-05,105.06156158447266,105.3819640106358,103.92411463773988,105.04553779639377,24073551
2022-09-06,104.34064483642578,106.9519576033625,104.06829177462893,105.55818871955785,28364094
2022-09-07,105.49412536621094,105.65432660486485,104.37270202854826,104.58096730556967,14016204
2022-09-08,105.14165496826172,106.18298115192702,104.80522876539791,106.05482018579627,13824843
2022-09-09,105.14165496826172,106.63155186692583,104.99747021459403,105.41400068806016,16733637
2022-09-12,108.47389221191406,108.8743989007581,104.46880332284998,105.68634717703563,39074646
2022-09-13,107.59278106689453,109.45114453581598,107.35247557235368,109.09869452154494,18851928
2022-09-14,107.62480926513672,108.7622561231316,106.7116440879587,107.33643977054558,48838458
2022-09-15,106.79175567626953,110.20409648419168,104.3887008350684,110.20409648419168,25552945
2022-09-16,106.69564056396484,109.0986955316217,105.20574355060087,107.03206679272844,27675466
2022-09-19,106.21502685546875,109.33899823357078,105.7344158742223,107.99328601937236,18503444
2022-09-20,105.92665100097656,107.75297408724329,105.73440955338685,107.17624241093304,13735873
2022-09-21,104.24452209472656,106.26309414467758,103.47554890128305,106.11890937917511,16931740
2022-09-22,105.73442077636719,107.65686479048296,103.42748649271988,104.38870849977776,20701188
2022-09-23,102.51432037353516,106.69563430527693,101.98564537824562,106.26308736988828,15215768
2022-09-26,96.79505157470703,100.92830907003966,95.64158811875187,100.92830907003966,41567351
2022-09-27,95.88188934326172,97.90045396799052,94.63229787705073,97.32372226571678,28782718
2022-09-28,95.30516815185547,97.03536344949374,94.77649308856634,95.16098337700005,24892912
2022-09-29,95.16098022460938,96.79505472939293,94.53618444329494,96.0260815115415,74476855
2022-09-30,97.03534698486328,97.41983720805798,92.51760702956337,95.4973934256255,28502920
2022-10-03,94.63229370117188,99.0058563063748,94.29586750081961,97.51595941883328,21407465
2022-10-04,98.09270477294922,98.47718769333603,95.9780120431136,96.36250229704204,14768228
2022-10-06,100.59188079833984,100.92830702170386,98.42913136216048,98.95779904643489,20520361
2022-10-07,102.12982940673828,102.37013488769531,99.967080078125,101.12054345330223,20045623
2022-10-10,100.3996353149414,101.50504208548523,99.91902431327382,101.02443108381765,11511957
2022-10-11,99.0539321899414,101.31280247241139,98.57332117947793,100.92831219733219,11739022
2022-10-12,99.24617004394531,99.43841150770817,97.08342057567532,98.669438319115,6659580
2022-10-13,97.46790313720703,100.35156886710344,97.13147693542734,99.24616220393492,7795689
2022-10-14,96.89117431640625,99.58259134358667,96.55474077115997,99.00585964730097,7476515
2022-10-17,97.8523941040039,98.76555199192393,96.07412769035768,96.60280267823217,9943468
2022-10-18,101.84146118164062,102.7546264209283,98.09270149822623,98.38106367888967,21766333
2022-10-19,101.79342651367188,104.96545518866394,101.21669469399541,102.51434312165321,22878764
2022-10-20,103.81197357177734,104.9173803126296,102.41820463779516,102.65851013217427,25579790
2022-10-21,99.5345458984375,104.72513908530831,98.71750129166874,104.34065613334917,19880033
2022-10-24,100.7360610961914,101.26472875703537,100.30350682800126,100.54381231025978,3728536
2022-10-25,100.97637176513672,101.40891872200346,99.5345387975253,100.92830773279967,13217298
2022-10-27,103.66778564453125,104.67707162353709,101.1205460151453,101.5531002919513,29990758
2022-10-28,101.26470947265625,104.34062345992749,99.87094087439611,103.81194856622058,20059496
2022-10-31,102.70655059814453,103.04297677039476,101.07247642804882,101.79339279724525,12793983
2022-11-01,104.2925796508789,106.1189027888929,102.61044126941312,103.13911626557605,26521676
2022-11-02,102.94686126708984,105.97471163773326,102.65849910493483,104.29257335776924,19881462
2022-11-03,105.68636322021484,107.84911286865206,102.37015002602806,102.65851957923664,34173239
2022-11-04,104.7251205444336,107.08011854272917,104.3886943542602,106.3111381078692,22356935
2022-11-07,105.39800262451172,106.02279844372886,104.58096532255507,105.15769710431609,15333789
2022-11-09,103.86003112792969,106.88787430147353,103.47554089418946,105.92665238389358,17033165
2022-11-10,102.5623779296875,104.29258035282841,100.639934052216,103.86003341381388,12937603
2022-11-11,103.13912200927734,104.2445214261088,102.56238295096662,103.81197446591752,11075218
2022-11-14,102.46625518798828,103.47554113723434,101.3608485134667,103.13911493199942,10547759
2022-11-15,102.89881134033203,103.23523755174071,101.36085037353568,102.56237779538196,11675691
2022-11-16,104.10033416748047,105.54216701005754,103.18716896705702,104.72512253243102,27372424
2022-11-17,106.31114959716797,107.03206608268249,103.90809464545286,104.00421537681312,26985734
2022-11-18,103.18716430664062,107.08011573919119,102.27400648100074,106.55144078737393,23962357
2022-11-21,101.6972885131836,103.04299341961745,100.44769700459018,102.94687268823527,16407321
2022-11-22,103.28328704833984,103.61972056983625,100.97636042605002,101.12053783978747,11999335
2022-11-23,102.75463104248047,104.86931646328921,102.22595602050743,103.81197375288484,21024176
2022-11-24,102.85076141357422,103.235251707997,101.93760338116972,102.85076141357422,12820212
2022-11-25,102.99493408203125,103.81197127816031,102.51432310389163,103.13911884218145,8834584
2022-11-28,103.23523712158203,104.53288526506073,102.80268285139489,102.94686760812394,11289089
2022-11-29,102.03372192382812,103.71586050884893,101.16862061339468,103.71586050884893,8717535
2022-11-30,101.02442932128906,102.4182056019336,100.11127136746887,102.37014156918863,27869373
2022-12-01,100.11127471923828,102.22596022706551,99.8229051801973,101.5531077473592,19098551
2022-12-02,102.03372192382812,102.32208413827777,100.25546260065742,100.49576811280325,13020973
2022-12-05,103.28328704833984,103.42747179561817,100.92829639911028,102.22594445753353,17476086
2022-12-06,101.60115051269531,104.19645400746988,101.40890906873024,103.09104737081819,13880227
2022-12-07,101.60115051269531,102.99492664883564,101.36084504096847,102.12982548391079,11943855
2022-12-08,101.21668243408203,101.40892390617454,100.20739637174118,100.9283128924012,15789329
2022-12-09,101.6972885131836,102.75463122547093,100.44769700459018,101.88952997594794,12630851
2022-12-12,100.49575805664062,102.41820196143688,99.96708304940505,101.8895269542013,19335542
2022-12-13,101.07247924804688,101.31278471115039,100.35156285873633,101.02441522200988,7421330
2022-12-14,101.36084747314453,101.55309625526367,100.78411579386949,101.07248530027759,6168426
2022-12-15,99.24617004394531,101.55310427680833,98.76555905099643,101.16861401574086,10186774
2022-12-16,95.59352111816406,98.42913030413278,94.05556744678762,98.28494554322903,38364152
2022-12-19,96.55474853515625,96.93923880811083,93.9594520264113,95.59352651954079,22872344
2022-12-20,97.37178039550781,97.66014256239826,95.1609671149758,96.84310542256375,10478941
2022-12-21,95.35321044921875,98.23687617651619,94.6322940173944,97.90044997503972,11606766
2022-12-22,94.44007110595703,96.02608903398696,93.04630199760678,95.64159872817022,14577136
2022-12-23,92.80598449707031,95.30516016206057,92.27730947810201,95.11291136718953,23099245
2022-12-26,95.40127563476562,95.97800732050935,90.97965626600867,92.85403607806111,12096095
2022-12-27,96.36251068115234,97.03536318391306,94.58425135224851,95.92996369131221,10240049
2022-12-28,95.88188934326172,96.98729605051889,95.40127836911003,95.73770458430792,9470020
2022-12-29,95.06484985351562,95.92995105276309,94.48811816519776,94.68035961678994,11367064
2022-12-30,96.02606964111328,97.41983846798598,95.40127393703405,95.54545868928943,9236774
2023-01-02,96.36251068115234,97.27566869683365,96.02608442977198,96.50669545561314,6973552
2023-01-03,96.45862579345703,96.98730082446312,95.92995809599279,96.41056909380129,8833881
2023-01-04,94.9206771850586,96.98730605377085,94.63230763740862,96.79505724415678,8927128
2023-01-05,96.07414245605469,96.26639126916554,94.48813191575873,95.16098442779081,10448282
2023-01-06,95.11290740966797,96.60280434037385,94.8726019262342,95.92995192017585,7215940
2023-01-09,96.12220001220703,97.7562744789978,95.64158901214599,96.0260792789032,11920266
2023-01-10,95.30516815185547,96.21832617003604,94.48813087239778,96.12220543131318,10397112
2023-01-11,96.31443786621094,96.84311287986506,95.68964945639993,96.45862262752948,11130194
2023-01-12,95.54546356201172,96.60280624323937,95.06485258567719,96.55474221218931,9299447
2023-01-13,96.07414245605469,96.21832723250223,93.6230305906158,95.6415954602544,11684608
2023-01-16,98.14075469970703,99.00585587797033,96.31443161971586,96.55473709514783,16485682
2023-01-17,98.90975189208984,99.00587263182004,97.56403953524013,98.38107682326027,11762030
2023-01-18,98.71749877929688,99.96709034198855,98.14076703249381,99.10198905501294,13005273
2023-01-19,98.8616714477539,99.00585620019056,97.90044954289768,98.04463429533435,4842895
2023-01-20,97.8523941040039,99.3903477048098,97.6601453204399,98.90973674621164,7912700
2023-01-23,97.6120834350586,98.52524127442965,97.17952919519269,98.38105652780767,9725869
2023-01-24,96.74698638916016,97.90044974393984,96.26637543574509,97.6120875720155,10169994
2023-01-25,95.30516815185547,96.98730674690346,94.96874189955433,96.3144469087589,9232812
2023-01-27,90.64324188232422,96.07414057605594,88.86497523017253,95.73771432662316,24624255
2023-01-30,85.50068664550781,89.34557431628575,83.62630683942007,89.34557431628575,62828817
2023-01-31,91.26802062988281,92.5176120902324,85.59681702832769,86.79834445807097,59004021
2023-02-01,87.42313385009766,93.47883509837013,85.59681800292672,93.23852960968537,44092961
2023-02-02,89.4897689819336,89.8742592583032,84.87590766612455,86.07743519631576,24502896
2023-02-03,90.2106704711914,90.73934542981652,88.14404199684888,89.77812356580056,15906920
2023-02-06,90.83547973632812,91.31609074022404,89.58588819278197,89.87425772853629,7015869
2023-02-07,90.78741455078125,91.4122103146281,90.11456208727964,90.83547858397787,10315670
2023-02-08,92.37342071533203,92.56566949044522,90.69128243418146,91.26801409243919,11577350
2023-02-09,92.08506774902344,92.95016165603194,91.8447622562896,92.61373543291289,6577385
2023-02-10,93.1007308959961,93.48764450034768,92.23017713114584,92.42363762320322,10685751
2023-02-13,91.55306243896484,94.01962225258374,91.35960199216869,93.10070911452677,13582939
2023-02-14,91.50469970703125,92.03670673558122,90.05377949799873,91.69816016275934,9624926
2023-02-15,91.55306243896484,91.6981559291216,90.34396232059437,90.97269585809931,11575131
2023-02-16,94.5516357421875,95.1803693228194,91.16615517852861,92.76216892020591,32927840
2023-02-17,93.2941665649414,95.42218730111432,93.0523465299055,94.35818062290876,20383244
2023-02-20,91.79488372802734,93.58435045193109,91.1177832245492,93.53598349462494,17505922
2023-02-21,92.42361450195312,93.05234064950493,91.50469399903042,92.81052062975074,11933886
2023-02-22,91.89161682128906,93.0039905008676,91.69816373778066,92.56870999333056,14589841
2023-02-23,92.27852630615234,92.56870591864183,90.58578607079752,91.9883393139011,16196352
2023-02-24,92.23015594482422,92.76216295106995,91.8916093861958,92.52034292636944,8061923
2023-02-27,92.27852630615234,92.56870591864183,90.10214600355329,92.23015934752321,13928820
2023-02-28,91.50469970703125,93.00398687493623,91.31124663106498,92.03670673558122,10965145
2023-03-01,93.87454223632812,93.92290181634547,91.6981618819752,92.08506804116172,14285091
2023-03-02,93.5359878540039,94.35818188795844,93.05234777744802,94.01962793055979,10048980
2023-03-03,92.71380615234375,94.50327305523686,92.4719861011484,94.06799991499015,7938348
2023-03-06,93.2941665649414,94.06799362896098,92.76216691571953,93.1974400268794,8289319
2023-03-08,92.95561218261719,93.2457991521863,91.40796556435808,93.10070566740174,14292676
2023-03-09,92.32686614990234,93.72942647296662,92.13341311626047,93.0039665271693,7884249
2023-03-10,91.79488372802734,92.37525031689322,90.48905705813875,91.21451713916149,9620249
2023-03-13,89.32830810546875,91.79487510103984,88.8930350496672,90.97268856243643,11482697
2023-03-14,89.7152328491211,89.90868592492338,88.21594568248712,89.81195938702223,14285446
2023-03-15,89.57013702392578,91.16615068697097,89.18322350261762,90.44069060192876,8318506
2023-03-16,88.89303588867188,89.6668554818183,86.71665582960094,89.6668554818183,12278142
2023-03-17,90.34396362304688,91.60142333642358,89.86032356872623,90.05377663854986,13158718
2023-03-20,89.6185073852539,90.29560053843832,88.7479537741869,89.95705396184611,6579446
2023-03-21,90.05377960205078,90.39232617526385,89.3283194966963,89.95705306395588,5886671
2023-03-22,89.6185073852539,90.87596715256237,89.47341388678242,90.4406940369098,6096408
2023-03-23,89.08649444580078,89.7152279776612,87.87739433828513,89.27995489086013,9969670
2023-03-24,89.13517761230469,92.00736213630374,88.79440366186999,91.47186658118042,16650432
2023-03-27,89.32990264892578,91.2771484832348,88.94045199643331,90.64429210145369,15959308
2023-03-28,87.91815948486328,90.06012710418779,87.62606961488541,89.32990985739707,14999850
2023-03-29,89.13517761230469,89.62198905217932,87.52869837508781,87.82078078212075,36103221
2023-03-31,94.97691345214844,95.85316808812733,91.76395502638262,91.76395502638262,64455094
2023-04-03,94.05197143554688,96.38866790058567,93.27307756596947,96.33998378392002,24154016
2023-04-05,95.65846252441406,95.85318415880003,92.54287180531314,92.54287180531314,24875169
2023-04-06,96.14527893066406,96.38868470010878,94.97693420859125,95.02561090558744,11440418
2023-04-10,97.26493072509766,97.89778710567981,96.14526288686051,96.29130780978767,10870304
2023-04-11,97.36229705810547,98.28723590889597,96.19395246466972,97.75174773196865,8458648
2023-04-12,98.14119720458984,98.43327963529683,96.87548438706521,97.50834079582752,8938731
2023-04-13,98.23855590820312,99.11481803784092,97.84910524745816,98.14119510005527,9153834
2023-04-17,98.7253646850586,98.82272549055163,97.36229112369618,98.33591403493315,8323162
2023-04-18,100.23448181152344,101.11074397034027,98.53064161366161,98.72537066459523,19758227
2023-04-19,98.7253646850586,100.38052066290011,98.57931976274239,100.28315985740707,11271768
2023-04-20,100.1371078491211,100.57524258506614,98.67667358560989,98.82271849759157,13241812
2023-04-21,100.08844757080078,100.7699807008979,99.50426782711295,99.99107932808347,5625649
2023-04-24,99.11480712890625,100.47787314925937,98.82271730845761,100.08842995953145,5994078
2023-04-25,98.4819564819336,99.30953445005342,98.09250584159687,99.11481284396162,5696053
2023-04-26,98.9687728881836,99.21217862208067,97.75174421869819,98.14119487856422,4576455
2023-04-27,98.77404022216797,99.40689659272448,98.48195780909413,98.53063449719649,5362153
2023-04-28,100.57525634765625,100.72129385146873,98.57932627647595,99.26085938811353,11812226
2023-05-02,101.54887390136719,102.3277677833446,100.76997259123637,101.25678405302978,13598952
2023-05-03,103.5447998046875,103.73952885262871,100.91602079678714,101.4028322744097,16034319
2023-05-04,104.42105102539062,105.39467387877421,103.69083388535293,104.1289611981144,15414305
2023-05-05,103.49612426757812,105.10259621911838,103.00931278452866,104.22634149215233,9315810
2023-05-08,104.46974182128906,104.66446343315918,103.20402905967325,103.49611890563177,6721354
2023-05-09,104.71315002441406,105.29732230198087,103.78820377579257,104.37237605335937,10063354
2023-05-10,105.19996643066406,105.7354546151662,104.42106507191967,105.05392149738026,10360986
2023-05-11,105.7354507446289,106.12490140974494,104.66446698667505,105.39468419820999,9435021
2023-05-12,104.46974182128906,105.78413127179574,103.78820132343695,105.78413127179574,6855025
2023-05-15,104.81050872802734,105.73544752992231,104.08029153869342,104.27501315125444,7833289
2023-05-16,105.58940887451172,106.22226529513328,104.56710920564964,104.85919164183002,9051577
2023-05-17,105.39468383789062,106.85511825596762,105.10259398301379,105.93017942911362,9456088
2023-05-18,104.95655822753906,106.36830855054106,104.42106262741903,105.6380913293703,7220608
2023-05-19,104.17766571044922,105.00524381223781,102.91195278195774,104.95656711692926,9255095
2023-05-22,107.5366439819336,108.36422937135706,104.76182026324909,105.68676645491264,27946526
2023-05-23,105.05391693115234,108.1208306841917,104.90787200421646,108.02346244746542,15214733
2023-05-24,105.93017578125,106.41698723717825,104.46974141346523,105.05391367494848,10722681
2023-05-25,106.70906066894531,107.82872840893499,105.15126562677183,105.15126562677183,11158044
2023-05-26,107.78005981445312,108.07214967673283,106.22226454798682,106.66039934140639,7958341
2023-05-29,108.51026916503906,108.8510431223459,107.29324054080959,108.07214183157774,10330215
2023-05-30,108.31555938720703,109.62994895930862,108.07215363577511,108.51028101709096,7803617
2023-05-31,109.19182586669922,109.48390832299718,107.29325647406803,107.63403048198047,15741522
2023-06-01,109.92202758789062,110.45751572937105,109.04576548674152,109.24048709670652,9185292
2023-06-02,110.31147766113281,110.50619927008313,109.04576491849612,110.40883846560797,9939324
2023-06-05,112.59949493408203,115.52036376542966,110.36015919212075,110.36015919212075,35214281
2023-06-06,114.93618774414062,115.37431508332229,112.84289699750452,113.18366353110731,18999553
2023-06-07,114.93618774414062,115.86112653937006,114.40069217122674,115.61772081134617,11262532
2023-06-08,114.44937133789062,115.56903169584993,113.32970355177832,115.3743100931143,11188999
2023-06-09,117.17552185058594,118.24650562187118,113.62179655791581,114.88750937825981,19873573
2023-06-12,115.95848846435547,120.63188145879008,115.6177219274631,117.75968938348947,24331332
2023-06-13,118.87935638427734,119.22012291874879,115.7637660288908,116.73738894346826,16552079
2023-06-14,118.19783020019531,119.90167039995221,117.9057403375469,119.12276905165898,8660080
2023-06-15,118.73331451416016,119.51221583710945,116.88343687142425,118.19782635426685,13948239
2023-06-16,121.8975830078125,123.89351290604742,118.44122620092075,119.07408256583571,32649860
2023-06-19,121.55683135986328,123.01726587542788,121.1673806700819,123.01726587542788,10053869
2023-06-20,121.84891510009766,123.40671035264627,120.63188639839503,121.7028701702626,15471361
2023-06-21,119.56089782714844,122.96857805512568,118.53859078749392,122.82253313115312,14141162
2023-06-22,120.19375610351562,123.99088728045166,119.56090709748793,120.29112434581586,25032998
2023-06-23,116.88343811035156,120.63188498195113,116.34794251662865,120.48584005383091,12413343
2023-06-26,118.19783020019531,119.31749810280917,116.83475655475902,117.80837952604868,17369553
2023-06-27,115.2769546508789,119.3661679236551,114.79014319325539,118.87935646603158,19093714
2023-06-28,117.5649642944336,119.17144355303164,114.98486214312801,116.00716915173219,61890385
2023-06-30,122.43309783935547,123.3580367603195,117.5649826171147,118.19783908163686,27973500
2023-07-03,120.48584747314453,122.67649924538352,119.46354034150471,122.67649924538352,15492508
2023-07-04,118.8306884765625,120.9239719550668,118.3438769833003,120.72925032902349,7595425
2023-07-05,118.5385971069336,120.48584305530211,117.85706399626612,119.31749845754251,15615891
2023-07-06,121.50814056396484,121.80022297628615,118.68463267593964,119.07408332052125,16906327
2023-07-07,120.77793884277344,122.57913994772944,120.38848814836707,121.0700212924626,22837962
2023-07-10,119.75562286376953,121.36210221708497,119.26881138871356,120.92396743264243,9068813
2023-07-11,124.03956604003906,125.25658730649303,120.14507421729469,120.1937509081868,46215137
2023-07-12,124.28297424316406,125.1105522862752,123.2119904563053,124.91583066253862,18031857
2023-07-13,122.18968200683594,125.40264075995049,121.702870524737,124.38033367628121,12374030
2023-07-14,123.79617309570312,124.13693967978143,120.82661980268972,122.67650509531342,9577719
2023-07-17,123.79617309570312,124.86715697201545,123.06595580346911,124.42902956793681,9411535
2023-07-18,123.74747467041016,124.91582665985342,121.94627371002453,124.331646951055,8994063
2023-07-19,123.55274200439453,124.38031994698262,123.35801297615723,124.38031994698262,8975718
2023-07-20,122.6764907836914,123.89351946210104,122.23836343072536,123.65011372641911,10187180
2023-07-21,121.6541748046875,123.30933814288474,121.45945320167748,123.01724831021669,9926528
2023-07-24,122.6764907836914,124.38033093346489,121.70286784096369,122.04363438528767,13121674
2023-07-25,123.69879150390625,123.84482899530656,122.04362812922217,123.21198005749679,7151050
2023-07-26,122.6764907836914,123.9908802707431,122.33572423936742,123.69879784481692,12681896
2023-07-27,123.89351654052734,125.4026350374297,122.67648789081686,122.87120950350919,11597763
2023-07-28,126.71701049804688,128.22612891673705,124.62372727155487,125.84075585819114,37245053
2023-07-31,127.25252532958984,127.54461520590318,125.45133166222273,126.86308206537755,16197160
2023-08-01,127.00910186767578,129.73524890600504,126.61965865775996,127.54459742353966,17079508
2023-08-02,122.04364013671875,127.25252164015514,120.43716071988034,127.00911589300246,20816954
2023-08-03,121.36210632324219,123.16330735626028,120.24243840709995,122.23836849362105,12415922
2023-08-04,124.23429107666016,124.67242587566086,122.18968429911844,122.96858565635046,10589274
2023-08-07,125.15923309326172,125.79208206773066,123.26066388539405,125.061864855817,8339894
2023-08-08,125.74339294433594,126.57097836075584,124.23428189000353,125.30526560588696,12505272
2023-08-09,128.22613525390625,128.90766832484397,125.59735634811403,126.37625765331718,13111006
2023-08-10,125.98680114746094,129.63788713345352,125.69472615362706,128.1287834776221,11116731
2023-08-11,128.56692504882812,129.73526972234552,126.13286745553835,126.76571648727027,10967883
2023-08-14,127.05780029296875,128.46955065829573,126.03549318141891,128.46955065829573,8529502
2023-08-16,127.83668518066406,128.42084998604,126.03547693739992,127.30118963350668,7062446
2023-08-17,125.88050842285156,128.71698577757562,125.4403697594743,128.57026294011123,7162118
2023-08-18,124.3644790649414,126.76081047939677,123.97324052153496,125.44037946261821,8997702
2023-08-21,126.41847229003906,126.85861098815865,124.36447926172337,124.41337941581747,5063202
2023-08-22,130.37974548339844,130.7709765503497,126.5162827303477,126.85860618280292,20596242
2023-08-23,130.47752380371094,132.43370865788654,129.89067730216186,131.01547762351044,19426832
2023-08-24,131.4556427001953,132.53155055643492,130.67318054057637,132.09141186052202,17543374
2023-08-25,130.47752380371094,134.92784733186167,130.13520040893383,134.2431856178014,33919926
2023-08-28,131.94468688964844,133.41182580209602,131.65127104676594,133.11840995921352,13346571
2023-08-29,131.60235595703125,132.87387926050414,131.16221729319662,132.33592537159163,11118400
2023-08-30,131.60235595703125,132.53154089723947,131.3089252063055,132.53154089723947,12555619
2023-08-31,130.2819061279297,132.0913830576324,129.3038137171727,131.60233685225393,14954352
2023-09-01,134.83006286621094,135.36800182463173,130.96658538622887,131.11330822221362,23415545
2023-09-04,137.47091674804688,139.23148639800488,136.15048577945123,136.44391654186234,28262276
2023-09-05,136.63951110839844,138.79131149504522,136.15046488759208,138.2044649847813,11695197
2023-09-06,135.2702178955078,137.6665419281835,134.7322639474762,137.42201876312456,10151022
2023-09-07,136.78623962402344,137.91104000890323,134.58553153877497,135.4169011940536,18438943
2023-09-08,140.16065979003906,141.13875230089138,137.12856703659395,137.47090538519518,16579557
2023-09-11,141.52996826171875,143.926291673184,139.91612176049878,141.18764487408413,19902175
2023-09-12,131.21112060546875,141.77452401536456,130.67318159750693,141.43220054888968,48752780
2023-09-13,132.87388610839844,133.94977901716362,130.37974698545167,132.0425014259133,19282289
2023-09-14,133.80307006835938,135.66144003027063,132.53154670912656,134.97677819822482,13197189
2023-09-15,132.72715759277344,135.17238899619414,132.1403110106573,134.48772718813797,9651337
2023-09-18,136.83514404296875,141.82342210044274,135.95486670318306,141.82342210044274,51859825
2023-09-20,133.90087890625,137.03078735136071,133.2651246483735,136.93297211575992,19080613
2023-09-21,132.28700256347656,134.97675677456388,131.65124844702206,133.9986643341685,9531884
2023-09-22,133.0695037841797,133.9008735555264,131.11331854641006,131.21111885359318,12604969
2023-09-25,133.60745239257812,133.85197553756856,130.6731746526929,133.31402163368793,14984591
2023-09-26,134.63442993164062,135.2701990268169,132.92276801498588,133.60744472125378,12315581
2023-09-27,133.60745239257812,134.53663735864012,132.72716011590754,134.38991451694085,8713378
2023-09-28,132.09140014648438,134.97677014660076,131.6512614896035,133.90086238577405,22012674
2023-09-29,135.2702178955078,135.61254137188456,132.7760786270047,133.02060179206364,8504659
2023-10-03,136.15048217773438,137.51982072459222,134.1942970460873,134.87895885726215,19010910
2023-10-04,135.8081512451172,136.101567059077,133.55853548287888,134.9767666402115,14912053
2023-10-05,135.9059600830078,138.2533912137688,135.07459035035959,136.44391398325564,15996620
2023-10-06,135.95486450195312,137.42200332751378,135.61252613951916,135.95486450195312,4987359
2023-10-09,132.7760467529297,134.5855237097886,132.09138504002573,133.21618535947465,10489249
2023-10-10,136.88406372070312,137.9110639906417,133.50964705477017,134.3899244721407,15593722
2023-10-11,134.7322540283203,137.42200864594557,134.48773088126347,136.88405473751882,10778916
2023-10-12,135.17239379882812,135.66144009688793,134.19430120270852,134.92787064979822,7567439
2023-10-13,134.43881225585938,135.17238163694756,133.31401184132707,133.31401184132707,8303230
2023-10-16,134.38990783691406,134.87895410258625,133.55853813997592,133.99867679417937,7785480
2023-10-17,135.51470947265625,135.85703286923888,134.48770943389619,134.48770943389619,6076896
2023-10-18,134.047607421875,135.90597758071192,133.4118382126338,135.710362025757,6806231
2023-10-19,133.9986572265625,134.19427271936442,132.09138005385924,133.02056483804745,7775836
2023-10-20,131.25999450683594,133.90084094986102,130.57533282523764,133.7052254586194,8982112
2023-10-23,129.79287719726562,132.9227703433583,128.52135390914768,131.35783123256584,19333777
2023-10-25,128.3257293701172,131.7001454143684,126.41845203419318,129.5972525689021,10225867
2023-10-26,126.0272445678711,127.34766069742919,124.21776718629837,127.15204515132905,18167694
2023-10-27,129.3038330078125,129.93960212435744,126.41846295051663,126.41846295051663,8761931
2023-10-30,129.05931091308594,131.01549604227105,127.93451043360774,130.57535737310602,9052085
2023-10-31,130.33082580566406,130.7220568364035,127.88559455227448,129.5972564296472,8098744
2023-11-01,129.49945068359375,131.60235867005704,129.1571272377799,130.8198816268267,10431945
2023-11-02,131.7979736328125,132.0424967749884,130.3797423930939,130.77097345077206,4885035
2023-11-03,132.97171020507812,133.9987106070417,131.7980018561961,132.189232997653,9154983
2023-11-06,134.63442993164062,134.97676828477458,133.02058323716915,133.9497681498802,7070089
2023-11-07,135.0256805419922,135.90595787390126,133.70524961962053,134.53663426326312,8587321
2023-11-08,137.3241729736328,138.0577423055956,134.68332636346798,134.7322339705001,9755483
2023-11-09,134.9278564453125,136.884041431615,134.5855330274138,136.884041431615,5481774
2023-11-10,135.75926208496094,136.05269286330673,134.047599956538,134.48773866180204,5781314
2023-11-13,140.2584686279297,141.04094566916459,136.00377490132263,136.10157520365937,20245049
2023-11-15,139.9161376953125,142.21464615808074,139.37818382547061,141.33436886161758,11440473
2023-11-16,139.47601318359375,141.1876752637069,139.08476718200538,140.11176741497505,11453235
2023-11-17,142.89932250976562,143.29055354623225,138.6935217074662,139.72052183382533,13496261
2023-11-20,140.69862365722656,143.5350861705204,140.01394691135505,143.19274779758462,7741502
2023-11-21,139.7205352783203,141.38328973006173,139.1336737426427,140.9920437314404,9972235
2023-11-22,138.74241638183594,140.30735530629522,137.0796473206206,140.11173980630107,7445272
2023-11-23,136.29718017578125,139.42707283106054,136.05265707889217,138.74241114467216,13138745
2023-11-24,137.27529907226562,139.03585377023956,134.3410213429647,136.8840530869872,19614754
2023-11-28,138.20449829101562,138.69354462967846,137.32420592671664,138.5468217733737,8595693
2023-11-29,137.91104125976562,139.52488790044944,137.42199501416363,138.93804136043124,14680789
2023-11-30,142.70370483398438,143.1438584450218,137.666533897417,137.91105704821172,27591484
2023-12-01,144.21975708007812,147.00732707962206,143.53509521557012,144.7088034010852,34466616
2023-12-04,150.18612670898438,154.0495896225529,148.27884906046413,148.6700801436701,51416976
2023-12-05,148.67005920410156,151.70215190767226,146.6649666049343,150.33281346029867,29109123
2023-12-06,152.72914123535156,153.7072337566782,148.523355333253,149.25692472424797,26688698
2023-12-07,156.83714294433594,158.2553741260267,154.7831426642958,158.2553741260267,51346222
2023-12-08,155.27220153808594,158.7933408970996,153.8539702412225,157.81524828898566,22869782
2023-12-11,157.71742248535156,159.6736075704412,155.66342217620434,156.29919128356315,22941648
2023-12-12,157.27728271484375,159.2334677861117,156.49480570143504,158.89112942883673,16306341
2023-12-13,159.28236389160156,160.30934904022402,155.90793294781938,156.69040990470376,16804086
2023-12-14,160.4071502685547,160.749488571247,159.03782690679597,159.52687309663912,13887946
2023-12-15,165.3465576171875,166.4713581414812,161.62980273874723,162.3633721914193,39766631
2023-12-18,168.9165802001953,170.53044186049013,165.73777941645724,167.98739526369653,35901409
2023-12-19,169.2589111328125,170.5793270610881,167.35163373118735,169.11218830222148,14732129
2023-12-20,163.5859832763672,172.43772407084208,162.51007547335607,169.94358501804962,24511237
2023-12-21,166.9114990234375,168.08522210275686,160.45609670972567,161.3852817104294,22646625
2023-12-22,170.9705810546875,171.4107197181349,165.68887231979485,168.18301131200738,19640046
2023-12-26,177.9639434814453,180.45808256686465,174.10048074201578,174.10048074201578,52736391
2023-12-27,176.2522735595703,180.84930553448572,175.1763807151689,179.96902821411112,26206240
2023-12-28,178.697509765625,180.21355623582122,176.83913985022852,177.5238016651373,20453485
2023-12-29,180.1646270751953,181.14271952937608,177.13254942193882,178.94201150746935,19305150
2024-01-01,180.89820861816406,182.9033012693877,180.40916235808547,180.75150070994346,18008785
2024-01-02,178.1595458984375,182.12082357489194,175.81212982880166,181.92520805650685,22790965
2024-01-03,178.35516357421875,180.65367186859845,176.64350179298634,178.35516357421875,18738690
2024-01-04,182.8054656982422,183.53903500670143,178.5018650584169,178.5018650584169,25403124
2024-01-05,181.8762969970703,184.5171437564621,180.01792722088905,183.5879588683715,22023938
2024-01-08,179.57777404785156,183.39232851107965,179.1865281256577,182.65875919703532,11472441
2024-01-09,180.6047821044922,182.60987480264748,180.16464344502097,180.84930524025484,11550790
2024-01-10,181.5339813232422,181.925212369287,178.06174982269027,180.36025833609222,8701594
2024-01-11,180.3113555908203,183.53904885191648,179.77340173913532,182.90329470642953,10942508
2024-01-12,179.47999572753906,181.43618096707627,179.0887646494352,181.28947304391457,8853157
2024-01-15,184.51715087890625,185.73976654845774,180.066841781345,180.84930387025182,24570393
2024-01-16,182.70770263671875,186.08211915823438,181.04494818367573,184.76168816418055,16471601
2024-01-17,181.58285522460938,184.37042464393556,179.77339316821877,182.21862426429217,16350370
2024-01-18,184.07701110839844,184.85948811707593,176.05665534959613,181.58287217271098,24831623
2024-01-19,187.6470489501953,189.45651109016788,185.83757188571585,185.83757188571585,22303305
2024-01-23,183.00112915039062,191.21710091825122,180.36026722367757,190.97257777129693,26628471
2024-01-24,185.10400390625,186.0331887877208,179.96901832893,182.70768028840206,14742783
2024-01-25,185.5441436767578,187.79375940452596,184.17482015090266,186.57114378340273,12592882
2024-01-29,186.7178497314453,189.4565116789632,183.44124885587613,185.8375724632642,28919512
2024-01-30,183.78358459472656,188.13610839176854,182.90330726752026,187.79377002868392,20894159
2024-01-31,181.827392578125,184.95730056589318,180.80040737692764,184.07700834764313,23757415
2024-02-01,179.38217163085938,184.2726344880203,177.57270932841476,183.58797267291942,27835431
2024-02-02,180.555908203125,183.63689406449657,179.82233871951183,180.94713929124828,27710061
2024-02-05,177.5726776123047,182.90327818961424,174.88292352128093,182.90327818961424,23880364
2024-02-06,179.0887451171875,179.52888376317802,176.74131413105914,178.4040684184163,12134363
2024-02-07,177.7194061279297,180.11572979314622,175.71431349701115,180.11572979314622,14192151
2024-02-08,180.7515106201172,183.0011265247212,177.76832528517545,178.20846395847641,29094709
2024-02-09,177.36422729492188,182.3223779695644,173.28971588834875,182.12601868152234,21081134
2024-02-12,171.47337341308594,179.76969261811382,170.49156190775764,177.9533353407546,19640568
2024-02-13,173.38792419433594,173.6824556717358,168.62613222630216,171.57156685034238,13961795
2024-02-14,178.29698181152344,178.8369661739888,172.11156610789445,174.02609561630803,23449380
2024-02-15,182.56787109375,182.91151115956,179.27881109513373,179.67152975783944,17335763
2024-02-16,184.87510681152344,186.9369019545396,183.45148314536252,185.56237185919548,29843059
2024-02-19,185.3169403076172,188.99873382366258,184.875128081943,186.49511123650046,25343215
2024-02-20,187.18235778808594,187.96780998981535,182.86239315045623,185.66056193747517,17809897
2024-02-21,185.26780700683594,189.04778686532484,183.59873063368937,187.82052262312104,17870782
2024-02-22,191.2078094482422,192.43507395047737,185.26784626117265,186.29875143930144,31992371
2024-02-23,201.56590270996094,203.23497925347286,192.3859592487636,192.72959926415777,76179371
2024-02-26,200.5349884033203,203.13678274995613,199.111364798911,201.9095184390423,27013630
2024-02-27,201.61497497558594,205.19858055741278,199.4058993475755,199.847711476927,28877205
2024-02-28,201.90953063964844,205.19860518414498,197.78592530205532,202.44952996533135,38996363
2024-02-29,201.3695526123047,202.15498985838707,196.11685488691163,201.71317766215194,24059731
2024-03-01,201.86045837402344,204.26589364788293,201.0750061467159,202.20408342385755,12949604
2024-03-04,205.78770446777344,209.076764133086,202.5968169675605,204.1677064404507,34272251
2024-03-05,206.91677856445312,209.86221313476562,206.03315418586135,207.1622314453125,24964592
2024-03-06,206.62222290039062,209.5676573394019,201.8604462127416,207.94767439044742,26236957
2024-03-07,211.28585815429688,212.8567627427143,207.3095180871361,207.6040645701214,41484038
2024-03-11,208.68405151367188,212.51311063158104,208.04586500651664,212.51311063158104,22800967
2024-03-12,200.5349884033203,207.5058556818124,197.83500691930988,207.162215682255,34719550
2024-03-13,186.83872985839844,201.860448676987,184.77691973341894,200.38773143950291,41620003
2024-03-14,191.69869995117188,193.56413585320115,182.86239624023438,185.5623779296875,34622781
2024-03-15,185.4151153564453,193.17142053140498,175.84245283964125,193.17142053140498,88781999
2024-03-18,186.4459991455078,188.50780930225307,183.6478453399303,186.54418628868794,22999225
2024-03-19,182.02784729003906,188.94962140625717,181.19331649837028,186.5441862118812,27819341
2024-03-20,184.0405731201172,184.53147889796827,179.18060891564264,183.5005737682299,16235947
2024-03-21,193.2696075439453,193.9077790521211,186.54419250583803,186.54419250583803,43152810
2024-03-22,194.5997772216797,196.02848143990778,189.91952941508234,193.61446189397498,31321524
2024-03-26,196.47186279296875,197.55571562575042,193.07252804974362,194.10711211108645,25723863
2024-03-27,196.52113342285156,200.9550522693498,195.09242924592357,197.06305984436722,37817130
2024-03-28,198.54103088378906,199.477077402104,196.07774265942444,197.55571559404322,17425093
2024-04-01,208.0000762939453,209.62584060673746,200.75800246121153,201.98964664809014,45840349
2024-04-02,217.7546844482422,219.38044870285975,209.4780418224679,210.61114841996275,93873385
2024-04-03,218.24734497070312,222.1393375061263,215.63626536755964,218.44440502919568,47658754
2024-04-04,217.06497192382812,220.61209811906934,215.04507247439858,220.21797799783772,18279026
2024-04-05,221.2032928466797,222.68126585010964,215.53772966686495,217.11424021774442,25365958
2024-04-08,220.26724243164062,222.38566435227835,218.83853822692785,222.23787306840822,16422350
2024-04-09,224.7996826171875,225.5386691018393,217.95174419969126,221.49888533990728,29048035
2024-04-10,225.39088439941406,229.43068331401247,223.1739248807313,225.63721323482326,37218693
2024-04-12,230.0711212158203,231.94321426107675,227.16444410461978,227.9034305753344,57174716
2024-04-15,231.00718688964844,234.50505948129228,222.6812749696305,226.62253647351775,51676313
2024-04-16,230.02186584472656,233.47046957563617,226.6225308883452,229.08581926756634,32508661
2024-04-18,227.755615234375,233.91383557961245,225.83425349360445,232.14028014795818,18623078
2024-04-19,229.8740692138672,231.05644460147255,222.38566670116865,225.1938214021103,27227241
2024-04-22,229.8740692138672,232.6822088800901,228.88875388507628,232.53441759465895,17549094
2024-04-23,230.9086456298828,232.63294739787085,228.34681984641333,230.8101080863962,19202860
2024-04-24,233.02706909179688,235.63814863010091,230.6623183791713,231.7954249634047,33392337
2024-04-25,234.1109161376953,236.5249355625839,231.99247926852198,232.9285257759623,16197834
2024-04-26,235.44110107421875,238.1014495258191,234.4065169445077,234.9977121714052,20473627
2024-04-29,231.94322204589844,236.6727386241547,231.4013106436272,236.62346985084312,19876408
2024-04-30,230.3174591064453,233.81533154580782,229.7755326663099,232.83001621273212,14514418
2024-05-02,231.30276489257812,233.91384440356978,227.36150372294952,231.2534961210141,19171145
2024-05-03,230.6623077392578,234.50503122869816,227.75561570255653,233.61825351104812,15782582
2024-05-06,228.4453582763672,232.3866194756336,226.62251895781912,231.64763300077115,32422021
2024-05-07,224.06069946289062,232.33735723484295,222.13933758118125,229.08581364710165,26418769
2024-05-08,228.19903564453125,229.23360470964133,221.30182835863096,223.86363918684842,18952985
2024-05-09,222.87832641601562,234.70211047028403,221.99154862583305,231.0564467271617,35229412
2024-05-10,223.76510620117188,225.14454157989672,219.87309881567057,224.5533463977472,18478580
2024-05-13,221.44960021972656,225.34159241130553,217.75466806923058,225.04599483232238,32874369
2024-05-14,227.55856323242188,228.49460975103526,222.4349267310533,222.4349267310533,23191411
2024-05-15,229.43069458007812,231.05645895972347,226.1791507860677,228.39611041361303,33045920
2024-05-16,234.40650939941406,236.47567759223358,224.15923605097143,231.30277214490349,55556781
2024-05-17,244.5552520751953,245.98395623936008,234.35724784018362,237.460984991118,82231249
2024-05-21,270.1241760253906,278.84422220359517,267.06969266581035,278.84422220359517,127035921
2024-05-22,279.4354248046875,280.3222025598824,260.4188214927066,272.9323378175305,85801218
2024-05-23,284.26348876953125,288.9929905930337,279.0413292531873,282.09578289325304,70631009
2024-05-24,292.8357238769531,295.49605718789104,281.8001803124663,283.770810944022,63609206
2024-05-27,290.1260986328125,298.74760740440047,285.3965672078796,297.3188882087628,49890427
2024-05-28,284.8546447753906,291.40698517369316,280.8640999714186,291.3577314389695,33893805
2024-05-29,287.85986328125,289.63344889002246,280.81486479244967,281.2089849045867,31645904
2024-05-30,286.3819274902344,291.9489537292218,285.3966120472475,288.6974247951416,42769599
2024-05-31,291.60406494140625,292.83570902365676,282.0957485708838,289.87976322625553,51397345
2024-06-03,313.9707336425781,318.2568614750932,304.758029007043,318.2568614750932,67256146
2024-06-04,251.7973175048828,307.41836088185113,226.6717783943469,307.41836088185113,268052657
2024-06-05,256.5268249511719,260.615877122765,226.62250184588265,260.615877122765,193487058
2024-06-06,269.63153076171875,277.36626202204695,263.07918991078697,263.07918991078697,95502477
2024-06-07,279.0412902832031,280.3714418125591,264.75421918608544,269.97637797311995,60109827
2024-06-10,279.2383728027344,287.71209108840395,276.9721594554986,284.6576073951529,42363741
2024-06-11,281.9972839355469,286.23412819429564,281.1597598185086,282.78552424014754,32269277
2024-06-12,286.2341003417969,288.69738864077965,281.84943514183266,283.67227449696736,33990756
2024-06-13,296.48138427734375,298.55055253653416,282.8347605980073,289.5841767930014,49511492
2024-06-14,305.0536193847656,305.9403971306774,297.0725595326868,300.5211630430165,67366844
2024-06-18,313.57659912109375,316.2862162384009,307.66470722878717,308.4036937153255,64859245
2024-06-19,304.75799560546875,315.20234329705505,299.6343743335416,315.20234329705505,58698689
2024-06-20,307.31982421875,308.74854337649316,297.81153795387803,305.250656154563,39505506
2024-06-21,300.471923828125,309.38901559373625,299.63439977839454,308.10811768433985,37620968
2024-06-24,305.2013854980469,307.31980718011107,293.08202047456626,300.32406319354914,39139609
2024-06-25,305.15216064453125,310.32506597303615,304.65950299419745,306.33452096367034,29124110
2024-06-26,302.3440246582031,306.92573507480614,301.3587092968073,305.4477620327124,24238007
2024-06-27,300.02850341796875,303.6248981839685,296.7769750146125,301.6050138833133,39996580
2024-06-28,301.407958984375,305.25068282826186,298.3042216515986,301.5064965330773,24256902
2024-07-01,303.13226318359375,307.9110486728846,301.35870757101327,306.38382189924243,39495237
2024-07-02,301.6050109863281,304.4624192632612,298.55052762708135,304.4624192632612,23974162
2024-07-03,309.8816833496094,310.81774497732806,301.26017387644856,302.4918180869001,44919849
2024-07-04,312.6898193359375,313.8229259274396,308.45294546542766,312.73907307361446,35591681
2024-07-05,319.2914123535156,322.00102944053475,309.8816632245512,312.9854004194312,63125211
2024-07-08,329.6864929199219,330.8688531935243,320.81865555544397,323.6268100680824,70983243
2024-07-09,329.883544921875,334.3667475039217,323.8731457474572,333.036565857173,52225572
2024-07-10,328.9475402832031,335.4998814398739,319.38996922468823,335.007223757877,46779965
2024-07-11,330.5732727050781,333.23363595879493,328.10998453290915,330.5732727050781,31919433
2024-07-12,328.2085266113281,332.5439078403972,323.2819501988778,331.9527126570159,24517961
2024-07-15,326.5334777832031,331.11518782138734,326.1393576850842,331.06593408516096,22021426
2024-07-16,321.3605651855469,329.489416059057,319.7348010247319,328.35630952693964,26585927
2024-07-18,308.94561767578125,321.9025386555921,307.71397348145996,321.7054635567253,48043715
2024-07-19,301.8020935058594,312.2464427083093,300.52119551994366,305.3492349422778,43313606
2024-07-22,307.7139587402344,310.0787395355957,292.9342291164107,301.5064843260032,39386992
2024-07-23,297.0232849121094,312.34492454581,276.9721141836887,312.34492454581,76513131
2024-07-24,295.693115234375,301.9991268779725,294.9048449855282,298.05786584204463,24099148
2024-07-25,297.0232849121094,298.94463154825434,289.09147935438017,293.5746816442534,27820556
2024-07-26,305.3492126464844,305.9404078542932,297.56522760707423,299.3387831610633,24512844
2024-07-29,316.6310729980469,320.8186629612729,306.28526250066494,308.2066092656599,51391698
2024-07-30,313.4288024902344,321.7546987215216,312.93614484094746,320.42454712399615,41111245
2024-07-31,311.40887451171875,315.89207696646235,310.8177094138935,315.20234425975246,25709971
2024-08-01,306.58087158203125,313.03470530183455,303.5263879189475,313.03470530183455,28141436
2024-08-02,298.50128173828125,304.1668447052244,297.26963761503276,300.81674863443914,26155604
2024-08-05,285.9877624511719,293.0820445552545,280.81485718719716,285.59364234970866,50390560
2024-08-06,283.03179931640625,298.1563940840158,282.14502162486315,287.7120466506201,39171936
2024-08-07,295.7916564941406,296.5798966834652,285.5443536163062,291.1606626909102,22199473
2024-08-08,293.87030029296875,298.25496558580244,292.7864474045723,296.57991747924086,21963656
2024-08-09,297.7622985839844,300.5211694230441,296.2350418124674,298.0578811490847,15551076
2024-08-12,296.9739990234375,299.19095825148656,293.8702621180556,294.6092485274053,15361379
2024-08-13,291.8011474609375,298.2056975118791,291.0621609165981,297.56524852067287,14746085
2024-08-14,290.17095947265625,293.48068228361836,287.15758969806905,292.59150257095865,16641055
2024-08-16,299.65557861328125,300.24837512945913,292.44330642728596,292.9372984989537,21353408
2024-08-19,298.5194396972656,301.8785801687374,297.48206827916994,301.1375919698442,12232725
2024-08-20,299.5074157714844,300.841200523193,294.2216940670901,298.51943153331297,14183642
2024-08-21,301.7303466796875,303.06413128274653,298.91458588453673,299.3591908025174,11862616
2024-08-22,300.8411865234375,303.212342554529,299.8532023312423,302.7183504584314,13074829
2024-08-23,302.3231506347656,305.4847119828029,300.44598677538005,301.82915855856504,21891698
2024-08-26,303.0147705078125,305.1883176881792,302.12556059446405,304.99073893590156,15280637
2024-08-27,297.2844543457031,303.7557692639586,296.00008688299806,302.91597662255,16873099
2024-08-28,296.34588623046875,300.84120248307977,295.90128126004066,297.43264477882826,14005947
2024-08-29,292.64093017578125,297.4326293935603,288.5901889522442,295.753074355137,19185385
2024-08-30,295.7036437988281,298.5194046542593,290.8131403507583,293.2336834257979,28684991
2024-09-02,293.33251953125,298.3218581138171,291.5047426277529,298.3218581138171,11713172
2024-09-03,293.5794982910156,297.72904398135114,293.1843106421467,296.39525928439434,13971488
2024-09-04,295.35791015625,298.2724456679351,291.7517434429662,293.5795203762291,17937646
2024-09-05,287.1082458496094,295.9013001580172,286.515449234808,295.40730800416407,26342723
2024-09-06,280.19232177734375,286.86121504706654,278.660928195247,286.86121504706654,30062372
2024-09-09,278.16693115234375,281.08149651576065,272.43663502362386,278.61153608943584,29170063
2024-09-10,282.3164978027344,284.88526286803716,278.9079400996172,279.1055490088275,19982334
2024-09-11,284.5888366699219,286.9600228699656,280.9333132214769,283.0080860710727,21650737
2024-09-12,288.19500732421875,288.98538263517446,285.52743788569376,287.4046018623776,16102095
2024-09-13,286.4660339355469,290.46735792828645,286.12023343164566,289.47937371764607,12330463
2024-09-16,286.9106140136719,288.6890037160455,284.9346455560696,287.40460612807243,9184637
2024-09-17,280.8839111328125,287.3552260819982,280.488723461698,287.0094255631905,15946216
2024-09-18,279.4513244628906,282.5634685230906,277.0307512211331,281.47667992167123,10450571
2024-09-19,269.4233093261719,281.4273115900163,263.89059165430575,280.5875189713685,44560220
2024-09-20,274.0174255371094,276.0427810988545,269.5714966105502,270.7076724171605,38501362
2024-09-23,282.85986328125,283.25508108039537,275.30179021131073,276.6355749062141,19445968
2024-09-24,288.29376220703125,289.8745428733553,281.13087713698826,282.8598493952745,25346532
2024-09-25,286.3672180175781,291.4553304684609,284.19364078084953,290.46734629738137,19263084
2024-09-26,287.0093994140625,288.3925712123872,285.57681031704664,287.1082038605608,18343882
2024-09-27,289.9239807128906,291.3071525873431,285.72504778812225,288.8371920433617,208588855
2024-09-30,281.67431640625,291.0601668046109,280.19234002756144,289.92399094446034,32695169
2024-10-01,280.5381164550781,283.15626846908526,279.15491449970773,281.67429221766037,13883476
2024-10-03,275.3511962890625,282.85985175263323,271.74502999959066,271.74502999959066,27321529
2024-10-04,273.86920166015625,278.5127087901146,270.2630356129023,275.3511777943543,17451235
2024-10-07,264.1375732421875,275.5487783177932,261.8158044181142,274.0668020663699,21704629
2024-10-08,276.882568359375,278.1175485929137,262.3591887526061,263.7917778838648,29190708
2024-10-09,279.0067443847656,283.15629026857187,275.1536118645949,278.61155671747133,18984175
2024-10-10,283.45263671875,286.12020589106567,279.9946923143539,280.5381016684313,19155691
2024-10-11,282.46466064453125,285.1816170396185,280.73568839311207,283.74905812182976,9677338
2024-10-14,282.26708984375,285.7250344438266,281.2296883731965,282.66227748215334,11386559
2024-10-15,285.3792724609375,285.9720690739729,282.3165150859949,283.6996870824853,14701531
2024-10-16,282.26708984375,287.55278104030265,281.3284928205184,284.68763297327314,11835439
2024-10-17,281.1308898925781,284.44064296735996,278.31515906489074,282.6128661812072,11695551
2024-10-18,283.69964599609375,284.34182967100867,274.4619880542136,279.5007133089558,10095514
2024-10-21,278.9079284667969,283.99607123332436,277.7223655136418,282.8598652790838,8393942
2024-10-22,268.3858947753906,278.75972860001224,267.3979106016171,278.6115370041231,15240897
2024-10-23,265.42193603515625,271.3992582369659,263.10016725101144,267.74370481930106,13503954
2024-10-24,268.08953857421875,269.8678982056983,265.1255857544947,265.76776950192414,10700271
2024-10-25,269.0775146484375,272.6836511057089,254.356555455879,267.74372989002575,40406841
2024-10-28,266.8051452636719,274.61024526981,264.1869929272185,273.37526490819164,24479817
2024-10-29,280.24169921875,281.0814917797273,267.5955141094004,267.9413145934362,34271117
2024-10-30,285.08282470703125,291.2083387183738,278.66092750034954,280.0441294809579,40787587
2024-10-31,281.4766845703125,284.9840464714142,280.34050880269865,284.49005438541826,18720310
2024-11-01,285.181640625,286.762421415781,282.5634884579271,283.20567217424525,5265231
2024-11-04,280.7356872558594,285.5274163634151,276.93194228796943,285.5274163634151,15157659
2024-11-05,282.9092712402344,283.7490638093619,273.81980487594325,279.1055261806924,18761867
2024-11-06,298.2230224609375,300.6435655440213,283.74906065705545,284.04544384245065,52804364
2024-11-07,296.7410583496094,298.3712262376181,292.54212553004027,297.3832420447783,24357284
2024-11-08,294.1722717285156,300.84116453848196,292.1963034885256,296.74103647067915,22935845
2024-11-11,296.14825439453125,300.14957821507124,290.86253306490244,293.92529001625707,20155408
2024-11-12,286.66363525390625,297.2350792003192,283.84787400174133,296.3952865249875,14292965
2024-11-13,278.16693115234375,285.3792336877426,276.09218851493824,284.53944111261535,20001842
2024-11-14,277.5741882324219,281.032133121556,272.18966198755834,278.6115596388075,20541591
2024-11-18,274.708984375,283.2550715029569,273.9186091052033,279.5995180406584,12999925
2024-11-19,275.6475830078125,281.7730969127842,273.67161467083895,276.6355671762993,13160982
2024-11-21,272.1402587890625,275.1042113764146,267.0027289106316,275.1042113764146,14858108
2024-11-22,277.475341796875,280.0934936437922,272.1896208072831,272.6836128595649,13268900
2024-11-25,288.8371887207031,295.4072776619371,284.49006424348045,286.5154198058921,49366681
2024-11-26,294.3204650878906,297.3832219084868,289.627540489667,290.4673330268941,27347402
2024-11-27,303.6569519042969,304.2497484583863,293.87591428991954,295.2590861488714,39464505
2024-11-28,302.076171875,305.78111265842193,300.69300001269954,304.29913634505317,27772319
2024-11-29,304.2991027832031,306.8678674732377,301.3351504833667,302.0267514136813,23241947
2024-12-02,303.21234130859375,305.6823017789324,299.6555922011292,304.10152104773874,15549685
2024-12-03,308.349853515625,308.9920371710157,304.10150365903496,305.2870966773584,21405136
2024-12-04,309.09088134765625,316.99475541682625,307.4607133510673,312.20302573221454,41441172
2024-12-05,310.7210388183594,311.61021859084207,306.86790637034386,310.2270467057706,17911694
2024-12-06,309.98004150390625,312.05481434574284,309.3378578066648,310.72102965092756,8359798
2024-12-09,310.8198547363281,313.2898153903821,309.4860699529616,309.83187047470653,11830104
2024-12-10,311.06683349609375,314.47536091852885,310.22704089025837,313.7343727635362,15811501
2024-12-11,310.3258361816406,312.6969921774539,309.2390475562182,311.1162114632836,9281006
2024-12-12,309.1896667480469,312.2030064908482,308.3498741497774,309.78243314599246,10978047
2024-12-13,311.857177734375,312.54877867049277,304.44729692260836,309.2390258777272,15557064
2024-12-16,312.4006042480469,313.536780004764,310.2270270301572,312.0053864623332,10543307
2024-12-17,306.8678894042969,314.8211499169042,306.2750928717876,311.7583929580095,18053073
2024-12-18,300.1495666503906,306.8678768252951,298.0254068009487,306.47268920344965,16598070
2024-12-19,294.9132995605469,296.8398809145131,291.45535467457734,291.45535467457734,13349532
2024-12-20,287.355224609375,298.47004740124703,285.87324823712544,294.41930595358747,14964305
2024-12-23,290.81317138671875,291.75173833810527,284.53946533950716,290.46737086741354,10201072
2024-12-24,288.9360046386719,293.77712141114034,287.9974075451513,292.6903327109814,10685518
2024-12-26,291.6529541015625,292.44332941801366,288.98538464448984,289.47937675499327,9172485
2024-12-27,288.540771484375,292.5915127055583,287.849200639856,292.29512950803365,9495184
2024-12-30,281.4766845703125,288.9853703076277,279.4513290780828,288.5407653698777,25876258
2024-12-31,289.6275329589844,290.4673254743758,280.83448049690924,281.0814765219725,15725947
2025-01-01,290.3685607910156,291.0601618162385,286.7624243615217,289.6275726143709,6954271
2025-01-02,293.23370361328125,294.22168783051046,287.8492077199133,290.91196482350097,13361957
2025-01-03,288.4419860839844,293.6782900446114,287.997381153925,292.9373019284349,8167968
2025-01-06,278.7597351074219,289.03476472435113,277.1789543623055,289.03476472435113,12638091
2025-01-07,283.55145263671875,284.7370456837066,277.6729348509699,278.7597234522281,13247733
2025-01-08,278.7103576660156,283.55147436896715,276.7343892035141,283.55147436896715,10996122
2025-01-09,277.87054443359375,280.6863053140309,276.2403766030934,277.87054443359375,12715512
2025-01-10,267.74371337890625,277.6235552010061,266.7557291966963,276.63557101879616,15317565
2025-01-13,256.480712890625,265.66895419622654,255.19631529732536,261.81582171809964,19429753
2025-01-14,266.65692138671875,267.7437100036262,258.06147720038,259.83983664558554,18938129
2025-01-15,264.631591796875,268.9293293860785,263.1001980933565,268.7317204724351,11376064
2025-01-16,272.83184814453125,274.709012213691,268.13892289618843,270.1148914218065,17234302
2025-01-17,278.7597351074219,280.48870745188685,270.7570570828641,272.140259079144,12741720
2025-01-20,282.3658752441406,284.3418436647459,277.3271798923054,279.797140418062,10483849
2025-01-21,275.6475830078125,283.4526519086813,274.9065948814474,282.365863293169,13020489
2025-01-22,267.1015319824219,275.94397239854015,263.1001779196085,275.64758920168794,21272549
2025-01-23,270.6582946777344,273.62224739849415,263.8905966018223,265.57015171972114,11978782
2025-01-24,266.9039306640625,273.37524538738035,265.57014593857826,270.65828878582874,10164897
2025-01-27,259.7904357910156,263.7917594070619,258.6542299350358,263.7917594070619,13710372
2025-01-28,255.14691162109375,262.5074057398294,249.663596468553,260.333828507873,29049716
2025-01-29,263.9894104003906,264.7797857602155,255.8879272831933,255.8879272831933,14361301
2025-01-30,275.4006042480469,277.1295766513978,264.6809693170937,265.61956639641005,46735932
2025-01-31,289.1335754394531,290.66496906826546,278.2163618881914,280.48871352980245,50252116
2025-02-01,278.4139404296875,296.00007759162673,266.06413771100216,292.3939412279477,61832253
2025-02-03,270.8558654785156,274.5114191204206,260.13623075649355,274.5114191204206,41786023
2025-02-04,281.0815124511719,282.5634887909847,272.5848420727343,272.6836465255657,29035155
2025-02-05,285.47802734375,288.2937580026168,281.57547795732165,282.21766161371437,18818511
2025-02-06,276.3885803222656,286.46603123619286,275.6475921712676,285.47804703486213,16834939
2025-02-07,273.72100830078125,278.90792530816606,269.81848883337494,277.37656187110156,26682639
2025-02-10,270.1642761230469,278.8091373793956,268.7316870544986,275.5487716150427,21789085
2025-02-11,261.8652038574219,270.70767463297733,259.5928522256014,270.5100657298253,23839025
2025-02-12,256.0361022949219,262.556804118831,250.94798963756563,261.7664288102479,27997028
2025-02-13,258.4072570800781,262.30980675505543,255.49272176221976,256.0361010152942,18016813
2025-02-14,247.3418426513672,261.3218126075688,245.21766764350735,259.04946108003054,25683310
2025-02-17,245.51406860351562,246.99604487275215,239.68496797469555,245.95865846919816,24947159
2025-02-18,241.66094970703125,246.74906248280578,237.6596105435728,246.00807430718174,21180375
2025-02-19,250.35519409179688,250.94799065107097,237.36320769259765,237.80779757433186,21516255
2025-02-20,257.12286376953125,257.8144647045764,247.24302270249834,248.9719948892291,18922988
2025-02-21,253.02276611328125,259.3458591246186,251.34318087002464,256.3819064489087,16594628
2025-02-24,253.26976013183594,255.34453301831687,247.49004643052677,247.98403853917054,15409569
2025-02-25,253.56613159179688,255.44329548751816,252.2817642291676,253.26974840069292,14770656
2025-02-27,249.41659545898438,255.29509813183714,248.87320116181743,254.0107307981866,11087361
2025-02-28,243.29110717773438,247.93462986309402,240.57415065087642,246.996047896177,17754591
2025-03-03,254.29725646972656,255.78909204318117,241.4238090433643,244.526078691217,24644079
2025-03-04,261.5292663574219,263.29776636361214,249.4659887685256,250.83928608387725,24998454
2025-03-05,271.61663818359375,272.48603898054785,260.16587440801476,261.8158213409684,28499877
2025-03-06,269.6702880859375,277.62354850041805,268.56372050182694,272.8910959396048,22586087
2025-03-07,273.6617126464844,276.36880964674754,270.7076497662952,272.48600912776453,25542382
2025-03-10,269.0577392578125,280.06389834566653,268.28711274391674,275.25241984151967,20986855
2025-03-11,275.3661804199219,276.67754987154603,267.28937671643797,270.1704239317,20980143
2025-03-12,275.0184631347656,278.5651090015789,272.3262053547748,276.9557148281683,15308721
2025-03-13,278.2372741699219,283.92975856660445,277.5915337291201,281.14809344413095,38015489
2025-03-17,278.0981750488281,281.5256109212779,274.9091892704679,279.1611804142402,13883681
2025-03-18,278.0981750488281,278.0981750488281,278.0981750488281,278.0981750488281,0
2025-03-19,288.102294921875,291.07271922641786,282.89659419121415,284.1284701643319,21095205
2025-03-20,295.10614013671875,295.8313740477965,289.1950941767289,292.88080804052265,27889890
2025-03-21,293.8047180175781,299.03030717356074,290.83429377096314,299.03030717356074,41751586
2025-03-24,300.12310791015625,302.9047729931034,294.41073506799194,294.9571238213965,29935092
2025-03-25,298.066650390625,302.50740063732644,296.69567603933956,302.01067255746216,19364944
2025-03-26,297.5798645019531,303.5008546837003,296.5367173507763,299.0998512030386,23869923
2025-03-27,298.6825866699219,300.023758541547,294.68890384483063,295.0564777709916,14453677
2025-03-28,299.34820556640625,304.5737641451472,297.11292929482534,302.01066069359933,20850848
2025-04-01,290.0892028808594,303.7988859583522,288.1022905323603,300.02376462335457,33171384
2025-04-02,280.552001953125,288.84736661067814,272.65404399748735,288.0029228459198,52653587
2025-04-03,285.6186218261719,286.3637138831097,280.7506931177527,281.14806948454486,20968721
2025-04-04,278.167724609375,286.11537388392856,276.478837011382,285.22126940411647,19699594
2025-04-07,270.3194274902344,272.7037162132229,254.52348059282508,255.31823339452924,24954083
2025-04-08,279.6082458496094,286.1153715120562,274.7899774532791,280.6017020006929,26787606
2025-04-09,278.3167419433594,280.9493947490269,274.7899846419017,279.1611857574465,11389916
2025-04-11,283.135009765625,285.12192211485745,280.80038169170155,281.14809741639255,13883110
2025-04-15,291.778076171875,292.2251132376026,285.6682967460563,288.00292470443924,19512440
2025-04-16,291.6787414550781,293.4172897757019,289.3937740429609,291.57938977318145,12479078
2025-04-17,293.21856689453125,294.6590903914567,289.2447424261849,291.08264230637,13609937
2025-04-21,297.9871826171875,299.6263791917473,293.2185749337062,295.5532029364431,14064356
2025-04-22,301.36492919921875,302.7557617457966,297.78848099525027,299.0303011828869,11962358
2025-04-23,303.84857177734375,308.2694334866551,299.82505614950605,303.60020773801585,21918666
2025-04-24,303.6995544433594,306.580571188803,301.4642781260173,303.0041230174806,17241517
2025-04-25,295.6525573730469,305.7857919489767,291.77808443760676,304.79233579538305,20307004
2025-04-28,303.05377197265625,305.8354672506762,293.91399401941027,294.0630063712262,29913417
2025-04-29,315.02496337890625,317.3595914850266,303.79889026019765,304.54398240143547,57882724
2025-04-30,312.0445861816406,318.3530388665139,310.5544019403891,316.9125153061537,24863436
2025-05-02,309.1138916015625,315.6707086070949,308.5675028168837,308.76617586682266,15451259
2025-05-05,313.2367248535156,314.82626082247975,311.1504911069944,311.8955832501454,10955241
2025-05-06,308.4681396484375,317.2105417850753,307.17665875934654,313.58443284151105,17029890
2025-05-07,307.9217529296875,313.13739783761883,303.0041327464874,303.0041327464874,19274367
2025-05-08,305.1400451660156,311.64720102743524,302.805417190054,308.4681292749077,17110997
2025-05-09,313.7831115722656,319.69415710728686,303.0041069499785,303.0041069499785,44244945
2025-05-12,320.6876220703125,322.87323765233975,314.13083595998006,322.87323765233975,39927141
2025-05-13,333.55291748046875,335.53982987052365,320.68764762771235,321.58178245753874,57985762
2025-05-14,342.0966491699219,343.73584583939555,332.311099518144,336.7816524264598,43684324
2025-05-15,348.1070251464844,348.7031048936383,338.5698401456474,344.2325522667968,35959338
2025-05-16,361.5186767578125,368.72123364282226,347.31226633935694,349.29917858349756,68855818
2025-05-19,361.36968994140625,371.0558878161243,360.1775303835209,370.4598080371817,52003735
2025-05-20,361.4193420410156,368.57223858270925,356.1540364741274,366.98270264923553,67088831
2025-05-21,380.49371337890625,381.3878178689629,361.61804613556626,364.4990629670271,88688170
2025-05-22,380.8910827636719,384.2191669377616,376.51988175672045,380.49370636629004,43486783
2025-05-23,381.2884521484375,387.34854063014984,378.6061387770363,386.60344852955916,37666187
2025-05-26,382.0335388183594,383.27535896835775,376.023141419517,382.3812545239339,26722908
2025-05-27,382.8780212402344,386.2557663256805,380.94079980137514,381.9839167055395,16859142
2025-05-28,387.8949890136719,390.9250183246151,381.5865360216051,382.9277079676158,27549144
2025-05-29,384.2688293457031,389.5341651677785,383.02700914963003,388.98774609078083,18562683
2025-05-30,382.083251953125,387.4479092483733,381.13945645729245,384.26883735303096,23144580
2025-06-02,384.9642639160156,386.7028122046686,381.23880329747357,382.4806235036542,11943152
2025-06-03,383.4740905761719,389.23612436959564,382.9773624795706,384.96427486597565,18630318
2025-06-04,388.0439758300781,388.73937694000966,381.5865108954077,384.4675276488394,20648850
2025-06-05,390.92498779296875,392.1171472780643,386.95116326648366,391.12369114644304,20746844
2025-06-06,388.1433410644531,394.2530904986112,386.6531567967133,392.2661781416247,17366507
2025-06-09,389.88189697265625,392.71322288222177,389.2361261897533,391.42174195217007,13744521
2025-06-10,394.7994689941406,399.220361000523,392.1171555727477,393.90536452034297,26456073
2025-06-11,390.32891845703125,395.64391496648386,388.0439814205334,395.64391496648386,18042738
2025-06-12,384.86492919921875,393.1602946057068,383.076720150652,390.2295866627963,15555771
2025-06-13,391.62042236328125,395.14717953176347,377.0166049837944,377.1656173411616,35564550
2025-06-16,401.207275390625,401.85301582961904,391.6204295314417,393.5576508484238,32061745
2025-06-17,399.12103271484375,404.833405927315,397.879212451263,403.14451824169424,24371681
2025-06-18,397.8791809082031,402.34973350267734,395.8922686439924,399.02164939654926,18879759
2025-06-19,395.9419250488281,401.15756968607286,390.8753230840902,398.37590467335895,18220823
2025-06-20,405.5784912109375,407.3170395504822,395.14720117366903,396.389021416201,122552435
2025-06-23,418.14569091796875,419.63587515525154,406.3732293798597,408.3104810154777,43017721
2025-06-24,415.7613830566406,423.7090319561702,412.28428666309645,423.6096802813512,33807025
2025-06-25,403.3928527832031,417.6489544297447,402.34973596525816,417.5496027523511,29028317
2025-06-26,407.4163818359375,411.19150315900634,404.1876492798288,406.2739133027358,25730795
2025-06-27,411.78759765625,414.07253480439306,406.8203166230021,407.81377282965167,41398277
2025-06-30,418.7417907714844,420.23197508027965,411.53923327897365,413.9235221094707,20350621
2025-07-01,429.4214172363281,433.14687776758603,421.3247557453027,422.02015685374556,35405785
2025-07-02,424.1560974121094,429.9181307110113,419.8345572789957,428.2292432003636,22843521
2025-07-03,423.4606628417969,427.8815546162099,421.27504729352825,424.901186314684,13499244
2025-07-04,424.7521667480469,429.5704351611594,422.9639577970184,427.1861464538295,16618426
2025-07-07,414.37054443359375,424.6528211088437,413.42674901358504,424.6528211088437,22221724
2025-07-08,419.2384948730469,420.57966673775616,413.52612201636435,415.26467027709384,15970711
2025-07-09,414.9169616699219,421.2254143876518,413.77449314258723,421.17575370650184,14956297
2025-07-10,410.7940979003906,416.754834508377,407.8137295963975,415.711717729129,17914452
2025-07-11,406.62158203125,410.4960851939736,402.449084474442,408.31046958002054,15186245
2025-07-14,404.63470458984375,407.66476423892254,402.498779789335,402.8464955284591,17844425
2025-07-15,406.2738952636719,410.1980287745957,405.1313964633223,405.82682787937205,11971127
2025-07-16,403.4922180175781,407.61505506599786,402.8464775696361,406.7209505751646,9173824
2025-07-17,401.55499267578125,406.02554540331425,400.4124938355553,403.4922140003199,7922270
2025-07-18,392.16680908203125,404.28698604971527,391.5707293377742,401.6046423594962,21172393
2025-07-21,397.3327941894531,398.32625032662605,388.54070131189786,392.017797792003,12980473
2025-07-22,400.4621887207031,402.0517246583826,397.1341044832222,400.36283703999635,12447434
2025-07-23,397.5811767578125,402.25040262946555,394.00472843369147,400.859570036162,10413255
2025-07-24,395.6439208984375,399.2700298663231,393.4086445091808,398.0779006494454,6767566
2025-07-25,392.6138916015625,398.07790055173774,390.92500398072144,396.3890129308967,9202508
2025-07-28,386.70281982421875,393.7563647978826,380.791743399177,392.6138962492605,19856033
2025-07-29,385.7093505859375,388.19299096318116,375.5264250392386,387.4478988500081,25307639
2025-07-30,383.9707946777344,389.83217978776514,382.48061048105495,388.3916865883668,11335944
2025-07-31,380.5930480957031,385.70934108319955,376.32116856136514,376.5198719137994,9702316
2025-08-01,374.7316589355469,380.99042033674516,373.7382028199361,380.59304395407577,8702605
2025-08-04,387.0008544921875,387.69628596636335,373.98660239502414,376.5199036034637,13454379
2025-08-05,384.11981201171875,387.6962601936724,380.84141886368866,387.4478961576739,13482710
2025-08-06,387.1498718261719,390.92499304994874,384.5668797856467,389.43480883247753,16852693
2025-08-07,385.2126159667969,387.74591698140136,380.9904273972059,383.4740677322594,11520396
2025-08-08,382.083251953125,384.8649171231422,381.0897957755651,382.77865308669107,7139111
2025-08-11,381.3878173828125,385.8583701452734,379.0531893210632,381.4871690633313,8910936
2025-08-12,377.861083984375,382.8283651454214,377.0663008078807,381.4871931683632,9329093
2025-08-13,386.3054504394531,387.34856732501834,379.5996210719922,379.69897275582633,10930440
2025-08-14,383.2683410644531,386.35520574469433,380.9282970138731,386.20584769640396,8046552
2025-08-18,380.8785400390625,388.09780648424737,379.4844808721172,386.3552249285131,11778056
2025-08-19,378.43890380859375,382.0734552689266,375.899725763357,380.8785300781035,11111204
2025-08-20,370.273681640625,382.6708861070648,369.5268609960849,382.27258784095204,20289349
2025-08-21,372.6137390136719,375.8001556443125,369.9251724422527,371.4188137845498,12680853
2025-08-22,373.2609558105469,378.3393421566636,372.016254764352,372.2153886988177,15246732
2025-08-25,370.4728088378906,378.4388955680221,369.9251525304778,376.24823995016146,8577673
2025-08-26,364.2991027832031,370.4728016462858,362.7058793904626,370.42302576047246,15718869
2025-08-28,362.3075866699219,366.19104785711414,359.6688265291508,362.5067206044238,12218065
2025-08-29,367.83404541015625,369.4272688196348,360.06712307273597,360.7641374224891,12739664
2025-09-01,372.3149719238281,373.65925513520085,365.991884513452,368.381734839541,8821349
2025-09-02,375.0035400390625,377.3435841007971,372.16561555518047,375.7005543971432,12169182
2025-09-03,377.0946350097656,379.5840370618813,375.50141161876985,376.14865007467824,9919255
2025-09-04,370.9209289550781,379.88277690298605,370.42304851352765,379.88277690298605,9288078
2025-09-05,369.2281188964844,373.90820714654546,366.9378810479414,372.4145658397017,7325669
2025-09-08,370.3234558105469,372.9124401105854,369.2779190683244,370.0745155968549,6897641
2025-09-09,370.3732604980469,372.41455808628416,368.3319325216001,370.32345422259624,10598912
2025-09-10,386.4049987792969,387.3509837741323,371.46858552322493,372.11585440822313,23174318
2025-09-11,383.5173034667969,390.83615213862737,382.42196040226935,387.948451614481,19042696
2025-09-12,397.6072998046875,398.1549865113875,383.66664774498406,384.36369250325316,26356961
2025-09-15,396.76092529296875,401.39120719647934,394.02258293852367,398.3043424647357,18486916
2025-09-16,401.1920471191406,401.5903453881819,394.5204675451209,396.7609294952146,12467341
2025-09-17,410.45263671875,414.88375429200426,403.2831464051523,403.781026832813,31367478
2025-09-18,408.1623840332031,413.240770666018,406.46960874773873,413.240770666018,12000897
2025-09-19,407.1665954589844,411.69732544781976,406.51935700006754,407.2661776191736,16150731
2025-09-22,404.6772155761719,409.6560199764403,403.63167880739974,408.0627964907123,10884230
2025-09-23,402.7355041503906,405.9717270431687,400.59459392613803,404.67721965313103,11906108
2025-09-24,393.7736511230469,403.23337945834527,393.3255465729328,402.7354990196453,10835672
2025-09-25,401.44097900390625,404.7270080287682,390.78635618419,393.77363872231393,23804019
2025-09-26,394.2217102050781,404.4282588080028,392.7280689461135,401.9388567097285,11687034
2025-09-29,398.25457763671875,406.4197986510677,397.3583685307176,399.3001144094393,23390892
2025-09-30,402.23760986328125,404.6772057271114,400.14650598841985,403.2831466066071,14681751
2025-10-01,404.77679443359375,407.26619661338214,397.65711027704094,400.29587050997463,13156495
2025-10-03,410.9007263183594,412.0458452673873,403.38274373333155,405.0755190180912,16002501
2025-10-06,411.4981689453125,413.1411682609187,405.77254409005405,410.9505126361802,14684188
2025-10-07,408.5606689453125,413.78841346341665,407.3657741455289,411.4981756393407,11933246
2025-10-08,401.9388732910156,410.2534827198984,401.39121696208633,408.6602592336353,8668516
2025-10-09,407.6147155761719,408.2619540598443,401.2916280149201,401.9886727746965,9035150
2025-10-10,411.7471008300781,413.7386224785912,406.6189386627987,407.2661771209237,13813014
2025-10-13,407.66448974609375,411.2492349174471,404.6274312803166,411.1994590297628,7858503
2025-10-14,400.69415283203125,412.3943426113271,399.89755632149047,408.2619412350048,10789648
2025-10-15,406.3700256347656,408.5109054724575,401.291639013773,401.291639013773,10892830
2025-10-16,410.0543212890625,410.95053039831953,407.3159788486255,407.3657851259235,11479498
2025-10-17,411.0500793457031,418.2195698411208,407.91343864953683,408.61048342122285,19566580
2025-10-20,414.7344055175781,415.77994228376684,410.7513620072052,414.7344055175781,10580573
2025-10-21,415.9293212890625,417.37315629588767,414.83397827091983,416.37739544088697,2915071
2025-10-23,416.8752746582031,420.7089600164685,416.22803618197355,419.7131991643585,21980966
2025-10-24,420.2608642578125,421.90389400868776,418.11998445869074,420.2110883694509,18720794
2025-10-27,413.3901062011719,423.1983565422036,412.842449895048,423.1983565422036,12158324
2025-10-28,411.7969055175781,415.0331284227572,409.1083693369713,415.0331284227572,12247991
2025-10-29,405.4738464355469,413.14118705320493,405.1253240465145,411.7969037744863,14498733
2025-10-30,408.1623840332031,408.90920470308146,402.5861169538026,406.07128007990156,11172780
2025-10-31,424.293701171875,425.43882006339146,406.41978188929374,412.0458245731689,51342361
2025-11-03,420.5097961425781,429.1729277205269,414.6348131864588,426.1856451609873,27222212
2025-11-04,413.3901062011719,420.6093722833624,412.7428677335139,418.21955234758946,12831686
2025-11-06,407.0670166015625,413.24074592488046,405.72276378683193,409.25770259066473,12786294
2025-11-07,412.4939270019531,414.23650846786364,403.58185534958443,406.27042176655857,10141248
2025-11-10,415.0829162597656,418.6178551207863,412.24499176058345,414.18673757271057,9288444
2025-11-11,425.4886169433594,426.0860795561272,415.38164996845944,415.38164996845944,24889361
2025-11-12,422.9494323730469,427.57971437200206,420.01192563153444,426.3350132761426,15221773
2025-11-13,418.0203857421875,423.39751855357974,417.2237892306822,421.3561906120078,9091428
2025-11-14,425.04052734375,426.8826910044827,416.92508244723524,417.02463422223997,14719899
2025-11-17,422.7502746582031,427.679303230227,420.60939481746345,426.1358860024919,12996079
2025-11-18,419.1157531738281,427.629527029468,418.5182905612587,422.7502743503268,13340937
2025-11-19,421.406005859375,422.4515426015139,413.29053058309756,418.21955896908855,9661756
2025-11-20,421.20684814453125,425.38905595515104,420.4102516035609,423.1983698851673,10463382
2025-11-21,414.5850524902344,421.555378717899,413.7386496563758,419.713214994374,8395038
2025-11-24,402.0882263183594,413.58928257597734,399.3001080434151,412.2449993266181,23696864
2025-11-25,408.5108947753906,410.65177455702246,404.27891110008187,404.7767915324711,14107503
2025-11-26,413.5394592285156,414.7343843759989,406.7682977613338,408.51087920829184,8339381
2025-11-27,411.29901123046875,415.5309948871433,410.25347448233896,413.53947316635526,5251173
2025-11-28,410.0045471191406,413.4897102397648,406.9176822775171,412.24500912525616,6690232
2025-12-01,415.4812316894531,417.4229775818122,411.7471283489248,414.1369484092208,9650320
2025-12-02,411.29901123046875,416.87527812631726,409.2577136219449,416.27781553243886,11215451
2025-12-03,402.23760986328125,410.9505173516956,401.6899231596551,410.25347259733854,12294040
2025-12-04,405.4240417480469,407.76408592562854,400.04693900029616,404.07975846405645,10865110
2025-12-05,405.1750793457031,408.95898876714847,403.63166220040637,407.2661831854217,11774958
2025-12-08,384.7619934082031,404.7270170492327,383.3679342703167,404.7270170492327,25593778
2025-12-09,387.799072265625,389.34248941621115,378.93677645683687,383.41770024807204,19270896
2025-12-10,385.7079772949219,389.79060292075246,384.1147538326209,388.34673751062127,8372979
2025-12-11,385.8573303222656,388.346732453377,383.517286241379,384.3636890435988,7666925
2025-12-12,387.799072265625,392.4293541055928,386.35520688872106,386.35520688872106,12661065
2025-12-15,389.09356689453125,390.73656628170284,386.35522445317497,387.4007612300449,9087687
2025-12-16,386.355224609375,389.54167160679845,383.1190017228274,389.09356705183836,8700626
2025-12-17,383.96539306640625,386.75351131456773,383.3679304737403,386.3552130488603,6612962
2025-12-18,381.82452392578125,385.16029858360804,378.83724126751684,382.4219561468656,7510229
2025-12-19,391.1846618652344,391.8319003497966,381.87429170050063,381.87429170050063,11595429
2025-12-22,397.2588195800781,397.6073115813247,391.23444795720303,391.33403012393524,9321669
2025-12-23,397.7068786621094,400.79374338445143,394.0723576258302,397.30858039849966,7734965
2025-12-24,398.3043518066406,401.9388729392341,395.91453177344283,397.308590927124,8097208
2025-12-26,396.76092529296875,405.8223247734737,395.46641794703254,401.29162503322124,13284184
2025-12-29,391.58294677734375,401.7397194084796,390.7863502678546,399.30009321732956,15690096
2025-12-30,391.6327209472656,395.3170481609764,387.8986178475083,394.12212301377053,37726382
