Price,Close,High,Low,Open,Volume
Ticker,CIPLA.NS,CIPLA.NS,CIPLA.NS,CIPLA.NS,CIPLA.NS
Date,,,,,
2021-01-01,788.7807006835938,791.0232165163634,783.1029765207568,785.1545730251671,2474916
2021-01-04,794.1721801757812,798.9911165715795,788.7329598435655,792.9793712539191,3487801
2021-01-05,789.4010009765625,805.1460798718339,787.5402072767777,794.1722370054326,4559213
2021-01-06,787.0630493164062,796.2238570375185,777.9500005475996,791.0708990542288,3318460
2021-01-07,788.7329711914062,792.4545583782093,780.57416969701,792.0251355116361,2879675
2021-01-08,800.3270874023438,807.4839409472986,789.5441063764697,792.6931102877252,5072916
2021-01-11,817.6466064453125,820.652508115108,794.6492745730886,800.6133189634601,5332109
2021-01-12,804.5735473632812,825.0421031426847,802.5218925928956,820.6525893339955,4338010
2021-01-13,803.1898803710938,813.0186148884736,794.4107944772937,808.5813421087569,3596529
2021-01-14,802.4264526367188,808.7721612457987,791.0708882418668,803.1898387090547,3652930
2021-01-15,786.0134887695312,806.2435425632139,783.4370094893105,800.6134603672734,3137877
2021-01-18,765.0676879882812,788.8284664221055,759.7716277087305,784.391193671802,3742440
2021-01-19,784.8206787109375,787.6357198054291,765.7834340295277,765.7834340295277,3791378
2021-01-20,794.6970825195312,796.7010366506909,784.6774865916199,784.8683476863915,3056546
2021-01-21,775.5643920898438,800.8996429574495,771.9859651807857,796.7963917502547,3326213
2021-01-22,771.3180541992188,784.8683770379441,761.7278808152448,778.4749087010845,3883231
2021-01-25,798.5140380859375,817.7898430000414,771.2702924209842,775.8029665799693,10704200
2021-01-27,803.9532470703125,817.2650068454025,787.4447825475422,801.4722277057808,7410174
2021-01-28,803.3807373046875,810.0127087202703,787.9219210868265,797.2735319555536,4489853
2021-01-29,788.1128540039062,811.9212771108977,783.1984572014167,809.1539949369104,7185812
2021-02-01,769.5049438476562,792.9794010138315,744.2650944652975,777.711446241002,13856367
2021-02-02,784.0094604492188,788.5421345580245,764.8291154121649,770.0774749065715,8486828
2021-02-03,810.3944702148438,838.6879242353222,786.4905884528523,788.2082218398126,15674616
2021-02-04,796.2715454101562,817.312683404443,794.5061532383144,808.7721597693802,4639606
2021-02-05,808.9154052734375,815.785997120264,792.5023409289713,801.1859676047713,7381183
2021-02-08,808.4859619140625,819.936928621609,802.5696174666379,813.0186362357997,4244906
2021-02-09,803.2376098632812,817.6467198111783,800.613429967678,809.2016550805613,4200281
2021-02-10,823.8970336914062,827.3323002222686,802.5218736873449,808.8198817414676,5665209
2021-02-11,820.461669921875,834.8708365163355,816.8355424799511,828.2865080287355,5347864
2021-02-12,809.7264404296875,824.8035343646113,806.8159981522938,819.6983352014433,2473012
2021-02-15,805.6709594726562,817.408189260575,803.4762023972944,811.205581997413,2531913
2021-02-16,809.5355834960938,813.257170848656,802.7604517177258,811.1101146627839,2808115
2021-02-17,797.46435546875,815.5950513316006,794.8878765133991,810.5852537905498,2539649
2021-02-18,787.683349609375,804.8597989198059,784.8683087683069,796.7963985672174,4114251
2021-02-19,770.4114379882812,787.6833469033427,762.4434973270328,786.1088157582453,3834443
2021-02-22,756.1931762695312,780.0970560636919,750.085971126845,774.2761716641197,4090429
2021-02-23,754.7617797851562,766.4036064299094,752.3284612500429,758.6264690165273,3264477
2021-02-24,752.9487915039062,761.5847175887677,740.7344381814531,757.6723271060532,1587082
2021-02-25,772.129150390625,776.7572260448239,754.2847159816104,758.6265291224017,5478169
2021-02-26,751.040283203125,782.4827416026349,744.31285176836,768.1690329147818,7549015
2021-03-01,753.6644287109375,763.8748854238416,746.2213121816916,758.6265258113106,2748271
2021-03-02,774.6578979492188,777.711500766398,754.6187059049312,756.3363392887728,4275166
2021-03-03,775.3258056640625,780.7173253328067,770.6499713543928,780.5264642551954,3265559
2021-03-04,769.8388671875,780.5741473311125,766.9284251082006,770.4591511150687,3640996
2021-03-05,768.3120727539062,774.8486420654148,763.6362386857736,769.6002830366466,3832170
2021-03-08,772.2245483398438,781.5284585608057,769.3141060218119,770.9840386255743,2915298
2021-03-09,760.5350341796875,779.3337160582506,755.8591995056219,775.4212675114984,2783825
2021-03-10,775.23046875,777.4729264313022,764.3520270898719,769.1232632140283,2512573
2021-03-12,769.0755615234375,781.2422136245668,765.3062733416208,779.1428580840816,2082799
2021-03-15,768.6461791992188,771.8906432278385,753.8553464523685,770.9363959538481,2651062
2021-03-16,756.050048828125,771.5088651967334,750.9925502904505,768.264401402875,3671229
2021-03-17,736.8219604492188,758.4356234593481,734.7703057788905,758.4356234593481,3246092
2021-03-18,720.5997924804688,742.8337404717151,716.4964829485555,740.4958231958319,2894624
2021-03-19,725.84814453125,732.1461526548868,704.3298239164678,716.6396358994069,5262000
2021-03-22,737.4899291992188,748.7023338596719,723.9873661919942,727.136370320447,3563266
2021-03-23,740.5911865234375,743.740248698528,733.2435300952226,739.5415379601565,2118532
2021-03-24,756.67041015625,762.157332145555,737.2992015642737,742.2135402265061,6904173
2021-03-25,751.2311401367188,765.5925494587328,747.4618518879514,760.4396493052463,5292130
2021-03-26,751.4219360351562,762.4434790588843,745.5055920084523,754.8095017967178,2934548
2021-03-30,775.03955078125,778.5702769025538,754.0938140847526,754.0938140847526,4453933
2021-03-31,777.8069458007812,786.252069295638,768.1690714314276,773.8945551936494,3075406
2021-04-01,780.8604125976562,786.2996328716276,774.4669451964135,782.0055207989064,1910949
2021-04-05,782.244140625,789.1624328110704,769.2186430741752,787.2539384149131,2920638
2021-04-06,797.893798828125,806.3388630314635,784.2480176288767,786.299672352575,4569120
2021-04-07,802.3787231445312,806.2434708423824,792.2637262688032,797.8938079639096,2404472
2021-04-08,803.47607421875,811.5394740230327,800.04080788731,804.4303213377746,2459821
2021-04-09,842.64794921875,851.4747355140021,798.3709156130068,802.4264660729874,11189432
2021-04-12,861.1126708984375,896.9923412514453,838.9264241600374,849.2799826742407,30141861
2021-04-13,844.69970703125,889.9309933250981,838.1153774778248,879.7682947010592,11667200
2021-04-15,872.372802734375,883.0603830332631,843.4591241948658,857.6773725430755,13218002
2021-04-16,895.1315307617188,901.0478747624035,869.2237554877547,877.6688194998364,13746268
2021-04-19,903.0040893554688,911.306051420072,881.7243890179544,902.0021414710188,17805574
2021-04-20,905.8668823242188,922.1367859208582,898.0420434023584,920.943976885289,10205616
2021-04-22,901.1433715820312,919.0832665625671,895.8950116817454,914.9322560594901,8522208
2021-04-23,892.7936401367188,909.2544040253812,880.531587145693,901.1433029787939,7972589
2021-04-26,863.9754028320312,896.9923313042661,860.8740995589048,892.7936204989836,10255697
2021-04-27,870.6551513671875,877.4302830562157,859.7767102051662,871.2276763788199,5669049
2021-04-28,868.5557861328125,875.9989024132893,861.6374941475224,872.5158769443345,7251009
2021-04-29,865.0250244140625,875.4263414409662,862.6394065861141,870.2256829275144,4953091
2021-04-30,868.6989135742188,878.8616695319813,859.538163768656,859.538163768656,6459737
2021-05-03,868.5557861328125,882.1061076008024,864.9296585338751,877.0485510036626,6330144
2021-05-04,838.2584838867188,871.1323123359795,835.9205665440915,871.1323123359795,8347795
2021-05-05,847.9918212890625,857.868256788182,829.2408399876865,844.5087956146174,10491085
2021-05-06,843.8407592773438,874.758390827247,840.5963538507058,865.502181646232,17973153
2021-05-07,842.5048217773438,854.528312423948,836.8747403638218,852.142694577985,5479029
2021-05-10,859.0609741210938,864.9773179435152,837.351852031391,851.6655589037225,8379304
2021-05-11,850.1388549804688,864.5002637122727,847.5623758882962,858.774780504168,5864464
2021-05-12,857.4865112304688,865.2636492130296,843.8407879093263,848.6120239127066,5224240
2021-05-14,862.6871948242188,878.8616969873322,859.5858913332211,867.4107302513409,15048471
2021-05-17,840.8826904296875,863.5937633873708,830.19510955471,854.0512908637535,14122085
2021-05-18,843.9362182617188,847.7054479793674,838.2584359663826,846.4172376002501,5129966
2021-05-19,862.5917358398438,864.5002301684932,840.6917517700667,847.2283215486411,7242643
2021-05-20,881.915283203125,885.4460095289411,863.5937251210912,864.5479723311698,12378690
2021-05-21,884.49169921875,892.2210777719172,880.1021274199666,887.449842061907,6740711
2021-05-24,888.6426391601562,902.2406607526741,883.7760020977779,888.4040773778313,6420035
2021-05-25,892.7936401367188,896.9923510343555,887.4498792148411,896.6583878177228,3695242
2021-05-26,901.90673828125,908.3956074049754,896.0857955840972,897.9465892187823,5445187
2021-05-27,899.2348022460938,905.3420074643792,891.3145623405168,902.7178277325984,6249606
2021-05-28,891.6009521484375,904.0061671971788,888.4042469521615,897.1833338659513,2156991
2021-05-31,905.9146118164062,907.4891430904293,881.7244671036348,891.6009029348537,3183414
2021-06-01,903.147216796875,914.168759609192,900.3798767953721,908.4432767723911,2904962
2021-06-02,911.0198364257812,916.5544586766042,903.14729682757,903.14729682757,2449102
2021-06-03,904.8649291992188,915.7910715509672,902.7178729474937,911.3060979543937,2258695
2021-06-04,903.0995483398438,907.966185627872,893.6524780247001,904.6263205204652,3057699
2021-06-07,896.8014526367188,908.2047176351143,894.6543965666593,908.2047176351143,2028426
2021-06-08,910.11328125,911.3060902686763,889.2152439457404,896.8015209530472,2278534
2021-06-09,914.7891845703125,930.3911044087291,906.7257833502438,911.1152975714269,5498857
2021-06-10,929.6276245117188,930.3910106154933,916.0773027598703,916.9838492392518,4754350
2021-06-11,923.568115234375,937.3569987140509,921.3256576453906,930.3910059080847,3480545
2021-06-14,931.4884033203125,934.2079844724415,913.2145466191282,928.1962389175178,2377279
2021-06-15,925.3335571289062,934.0648843996281,922.9002383237093,930.3910558351768,1289684
2021-06-16,912.9759521484375,926.717134275837,910.1609114339731,924.665479625645,1684500
2021-06-17,907.44140625,915.8387701443452,900.3322528066576,911.3060958456365,2429291
2021-06-18,916.9362182617188,923.3773872866033,902.0976267288062,907.4414463468814,4978288
2021-06-21,916.220458984375,918.653777660281,907.0119503419278,914.1688042373139,1625660
2021-06-22,912.1171264648438,916.9361212268543,905.7237170737944,912.4511479171055,2344400
2021-06-23,913.9303588867188,921.8028991747015,910.5427925931438,912.2604260983587,1807471
2021-06-24,907.3936767578125,914.8367931953046,900.8093478462081,913.9779474267905,1769651
2021-06-25,913.3099975585938,917.031585040513,905.532917605024,907.4891127716211,2134441
2021-06-28,918.98779296875,926.9080334133901,913.3100102413883,917.9858450151285,1759671
2021-06-29,934.7805786132812,943.7505260201301,916.1250566079209,919.8943448770531,4300755
2021-06-30,927.432861328125,951.3844423469301,924.8086815724038,946.8040675127419,7195632
2021-07-01,933.3492431640625,935.1623362967928,922.9479827365446,932.4904555558998,2291137
2021-07-02,934.3988647460938,940.6968729343821,930.4864163020496,936.9275848666008,1421148
2021-07-05,930.104736328125,938.8360630639063,928.5779058972851,934.4942500512104,1286458
2021-07-06,924.760986328125,930.3910683980472,920.6100340892472,930.3910683980472,1157576
2021-07-07,921.0394287109375,924.6178557871746,917.0315787370263,923.7113092793355,1740439
2021-07-08,907.1550903320312,923.7112553409372,901.5727094734972,921.3256374294161,1662518
2021-07-09,915.8865356445312,921.4211582680404,906.4872231520065,908.4434184444582,1301555
2021-07-12,915.9341430664062,923.663580259775,912.1171543020641,916.0773034421197,1122802
2021-07-13,921.4688110351562,925.4766025899711,912.3080031777746,918.1766466214508,1317621
2021-07-14,932.4426879882812,933.6354970051815,917.1269736171804,917.1269736171804,1729994
2021-07-15,929.0550537109375,936.1165063114591,927.5759821945468,934.2080119051157,979315
2021-07-16,932.4426879882812,944.6093399606634,929.0550637861825,929.0550637861825,2087320
2021-07-19,929.436767578125,938.5975173496063,926.8125877928685,927.6236746112609,854347
2021-07-20,911.4492797851562,929.5322184922613,909.0636616715403,927.5283225738758,1520300
2021-07-22,906.439453125,915.0753787750774,903.3381496752254,914.2642336964826,1783069
2021-07-23,904.6264038085938,913.8826138927142,903.6244558326483,908.4433928541996,1056183
2021-07-26,907.0596313476562,916.0772787084677,903.6720655592904,904.6263127246118,1306026
2021-07-27,871.3231811523438,914.6460316118134,867.4107905426588,908.9205478458553,3366104
2021-07-28,849.1846313476562,879.4342218759313,846.0833278571915,879.4342218759313,5094903
2021-07-29,842.6957397460938,858.7748411703012,832.1036183598953,853.431021519659,4929314
2021-07-30,877.9551391601562,887.3545091804197,837.5904935843927,844.6041873227676,6280365
2021-08-02,878.9094848632812,890.8852771138079,871.6095277907139,885.827777952376,2981630
2021-08-03,885.6844482421875,887.0203592050607,876.475940647644,882.6785466511385,2014511
2021-08-04,896.6583862304688,899.3779673971659,884.5871361031011,885.684543657453,2517694
2021-08-05,902.1453247070312,909.3975801181631,889.3583889508164,901.0002164203718,4022548
2021-08-06,869.6054077148438,896.0380651620793,867.4106509396487,896.0380651620793,9727673
2021-08-09,881.4553833007812,882.7507005771381,861.0657611407115,875.1705352661705,3310964
2021-08-10,875.6503295898438,886.3968720431245,868.3580642986595,882.7507393975324,2552532
2021-08-11,873.0116577148438,876.9936545170578,854.9728502756406,875.9382151199125,2174054
2021-08-12,868.6459350585938,879.1046360715005,867.1107397557574,875.0746751966215,2127392
2021-08-13,858.1873779296875,874.0672865177053,856.2203318871866,869.317691391682,2919925
2021-08-16,852.286376953125,864.6160804556015,850.1754392293047,859.7225935828876,1954152
2021-08-17,868.0222778320312,869.6054369895467,853.8694803385308,854.9249197768744,3767678
2021-08-18,872.05224609375,873.8273780012361,863.5605903805878,863.7525044467958,2323095
2021-08-20,854.781005859375,872.2441311524377,851.0869091045121,872.1002395305298,2354874
2021-08-23,861.9773559570312,871.2366677568997,852.6701388464706,861.6415502705902,2081206
2021-08-24,880.4959716796875,882.3190088474073,861.3057368787479,866.4391012624196,2588128
2021-08-25,875.6503295898438,886.2049579956838,869.2696121010438,879.8722043777577,1697757
2021-08-26,874.4029541015625,879.6323043018836,869.60539585612,875.650307532589,1522032
2021-08-27,886.492919921875,887.9801514059347,870.7569039618877,876.8018162104863,1878603
2021-08-30,896.8555908203125,898.5827001542693,883.1825492002396,886.5888039963106,2016968
2021-08-31,909.4251708984375,911.2482665406875,892.6337162711992,897.1434329410181,2463088
2021-09-01,885.4853515625,916.2377484904498,882.7507666349162,910.5766060179733,4434153
2021-09-02,916.5735473632812,921.1312279180843,886.0131232792858,889.4673419584001,3688123
2021-09-03,902.9964599609375,924.0097901404904,892.9696092970719,917.3891358198237,3110583
2021-09-06,911.7280883789062,919.2122684131123,904.4837862853091,907.554177073942,1699875
2021-09-07,912.0159301757812,918.5405984474155,905.8270675954122,911.7280883598468,1113880
2021-09-08,913.2632446289062,914.5586205910417,901.9410180302522,909.6171118007225,1600457
2021-09-09,910.864501953125,913.5511231680339,888.5078896604207,912.6396338472962,3769007
2021-09-13,911.9679565429688,915.2782838006733,904.3877902754105,907.698117533115,865538
2021-09-14,914.5586547851562,919.548069071351,911.1523411959943,916.1418140461392,1373821
2021-09-15,914.3667602539062,917.8689431040711,909.905007062109,916.333747685362,2509424
2021-09-16,915.3741455078125,925.7368599705835,911.7280128254971,915.8539013492737,3574908
2021-09-17,915.4221801757812,923.5300662363082,909.6651096330095,921.1312868434866,2006356
2021-09-20,900.1179809570312,914.4147299612292,892.154044864283,914.4147299612292,2308294
2021-09-21,917.38916015625,920.1717676550306,895.2244621711612,897.1434856699204,2438464
2021-09-22,924.4895629882812,934.804314209998,913.1193722764338,913.695055895787,2267730
2021-09-23,928.9031982421875,930.7262937896206,920.6514215372588,926.3605275263858,1297533
2021-09-24,928.4715576171875,943.5838675055953,921.5630613839827,930.3425586569741,1803409
2021-09-27,923.7219848632812,930.7743728874323,913.7430391142722,925.928850202788,1217035
2021-09-28,931.6858520507812,937.4429221973361,912.3037041779244,921.6109792943105,1542732
2021-09-29,947.61376953125,964.3092972069802,926.0727778527606,931.2061422282331,4052980
2021-09-30,943.727783203125,959.2718854833879,936.8192867936804,947.9976222631531,2312926
2021-10-01,946.2705078125,951.7397365479713,933.7008686395465,940.3215231978461,1948517
2021-10-04,918.732421875,956.5851688807066,916.237714964416,946.0785044060052,4097873
2021-10-05,896.711669921875,922.9543507107794,890.858671831247,922.8583644000138,4986700
2021-10-06,876.4660034179688,900.5497244686059,874.259138146882,897.6711892722453,2615582
2021-10-07,878.9607543945312,884.909739143581,861.6415784775664,882.7508376384868,7008049
2021-10-08,879.9681396484375,891.8181440529307,874.7388478355949,885.629281994675,2075219
2021-10-11,876.7538452148438,885.7732789222503,873.155676219434,885.4374146776429,1449593
2021-10-12,878.8648071289062,887.2605350178642,871.092726744758,876.513991607208,1164581
2021-10-13,876.5139770507812,887.0206423472669,875.1226733109268,884.3340211802075,1821818
2021-10-14,874.4510498046875,883.2306061430428,873.0598045549178,880.3041068849085,913675
2021-10-18,867.1587524414062,878.8168437421322,863.0808274645034,874.4510183862877,1913667
2021-10-19,869.509521484375,880.1600780173756,866.6789502330442,869.3176074299896,1360282
2021-10-20,869.2216796875,875.746347588996,863.5605371848208,868.3580957247364,1941581
2021-10-21,874.6428833007812,880.7358177681342,865.09573011974,877.4254906718807,2723509
2021-10-22,860.058349609375,877.9532675037475,853.3417672350294,874.6429401921727,1360319
2021-10-25,865.335693359375,876.0342733543991,853.9655019555479,859.6266450008343,1901039
2021-10-26,870.7568969726562,877.1376734173741,863.5605589811466,872.1002368233173,1405411
2021-10-27,885.1495361328125,889.3714110044444,865.9113384152897,879.8242579534206,5111161
2021-10-28,855.6445922851562,890.954612527616,850.415241600733,885.0536504778117,2224983
2021-10-29,868.4060668945312,879.8722436140689,849.4077466296123,856.8439624289679,2783659
2021-11-01,872.43603515625,881.3594824777778,865.6714892139925,879.8722510181811,986133
2021-11-02,866.8228759765625,875.8902145101824,864.0402686762911,873.1556296451138,1038025
2021-11-03,875.6983642578125,877.6653515026808,867.1107229493969,872.7238428907923,1275433
2021-11-04,873.8273315429688,877.2335864222482,872.0521997298601,875.698391102106,96347
2021-11-08,876.7058715820312,880.7837963981025,862.3131957606034,880.7837963981025,860650
2021-11-09,877.1376953125,887.548374441176,872.8198924098132,876.0342333673444,843911
2021-11-10,875.5065307617188,887.0686359370206,873.1557152003123,873.1557152003123,1597922
2021-11-11,868.26220703125,875.5065090395594,859.7225290205331,875.5065090395594,1180372
2021-11-12,878.8648071289062,879.8722827627912,868.3581416579347,873.9232981458252,936613
2021-11-15,900.1659545898438,901.7970776827017,873.2516036624097,877.9532345736843,2615304
2021-11-16,884.429931640625,905.6831397538525,881.7912743994948,904.963505960817,1925000
2021-11-17,868.6939086914062,884.4299242600443,864.5200561522104,884.4299242600443,1996857
2021-11-18,856.1722412109375,870.2770743044041,854.924887767612,868.6458927720811,1009418
2021-11-22,859.1468505859375,872.1961870546851,847.248881374353,856.8439989437114,1443344
2021-11-23,873.7313232421875,881.359452905788,853.9654058140915,855.5965874031548,1820473
2021-11-24,857.2757568359375,878.337050775436,855.2607470881799,874.1151757873275,1392190
2021-11-25,863.5125732421875,865.9113525119508,848.208349788308,857.8034668673614,1325422
2021-11-26,927.56005859375,936.5314703997168,854.5891987173225,855.8845162075266,14458893
2021-11-29,925.9287719726562,957.5926574390787,917.2931668454502,934.5643770998623,8303735
2021-11-30,931.9737548828125,944.1595658705578,919.7879438950672,925.9288425458215,4771579
2021-12-01,890.5707397460938,946.7501337765217,884.5257696467376,941.0410278848752,3879683
2021-12-02,883.9501953125,899.9740531709818,880.3520262678087,899.9740531709818,2749084
2021-12-03,875.1226196289062,892.3458660685014,871.524450814114,892.3458660685014,2388529
2021-12-06,858.7150268554688,878.7208228228444,856.3642114250418,878.0491529050156,1573419
2021-12-07,853.2457885742188,861.9293578415774,848.2083520940224,861.9293578415774,2471419
2021-12-08,861.5935668945312,865.4795776757402,854.2532787580657,858.7629955873475,1663728
2021-12-09,858.2833251953125,865.4796638638031,854.0134858725506,863.5606402188723,1645541
2021-12-10,857.70751953125,864.5200290761945,854.9249122163033,858.7629589602598,947538
2021-12-13,855.2128295898438,866.4391290208441,850.6551486786045,858.9549489214942,1785608
2021-12-14,859.3386840820312,871.0927028035233,854.9249535387238,857.3237328696406,2651452
2021-12-15,859.4346923828125,865.3356545494784,855.5966453551468,859.9144482612706,1192775
2021-12-16,845.329833984375,866.9188479056559,842.6911767273295,866.9188479056559,2280037
2021-12-17,825.3720092773438,848.6881328131225,815.5849778305869,846.2893534665619,2824703
2021-12-20,857.6116333007812,862.0733865868602,826.2355857948113,829.0181934344663,8501360
2021-12-21,850.8470458984375,861.0658694805647,846.3373289522417,857.6115920357564,2301316
2021-12-22,853.6776733398438,857.6596122328892,845.2819449603487,853.0060033566934,1271710
2021-12-23,872.9158325195312,875.5544898863119,855.1648647793704,855.8844986066742,1970110
2021-12-24,871.5245361328125,875.9383254494171,865.2877095766125,873.3476319363592,1114033
2021-12-27,892.5858154296875,895.3684229614177,873.2996524643655,875.9383098064044,4596248
2021-12-28,895.5123291015625,898.3908644304419,885.6773333945582,894.2649755051717,1907169
2021-12-29,897.6712036132812,909.2333084572539,895.464338306938,900.0220191073215,2687014
2021-12-30,914.1747436523438,916.3336449099851,898.19885092022,899.0624348488544,1729705
2021-12-31,905.8749389648438,918.4925407777047,903.8599878951139,916.3336395327323,2039044
2022-01-03,892.8256225585938,909.5211492969281,888.3159059279913,908.7055292266158,2013140
2022-01-04,886.8286743164062,899.494240263414,882.9906275787642,899.494240263414,1238138
2022-01-05,890.9545288085938,894.0729416637921,881.7912042853378,888.987541643488,1407995
2022-01-06,884.6697998046875,898.0549999201618,882.079106465572,890.9545898150225,1384402
2022-01-07,877.7133178710938,889.1315304004338,876.369978080367,888.8916524780859,1546099
2022-01-10,879.1046752929688,880.6878345389118,871.860373307843,877.7133715454798,1637506
2022-01-11,878.8648071289062,884.429963616797,876.034235727839,880.3520386421602,1578147
2022-01-12,869.509521484375,881.2155760345219,864.7119629444744,881.2155760345219,2090537
2022-01-13,886.6367797851562,891.5303246217437,871.9082985308005,875.0746754462707,2739659
2022-01-14,884.1900634765625,895.2244484249949,879.200590743612,888.5558301564134,2321761
2022-01-17,873.3475341796875,882.9426508844435,872.1961084623279,878.528862061889,1058857
2022-01-18,865.62353515625,877.5694094058468,862.0733300239585,873.3475929102141,1830577
2022-01-19,859.3866577148438,865.0957053470473,849.2637626621002,863.6084739591292,1413292
2022-01-20,846.6251831054688,863.46466144597,844.4183177569778,858.7630303680953,1614683
2022-01-21,832.3284301757812,844.3702902154971,825.180056346963,844.3702902154971,1669132
2022-01-24,855.9804077148438,858.7630152120604,832.3284782443003,836.2144891143136,4992078
2022-01-25,868.9818725585938,872.1962136166387,845.4258113572799,855.3088296058577,2322693
2022-01-27,890.0430908203125,893.7852101337312,851.0869365417279,864.5201012673019,7859401
2022-01-28,894.5047607421875,903.8599995914622,880.303999637616,889.035532471361,2428175
2022-01-31,906.738525390625,911.5360837260251,892.9695563936044,900.9814553881448,2008278
2022-02-01,908.0819702148438,920.1717951932623,900.7896455629497,909.6171656342154,2033319
2022-02-02,913.2632446289062,919.6919848744647,906.4986987064689,907.2183324974504,1735750
2022-02-03,914.1747436523438,918.2526682501107,906.3067362450397,914.4146215698594,1116446
2022-02-04,907.7940673828125,918.9724029930645,901.9410689777924,912.7355764522607,1428601
2022-02-07,895.5123291015625,908.6576521495682,889.5153804997307,907.890054441324,949273
2022-02-08,909.6651000976562,912.4956714643049,893.4013642720168,895.5123018283624,1812035
2022-02-09,929.0472412109375,933.1251661013547,911.7760299103469,916.1417966096508,2513281
2022-02-10,935.5718994140625,937.7787646774194,924.0097947953014,929.7668651678578,2044733
2022-02-11,919.6920166015625,936.5314361786602,914.4147019523099,917.7729930927434,1292417
2022-02-14,916.23779296875,923.9138869642944,900.8375825390294,908.6576267225701,2346622
2022-02-15,884.5258178710938,900.7895525431263,875.3624930493238,879.4404176851224,8304774
2022-02-16,895.3203125,902.180844340397,882.8466608366922,900.0219430909784,2480569
2022-02-17,890.618896484375,916.8135578531012,888.2201168981555,896.9516511664127,2843010
2022-02-18,872.2920532226562,892.2019207734768,866.4870192158087,889.9470917294441,3643338
2022-02-21,870.5170288085938,876.7058912635333,859.7225217001928,866.5350316496929,1860041
2022-02-22,876.4180297851562,880.8317602781824,854.6850658690533,857.035881299361,1884736
2022-02-23,877.8572998046875,883.9981397005588,873.3955468620431,878.1931054825433,1399309
2022-02-24,859.5305786132812,871.9562669779156,852.1903491658107,863.3686254555499,2003438
2022-02-25,886.2530517578125,889.179550883991,854.8770058042777,866.4391106847897,2825642
2022-02-28,887.5962524414062,892.2978830172522,874.1151252845486,882.798694124806,1534018
2022-03-02,885.7252807617188,893.593288893462,874.2111396608113,874.2111396608113,3276260
2022-03-03,897.0474853515625,906.7385298107342,882.3189460517196,887.5482963755865,2622469
2022-03-04,893.4972534179688,902.9004558038816,882.9905892173455,891.386316091186,2453781
2022-03-07,903.0444946289062,907.6981031273942,879.9202266307376,884.5738936931743,2604231
2022-03-08,930.2945556640625,937.4429295314159,897.5272662952679,900.0219732860471,5826939
2022-03-09,941.8087158203125,947.5657861327761,921.179213867318,930.2945751953854,3501351
2022-03-10,947.0860595703125,952.6992384369696,935.5239547145786,942.2885008281864,4146797
2022-03-11,1001.6822509765625,1011.0855130379448,941.6168384674564,944.3994459858574,11106725
2022-03-14,1006.1920166015625,1015.163428007619,994.7738033902638,1002.6897753005311,5590771
2022-03-15,1024.8065185546875,1039.1511716257885,1002.6897270073397,1002.6897270073397,7945333
2022-03-16,1013.0526733398438,1034.3537898795182,1006.6718960156537,1033.394278015066,3379138
2022-03-17,1006.048095703125,1023.2233798946434,1003.3614158829906,1013.2444340128756,3712730
2022-03-21,1007.7752075195312,1027.6370532950848,1006.6237231774772,1024.566662638732,2039889
2022-03-22,990.791748046875,1006.7676411170556,982.5399709353014,1002.689716432998,2269544
2022-03-23,973.376708984375,1002.5938535592279,970.3062596637492,1002.5938535592279,2781735
2022-03-24,987.3374633789062,997.9880190043556,961.1907715644503,972.9447889856277,3344649
2022-03-25,972.465087890625,991.463466009896,965.2687502890664,991.463466009896,1680031
2022-03-28,975.9193115234375,1001.9700772003831,968.0513625565014,980.6209422061686,3847112
2022-03-29,996.7886962890625,998.8516698492961,978.89383839891,978.89383839891,3194089
2022-03-30,987.28955078125,1012.0930227806645,983.6913817826382,1000.7707374805408,3083750
2022-03-31,976.8308715820312,993.0946065617005,972.5610328168752,988.2970480758952,1976418
2022-04-01,973.7604370117188,984.3630882751859,965.268781790335,981.5804808861955,1285646
2022-04-04,986.1861572265625,987.9612304191926,962.8220125458317,976.7828958573295,1665075
2022-04-05,980.09326171875,994.0541455834108,975.8234228362247,993.0946338598746,1596381
2022-04-06,987.3374633789062,991.9910713404895,972.9447889856277,972.9447889856277,1487844
2022-04-07,994.7257080078125,1019.6251062855017,990.5039503342401,994.0540966855324,3496357
2022-04-08,970.6420288085938,996.4048949663357,964.3092749064291,996.4048949663357,3001682
2022-04-11,983.9793090820312,986.6659888590126,970.6420722032672,971.0259003325359,2094493
2022-04-12,985.6583862304688,989.9281664114127,971.98534461082,980.1411939979789,2746930
2022-04-13,975.4395751953125,991.943246786508,971.2177588346328,989.2565671632292,1890795
2022-04-18,986.234130859375,993.0946633116974,969.2027972615174,975.4396236494651,2092141
2022-04-19,959.799560546875,996.8367480287635,940.6572900451418,992.8067285333013,1813890
2022-04-20,971.0737915039062,973.9043626944774,949.9645343814644,961.334783015329,1796999
2022-04-21,958.120361328125,978.7018982542007,956.3452881735358,974.9118154648393,1526774
2022-04-22,927.8478393554688,958.1204226082066,920.1717455448754,957.5927028715179,2455188
2022-04-25,914.5586547851562,924.009822167835,907.9859641100784,918.3486793748715,1309361
2022-04-26,938.7863159179688,940.8971949084724,918.3007049980042,919.3562030572053,1806747
2022-04-27,938.16259765625,940.5613769905794,924.9693113174379,926.1207371107058,1033333
2022-04-28,941.4729614257812,950.4923369348854,938.3545481700055,947.9976297558451,1840948
2022-04-29,941.4729614257812,954.6182844013803,936.9632443892538,941.5688891773017,1972427
2022-05-02,937.0591430664062,949.6767458892515,932.4534984212588,939.3619946709546,1767117
2022-05-04,918.7804565429688,943.2000420817824,908.7055832552184,937.9227275024845,2086372
2022-05-05,910.0009765625,928.0397859367768,905.7791013931384,921.0833256771366,2161283
2022-05-06,896.903564453125,908.033876783263,887.9321534549147,899.8300634347266,1828238
2022-05-09,900.3098754882812,903.8600807240853,884.6698454645505,896.9036204425039,2047297
2022-05-10,888.6517944335938,901.5571800934308,881.3594702927303,892.3458910948052,1662201
2022-05-11,899.63818359375,904.4357422915921,867.6384905047236,875.0747064863787,5296875
2022-05-12,883.4703979492188,899.0624630772935,878.4329615232253,897.143439676915,2242769
2022-05-13,896.7595825195312,902.0368966996062,884.8616729610017,886.6847099939336,1734146
2022-05-16,895.6082763671875,906.7385890613024,888.5558299805638,888.5558299805638,1456551
2022-05-17,900.02197265625,902.9484716221403,879.1046293542138,897.1434375624666,2301253
2022-05-18,918.3486328125,922.2826659558585,903.2363234030864,907.5061622188531,2580102
2022-05-19,900.02197265625,915.3261959509872,896.5677539692886,901.9409960521054,1198917
2022-05-20,938.7863159179688,942.8162184008935,900.9815296916938,911.5361589000098,2594816
2022-05-23,930.7744140625,947.7098208342322,927.3201949925489,939.1701423502519,1220231
2022-05-24,931.1102294921875,938.1146535834847,922.8104293946412,937.4429836429056,1622192
2022-05-25,932.5015258789062,945.9827136136701,930.1987326812892,933.0293042237328,1950710
2022-05-26,925.4970703125,937.7788093123984,921.3711813952465,932.7413724966472,1630614
2022-05-27,927.22412109375,938.2105419282307,921.1312451374304,930.8222900200681,1249374
2022-05-30,946.8461303710938,951.8356029055653,928.8073221901082,929.1911502942776,2171285
2022-05-31,952.7471923828125,964.2133693697921,939.0741501102431,948.8611815549773,4874664
2022-06-01,943.727783203125,958.2164459692013,940.6573338473773,954.2344487254106,1285579
2022-06-02,947.1339721679688,966.0843281734116,937.9226833073574,937.9226833073574,2639988
2022-06-03,922.0427856445312,958.3123164205497,918.3966528743189,949.9645528650982,1057504
2022-06-06,936.5314331054688,940.0336744231512,921.6110370861508,922.0428290870082,1412548
2022-06-07,933.3650512695312,939.9857057449797,923.0502999961851,932.2136254611121,1759986
2022-06-08,923.9618530273438,936.5314335492385,918.1568186422542,932.6454226675801,1874689
2022-06-09,932.597412109375,934.8522411874559,916.3336770191257,923.9138429038155,1405851
2022-06-10,927.6558837890625,932.2615281565475,921.1312160547968,921.1312160547968,776457
2022-06-13,916.0938110351562,944.8791625209427,909.4251928948262,916.3336889642044,3016612
2022-06-14,925.6410522460938,931.4940508452386,912.3038146985959,916.3337760021816,1570434
2022-06-15,929.574951171875,935.4280078560703,924.9693065863096,925.9288183151335,1112618
2022-06-16,902.8525390625,938.1625576451243,890.234936876468,936.4834121827065,1898194
2022-06-17,877.7133178710938,906.3067545021785,873.9232349852073,894.4568085637688,2715476
2022-06-20,888.3639526367188,890.5708765683389,865.4796202497098,877.7133953696475,942685
2022-06-21,900.2139282226562,906.2108766112585,889.5633127461291,889.5633127461291,521963
2022-06-22,879.7762451171875,906.7384987442163,875.8422122594025,893.3053357998574,1698830
2022-06-23,895.5602416992188,899.3503247113525,877.3775414307381,879.8722484806767,615616
2022-06-24,895.8961181640625,905.2993214488336,892.3459130338264,895.2244482371614,722838
2022-06-27,894.6007080078125,908.0818942129023,892.8735986645819,898.1029491303202,846797
2022-06-28,906.83447265625,909.4251659259337,884.5258259163257,897.1434280356676,931109
2022-06-29,909.2813110351562,922.9543531376588,885.5333958044941,899.1104515959786,2455089
2022-06-30,880.064208984375,905.7791127609856,874.4990524196082,905.7791127609856,2433648
2022-07-01,910.864501953125,917.3412063323992,874.3071273268023,874.3071273268023,1793834
2022-07-04,892.9695434570312,911.5360705204761,890.906569977118,906.3546841677296,1004832
2022-07-05,899.4463500976562,911.2003691948751,892.5858175663525,897.1434984407842,1532205
2022-07-06,907.3143310546875,911.5362063835184,895.3684560432444,901.9410884215866,1390651
2022-07-07,897.3833618164062,911.8719657775442,895.5123021960601,911.8719657775442,1390277
2022-07-08,897.5751953125,904.0998628968174,890.282871547956,904.0998628968174,1072803
2022-07-11,909.185302734375,911.5361181202112,889.5153128170441,900.0219776807979,1037956
2022-07-12,897.8630981445312,908.9934107472465,896.1839526230212,903.7641186885597,672406
2022-07-13,914.75048828125,920.075825256679,894.4088863694312,902.372822049694,1511059
2022-07-14,912.6395874023438,929.4310423459314,906.8825171359708,914.7984887522335,1713101
2022-07-15,926.9362182617188,928.8072776930005,912.9753354595971,924.0097194404541,1046876
2022-07-18,928.1836547851562,935.9077711143702,921.1792308221944,932.3096021028539,846036
2022-07-19,921.7549438476562,934.5644016979165,916.7175073908656,919.4041284550312,1162631
2022-07-20,941.7607421875,943.1520458780499,920.0277785575943,926.6004689012447,1627220
2022-07-21,929.2870483398438,949.4367933219157,927.2240748327682,945.1189908257575,1681422
2022-07-22,932.7413330078125,936.9632080621409,928.3276024578815,934.0846728607212,977238
2022-07-25,920.9393920898438,940.1296276348038,916.3817111479157,936.4834945940516,1024751
2022-07-26,917.0054321289062,923.0503447110008,906.2588883363204,921.0833572484714,988405
2022-07-27,934.6124267578125,936.7233643621229,913.2632899003914,918.1568350600135,904733
2022-07-28,928.2796630859375,939.3140483159661,925.1612498687556,937.4429886728669,1043837
2022-07-29,937.8268432617188,944.111633748567,914.4147322527517,934.2766379399723,2941566
2022-08-01,963.8775024414062,989.2565995649555,948.2854367353631,949.9166183989389,4647912
2022-08-02,963.5416870117188,965.364724152844,951.835632241125,963.0139672751811,1184696
2022-08-03,970.8819580078125,987.0977302956,963.829569945983,969.1068846644529,4052763
2022-08-04,1002.2099609375,1004.5128124207615,973.9043660618119,976.5909870829863,2865077
2022-08-05,992.3269653320312,1003.6012279438592,990.2160864175702,997.8921801107297,1561405
2022-08-08,992.66455078125,1002.2580269037242,987.4097362990993,999.0762083109753,767289
2022-08-10,1001.1492309570312,1008.8144786091793,992.1824907052325,998.449616582082,1293683
2022-08-11,1001.1974487304688,1011.4176608488517,997.9192363951969,1003.2221888591328,838963
2022-08-12,990.3505249023438,1006.2111269472862,985.722446468327,1006.2111269472862,1140717
2022-08-16,997.4854125976562,998.8834166329008,988.5185549255613,990.350507510894,776409
2022-08-17,989.0006103515625,1005.5843414819564,987.5060948876675,1002.4990344752982,1102323
2022-08-18,995.219482421875,997.0032969142053,971.2598030857588,991.6520888310507,1201720
2022-08-19,993.1947631835938,999.4618888157648,983.5530314417922,992.182451968857,654004
2022-08-22,985.915283203125,992.9537357171369,979.1178739865004,979.5999605812746,993053
2022-08-23,1003.3668212890625,1009.296509755329,974.0077368326097,974.0077368326097,1868332
2022-08-24,1000.18505859375,1016.0939166023264,989.289971909062,1003.7043143592747,1562062
2022-08-25,989.0006103515625,1006.5485146336517,983.9868981930547,1006.5485146336517,1112617
2022-08-26,984.2279052734375,998.5940493961253,982.0103188758098,993.9660890563905,1264070
2022-08-29,980.8533325195312,987.3133043862817,955.7848306503483,964.1731488147283,1305557
2022-08-30,1001.24560546875,1004.861254943499,979.69635813863,982.0103973418541,1571042
2022-09-01,986.34912109375,1006.8378002953554,982.8781213330967,989.2416405104473,1528731
2022-09-02,979.2142333984375,994.2553110881106,975.7914304653633,987.3133114457748,1655229
2022-09-05,988.9042358398438,993.5321964399847,975.7432485234391,976.2253351086779,1275368
2022-09-06,1003.5596313476562,1004.6684540445754,988.1811161980074,988.2775099766696,1369910
2022-09-07,1013.828125,1023.8072941317992,995.9909207085117,996.8104443933303,2471263
2022-09-08,1018.2150268554688,1021.7824201679497,1006.5966941781925,1020.5772038195563,1755391
2022-09-09,1020.384521484375,1027.7603521394649,1017.2027029178068,1022.0235688084125,1092235
2022-09-12,1026.6033935546875,1030.2190429802147,1019.2274451872278,1020.3845236215493,936787
2022-09-13,1020.9630737304688,1024.9161604996893,1014.9369909429588,1019.1793767647517,1144685
2022-09-14,1021.9752807617188,1029.7369216789837,1002.7400735450777,1002.7400735450777,998799
2022-09-15,996.2802124023438,1024.8678535606318,991.6521339739631,1022.0235897057861,927244
2022-09-16,1006.11474609375,1022.0236040818161,996.9551005854696,1001.2938800367604,2850439
2022-09-19,999.1726684570312,1006.5484987938955,978.6357335703356,1006.5484987938955,2073673
2022-09-20,1053.16650390625,1058.228413544943,1002.2581084611944,1004.1864549902202,2491392
2022-09-21,1032.0509033203125,1062.3741000467708,1026.121215253041,1060.5904033623162,2283817
2022-09-22,1023.85546875,1033.4008062620594,1013.3459581093873,1023.132338903585,1634304
2022-09-23,1029.83349609375,1053.8414352205032,1025.1572790468435,1029.0139723138902,3268298
2022-09-26,1027.4710693359375,1042.4638901569476,1013.2012606301957,1027.519207371937,1219450
2022-09-27,1059.3369140625,1065.314857766179,1030.7010207154008,1032.5811111393452,2343041
2022-09-28,1057.842529296875,1077.6562156794273,1048.682884941321,1061.5545721542176,3450534
2022-09-29,1075.87255859375,1081.4648098006444,1049.1167543600318,1061.1207803911461,2093772
2022-09-30,1075.0048828125,1087.587390391814,1065.4596621075596,1079.6329613397463,1834565
2022-10-03,1090.23876953125,1103.8818428949685,1075.0530426949758,1076.7886014121734,2601710
2022-10-04,1103.640869140625,1106.3887392018726,1092.408227900411,1098.0486175412711,1911413
2022-10-06,1093.80615234375,1109.1847842742432,1083.7305902868418,1109.1847842742432,1561938
2022-10-07,1089.997802734375,1106.0994480975905,1088.5997986729722,1094.3365821349098,1182984
2022-10-10,1078.7650146484375,1090.9618275099585,1070.232106527666,1070.232106527666,1583891
2022-10-11,1070.3287353515625,1086.767936866054,1064.2545143013929,1081.609633353764,1538943
2022-10-12,1068.7376708984375,1077.9938272081483,1059.819069345558,1071.774839831504,1231143
2022-10-13,1064.1097412109375,1087.4426848154944,1061.6510525519018,1068.6895637624166,1438932
2022-10-14,1069.171630859375,1079.8739292978541,1065.7970248303193,1075.1494573177924,1131139
2022-10-17,1068.448486328125,1073.1729582433281,1059.4334910279335,1068.3038368180535,1076392
2022-10-18,1085.5142822265625,1089.7084117538243,1070.5214608478548,1073.799555294138,960283
2022-10-19,1081.8023681640625,1103.9783525381922,1079.0062422470692,1090.9620138838118,1300144
2022-10-20,1096.0721435546875,1101.0857971283413,1076.981467068614,1081.8023330805593,1633570
2022-10-21,1094.095458984375,1106.870752953569,1091.9260694424365,1096.0720609791297,1349759
2022-10-24,1105.810302734375,1108.799216212606,1100.6519994852931,1104.556830454668,129688
2022-10-25,1114.4876708984375,1123.1169727632366,1105.8101133015593,1105.9065070688098,2210622
2022-10-27,1124.1295166015625,1137.8207284656569,1114.8734777570396,1128.0343473016214,2359658
2022-10-28,1113.8128662109375,1129.8182359576492,1109.7633857310027,1127.1185038397412,1087865
2022-10-31,1125.5758056640625,1135.6513684218558,1117.524983066098,1119.4050737080272,1554670
2022-11-01,1131.3607177734375,1142.7861452538898,1121.9117744926166,1125.6720730511845,1491658
2022-11-02,1117.7177734375,1136.181713613786,1114.776998121522,1131.5054971694124,1479828
2022-11-03,1121.4298095703125,1133.867667214344,1109.8597313334315,1110.9202982990944,1992697
2022-11-04,1105.038818359375,1133.1444890860446,1100.121558857415,1126.0095842709866,1712836
2022-11-07,1090.38330078125,1110.7273281303683,1076.4991856402398,1105.0386837264311,2006468
2022-11-09,1088.9371337890625,1113.5716861272451,1084.694748566398,1100.2179120953879,2068940
2022-11-10,1082.0916748046875,1110.7275729664575,1078.9098560325226,1089.5157616771676,2028565
2022-11-11,1081.223876953125,1102.8695187535575,1076.6440541390396,1089.515743140294,1513809
2022-11-14,1089.0335693359375,1092.986655698526,1078.138365698077,1084.2127036018253,1501491
2022-11-15,1078.6688232421875,1094.2883828105873,1071.0518310291807,1094.2883828105873,1262746
2022-11-16,1081.0308837890625,1095.7345242597496,1077.222446942635,1080.7898405026579,1649021
2022-11-17,1079.391845703125,1091.8778409663457,1076.4510705052023,1084.6947980491432,1270387
2022-11-18,1062.904541015625,1086.6714335279678,1060.0601595061848,1083.7306582395631,1486381
2022-11-21,1064.880859375,1068.4965082492827,1054.5642549991412,1065.362945891571,1488424
2022-11-22,1064.5435791015625,1069.9429253428043,1057.890760653907,1067.7735356988028,1302811
2022-11-23,1068.3038330078125,1084.2609454622823,1059.2888377397742,1069.1716123682309,2192276
2022-11-24,1056.107177734375,1077.608288937314,1053.2629136397723,1073.6552020323475,2933085
2022-11-25,1065.7489013671875,1067.3398108034355,1039.8608725849188,1053.8896407541977,1454838
2022-11-28,1062.2777099609375,1070.2321380137423,1054.9017622271363,1060.5904070406457,673339
2022-11-29,1080.9827880859375,1085.5143549690551,1065.4113676349652,1066.3755408183451,1899345
2022-11-30,1098.8199462890625,1107.8349416394344,1079.873920484044,1080.98274313821,2680903
2022-12-01,1084.5985107421875,1104.1711570679508,1076.9815185398963,1103.9783694970288,1360439
2022-12-02,1074.4263916015625,1084.5984660323645,1059.626356387043,1084.5984660323645,2586376
2022-12-05,1075.3905029296875,1082.3326202511846,1068.4485033051085,1074.426329776445,1236554
2022-12-06,1069.846435546875,1077.7527254913616,1063.8686094764548,1075.0529937645788,1180968
2022-12-07,1065.70068359375,1082.4290650516828,1063.8687309768493,1071.1964237475286,1031921
2022-12-08,1067.8216552734375,1073.1246070603486,1063.6275260358982,1069.4607023833569,808315
2022-12-09,1068.20751953125,1075.8726494478185,1061.6510946451467,1075.0531257612868,994866
2022-12-12,1057.5052490234375,1070.2322886201493,1053.9377374432136,1065.4114224551936,1544297
2022-12-13,1070.1357421875,1072.6425686963069,1049.2131153979287,1057.6496299831806,1282727
2022-12-14,1072.83544921875,1078.9097873253556,1066.5201855143102,1074.088921430247,1013627
2022-12-15,1062.326171875,1078.042125793215,1059.963876709961,1071.3893065911907,710477
2022-12-16,1050.3702392578125,1068.3038360712499,1047.1884208261263,1057.0230574442098,1309491
2022-12-19,1057.360595703125,1061.072639097429,1045.5976116847062,1051.286257278317,779326
2022-12-20,1052.0577392578125,1058.083822494068,1049.4544006815872,1056.7339563097592,795748
2022-12-21,1087.5872802734375,1089.515626515057,1046.754572146526,1056.8301341802226,3224730
2022-12-22,1082.2362060546875,1106.2441432677542,1077.0297647167333,1094.33662729429,2070809
2022-12-23,1079.054443359375,1105.8583872799304,1073.3175422913903,1080.838140211955,2773210
2022-12-26,1057.2159423828125,1094.3366115864042,1054.8055093176442,1086.6232257778656,1279529
2022-12-27,1056.589111328125,1065.3149253189242,1051.0451157762811,1054.8536702952629,1209316
2022-12-28,1046.899169921875,1063.627549201915,1045.2600050793485,1054.8053420430688,872940
2022-12-29,1048.5865478515625,1058.6621101085282,1031.6652621276185,1047.0920324024241,1625961
2022-12-30,1037.402099609375,1055.769646009125,1035.0399223660233,1055.7213902707206,1185711
2023-01-02,1032.581298828125,1043.2354603588055,1025.73569226719,1041.5481571650644,895053
2023-01-03,1037.3538818359375,1042.2228854666948,1028.1942372092833,1031.7134926315384,952230
2023-01-04,1028.676513671875,1043.1872511674019,1025.8321318287715,1040.29473127763,1369415
2023-01-05,1049.3577880859375,1054.034004162839,1029.158408368589,1036.4861005165794,1605744
2023-01-06,1037.7877197265625,1053.9376195729922,1035.0398498592394,1049.3577972284822,824772
2023-01-09,1048.4901123046875,1057.6497578186356,1038.3181555363003,1042.994372075089,893437
2023-01-10,1040.053466796875,1051.1897130832629,1036.341423933716,1047.5740639898786,594426
2023-01-11,1010.0678100585938,1045.1154819671726,1005.6326369250585,1040.0535727209055,2168577
2023-01-12,1023.1323852539062,1025.976649033224,1005.7772681537213,1015.0815628051489,1188988
2023-01-13,1029.495849609375,1032.243719463939,1015.5153393594701,1025.8802004068134,1089004
2023-01-16,1021.6378784179688,1036.196869902703,1013.3460126058683,1032.1473896237696,825308
2023-01-17,1030.7974853515625,1032.7258316407608,1015.6117583241261,1024.7232651587383,762941
2023-01-18,1025.3017578125,1033.593623416194,1021.3968094512368,1030.604710171445,1299797
2023-01-19,1026.6998291015625,1031.2796518935468,1020.6256084377179,1025.3982187948047,376954
2023-01-20,1015.7081909179688,1028.7727846053622,1012.8156713736238,1028.7727846053622,954230
2023-01-23,1024.4822998046875,1026.121347196421,1013.0567530145156,1015.6600913211188,750581
2023-01-24,1024.0966796875,1036.3898890890803,1017.2510728934578,1026.8445500143487,712627
2023-01-25,998.1602783203125,1029.9779930602983,983.4566374177433,1026.748036466987,2226483
2023-01-27,1009.7302856445312,1034.5094873994396,986.5901310916845,986.5901310916845,2947920
2023-01-30,997.3407592773438,1019.1310495698214,991.6521139853938,1019.1310495698214,2118395
2023-01-31,981.4801635742188,1005.6326915193482,971.4045414244903,1005.6326915193482,2705095
2023-02-01,995.074951171875,998.7869942772842,978.7321455850906,982.4924444269917,1598213
2023-02-02,988.5667724609375,995.7980710470745,980.8533284539328,989.3380403586418,1291262
2023-02-03,985.6741943359375,990.9772054817462,974.296962994951,985.3849541621374,1617105
2023-02-06,992.9056396484375,996.5694273054457,973.9596121335286,983.4566949126624,979035
2023-02-07,994.3518676757812,997.7746119156891,984.7100768327784,992.9056078766001,965322
2023-02-08,1001.872314453125,1003.8970545647701,982.6371068471171,997.9192280071666,746863
2023-02-09,984.9029541015625,1007.1753321674106,983.4566942570668,988.5668594530559,1331902
2023-02-10,996.1837158203125,999.7029715844185,978.6840073270108,984.4208497096046,1106858
2023-02-13,985.3367919921875,1003.318586470429,982.4924693446086,998.8834133866678,1042379
2023-02-14,991.5074462890625,995.4605327086388,981.1425848113013,989.9165370344874,759416
2023-02-15,993.8696899414062,996.4246545281386,979.6962745909333,990.0611355346405,662924
2023-02-16,998.4013061523438,1000.8117390498627,991.5074445260558,994.7856568060653,667265
2023-02-17,989.0006103515625,998.6423418685166,984.5654373931472,998.4012985805928,1509783
2023-02-20,929.4629516601562,962.2448399967178,921.0264362794235,962.2448399967178,5829572
2023-02-21,931.3430786132812,944.0219203982509,928.9808425941284,935.0551217516216,2042234
2023-02-22,928.0648803710938,937.94765544194,924.6902742493413,931.9697699708579,1602953
2023-02-23,925.8954467773438,932.7893082096888,921.7495140799393,930.4270722668844,1216409
2023-02-24,927.3417358398438,931.3912748916733,920.7853701051222,926.6668028564621,1585383
2023-02-27,916.1572875976562,933.8980372551526,914.662831068533,931.005517967125,1377270
2023-02-28,873.9265747070312,912.0114144809965,870.7447562041096,912.0114144809965,5380673
2023-03-01,867.3701782226562,877.6386462359911,863.8991782778885,875.2764101506953,3496231
2023-03-02,854.6913452148438,870.6483999108485,852.8111957044802,869.6360298201795,1887367
2023-03-03,847.1707763671875,860.0424646018332,845.5798671029235,859.0782914352393,1892639
2023-03-06,849.3402099609375,853.82358010862,837.9147220362446,853.2932966092335,4090356
2023-03-08,845.8208618164062,852.136183925196,839.89117364303,852.0397901534567,2933956
2023-03-09,850.15966796875,864.7186588737422,845.5798455441948,845.8208888296977,6176157
2023-03-10,849.62939453125,852.9075479436785,840.0840567733695,847.6528513365056,1718841
2023-03-13,843.4586791992188,857.2463437908156,840.903655602182,850.9792181720479,1697362
2023-03-14,840.8071899414062,852.0398307618339,823.2592267111995,841.7231662104107,2444217
2023-03-15,846.495849609375,851.7506051756686,841.3374878210662,843.6515269773023,1286900
2023-03-16,851.798828125,858.1141508361806,845.3388558939565,849.4365920075,2023997
2023-03-17,842.735595703125,856.5715167936057,838.830705910819,855.5590878283908,2205087
2023-03-20,835.64892578125,845.4835042094377,830.9244535529801,842.7355752751927,997827
2023-03-21,831.4547729492188,841.1447611246571,829.7674697731823,835.7453556522615,888443
2023-03-22,832.4671630859375,834.9739898625373,821.4755650841591,833.0456434656261,1622488
2023-03-23,837.9628295898438,839.6983882732951,830.3940941865679,836.9022627041405,1865868
2023-03-24,845.8208618164062,847.5081647610386,835.1185638212638,837.962827420593,3166046
2023-03-27,857.439208984375,859.415752260838,844.6639141738596,849.4847801400917,3986238
2023-03-28,857.6320190429688,862.2118415167788,854.643105809971,859.8496055237534,3623017
2023-03-29,855.896484375,864.4775897735832,853.6306422498592,861.9225663326243,3049688
2023-03-31,868.2379150390625,870.3591077227863,854.9323374389162,856.9570774992908,2320879
2023-04-03,859.5121459960938,877.3975457356286,855.26976069711,877.3975457356286,2623264
2023-04-05,863.6581420898438,865.2007956672256,854.5466935992482,857.1499730034843,1612376
2023-04-06,861.3441162109375,867.5148483129262,857.1499862741778,866.7917184032461,1512783
2023-04-10,869.53955078125,872.0946332239436,862.1636613317156,864.8151375521311,919722
2023-04-11,874.6497192382812,875.6138924132787,869.6842038476605,872.5767233726527,1778775
2023-04-12,885.0628051757812,887.9071278998263,875.6621164283447,876.4334432225445,3449942
2023-04-13,882.9415893554688,889.9800417979468,879.6151801156414,888.8712779503115,1068355
2023-04-17,873.9747314453125,884.5806357052627,868.8163699734446,882.2183998049461,2604979
2023-04-18,891.1370849609375,892.3423014675117,864.8633651176208,872.5767507596954,1949777
2023-04-19,879.2294921875,892.7761127618222,876.4333665984631,892.7761127618222,1538261
2023-04-20,871.612548828125,880.9650403805967,866.7434860717307,879.3259342159845,4446158
2023-04-21,882.2667236328125,885.641330019249,870.6484477006311,870.6484477006311,3481218
2023-04-24,870.6483764648438,884.3396473107272,868.8646796316256,883.1826277317796,1784945
2023-04-25,877.0601806640625,879.3259641595184,864.1884330506764,872.1910588934006,2440358
2023-04-26,878.4581909179688,881.447163187663,867.8040886828827,879.1813208277954,1400796
2023-04-27,881.2060546875,884.4360111730356,870.6483470154614,878.5545785476411,2457652
2023-04-28,875.5173950195312,886.0751025156056,872.7213282640841,885.9304530073681,2695819
2023-05-02,884.8217163085938,888.0034759511045,873.6372723990482,877.7832640452312,1857324
2023-05-03,887.6660766601562,891.3781199263057,884.146820954486,887.9553168493367,2566561
2023-05-04,900.0556030273438,901.8875554855823,887.6660020365696,887.6660020365696,3393228
2023-05-05,891.6673583984375,901.694783159436,887.8588625109206,901.5019367508665,2262141
2023-05-08,899.86279296875,901.4055053244144,886.7018647241131,893.9813602680131,3877794
2023-05-09,905.5514526367188,909.2152989114206,895.8132683149117,901.5019135548021,2657968
2023-05-10,910.565185546875,912.7827721175229,899.7664340329177,909.6974061351834,1618668
2023-05-11,909.7937622070312,913.0719744614825,901.5018966435968,912.5416909978545,1537103
2023-05-12,903.8641357421875,918.8570165297225,880.2900903374991,914.8556743978957,3850078
2023-05-15,889.739013671875,906.3228044159875,864.7187074611243,906.3228044159875,5487301
2023-05-16,889.0640869140625,908.8778933137501,885.4966931418641,894.1742519685433,2964696
2023-05-17,890.8478393554688,898.6094218409477,884.1468238499452,891.8120125548689,1866976
2023-05-18,881.736328125,896.3435745961422,878.8920056194213,895.7168385217332,1881606
2023-05-19,883.4236450195312,888.9676406090126,880.2900822950418,884.1467748790288,1168086
2023-05-22,891.8118896484375,897.693321814835,882.6522455164865,883.4235722000126,1402783
2023-05-23,897.0667724609375,898.8986662392967,886.5572609988905,893.2100796452817,1577827
2023-05-24,904.3944091796875,906.2263616928891,890.4138985900229,890.4138985900229,1034319
2023-05-25,911.5775146484375,913.0719712583133,901.5018934810167,907.7208220560054,2178211
2023-05-26,917.26611328125,918.6159792461858,906.8048580226059,912.011416631976,1130476
2023-05-29,921.9906005859375,924.8349232280254,911.2400461220742,917.8928645833333,1744868
2023-05-30,925.4616088867188,927.052518182735,916.9286997314415,923.2922192185845,1337311
2023-05-31,918.9052124023438,930.4270933592302,908.5403509996373,925.7990739909693,3561991
2023-06-01,930.18603515625,931.8733381482411,912.8309186671985,915.9644813666105,1132919
2023-06-02,931.2466430664062,934.9105482319399,920.4479505210253,931.2948988042112,1098485
2023-06-05,939.8760375976562,941.9008366569097,924.7867621018519,935.2480179383754,1469770
2023-06-06,937.2244873046875,940.0206129451105,929.511102198371,938.0440697813086,2079735
2023-06-07,926.0401611328125,942.8649952320237,924.1600116242913,938.0923261253046,1614117
2023-06-08,930.8128051757812,935.103328718809,928.4987660201475,930.3307185890626,1481632
2023-06-09,934.5248413085938,936.2121443493882,924.7867158696781,931.3912785185469,717024
2023-06-12,925.5580444335938,938.3815357988879,920.9300249966742,938.3815357988879,1239721
2023-06-13,946.3359985351562,948.6017820223202,922.7137550668818,928.4987942836021,2158120
2023-06-14,943.6363525390625,946.7217186466136,937.7548605234417,946.3360258149958,1831109
2023-06-15,962.4376831054688,964.1731830652941,945.4681997744431,946.7698688806577,1804458
2023-06-16,970.0064086914062,971.0670344905249,958.1470904360781,964.1731727658648,1572197
2023-06-19,975.0201416015625,981.0944209488935,963.4018663934562,970.1992756356709,1015057
2023-06-20,974.9236450195312,982.2995338605082,966.6799180083581,977.5268652878435,1413571
2023-06-21,972.7543334960938,977.141309644236,966.3425583844904,974.007746845783,1140198
2023-06-22,962.5339965820312,970.9223143445703,954.6277653708053,967.1620157049457,2852669
2023-06-23,953.9530029296875,964.125018583249,950.3373533716588,964.125018583249,1776614
2023-06-26,985.28857421875,988.2774874707412,953.9046908305459,953.9046908305459,2313439
2023-06-27,973.0917358398438,989.3380296142099,968.9940000188685,987.313289571464,1651238
2023-06-28,973.718505859375,982.010371564423,968.0780575177494,970.9223801329151,1653212
2023-06-30,978.5875244140625,984.854649722884,968.993990056252,973.7184619053619,1963457
2023-07-03,965.9086303710938,993.0019306473835,963.2089573753689,983.9386796812452,1454455
2023-07-04,975.5985717773438,979.5999138625239,960.798537562997,971.8383318265135,1112255
2023-07-05,974.586181640625,982.2995666300221,969.3796820818563,980.5640667770992,748219
2023-07-06,984.661865234375,986.8794517903024,975.164782900997,975.7432632726437,1236819
2023-07-07,984.0833740234375,991.8931531969528,962.2930249721974,973.2846227001066,1914093
2023-07-10,980.27490234375,989.2417013169894,976.7074497408482,987.31335492066,1142988
2023-07-11,990.9772338867188,996.4729738918242,981.5282897163783,982.4442660000493,814514
2023-07-12,985.5778198242188,995.8944844467609,983.4084302056287,988.2774929132166,1163653
2023-07-13,984.1315307617188,998.883367958989,981.5764484143323,991.0253333685771,1419223
2023-07-14,993.9661865234375,997.7264855848304,982.8299388602599,989.3863637722742,787233
2023-07-17,995.6533813476562,1001.7758570307427,988.6631263298767,999.076125255456,1047614
2023-07-18,993.8696899414062,998.111957472463,982.9744867078605,995.6533866574523,780402
2023-07-19,998.6905517578125,1004.6683779451317,986.0598487413671,993.0983006559363,1069988
2023-07-20,1018.6972045898438,1019.9988148232486,990.2058404844778,1001.7276627278029,1280545
2023-07-21,1019.5719604492188,1032.256515944726,1015.7812828542243,1019.5234319924655,879139
2023-07-24,1019.5719604492188,1023.5085793689234,1008.9286850759188,1019.5719604492188,936947
2023-07-25,1025.2095947265625,1032.013545580401,1020.0094560185692,1028.3685719087018,599999
2023-07-26,1038.574462890625,1051.7450147706547,1012.9624724916114,1030.312522848912,1854416
2023-07-27,1138.6409912109375,1185.248120154435,1077.502735086455,1083.7720415884178,14590950
2023-07-28,1144.813232421875,1157.0603186682424,1123.332095398775,1138.6409828696023,4454009
2023-07-31,1142.0916748046875,1151.5686057232795,1132.7605665536003,1148.7012740854252,2221571
2023-08-01,1145.347900390625,1154.0473087231828,1135.3849723792196,1142.091747648902,1362536
2023-08-02,1135.5794677734375,1151.8117033901547,1121.2425710434757,1151.8117033901547,1861901
2023-08-03,1133.197998046875,1145.9310824224924,1117.7919329620006,1133.3924678348044,2574025
2023-08-04,1175.868408203125,1204.0075551359878,1138.2036834105058,1138.2036834105058,8359856
2023-08-07,1189.379150390625,1194.0932922830993,1141.3140297057214,1161.531529734069,2468250
2023-08-08,1230.9803466796875,1233.4589760069584,1189.7679431117467,1190.691288895606,5064238
2023-08-09,1230.5916748046875,1236.0348113864861,1217.1781251464351,1234.4309993499483,2105178
2023-08-10,1223.6904296875,1242.1097665696032,1213.144330317548,1230.5430271809712,2102129
2023-08-11,1215.1854248046875,1223.5446583128762,1210.1311093987115,1223.0586618833988,1286301
2023-08-14,1200.994384765625,1216.9350918071316,1197.1550603311366,1215.1854571538477,830936
2023-08-16,1208.721923828125,1211.1032591805256,1191.7120465924436,1197.058008009372,1665083
2023-08-17,1206.2431640625,1210.9573058001367,1191.7119179673007,1200.4112067825845,1855386
2023-08-18,1201.7720947265625,1221.7951255599373,1196.5233091203522,1204.2992526402247,1292509
2023-08-21,1199.244873046875,1210.4227912623412,1195.84289793782,1202.7925521679947,1101408
2023-08-22,1186.8033447265625,1205.5142082695488,1183.9360130987482,1199.2449014521007,1379445
2023-08-23,1196.18310546875,1224.6138982537416,1190.739968870979,1216.9837775955866,2562635
2023-08-24,1186.3172607421875,1204.9309473509845,1182.9152858035577,1200.6055080238448,848018
2023-08-25,1175.5283203125,1185.7342464859028,1171.2515275190628,1183.8387890056651,887533
2023-08-28,1194.482177734375,1202.3552970160667,1177.0834799405472,1178.0554729049902,1666004
2023-08-29,1195.3082275390625,1210.7629378461988,1192.926892476805,1197.4952114886155,1209087
2023-08-30,1201.529052734375,1221.6007299443731,1196.6690882114447,1200.1195918318388,1282450
2023-08-31,1222.3782958984375,1230.6402358768441,1188.94171507906,1205.4170665798306,3103295
2023-09-01,1210.5198974609375,1233.3617290272375,1204.9309386734385,1229.4737576968034,1167597
2023-09-04,1204.1534423828125,1220.2399731659807,1198.029957988674,1215.2828328512542,1126182
2023-09-05,1204.2506103515625,1230.5430669439354,1200.5084612479457,1219.8511445613262,2179947
2023-09-06,1221.552001953125,1231.514928565434,1207.7982795336432,1211.248901577031,2721714
2023-09-07,1214.310791015625,1225.6830606122608,1210.131174038275,1223.7390747905126,849621
2023-09-08,1209.7423095703125,1226.6550093406447,1204.2991731957677,1214.505098392342,787710
2023-09-11,1212.4154052734375,1217.6641910325318,1201.8693052977255,1209.742424610624,1162138
2023-09-12,1205.076904296875,1224.6139388198526,1200.362643578257,1212.9985519012698,1132283
2023-09-13,1194.09326171875,1214.991108789937,1189.038946166774,1207.2151656936812,1627384
2023-09-14,1199.1962890625,1209.4022149268617,1190.6913508421985,1195.5513155395136,1713142
2023-09-15,1200.897216796875,1207.166523483059,1193.8989154424614,1200.2168692337843,1938487
2023-09-18,1205.805908203125,1222.3783169007197,1202.4039328594477,1206.1946104640724,1864030
2023-09-20,1204.9796142578125,1217.5183470597938,1201.3832877986204,1208.4302366954973,1701959
2023-09-21,1172.6123046875,1205.5142419240483,1170.2794979049015,1197.4953001817596,1895731
2023-09-22,1152.6864013671875,1175.2365891382149,1135.822348318665,1173.584248672351,2796199
2023-09-25,1146.31982421875,1163.6213456213377,1144.0356645915351,1152.783600854342,1267600
2023-09-26,1131.0595703125,1151.8115951531063,1128.9697618315047,1147.9236235238975,1056359
2023-09-27,1147.4375,1155.69943879712,1137.328751153231,1153.7554531977976,2165043
2023-09-28,1131.4483642578125,1151.8115677202084,1126.4425771741344,1147.437599741524,1303811
2023-09-29,1152.9293212890625,1165.6137565544827,1132.3716491640732,1137.1344377706796,1878381
2023-10-03,1149.67333984375,1152.492024553869,1138.1551281532504,1150.839683954731,1581125
2023-10-04,1134.3643798828125,1151.8116052614128,1128.775420616776,1145.1048304118733,999123
2023-10-05,1128.5809326171875,1140.0990247534994,1122.8947978816896,1137.3288687184083,1446743
2023-10-06,1130.4278564453125,1148.6040780436397,1127.9492268403183,1132.3718424409192,928951
2023-10-09,1127.0257568359375,1134.1698808527265,1119.3956363737686,1126.5397603905576,822110
2023-10-10,1122.7005615234375,1131.0110304781977,1118.2779459151548,1127.609054979977,822199
2023-10-11,1139.1270751953125,1142.0917011141164,1114.389902406242,1118.7638706232747,1465239
2023-10-12,1125.4705810546875,1153.1237310687318,1120.1731486604017,1146.0282542257034,2533930
2023-10-13,1135.044677734375,1136.454019939994,1117.7918042342378,1123.6237614737208,940547
2023-10-16,1131.7884521484375,1137.3287637070741,1126.3453161405466,1133.6352622184718,802207
2023-10-17,1140.6336669921875,1145.056282143289,1128.1435819701612,1135.287706047614,877856
2023-10-18,1176.694580078125,1185.2966935060194,1143.2094721602257,1151.8115855881201,7367540
2023-10-19,1189.0390625,1190.6914031090257,1156.3314749210342,1176.5975048681435,2157683
2023-10-20,1166.5859375,1187.629609434261,1164.6905986327556,1187.629609434261,692067
2023-10-23,1150.645263671875,1176.3057817832798,1145.4450066399208,1166.3915014812806,957929
2023-10-25,1125.0330810546875,1155.4565048360919,1121.728400273284,1151.325535207866,1433911
2023-10-26,1118.6180419921875,1122.6518363900323,1100.2959989554256,1122.4574852642368,2016469
2023-10-27,1141.3626708984375,1164.3503268763363,1117.0628482265524,1119.73582872046,1775011
2023-10-30,1160.02490234375,1178.4442393595923,1144.521662737955,1152.7836025538977,2853500
2023-10-31,1166.3914794921875,1172.3206124493106,1157.7407189556584,1166.3428323866178,1720955
2023-11-01,1167.6064453125,1174.8477447968244,1153.3181974589638,1166.39145421436,1051902
2023-11-02,1174.6534423828125,1177.9095949305326,1161.1913641875792,1171.73746362638,1556467
2023-11-03,1172.5635986328125,1185.5883270836828,1170.2794390725592,1180.9713608581058,772013
2023-11-06,1170.376708984375,1182.9154420012921,1163.71858088418,1178.006830052525,1262938
2023-11-07,1182.3807373046875,1183.4013773288893,1167.1204959570134,1171.25146585734,1210644
2023-11-08,1206.2431640625,1207.6039778247753,1185.8313135827962,1187.775299342768,1107006
2023-11-09,1203.47314453125,1210.1312727837383,1197.4953639112978,1207.215293813175,751433
2023-11-10,1205.368408203125,1207.215218499564,1195.5513033449786,1203.1814241116404,576673
2023-11-13,1205.805908203125,1208.1872434831055,1196.1831542149982,1208.1872434831055,689808
2023-11-15,1206.97216796875,1224.711038164385,1203.03554931406,1224.711038164385,1323010
2023-11-16,1200.2169189453125,1211.3948376544754,1198.1271104128684,1206.2918747655096,1251094
2023-11-17,1214.4080810546875,1220.9203867108463,1200.8973545896297,1201.38335109088,992848
2023-11-20,1212.17236328125,1220.8231241171534,1206.243230118939,1206.7292265855463,848916
2023-11-21,1218.150146484375,1219.8511341215963,1207.3610486300101,1212.0265435297856,594738
2023-11-22,1235.8890380859375,1247.60160061451,1218.8791614311958,1221.7464931781162,1735497
2023-11-23,1137.863525390625,1234.4309974019718,1131.934392361746,1234.4309974019718,7643376
2023-11-24,1165.079345703125,1171.2514770594075,1145.0076680298607,1156.720230261047,5331201
2023-11-28,1158.9072265625,1169.0645052963341,1154.727609471665,1166.3915247188534,1691543
2023-11-29,1167.898193359375,1173.001156420395,1158.3726148515436,1165.1765655995705,2173427
2023-11-30,1178.3470458984375,1183.547184208596,1164.5446754599907,1166.391485709326,3219799
2023-12-01,1171.931884765625,1183.7416231650345,1169.79354767708,1179.464830336458,1078680
2023-12-04,1182.4293212890625,1184.9564790099405,1172.4663944142471,1178.3469987131418,2097408
2023-12-05,1190.1566162109375,1194.579231207731,1181.9433239614327,1188.3584531407973,2132150
2023-12-06,1171.44580078125,1195.4054496021208,1167.3634780438524,1190.6913077466438,1416770
2023-12-07,1188.5531005859375,1190.691437748236,1163.4756334568478,1172.2235705505084,1269290
2023-12-08,1184.95654296875,1196.7176335498793,1170.2794736327219,1190.6913249170136,1453955
2023-12-11,1168.627197265625,1184.8107853222737,1161.5802482212214,1183.4986185408543,1565455
2023-12-12,1165.079345703125,1180.2424116343448,1161.7258989140169,1176.694613720425,899911
2023-12-13,1182.4293212890625,1183.838663483935,1161.725825786174,1165.0792723641907,1809563
2023-12-14,1170.9112548828125,1188.3099512878514,1167.4606326738792,1184.9079761838511,1809248
2023-12-15,1173.2926025390625,1183.4985279601779,1169.161632725754,1180.9713701576256,1976112
2023-12-18,1182.7210693359375,1184.8107592578083,1158.7127722736464,1171.834677102145,1995091
2023-12-19,1202.452392578125,1205.4170183830215,1178.2497456434971,1185.296694166847,1738507
2023-12-20,1201.57763671875,1213.0472009835144,1196.523320841912,1204.2992644379601,2484819
2023-12-21,1187.6295166015625,1201.577591167917,1172.0776299990255,1201.577591167917,1580136
2023-12-22,1200.994384765625,1207.701159401247,1187.4351314828368,1195.5998954457039,1969524
2023-12-26,1210.08251953125,1214.9911311617345,1197.3494362069705,1205.2712021124407,820163
2023-12-27,1205.0281982421875,1215.3312992558865,1202.0635724354472,1212.0751467699195,2528609
2023-12-28,1225.48876953125,1228.4047484067353,1205.0282702943339,1205.0282702943339,2592699
2023-12-29,1211.394775390625,1232.0981525708464,1207.2638056452165,1228.59900192856,1794218
2024-01-01,1215.963134765625,1221.6007411244104,1211.7835177770621,1217.3724770295821,343584
2024-01-02,1245.6575927734375,1249.010920937151,1217.0323296591253,1219.9483084628696,2589484
2024-01-03,1263.736572265625,1270.3946997928517,1238.3675817154353,1254.8428136438956,2357093
2024-01-04,1260.334716796875,1271.3668133506217,1250.6147870311975,1267.4788414443508,1248143
2024-01-05,1250.857666015625,1265.0973854949914,1240.4087425137466,1263.590749064363,1013196
2024-01-08,1236.132080078125,1260.6749029772582,1230.7374715446513,1260.3347291624193,740848
2024-01-09,1253.239013671875,1258.7307972511812,1237.735774479063,1248.0388754212483,1133466
2024-01-10,1291.972900390625,1294.208531495556,1258.0504434911559,1259.7027839416003,3625567
2024-01-11,1288.5225830078125,1302.470659247817,1285.9954248619586,1302.324836563125,1097204
2024-01-12,1271.36669921875,1288.5223974453838,1263.9795769902817,1287.1129365649974,2051301
2024-01-15,1276.3724365234375,1290.5635084233302,1270.0058358862927,1279.142592419584,762036
2024-01-16,1265.8748779296875,1277.587439357338,1261.8897309326,1276.3724482819168,1030845
2024-01-17,1257.7587890625,1276.1294782590091,1246.1920500386627,1262.95892724989,2073596
2024-01-18,1285.89794921875,1290.028919010418,1232.3898116963828,1249.0595135271737,1723297
2024-01-19,1290.758056640625,1293.674035640063,1279.7259598230492,1293.674035640063,1135846
2024-01-23,1369.5379638671875,1385.0898499011655,1330.3666034585158,1346.2101348162205,7556815
2024-01-24,1377.6541748046875,1383.1946057737894,1355.7843335749014,1369.5380574563744,1808713
2024-01-25,1331.2901611328125,1373.8633809419816,1315.592451337426,1373.7662053777574,1801468
2024-01-29,1299.40869140625,1326.7703154141338,1288.1822445436324,1326.7703154141338,2480508
2024-01-30,1280.2117919921875,1314.1343670615718,1277.3444604713927,1307.330416936253,1908926
2024-01-31,1313.1624755859375,1315.0092859214253,1275.2547505320133,1280.2118908472298,1723379
2024-02-01,1348.785888671875,1355.7841896619623,1314.1829672849417,1321.6186175926082,2784507
2024-02-02,1353.64599609375,1365.358439868559,1346.2102263478857,1348.1542122343087,1161705
2024-02-05,1393.74072265625,1406.4738066433185,1355.2498253477938,1361.421956885075,2369316
2024-02-06,1385.527099609375,1405.4044237081646,1372.9884873172448,1404.383783799984,979752
2024-02-07,1398.454833984375,1404.0437933556418,1381.0561367330915,1395.7818534155083,890299
2024-02-08,1380.42431640625,1416.8740514048463,1377.945805617234,1407.4457674124687,1447767
2024-02-09,1399.4267578125,1407.0083497849412,1377.3625667578315,1388.1030169587352,1215784
2024-02-12,1394.56689453125,1412.0627677506698,1385.0899632040644,1399.6698575535809,453460
2024-02-13,1416.9227294921875,1422.5603360891587,1389.9499250034835,1398.6978615944145,981536
2024-02-14,1385.4300537109375,1414.0553157536456,1370.947335797547,1414.0553157536456,1113254
2024-02-15,1382.51416015625,1397.6772265715786,1372.4540567706993,1385.4301390304088,1402161
2024-02-16,1400.35009765625,1408.417686037552,1385.9646741933352,1389.9498212792955,857301
2024-02-19,1429.1697998046875,1432.3287768689843,1398.6491976685704,1404.4811553257334,888909
2024-02-20,1410.9935302734375,1437.5775126079336,1395.7818175152079,1433.689540971401,1550412
2024-02-21,1406.765380859375,1421.5396255757075,1393.3031841848774,1411.3337000587537,1074054
2024-02-22,1412.597412109375,1415.2217456331286,1380.7646427622012,1414.7843962629977,1582836
2024-02-23,1425.3304443359375,1440.8336839789054,1409.1467384567845,1415.3675168869413,1308103
2024-02-26,1428.683837890625,1439.7159343286428,1420.616367460634,1432.2316359481774,898290
2024-02-27,1445.790771484375,1449.2413936918504,1428.5378977499481,1432.1828710741229,1231196
2024-02-28,1435.633544921875,1452.1087774791747,1428.8295944720082,1449.6787951756507,1083605
2024-02-29,1438.8896484375,1448.2694035397135,1410.7505017823355,1434.6128559987656,4923680
2024-03-01,1429.704345703125,1452.1573574188649,1419.1095996195065,1452.1573574188649,1982189
2024-03-04,1430.2874755859375,1453.420952824946,1428.58648810223,1441.4653933360146,1147249
2024-03-05,1432.182861328125,1438.257816827076,1412.1113032807702,1424.1153916164026,1306046
2024-03-06,1443.6524658203125,1448.172256570345,1407.5915526834588,1434.661531426212,1158132
2024-03-07,1441.611328125,1448.706805275198,1434.1755585304156,1443.6524895339205,1569074
2024-03-11,1461.974609375,1476.4573284269306,1446.860189810764,1451.1855110871675,2183994
2024-03-12,1424.6986083984375,1471.5972663245673,1419.1096491637174,1469.653280503795,1855916
2024-03-13,1430.0445556640625,1437.5775006471697,1408.4177136157869,1428.8295645377548,1720173
2024-03-14,1454.7332763671875,1459.3987713491883,1413.6179270079936,1426.0108371547349,1748907
2024-03-15,1446.3740234375,1454.2956703289037,1424.9901805078323,1452.9349752454664,1537072
2024-03-18,1446.7628173828125,1453.9555887363683,1429.80158835342,1447.2974609505386,996530
2024-03-19,1395.490234375,1445.159169166493,1391.0190905240167,1441.0281991185714,1647925
2024-03-20,1377.7027587890625,1404.4325635118762,1375.953124110251,1395.5874518611677,1728210
2024-03-21,1408.1260986328125,1414.346877063873,1380.4243003559698,1387.0338996861242,1699939
2024-03-22,1439.7645263671875,1447.8806435956533,1410.41038736615,1412.305726117484,1746930
2024-03-26,1431.0164794921875,1439.7644151793534,1419.1095670291008,1431.7454741327847,1635695
2024-03-27,1422.3658447265625,1454.1014379413407,1417.1657062289269,1442.4375226637362,1642266
2024-03-28,1455.0247802734375,1471.7916584446602,1420.2275043031798,1430.7736039443485,2110407
2024-04-01,1456.6771240234375,1467.7092192590972,1451.9629823806151,1467.7092192590972,563831
2024-04-02,1447.6861572265625,1460.8080605448113,1441.7570246426849,1460.8080605448113,614238
2024-04-03,1430.2874755859375,1459.4959081239008,1425.9135077706899,1451.5254955807895,1465540
2024-04-04,1418.67236328125,1439.715915811344,1404.6269939069414,1437.577578773424,1474799
2024-04-05,1408.8065185546875,1432.7175199193834,1397.2397794329129,1398.6977687679732,1211684
2024-04-08,1421.490966796875,1431.5997166704763,1408.806530663709,1416.3394756262687,1039235
2024-04-09,1409.681396484375,1428.8296097807076,1406.5709479116508,1426.6426256841046,1225255
2024-04-10,1383.0972900390625,1414.5413561947344,1366.6220573628832,1412.4515476683287,2493253
2024-04-12,1357.6798095703125,1384.944140818696,1349.1262240895546,1383.1459775788446,2190583
2024-04-15,1342.7110595703125,1359.8181114378042,1337.0249246502076,1351.0215279453948,1125072
2024-04-16,1336.6845703125,1352.9654511645208,1333.1368911972697,1346.2101480626307,1433760
2024-04-18,1309.5660400390625,1344.8979571016332,1304.8032512500322,1337.4621879224962,2974196
2024-04-19,1308.0594482421875,1319.6747159638326,1297.6105245426866,1309.2744393700364,1173025
2024-04-22,1316.904541015625,1323.805666792431,1310.2464134609,1312.4333974596293,974434
2024-04-23,1308.9827880859375,1331.387271842175,1306.8444511712387,1331.387271842175,1031497
2024-04-24,1359.0404052734375,1362.6368501412758,1314.3287325329388,1315.5437236400176,4415480
2024-04-25,1366.8162841796875,1370.947253749785,1345.3352661454742,1367.5939259122938,2027213
2024-04-26,1369.683837890625,1377.5083096539943,1362.0050701431085,1373.5231624386438,695034
2024-04-29,1368.5660400390625,1380.3271307153523,1353.4029741211984,1379.2579622268677,1082487
2024-04-30,1360.7901611328125,1379.209380496123,1355.97884338083,1375.4187028255844,1327606
2024-05-02,1380.278564453125,1386.0618747448004,1358.991896222892,1360.7900593567465,1540210
2024-05-03,1384.846923828125,1393.8378584099185,1375.564343907411,1388.0059008433498,804513
2024-05-06,1383.5347900390625,1391.7480830135605,1365.6987431203736,1390.9219127355937,929301
2024-05-07,1348.3485107421875,1388.832038977346,1339.1632252478937,1383.5347251041674,1085239
2024-05-08,1345.9671630859375,1358.991891626019,1336.5388794528767,1336.5388794528767,1497782
2024-05-09,1320.7440185546875,1353.2084869500652,1315.106412194813,1348.9803415058987,1152636
2024-05-10,1302.0330810546875,1357.7768477589582,1280.3575928497082,1332.942382763877,5080539
2024-05-13,1375.02978515625,1386.013233778825,1331.1929289230843,1332.6022711730702,7910590
2024-05-14,1319.3345947265625,1370.5100468001408,1312.2876459043632,1370.5100468001408,3721994
2024-05-15,1367.3023681640625,1388.4432137884573,1347.862510118642,1355.9300986680826,7893092
2024-05-16,1381.299072265625,1385.9646855982724,1348.4457837741081,1369.537982026776,3226214
2024-05-17,1359.8668212890625,1380.1328511196268,1357.2910161709337,1377.41122332472,3443452
2024-05-21,1401.905517578125,1405.4531970214432,1357.2910162229268,1370.5100969740815,2939271
2024-05-22,1440.78515625,1452.9350677792906,1396.9968276378445,1410.3130832133552,4216347
2024-05-23,1447.4432373046875,1462.4119515557802,1421.7339541478868,1440.493464404022,4389470
2024-05-24,1444.81884765625,1452.0602661972819,1437.6261948739368,1447.4432997659824,758326
2024-05-27,1437.2373046875,1450.7480295338842,1433.8838580397437,1449.241393099917,1393334
2024-05-28,1438.014892578125,1452.886431865134,1433.8839226263426,1441.416867832534,784496
2024-05-29,1451.7200927734375,1455.6565929618243,1431.3567696329628,1433.9325746361185,1607691
2024-05-30,1425.524658203125,1454.6359146005423,1413.27757229728,1453.1779253581446,1732140
2024-05-31,1406.6680908203125,1431.4539100064396,1399.6697893342327,1425.8649507781952,3270743
2024-06-03,1411.673828125,1441.4654334708591,1405.5503442040392,1440.493440595963,1335614
2024-06-04,1421.5882568359375,1435.584859610565,1378.8205694320777,1419.1096274917143,2049577
2024-06-05,1455.0247802734375,1471.5973073177604,1425.7678165861216,1448.2694768186677,1834280
2024-06-06,1435.633544921875,1458.9613750357037,1422.997636943551,1457.9893821142941,1605122
2024-06-07,1455.31640625,1461.294186466145,1437.869180715309,1442.4375,1591055
2024-06-10,1491.2801513671875,1497.695280968502,1459.933379405909,1464.6961684884614,2751606
2024-06-11,1487.3922119140625,1503.1384502453384,1484.2332348261875,1501.7291079282643,1699446
2024-06-12,1497.7923583984375,1505.6169484250834,1489.093069714156,1499.2503476964605,1578793
2024-06-13,1501.291748046875,1507.5610550706183,1477.8180947356918,1506.5890621273104,1525789
2024-06-14,1520.9259033203125,1523.1128873640707,1492.7867560845477,1501.7290433806568,1845043
2024-06-18,1530.694580078125,1532.7842700471622,1519.808187598615,1526.0289663509798,2068897
2024-06-19,1516.1146240234375,1537.6928196707404,1509.8938455232976,1533.2216759102114,1881544
2024-06-20,1501.583251953125,1515.4827982921022,1496.869109979913,1514.3649826939638,1705002
2024-06-21,1498.375732421875,1519.1277575216031,1490.5511419597988,1506.4918495688953,2613883
2024-06-24,1462.2662353515625,1485.2052455180096,1453.178124889717,1485.2052455180096,1283529
2024-06-25,1457.69775390625,1475.2909209116783,1453.6154310489517,1469.2644935372366,1199626
2024-06-26,1437.6746826171875,1464.9876595280684,1433.6895354354253,1461.5856843592387,1930909
2024-06-27,1439.42431640625,1444.5758076106517,1424.2612508221118,1439.5214919664315,2792582
2024-06-28,1439.3271484375,1450.4077726891542,1434.7101821154845,1444.6731094419388,2087765
2024-07-01,1437.6746826171875,1451.8657553054393,1430.9679078397703,1443.3608173833647,1313651
2024-07-02,1446.9571533203125,1450.942300201861,1437.820396967746,1438.5493915918635,1191962
2024-07-03,1442.1944580078125,1457.9893425521273,1433.3006992879493,1452.1573851819187,1061247
2024-07-04,1439.2784423828125,1447.2487364569447,1425.9135404191024,1436.3624637725484,1498413
2024-07-05,1467.612060546875,1473.5411933332907,1444.3814071855343,1445.3534000571262,2188675
2024-07-08,1445.4022216796875,1481.949134333935,1441.6599537510372,1473.541371249214,1524489
2024-07-09,1469.701904296875,1472.56923587644,1445.6450801464184,1454.9761882078153,1791406
2024-07-10,1470.819580078125,1474.7561987067902,1450.4563766816332,1469.750411639313,671042
2024-07-11,1463.8212890625,1476.457196604208,1453.1293672964393,1474.5132108285607,1314312
2024-07-12,1469.701904296875,1472.56923587644,1460.322149130139,1463.8699469270673,1192685
2024-07-15,1474.7076416015625,1489.0445374713665,1470.8683169478688,1474.1244695676635,1825510
2024-07-16,1468.09814453125,1481.7545740006194,1461.002548684901,1474.7076252613404,963199
2024-07-18,1464.4532470703125,1470.6253787631122,1443.9927473803962,1455.0734910828676,2169744
2024-07-19,1443.8955078125,1463.8213630196062,1438.7438977861677,1459.544570366809,868261
2024-07-22,1448.269287109375,1464.8418119828573,1429.461249963449,1433.7380420583606,1328847
2024-07-23,1455.9481201171875,1461.877252797842,1433.8352826829116,1448.2693528382877,1241630
2024-07-24,1461.391357421875,1468.9729496698899,1443.4094883747816,1453.4695913816433,2266300
2024-07-25,1458.0380859375,1466.4457301135594,1448.0751581055022,1456.0454529105066,2200932
2024-07-26,1530.888916015625,1555.188740079365,1458.9614367869544,1462.6064103965155,4687416
2024-07-29,1510.42822265625,1544.4966190776122,1485.9826977097089,1543.5246262399296,3983153
2024-07-30,1486.080078125,1520.2456548096918,1483.261274776844,1510.4770779837584,2988651
2024-07-31,1501.0487060546875,1505.1796759433264,1480.8798530689803,1487.2463354711717,1645138
2024-08-01,1502.8953857421875,1509.018988518506,1492.543756201069,1502.652387515373,1529481
2024-08-02,1498.58251953125,1510.9334500365703,1493.5832279617493,1498.778518564061,1353707
2024-08-05,1485.104248046875,1497.7491766978533,1442.905107204811,1442.905107204811,1719770
2024-08-06,1501.62109375,1511.8644953155474,1475.9388808044705,1483.0946397515404,1775016
2024-08-07,1522.84326171875,1526.1270231603692,1501.8171611918447,1501.8171611918447,1359682
2024-08-08,1538.9190673828125,1558.2297583501331,1514.4622650751921,1514.4622650751921,3541556
2024-08-09,1543.6241455078125,1549.946609623547,1530.6360395049685,1543.6732050915864,956684
2024-08-12,1554.89697265625,1561.513555518617,1539.9974561477102,1543.575216339854,1731555
2024-08-13,1552.1522216796875,1574.9426730781324,1548.7704606255102,1568.3751500005164,2281463
2024-08-14,1532.890625,1565.4343596929118,1524.2645142908439,1565.4343596929118,896638
2024-08-16,1544.9473876953125,1549.2113833314613,1529.165638054586,1536.0272787381643,909870
2024-08-19,1544.359375,1553.6225426836415,1538.673967330579,1547.251018762664,742635
2024-08-20,1531.95947265625,1547.7902838481411,1527.401358275159,1545.3396975849237,1413845
2024-08-21,1563.0819091796875,1564.6013205171278,1530.1460539236007,1534.70416827839,1074905
2024-08-22,1554.4559326171875,1567.394980276154,1544.898646152089,1567.394980276154,906819
2024-08-23,1543.42822265625,1554.455860372692,1537.4486967017574,1548.8195122065106,770573
2024-08-26,1562.4447021484375,1564.4542306962408,1535.5863731118816,1538.9681342062017,658120
2024-08-27,1566.4637451171875,1587.7838448733144,1555.1419891078192,1555.1419891078192,1570234
2024-08-28,1586.21533203125,1597.7821463525177,1563.6699397821042,1572.2960507665266,1433847
2024-08-29,1586.5584716796875,1609.8390392034871,1577.197185086056,1589.9402325727674,2749546
2024-08-30,1622.1900634765625,1630.8160550985635,1583.0786838269785,1583.0786838269785,3296701
2024-09-02,1614.1031494140625,1648.362297030123,1609.5450350969286,1636.0113663683153,1306971
2024-09-03,1620.5235595703125,1627.0421426534217,1610.8193341533445,1610.8193341533445,1264708
2024-09-04,1619.249267578125,1625.2286736280023,1598.566345180588,1602.7323414790917,1019049
2024-09-05,1595.5765380859375,1627.1400377740692,1591.3125423948495,1618.4649873009898,1081756
2024-09-06,1579.2066650390625,1599.693468105127,1576.265961863166,1595.5765315218794,913336
2024-09-09,1588.1268310546875,1604.447758197994,1578.1774276877602,1579.2067216992614,1003511
2024-09-10,1599.7425537109375,1611.8484247171357,1592.1947966330301,1600.7227881188487,1248269
2024-09-11,1596.1646728515625,1619.6413586958517,1592.1457357140025,1594.9393798427016,1243738
2024-09-12,1624.4935302734375,1627.189174991043,1598.3213185146035,1602.683313921901,1728200
2024-09-13,1626.89501953125,1636.207246524228,1611.0152697851806,1626.1109037895123,747149
2024-09-16,1626.60107421875,1638.8049452879297,1621.45484334373,1628.365424438527,683436
2024-09-17,1638.7559814453125,1649.7345592888,1623.9543457042837,1627.1891672129577,958137
2024-09-18,1618.9552001953125,1639.9322414411274,1605.6730951389452,1639.9322414411274,1084127
2024-09-19,1605.3299560546875,1635.0311085880944,1600.4778432537237,1627.189232767528,2048750
2024-09-20,1606.26123046875,1619.9354533964474,1577.9814900768188,1613.3679303420572,2504382
2024-09-23,1625.375732421875,1631.9432551929374,1605.6239848670066,1614.2990355790143,1129445
2024-09-24,1605.1829833984375,1626.7970813871684,1592.8319335105607,1592.8809930964358,1476260
2024-09-25,1610.72119140625,1616.406599047596,1586.2643898779697,1605.6240201576484,759761
2024-09-26,1589.744384765625,1619.7884769333366,1570.6298117174065,1610.721307666874,2613098
2024-09-27,1639.442138671875,1645.8627222648117,1597.7821740120517,1597.9292331129448,3866952
2024-09-30,1621.40576171875,1645.7156236704643,1613.7600048885913,1641.8926854266228,1313437
2024-10-01,1631.943359375,1634.099947037779,1618.9063125113948,1627.1892460514762,945740
2024-10-03,1623.8074951171875,1644.8334771015097,1607.9276245568499,1628.414549365246,1533472
2024-10-04,1591.2147216796875,1623.660459901407,1546.1239343972584,1612.5837621190149,2371220
2024-10-07,1592.5379638671875,1612.3386524007542,1580.1870334127088,1590.920553051803,1553239
2024-10-08,1608.2706298828125,1620.523560626899,1591.7537031712893,1592.5379386019215,1239808
2024-10-09,1647.2840576171875,1668.408158703437,1598.2723332013236,1598.2723332013236,1671718
2024-10-10,1586.901611328125,1660.5171962751701,1582.1964379975097,1660.468136688538,2288313
2024-10-11,1564.2091064453125,1581.902385936922,1542.6439487816453,1570.4335712030934,1894245
2024-10-14,1566.855712890625,1574.2074712851022,1539.9973846154885,1568.3751241551606,2301224
2024-10-15,1540.6834716796875,1573.2272070263268,1537.0075925520916,1570.237563797063,2206500
2024-10-16,1531.322265625,1541.9088459330706,1519.755570488806,1530.5381498309953,2519123
2024-10-17,1527.891357421875,1547.496046012173,1521.4708937030662,1531.3221779251771,1498368
2024-10-18,1521.02978515625,1531.1753076862615,1505.9832099146902,1518.4322595266622,1879293
2024-10-21,1493.6322021484375,1530.3909930134525,1487.1626788876995,1521.3238246000822,1297970
2024-10-22,1480.4970703125,1496.523879559324,1471.8220194043588,1492.8970599752504,1757792
2024-10-23,1456.2362060546875,1484.1728865572497,1453.001504317324,1475.0077188151063,1925211
2024-10-24,1462.8038330078125,1478.1934651198592,1452.756430476328,1466.4306524000726,1178365
2024-10-25,1459.47119140625,1476.9683535446097,1449.5708467492047,1462.804012684398,1175088
2024-10-28,1473.439453125,1483.290737657793,1442.6110075499994,1467.2149882327828,928896
2024-10-29,1448.345458984375,1487.1627192601088,1421.3399520327425,1480.1540190134078,3475282
2024-10-30,1390.217529296875,1411.5376289000528,1375.2689537130377,1411.5376289000528,5064434
2024-10-31,1521.078857421875,1534.9981392030652,1488.0450032419565,1529.2148514853711,17447689
2024-11-01,1528.724609375,1542.3497718356514,1521.078733177028,1534.164838511136,538362
2024-11-04,1553.2794189453125,1571.2666964001453,1532.1063796645615,1552.6913022320316,4190449
2024-11-05,1569.5513916015625,1578.1284432474,1546.4669415378542,1552.2992887940122,2238168
2024-11-06,1562.542724609375,1580.4809426956426,1549.7506175690883,1578.3734147617513,2074821
2024-11-07,1544.99658203125,1570.3356191198748,1527.744479310752,1568.375150182147,1512145
2024-11-08,1561.121337890625,1566.169569164453,1537.6937109529988,1543.96723527108,1718495
2024-11-11,1522.108154296875,1568.1301154479472,1513.9721602183806,1558.6708287478382,1725382
2024-11-12,1495.004638671875,1526.176023290657,1491.8678165464594,1520.392735594087,2782808
2024-11-13,1475.841064453125,1495.7398730057027,1471.5280086480182,1486.5256446169594,1552443
2024-11-14,1470.1065673828125,1487.0156110816647,1460.7943404182272,1467.4109227351694,1469143
2024-11-18,1436.2884521484375,1475.3998285731832,1431.9753968642954,1467.9010114944788,1760344
2024-11-19,1442.464111328125,1456.4813927377459,1428.0545925335475,1436.0435275569232,1116002
2024-11-21,1436.5335693359375,1448.8844993270752,1425.1138141981796,1440.9446243083098,1363706
2024-11-22,1457.118408203125,1466.5776939167745,1431.1912566736175,1437.0236033809495,704859
2024-11-25,1473.5865478515625,1477.703484821885,1458.0987951393395,1466.3327887375146,2453548
2024-11-26,1463.1959228515625,1485.05519905713,1460.598397272302,1485.05519905713,873585
2024-11-27,1461.6766357421875,1472.3121556782648,1439.474301340567,1457.7066383249178,1676606
2024-11-28,1463.2449951171875,1475.2528672928267,1444.7675994151582,1455.7461775413033,4358321
2024-11-29,1503.5816650390625,1517.1088288187586,1460.5493482301715,1460.5493482301715,3256635
2024-12-02,1477.8994140625,1517.8930269892232,1474.5667126998765,1501.7191587649272,5328936
2024-12-03,1503.5816650390625,1518.775299198504,1478.6836857753112,1487.0647382875622,1951182
2024-12-04,1471.184814453125,1506.3752542809605,1462.7548223203275,1499.7586719049093,2971135
2024-12-05,1468.63623046875,1477.2132817062616,1441.0426074131371,1477.2132817062616,4084059
2024-12-06,1448.1983642578125,1483.33974448273,1446.8260121305202,1483.33974448273,3768932
2024-12-09,1439.9644775390625,1455.4031708823165,1438.2981267555017,1450.7470570168907,2144057
2024-12-10,1426.4371337890625,1449.7667617258219,1423.594549590131,1447.757233226207,3397465
2024-12-11,1425.35888671875,1438.8861699623899,1419.3794805182376,1427.3193556144934,2448702
2024-12-12,1416.8309326171875,1432.465624614102,1410.1652903311358,1431.1423320057393,2651833
2024-12-13,1418.693359375,1420.8498272898705,1395.6578499294587,1416.5367718026046,1318852
2024-12-16,1419.820556640625,1428.7407859584052,1407.7146849833148,1419.379498996351,2076469
2024-12-17,1422.173095703125,1453.6876564897514,1419.3794515152797,1440.9446089278047,3500888
2024-12-18,1443.2972412109375,1453.638642957781,1424.4766678056058,1426.2411376946304,2499842
2024-12-19,1476.772216796875,1480.2030372749664,1421.2419128414062,1421.3399123521328,3426222
2024-12-20,1442.9542236328125,1476.8212533449325,1440.0135201734806,1476.7723134151283,2196991
2024-12-23,1446.8751220703125,1461.5295793794837,1429.9660776408718,1444.8165339789678,760728
2024-12-24,1446.5809326171875,1458.1966864607223,1432.4165932355281,1446.8259912200365,909994
2024-12-26,1461.0885009765625,1465.401436811845,1437.2687560818129,1446.5809833164435,1254464
2024-12-27,1476.8211669921875,1482.849632662827,1454.6678928254075,1459.17694726789,1446303
2024-12-30,1491.3287353515625,1496.5239062088974,1465.5485211218188,1479.1738040836508,1501086
2024-12-31,1498.778564453125,1505.5911464285352,1484.663163590209,1487.897985333337,1664122
2025-01-01,1498.87646484375,1517.2558606743276,1488.6820026915514,1501.670109078493,1578715
2025-01-02,1507.5025634765625,1512.9427928033663,1497.0630427987446,1504.561860167742,1448048
2025-01-03,1481.3792724609375,1508.5807777120813,1475.3508068251253,1508.5807777120813,1581838
2025-01-06,1461.921630859375,1479.4187912403706,1450.256817386204,1470.351622899159,981443
2025-01-07,1467.8519287109375,1480.1539180785044,1458.5397020740197,1460.5492304218353,1045516
2025-01-08,1465.3525390625,1483.0947591097695,1458.1478396103594,1475.1548838021547,1277871
2025-01-09,1458.7847900390625,1469.7634871423388,1451.7271502035792,1460.6472593354463,995821
2025-01-10,1439.7684326171875,1468.0971129800785,1436.1905528820648,1453.7857136971159,930723
2025-01-13,1410.75341796875,1435.0142213868546,1407.9597736278681,1431.142343047785,873093
2025-01-14,1419.134521484375,1423.251458591304,1406.0973545498766,1407.6167659137022,1028726
2025-01-15,1418.59521484375,1426.2410912371024,1401.5881714673758,1426.1920316527448,1126634
2025-01-16,1414.968505859375,1425.5550863606154,1402.568515458093,1423.0554405135765,1080833
2025-01-17,1413.792236328125,1420.996935814229,1405.6562422928464,1414.968469839417,658778
2025-01-20,1416.8798828125,1420.898939910947,1400.6570739451615,1413.792239923125,738447
2025-01-21,1399.7747802734375,1435.8474555272473,1396.8340769535353,1421.8300551727039,820225
2025-01-22,1410.9495849609375,1412.4688766648164,1392.1290104765708,1402.8135906226257,808605
2025-01-23,1422.4671630859375,1429.377743760874,1404.234827310814,1404.234827310814,1070838
2025-01-24,1383.5029296875,1422.320190060896,1380.1701086187054,1416.683841961068,1615412
2025-01-27,1368.50537109375,1386.9338276857043,1356.8405565306264,1380.2681851760528,1448841
2025-01-28,1392.52099609375,1443.8853037429255,1339.098220089684,1367.4760784037883,5627159
2025-01-29,1395.8048095703125,1426.2411373752486,1382.718703478478,1411.5376204950912,3775947
2025-01-30,1428.6427001953125,1440.7486917932497,1397.8143735504962,1402.715545968275,1773294
2025-01-31,1450.1588134765625,1461.5295087276477,1423.3983661579775,1431.14224194659,2083385
2025-02-01,1411.0474853515625,1457.118504324486,1399.0396133852153,1450.158863687741,1306859
2025-02-03,1392.47216796875,1410.8515648586747,1378.3567672257814,1406.6365086422393,1757831
2025-02-04,1420.4088134765625,1434.3280951547763,1395.363774784093,1397.7163614549606,1750660
2025-02-05,1408.4010009765625,1429.1819248604918,1401.0492421038234,1429.03486575153,2516488
2025-02-06,1442.4149169921875,1446.1398555684607,1409.7241237427947,1415.4094114580041,2918537
2025-02-07,1443.150146484375,1452.5603731259725,1426.2411024858316,1444.3754395277476,1445335
2025-02-10,1430.0150146484375,1448.3944107298537,1403.2546857484115,1447.0220585576026,1282801
2025-02-11,1424.427734375,1438.9841922245123,1414.87044835716,1436.0434888344078,1938792
2025-02-12,1420.5556640625,1433.396830604294,1406.7834423484885,1424.427661790014,1791670
2025-02-13,1443.0521240234375,1463.4899877303646,1418.4972039617378,1420.5556723103632,1879916
2025-02-14,1430.6031494140625,1450.8940747380839,1410.1163447165757,1448.7865466960259,1703559
2025-02-17,1445.502685546875,1451.43303188736,1422.614236180499,1428.6425820297277,1113888
2025-02-18,1452.805419921875,1454.5208301686487,1437.121669094229,1445.5027213057615,967394
2025-02-19,1435.2103271484375,1444.8656127731158,1398.1574162170245,1426.1920982049974,1210464
2025-02-20,1450.452880859375,1453.687702436506,1432.6126615717826,1433.1027788011947,1652209
2025-02-21,1446.5809326171875,1472.3120859163243,1439.6212922277823,1459.5690385681805,1413123
2025-02-24,1447.561279296875,1459.5691517677649,1428.789764931284,1431.142351632597,1403090
2025-02-25,1434.426025390625,1453.0995390954263,1425.8489741509566,1441.9248426916681,992994
2025-02-27,1412.6649169921875,1435.3573686892653,1407.6166855879953,1423.3004369594494,1260808
2025-02-28,1379.6800537109375,1420.0656671004228,1372.3282949877887,1411.5376748445826,3340343
2025-03-03,1379.72900390625,1390.0704052290373,1368.4072485072395,1372.3281861820453,854264
2025-03-04,1374.0926513671875,1377.229353633451,1361.839721174719,1374.7297080111787,1456530
2025-03-05,1391.6878662109375,1403.5977387597788,1365.564594077621,1367.5250629858247,2187830
2025-03-06,1432.857666015625,1435.504251091383,1391.6878203014767,1396.7849914316482,1525159
2025-03-07,1429.6229248046875,1442.0229148675287,1422.8594026408912,1436.9746833805782,678497
2025-03-10,1433.8380126953125,1452.9035258283168,1428.2016643288807,1429.5249569703628,905854
2025-03-11,1417.1739501953125,1430.1620566038118,1409.5771332393979,1419.3794776986426,1231247
2025-03-12,1425.554931640625,1428.2015166499268,1409.3320045047578,1413.4980006926523,1254797
2025-03-13,1433.0047607421875,1436.729579843001,1417.075950992428,1427.6134712884227,804032
2025-03-17,1463.097900390625,1467.3618962707249,1426.9272256434383,1430.9952224986582,1329884
2025-03-18,1463.097900390625,1463.097900390625,1463.097900390625,1463.097900390625,0
2025-03-19,1469.5184326171875,1485.055124009479,1466.9207875116736,1485.055124009479,1015731
2025-03-20,1482.16357421875,1487.6038037180228,1465.8915863347268,1470.008642892111,984355
2025-03-21,1493.7303466796875,1498.680578859784,1480.1541225336507,1483.9770610862709,2846648
2025-03-24,1493.9263916015625,1504.6599111831476,1485.2512208175785,1494.9066260713887,826040
2025-03-25,1481.330322265625,1503.6797166340193,1475.301975842172,1499.758778650619,1092805
2025-03-26,1447.02197265625,1482.4574701291244,1443.1991542242754,1477.2132400233854,1375794
2025-03-27,1453.5897216796875,1459.5691280241708,1433.494915014479,1435.7493825043512,1848444
2025-03-28,1413.694091796875,1449.4237096949848,1406.0972747240944,1445.845829980815,1495932
2025-04-01,1415.70361328125,1437.0237127023108,1400.7550378251037,1410.1163247442585,1080262
2025-04-02,1423.6434326171875,1435.0631875149136,1400.1668661762465,1412.5177959077803,1054143
2025-04-03,1466.1365966796875,1493.1911628137955,1450.7469639120088,1452.7074327821601,3488899
2025-04-04,1387.27685546875,1466.136671956532,1362.574994299568,1466.136671956532,2768438
2025-04-07,1357.33056640625,1373.6514935858106,1308.6129631324193,1309.593197561732,1604721
2025-04-08,1404.2349853515625,1409.1850977979543,1355.3212597128356,1367.2311328576232,1324180
2025-04-09,1387.619873046875,1394.8736319583463,1368.4563612118857,1388.5021079894573,1701314
2025-04-11,1434.132080078125,1459.0789993179983,1419.9186803534956,1431.1423171006231,2311803
2025-04-15,1452.5113525390625,1456.530289566644,1433.20066345334,1452.9033505651546,1720323
2025-04-16,1466.8228759765625,1469.3714616516577,1435.4553731260935,1438.101958316091,1023697
2025-04-17,1485.2510986328125,1491.9167403422898,1456.6283023315657,1468.391115001807,1211601
2025-04-21,1481.232177734375,1494.8574598242774,1475.252771826582,1494.8574598242774,570266
2025-04-22,1497.9942626953125,1504.3657867226839,1472.9982838187013,1484.9572160953612,954974
2025-04-23,1503.3856201171875,1508.5809108831772,1486.0355171532792,1502.6995038232037,819016
2025-04-24,1521.02978515625,1525.2448412566673,1494.759573052516,1503.3855646275738,1590469
2025-04-25,1495.73974609375,1535.7332391882978,1483.5848151861578,1525.244778612264,1353813
2025-04-28,1524.362548828125,1534.0668936845352,1495.7397511348481,1495.7397511348481,1207247
2025-04-29,1511.0313720703125,1529.7538257298186,1500.7389105674008,1524.2645368597703,1385331
2025-04-30,1519.46142578125,1539.7523510749306,1507.600612643196,1511.5215505174306,2315010
2025-05-02,1484.5650634765625,1521.8139722993485,1483.5848290338577,1507.110455658775,1578868
2025-05-05,1512.40380859375,1518.3832150118712,1498.0924090654926,1501.7192287915989,786898
2025-05-06,1481.5263671875,1501.6211733518164,1465.4504983245417,1499.7587039709358,1788719
2025-05-07,1478.977783203125,1487.7998932363043,1469.7635554591882,1470.3516721965616,1424662
2025-05-08,1457.41259765625,1478.8796359364678,1448.6884873021197,1470.351644262753,2773328
2025-05-09,1450.7469482421875,1457.020472490415,1434.7690792600247,1440.8466044863635,1042380
2025-05-12,1481.722412109375,1486.9177027026174,1433.2988049942098,1448.7865576001732,1706217
2025-05-13,1490.0543212890625,1509.4630107120788,1467.5089295779428,1485.0551496672317,4042184
2025-05-14,1465.2545166015625,1476.13509516069,1445.4537087430122,1465.450515630275,3417567
2025-05-15,1472.5081787109375,1482.9967593753397,1445.845848886017,1465.4505383624376,3918531
2025-05-16,1470.253662109375,1480.3500050579978,1462.5097860933276,1479.8598878374573,1660861
2025-05-19,1462.11767578125,1481.8203642151423,1459.569090153052,1470.2536695463893,1857648
2025-05-20,1425.653076171875,1468.1952772673196,1422.5162539873884,1465.8426905433375,3573210
2025-05-21,1453.0994873046875,1461.5294791482845,1425.8489233314706,1430.1619785897701,2001251
2025-05-22,1439.4742431640625,1460.2551649674333,1431.2402501194645,1453.6876422283315,1804507
2025-05-23,1454.864013671875,1459.5691871886866,1432.122620874863,1439.474379708923,915286
2025-05-26,1454.864013671875,1464.3723602251123,1449.2767248210027,1456.7264831746768,885022
2025-05-27,1451.237060546875,1462.4117568797535,1446.63000663037,1456.3342316739665,881728
2025-05-28,1439.4742431640625,1456.6283454830077,1436.0434227002736,1455.6481110647824,1090511
2025-05-29,1447.7083740234375,1450.2569598219322,1434.083090381539,1445.8459045200068,1384536
2025-05-30,1436.7294921875,1459.5690012521013,1428.2995003965266,1446.8259542297526,7040777
2025-06-02,1441.140625,1445.6497991474382,1429.1818127018557,1438.9841570962442,962897
2025-06-03,1444.081298828125,1450.158824023049,1431.5343700540484,1443.2971830871013,870331
2025-06-04,1442.80712890625,1458.588879816849,1436.925722132795,1444.081361912649,1297075
2025-06-05,1460.3533935546875,1469.1755039797279,1445.8458752149422,1446.8261097066134,1570159
2025-06-06,1474.4686279296875,1476.1350983074024,1454.667939686454,1460.3533474215549,861882
2025-06-09,1476.8211669921875,1481.8203386492337,1467.4109404040669,1481.8203386492337,689631
2025-06-10,1480.938232421875,1483.2906993401116,1475.2528248352478,1479.0757630636679,929786
2025-06-11,1491.622802734375,1497.7003284775728,1479.565990082323,1482.6046931251556,1046396
2025-06-12,1473.0963134765625,1507.5025172021224,1464.960320042226,1496.817938243211,1199034
2025-06-13,1475.4488525390625,1480.6441430091224,1450.7469921572335,1450.7469921572335,874315
2025-06-16,1496.8179931640625,1510.5412753541716,1470.1556642005742,1472.2141325975858,2679763
2025-06-17,1473.7825927734375,1503.0916286929228,1465.9407166562526,1496.8181038676682,1334810
2025-06-18,1468.4892578125,1482.9967760511954,1466.3327898088564,1473.7825479621608,1075494
2025-06-19,1454.66796875,1479.9580662044875,1450.9430298618872,1472.7043071188375,1124204
2025-06-20,1470.0576171875,1478.389610354753,1451.8252796000759,1454.6679835533507,1917041
2025-06-23,1469.4693603515625,1475.1547677161657,1452.805375605507,1470.0574770581547,657381
2025-06-24,1472.704345703125,1488.2900982795788,1470.5477579954681,1476.919282284283,1351552
2025-06-25,1480.154052734375,1487.9959285104512,1470.3517080142797,1480.0560532186796,1032762
2025-06-26,1483.8790283203125,1492.3090210567498,1473.292447897557,1481.134323867737,1440423
2025-06-27,1488.436279296875,1494.67765269335,1478.1329157506045,1488.039972826681,1851991
2025-06-30,1491.9036865234375,1500.6218238222434,1486.25659166614,1495.371156354221,1053681
2025-07-01,1501.612548828125,1503.593960185521,1482.2937880935158,1491.9037057383366,1112637
2025-07-02,1483.6807861328125,1510.8261456583487,1479.420824316341,1501.6125345597056,1273704
2025-07-03,1494.6776123046875,1499.1357878684546,1484.8697228130015,1490.0213439790539,869963
2025-07-04,1499.2349853515625,1506.8633708732,1489.9223275771612,1494.380503230632,1118483
2025-07-07,1496.4609375,1505.08002858697,1492.4981147591857,1501.9098187686195,1061434
2025-07-08,1474.46728515625,1496.460902478758,1463.3713091801944,1491.5073741686663,2197699
2025-07-09,1477.8355712890625,1487.7426277995094,1472.1885974524073,1472.1885974524073,1364142
2025-07-10,1464.06494140625,1477.0431619739497,1449.6005413430794,1475.1607969444922,2178068
2025-07-11,1471.1978759765625,1476.646756998698,1456.3372913707387,1466.2443477746212,920651
2025-07-14,1470.2071533203125,1478.62815116615,1462.2815082889363,1475.0616350891796,1554680
2025-07-15,1477.0430908203125,1478.5291493084403,1455.7429191571473,1470.009104830324,1203850
2025-07-16,1462.08349609375,1471.1979400077123,1454.5540361504957,1471.1979400077123,1569604
2025-07-17,1468.6220703125,1475.1607033733453,1458.3187074315408,1461.2908243624474,1349535
2025-07-18,1468.5230712890625,1470.9998354780168,1456.337343105107,1467.3341519169137,1001794
2025-07-21,1460.2010498046875,1468.7210940213045,1454.851215224476,1467.3340819544724,1198993
2025-07-22,1450.7894287109375,1465.6500139798918,1440.9814182462771,1461.2908847805147,1908949
2025-07-23,1459.8048095703125,1462.7769265901368,1448.8080007841133,1451.6810714237602,1268156
2025-07-24,1474.071044921875,1476.1515027184212,1456.6346486742314,1456.8327414412338,1389152
2025-07-25,1518.2564697265625,1539.2593819775161,1455.346658419785,1471.197949457713,5226395
2025-07-28,1557.3892822265625,1562.342810477919,1506.367941237588,1526.8754998239056,3843168
2025-07-29,1559.3707275390625,1564.7205623543646,1545.1045416768409,1548.8692716042851,1303888
2025-07-30,1544.906494140625,1565.2159610086808,1536.78263483195,1559.6680332708995,1390012
2025-07-31,1540.1510009765625,1550.1571039952232,1522.3182990256125,1525.686722470164,2457841
2025-08-01,1488.83251953125,1535.296518402334,1480.1142613178622,1529.6495444944974,2109707
2025-08-04,1501.0181884765625,1505.179224996294,1491.0120850497583,1495.9656135715184,549494
2025-08-05,1485.8603515625,1503.197700079498,1477.2411400240305,1499.4329703129372,1156528
2025-08-06,1472.882080078125,1484.8697155058642,1461.2908720436724,1484.8697155058642,1157300
2025-08-07,1477.1422119140625,1485.8604705263551,1450.4922041585087,1462.3806726648593,1882304
2025-08-08,1471.990478515625,1479.9161235830168,1464.5601862649453,1469.2164543677395,920270
2025-08-11,1490.81396484375,1499.9284087817289,1466.4425082166601,1474.1700609426769,898160
2025-08-12,1507.457763671875,1510.7271408447668,1487.1482968927544,1490.0213675998784,910349
2025-08-13,1546.4915771484375,1553.2284241932123,1506.268950450113,1507.457748900013,1859765
2025-08-14,1549.463623046875,1560.1632923475845,1537.575155350863,1547.9775645848736,2535958
2025-08-18,1550.6524658203125,1558.1819256585368,1543.0240805380201,1551.6431714899998,1783835
2025-08-19,1534.5040283203125,1554.1199279209366,1531.730004084709,1550.6524580943073,898746
2025-08-20,1531.72998046875,1542.4296498573974,1519.1480670946955,1524.8940873002114,936556
2025-08-21,1577.99609375,1581.1663036285875,1524.3988184134846,1525.7858305862749,1698280
2025-08-22,1577.99609375,1587.110537852755,1570.2685408842801,1575.22206940442,1574526
2025-08-25,1586.31787109375,1592.8566252670878,1577.2034273002348,1579.1848386410643,1298471
2025-08-26,1565.1168212890625,1589.1908958233405,1558.3799745505273,1589.09184944631,2332380
2025-08-28,1565.6121826171875,1579.1848016092918,1554.1199003612692,1579.1848016092918,1903230
2025-08-29,1574.6275634765625,1581.562502934865,1553.2283459066643,1563.8288478471995,1342344
2025-09-01,1572.447998046875,1583.1476677047874,1568.2870825886598,1574.6276230920246,783524
2025-09-02,1554.615234375,1578.1940768669592,1548.7701678759418,1572.2498430557844,1161872
2025-09-03,1563.7298583984375,1581.5625605118455,1554.4172008853964,1555.4079065583635,1160380
2025-09-04,1563.135498046875,1584.1384104616839,1559.0735079381136,1584.1384104616839,614470
2025-09-05,1538.962158203125,1570.8628312884082,1535.5937348556472,1563.1353998938082,701865
2025-09-08,1526.87548828125,1550.3552845766308,1524.5969378643,1540.051921704549,588546
2025-09-09,1537.1788330078125,1540.7453490925773,1518.8507788326986,1526.875470257356,788242
2025-09-10,1549.265625,1556.3986576793527,1539.457614364074,1540.5473664490094,718311
2025-09-11,1546.29345703125,1555.9032536492437,1539.6556564854316,1548.968313964083,732911
2025-09-12,1559.965087890625,1563.6307713467058,1547.5812673006515,1547.5812673006515,785508
2025-09-15,1533.90966796875,1565.116897199019,1531.7300428896285,1553.42652168449,758979
2025-09-16,1544.5101318359375,1545.698930259715,1535.5937808503547,1541.5380148407432,471395
2025-09-17,1545.1044921875,1547.9775627310783,1534.702082965947,1541.5379760701169,785651
2025-09-18,1563.5316162109375,1565.3149347640822,1541.9343054952622,1545.5008216658027,874860
2025-09-19,1561.154052734375,1570.1694501995134,1543.0240904878892,1566.3056738756682,1464121
2025-09-22,1527.8662109375,1568.4851427438698,1525.6867068734089,1560.3614047568954,1257495
2025-09-23,1512.9066162109375,1536.2872460172355,1503.3958658922784,1527.8662477568835,1487350
2025-09-24,1523.705322265625,1528.163497785908,1506.1698802601454,1512.8075598827108,943785
2025-09-25,1495.6683349609375,1530.4422015015962,1491.4083730464397,1523.7053544211415,2502680
2025-09-26,1485.464111328125,1490.9129925334573,1461.4889614632118,1481.6993813937765,2653841
2025-09-29,1474.1700439453125,1513.1048253351041,1471.4951869979382,1492.8944053841876,1778220
2025-09-30,1489.327880859375,1492.5971370062334,1474.26908212632,1474.26908212632,1040806
2025-10-01,1498.9376220703125,1503.2967510407461,1484.473344022018,1491.0119770097954,1000285
2025-10-03,1503.593994140625,1523.5072754807486,1495.4702557661474,1507.8540770295306,1070489
2025-10-06,1499.0367431640625,1505.8726365566345,1483.879018791753,1496.956285419128,772031
2025-10-07,1499.2349853515625,1507.8540765739715,1492.2008781274826,1500.8200902856458,834623
2025-10-08,1480.7086181640625,1505.1791199146412,1476.944009311798,1497.946920403474,1068066
2025-10-09,1499.0367431640625,1502.6032594319147,1485.3650773146708,1495.965579737183,878167
2025-10-10,1547.2841796875,1554.4172122105324,1492.8944136581838,1498.9376941201629,1495524
2025-10-13,1549.0673828125,1552.3367599429398,1535.6928560828408,1544.5101608547295,671620
2025-10-14,1537.8724365234375,1551.5441020000337,1522.8136380070393,1548.472938656898,1056222
2025-10-15,1544.212890625,1550.2562920043165,1531.6309768992871,1535.5937996079526,1638237
2025-10-16,1554.8134765625,1557.3892870740733,1540.6463373452239,1544.5101135804582,989785
2025-10-17,1562.937255859375,1567.395431417317,1543.9157551864564,1550.7516485624512,1222051
2025-10-20,1623.8656005859375,1631.692199378485,1563.2344634095607,1575.221977542071,3372906
2025-10-21,1648.137939453125,1653.4877742940728,1626.837767405598,1631.3949893309418,709223
2025-10-23,1629.809814453125,1657.4505258313652,1622.8748750145,1649.5248807586509,2150725
2025-10-24,1569.674072265625,1609.9957442629445,1566.4046952125452,1609.9957442629445,2941997
2025-10-27,1569.27783203125,1578.9867962855433,1560.5595734789968,1570.26853773329,1213749
2025-10-28,1553.5255126953125,1575.1229443385603,1547.581278768079,1571.0610753421004,1489133
2025-10-29,1566.4046630859375,1573.2405561885157,1557.0920058835663,1560.361382869592,898965
2025-10-30,1525.7857666015625,1578.4913804070611,1490.021316373108,1572.2498863591238,4053965
2025-10-31,1487.346435546875,1515.1852400279126,1486.0584698320547,1496.0645726751077,3365093
2025-11-03,1497.45166015625,1500.820083711268,1476.4487477662033,1488.9316153540897,1505905
2025-11-04,1489.327880859375,1509.8354398371941,1484.176138818165,1497.4516189723877,1590643
2025-11-06,1487.5445556640625,1498.838624429681,1484.0770858373398,1496.7581667207974,1596245
2025-11-07,1491.7054443359375,1495.9655269924006,1477.736518900178,1486.0584705222523,1037508
2025-11-10,1497.45166015625,1502.6032814033922,1489.922321050521,1495.9656016116028,1143959
2025-11-11,1500.820068359375,1503.3958789565984,1492.101809945655,1497.2535520758543,850772
2025-11-12,1505.17919921875,1513.8973367062886,1500.0274570828947,1500.820070007104,1179131
2025-11-13,1511.6187744140625,1520.6341719119048,1501.315411158349,1505.8726330976783,1217362
2025-11-14,1517.860107421875,1520.138778799047,1507.8540045094549,1512.7084863983762,810970
2025-11-17,1521.32763671875,1524.1016610311449,1512.3122391070965,1523.2100017210357,912322
2025-11-18,1500.4237060546875,1520.7331718679072,1498.045988308917,1515.7796436207805,747913
2025-11-19,1512.6094970703125,1515.3834004430685,1491.408371100286,1497.3526052450177,1171078
2025-11-20,1514.987060546875,1520.5351090414592,1505.2782175528534,1512.7085100697961,896750
2025-11-21,1497.7489013671875,1512.807579388899,1493.6869113143978,1506.962391666454,1126820
2025-11-24,1490.0213623046875,1510.628089093841,1486.0585395326007,1500.9191249279265,2801854
2025-11-25,1493.48876953125,1508.547447058692,1486.256569901509,1486.256569901509,908386
2025-11-26,1509.6373291015625,1511.3214803448218,1491.0120143683755,1491.0120143683755,1087736
2025-11-27,1511.0242919921875,1517.2657863042741,1505.9717170868464,1509.6374007546171,810411
2025-11-28,1517.067626953125,1521.5258024273003,1506.467003819747,1511.0242256728654,991042
2025-12-01,1508.9437255859375,1522.0211125042922,1503.3957982277325,1517.761029907668,1010599
2025-12-02,1502.504150390625,1517.2656886231448,1499.1357270253372,1505.8725737559125,1760512
2025-12-03,1493.984130859375,1508.6466229582893,1481.204003696041,1502.6032217015718,1034323
2025-12-04,1506.86328125,1511.5195493923843,1489.1296260737809,1489.1296260737809,726473
2025-12-05,1506.665283203125,1513.7983158985019,1499.5321295719932,1510.8261987861356,813485
2025-12-08,1483.6807861328125,1506.3679701465699,1480.411529985625,1501.0181353452854,1263559
2025-12-09,1476.745849609375,1488.4362249062563,1472.683980543764,1483.6807893092111,1646840
2025-12-10,1477.0430908203125,1491.7054620083907,1470.999810489076,1478.1328428577897,1316274
2025-12-11,1498.2442626953125,1499.3340147666775,1478.132888822951,1478.132888822951,606130
2025-12-12,1503.2967529296875,1510.5288314950492,1496.1635998048114,1505.872563390443,1054050
2025-12-15,1493.984130859375,1501.4144232873891,1484.0770742886896,1491.0120138881693,855508
2025-12-16,1485.6622314453125,1494.875842754651,1482.1947615235242,1486.058537909239,789492
2025-12-17,1482.9873046875,1491.3092562954546,1477.1421171928803,1483.6807502649347,1000116
2025-12-18,1484.96875,1496.9562643960346,1479.8170079647844,1480.9068809482199,974170
2025-12-19,1502.99951171875,1505.9716286574605,1481.600293947184,1481.600293947184,769045
2025-12-22,1498.838623046875,1508.3493732328186,1494.1822338652646,1498.9376694261114,757496
2025-12-23,1486.751953125,1507.8540323062139,1484.374356261554,1506.2689274186662,826988
2025-12-24,1482.3929443359375,1493.9841523158116,1476.3495429924253,1488.5352711236783,1022767
2025-12-26,1492.002685546875,1496.8571673430413,1480.1142179329556,1482.3928892665888,951555
2025-12-29,1480.1142578125,1500.4237238668215,1478.1328464901271,1492.002725746737,1077645
2025-12-30,1478.628173828125,1484.7705004472828,1462.182484323116,1480.114232294284,1993298
