Price,Close,High,Low,Open,Volume
Ticker,COALINDIA.NS,COALINDIA.NS,COALINDIA.NS,COALINDIA.NS,COALINDIA.NS
Date,,,,,
2021-01-01,86.33708953857422,86.91117782908758,86.14572353064327,86.36897576216313,6995084
2021-01-04,87.54906463623047,87.86800476240981,86.62414021696641,87.29391642859908,11669647
2021-01-05,86.20953369140625,87.23014624277,85.731123382945,87.23014624277,12371842
2021-01-06,86.17762756347656,87.58096219768179,85.34838127358425,86.3689838560606,14133415
2021-01-07,87.07064056396484,87.7085207146166,86.43276041331308,87.07064056396484,17298525
2021-01-08,89.11186218261719,89.90921243431076,87.45337949906224,87.45337949906224,27964099
2021-01-11,90.38762664794922,91.21687289363827,89.49459821922555,89.62217231857467,24790683
2021-01-12,93.54512786865234,94.11922589127101,90.38762281072779,90.89792891974012,28433070
2021-01-13,93.0029296875,94.91657017599474,91.5358033663316,94.7252041804895,21154236
2021-01-14,93.54512786865234,94.53384412987383,92.39695128997394,93.51324164512864,14755992
2021-01-15,91.3763198852539,94.15110207874537,90.80223171645858,93.64079607688427,10647008
2021-01-18,88.47398376464844,91.79095893189866,87.1344411547695,91.4082366433388,17085592
2021-01-19,89.36701202392578,90.51518849594036,89.04807195208204,89.84542213169138,8951075
2021-01-20,90.26004028320312,90.5470844010523,88.44207798136077,89.62216013985893,11820498
2021-01-21,87.61285400390625,90.67467133945816,87.10254787022096,90.57899319770213,10828875
2021-01-22,84.96564483642578,87.89989779281714,84.5191306213088,87.61285363547623,14810848
2021-01-25,84.1045150756836,86.4327741009582,83.466634824016,86.05004205664557,10157077
2021-01-27,82.38223266601562,84.55103141579198,82.09518849225593,84.20019532196105,11638766
2021-01-28,81.77623748779297,82.89252780768598,81.52108930798622,81.64866339788959,11970139
2021-01-29,80.30912780761719,82.70117397853514,79.8945046544457,82.4460257611745,15268785
2021-02-01,82.28655242919922,82.76496261774108,80.27722866399542,80.62806474891548,12808349
2021-02-02,83.7217788696289,84.74239111487532,82.7011666243825,83.56230881463914,15485139
2021-02-03,87.54906463623047,88.02747482549948,83.72178312207832,83.72178312207832,25483402
2021-02-04,91.59959411621094,92.01421232349055,87.26200711721734,87.96366944748122,30751754
2021-02-05,89.8454360961914,92.0461209873056,88.88861573194349,91.91854688539523,19930467
2021-02-08,90.29195404052734,90.83414642931066,89.49460370412791,89.97301390596758,11810439
2021-02-09,88.8248291015625,91.50392433427128,88.47399300046573,90.26005973336513,8579689
2021-02-10,88.2188491821289,89.65407988552596,87.26202871319752,89.23945184235369,8709612
2021-02-11,87.48526000976562,88.98428227837594,86.75170171942028,88.21882803338977,14150298
2021-02-12,85.3802719116211,87.38959072475426,84.67859977161407,87.07065061262013,16453706
2021-02-15,84.35966491699219,86.01815749676317,84.20019485098653,85.7948955110431,10557047
2021-02-16,85.31648254394531,86.36898105211,84.39155813778846,84.39155813778846,11735144
2021-02-17,86.24140167236328,86.59223773137465,84.7742752558572,85.02943317753797,8950258
2021-02-18,89.2713394165039,90.0686897323592,85.50784981897895,86.11383411237294,22069738
2021-02-19,88.8248291015625,91.34445426407098,87.54906853996017,89.2713433514672,22944780
2021-02-22,86.91118621826172,88.92050516228917,86.17762780587846,88.56967880271135,20401387
2021-02-23,87.32581329345703,88.41021764120347,86.87929900906336,87.77233731113212,19178437
2021-02-24,92.10989379882812,92.49262579889381,88.98428482031508,89.27132895372479,38775957
2021-02-25,99.5730972290039,100.5936996487234,92.97103365584346,93.7045919491818,85580477
2021-02-26,97.08535766601562,103.97446528820916,96.00096334892932,99.60498233217231,94115857
2021-03-01,98.45681762695312,100.21098826360692,98.04218963650338,99.19037599987821,22306110
2021-03-02,97.85082244873047,99.60499306437985,97.27673414055712,98.45681644803318,17565134
2021-03-03,98.80763244628906,100.33855066337085,98.10597011341216,98.87142435531368,17610904
2021-03-04,96.98969268798828,98.8076455366937,96.76643071010233,98.23355721252989,17162557
2021-03-05,96.38369750976562,97.40429994105124,95.49065943245189,96.95778576903385,17323282
2021-03-08,97.69136047363281,99.50932315536029,97.18106403894775,98.1697706811105,18727656
2021-03-09,96.76643371582031,98.83954456554378,94.7252188258256,98.83954456554378,14621175
2021-03-10,96.28801727294922,97.75514372576676,95.29930098518437,97.62756962840865,10788943
2021-03-12,96.00098419189453,97.59568492597916,95.04416375144375,96.9578046323453,14835735
2021-03-15,96.92467498779297,97.38654332321171,95.50610815116444,96.62776682056318,15783310
2021-03-16,96.1329116821289,97.68344657529012,95.40713731739221,96.9906541747765,11857531
2021-03-17,92.27310943603516,95.96798641497337,92.04217522020772,95.7040702263911,15554810
2021-03-18,90.4256591796875,93.52671946953527,89.86482473601274,93.36176934701403,14401450
2021-03-19,89.93081665039062,92.3720766629309,88.08337310358053,89.73287447256143,33294812
2021-03-22,89.5019302368164,90.78854921483006,89.27100611165835,90.78854921483006,11414253
2021-03-23,89.2380142211914,90.16173085885538,88.47924770223572,89.46894841448552,8887103
2021-03-24,87.29161834716797,89.17204395088824,87.12666820292456,88.34729322967115,10865477
2021-03-25,84.52045440673828,87.81945715379665,83.82766181630456,87.09367252234085,18629600
2021-03-26,85.5101547241211,86.03798710631656,84.91632819251518,85.18025445137026,9505615
2021-03-30,87.72047424316406,88.71017499070128,85.87303083420993,86.433865284917,20582346
2021-03-31,86.00499725341797,87.75346451169888,85.77406305654777,87.75346451169888,14900610
2021-04-01,87.19264221191406,87.35759235614225,86.16995937190559,86.73078382162672,6226087
2021-04-05,85.6421127319336,87.15965599858427,84.48746177848852,87.02768783541326,9012457
2021-04-06,85.97201538085938,86.9947082671609,85.31221481779484,86.33490770409638,6689423
2021-04-07,86.59881591796875,86.89572413042187,85.60911516462053,85.97200745439955,5657926
2021-04-08,86.86272430419922,88.24830926176665,86.56581611836499,86.63180018977516,9330363
2021-04-09,85.44416046142578,87.06066959173936,85.08126819108857,86.86272743812304,10149401
2021-04-12,82.2771224975586,84.65240838705107,81.55134293527077,84.45446621830054,11334755
2021-04-13,84.42146301269531,84.75136322772559,82.34309568510685,82.34309568510685,7809483
2021-04-15,84.61941528320312,86.30190859478307,83.76167260791169,84.42147311694251,8924391
2021-04-16,84.3554916381836,85.74107166038263,83.86064127069262,85.01529716204979,10358366
2021-04-19,82.21114349365234,83.13486522515194,81.4193848860118,82.87094401131228,7131534
2021-04-20,82.14515686035156,83.29980765959345,81.84824866838342,82.4750570887064,7738871
2021-04-22,82.508056640625,82.80496485963805,81.81526408442325,82.24413542712536,8514980
2021-04-23,83.23384094238281,83.95962054543003,81.98021888227647,82.44207725679414,8992991
2021-04-26,83.76166534423828,84.45445783219418,83.46475715447315,84.28950771924067,4967884
2021-04-27,84.12454986572266,84.38847102893965,83.53072850695382,83.79464967017081,3982954
2021-04-28,84.78436279296875,85.41117124364563,84.12456230430752,84.45446254863813,6206074
2021-04-29,84.48745727539062,85.8070582947087,84.22353606475133,85.60911612825963,8345584
2021-04-30,87.78644561767578,88.80913825570178,83.79465116665797,84.05857233458832,27396950
2021-05-03,87.22561645507812,88.05036700792068,86.56581601280408,87.75345882244852,10262391
2021-05-04,87.62151336669922,89.60091497859263,87.25862105763399,87.45656323237478,9926789
2021-05-05,87.8524398803711,88.74317465681762,87.42357354667907,87.7534738242137,4877341
2021-05-06,88.80915832519531,89.36998275373385,88.24832382889933,88.54523206374414,7632817
2021-05-07,90.29370880126953,91.05247540252094,89.0730737633357,89.33698995479078,12644960
2021-05-10,97.02366638183594,97.98037510159988,90.45865336332723,90.45865336332723,45098431
2021-05-11,102.7309341430664,103.42372667019798,95.77003696925618,96.62777961866877,66582000
2021-05-12,101.27935791015625,105.37011823564742,100.15769928235693,102.86287478849,42959024
2021-05-14,96.85872650146484,102.89589774046803,96.39686811214489,102.89589774046803,23140309
2021-05-17,97.74943542480469,98.4092358935992,95.01126750640992,96.99066891279347,17076463
2021-05-18,96.62776947021484,98.83810490373979,96.3968453639284,98.37624662341149,10295029
2021-05-19,100.19071197509766,100.61957828165443,95.73705851017198,96.627783162503,23999878
2021-05-20,96.7597427368164,100.55359574665299,96.3638684634007,100.55359574665299,22983457
2021-05-21,97.12263488769531,98.70616218217418,96.89171074550008,96.99067679676132,13009821
2021-05-24,98.24427032470703,98.80510466207775,96.0999191383848,97.71643808689292,14192862
2021-05-25,97.28758239746094,98.97007569787617,97.05665826148659,98.83811761049702,10434892
2021-05-26,96.1329116821289,97.65045454331239,95.80301149786095,97.51849648315614,9948786
2021-05-27,95.3741683959961,96.52881932072303,95.07726017176059,96.16592701654315,24064196
2021-05-28,96.92467498779297,98.17830179174287,95.50610815116444,96.06694251974139,16465504
2021-05-31,97.4525375366211,97.91439590008468,95.70407013645278,97.02367121363861,11767444
2021-06-01,97.38655853271484,98.5741913871145,96.92469012516307,98.01336699870504,9307143
2021-06-02,98.37627410888672,98.90410653801632,96.99068881302591,97.32058911511103,10714318
2021-06-03,98.34325408935547,99.23397861094534,98.04634591549217,98.97006247145696,9282774
2021-06-04,101.01545715332031,101.8731897200433,97.78242877224544,98.31027116790627,29422387
2021-06-07,103.09383392333984,104.80931934692711,102.5659914801009,102.92888378906251,31071589
2021-06-08,102.92888641357422,103.91858724447397,100.81752665453958,103.85260316197765,12874065
2021-06-09,103.19281005859375,106.49181306644851,102.40105135026025,103.58869444663961,30443113
2021-06-10,103.25879669189453,104.74334808203359,102.76394622851484,103.65468108970165,11459484
2021-06-11,107.31652069091797,108.86705550859662,103.35771867242356,103.58865281727073,61728565
2021-06-14,105.13922119140625,108.20728970784903,102.63197709925828,108.20728970784903,30836595
2021-06-15,103.6876449584961,106.78871537498154,103.42372878455366,106.29386499802195,30153988
2021-06-16,102.6319580078125,104.77630938667042,102.17009972437882,103.78660875027445,14098443
2021-06-17,100.3886489868164,102.5330007600352,99.89379857761207,102.26908456889582,15784276
2021-06-18,96.59477996826172,101.47730924365348,95.73704745420143,100.94946688040089,24823176
2021-06-21,97.3205795288086,97.65047979839777,94.68137737209514,96.33087872004104,15038290
2021-06-22,98.11235046386719,98.64019297494367,97.51853393125522,98.24430857469669,12494441
2021-06-23,97.9473876953125,99.36596489038959,97.74944552067882,98.87111448768398,7983220
2021-06-24,96.59477996826172,98.37624920270864,96.33086382051327,97.9473728779228,12929173
2021-06-25,98.14532470703125,98.47522495814732,96.82572370256696,96.82572370256696,7400514
2021-06-28,97.12263488769531,98.31027784161522,96.99067679676132,97.05666087610682,8217659
2021-06-29,95.34117126464844,97.58448891436107,94.9782789798476,97.05665657402155,21576435
2021-06-30,96.7597427368164,97.25459312940379,95.73705997967475,96.06696024139968,12919448
2021-07-01,96.0999526977539,97.18862972087368,96.00098663554215,96.72677131762201,5668038
2021-07-02,97.4195327758789,98.07933322832037,96.36385809262613,96.99066650889434,20805994
2021-07-05,98.90408325195312,99.29996754835122,97.38655027385744,97.65046642628559,10401054
2021-07-06,97.3205795288086,99.43193924062791,96.92469517819868,99.00307291726487,9579038
2021-07-07,97.35356903076172,98.1453276435787,96.69376850878808,97.32057699111164,6067804
2021-07-08,96.49581909179688,97.74943596229721,95.8690106565467,96.99066944611377,12349670
2021-07-09,96.792724609375,97.32056698624139,96.09993211897259,96.49581641856138,4963821
2021-07-12,96.59477996826172,97.55149865630014,96.39684789132824,96.85870618376586,4010172
2021-07-13,97.7164535522461,97.98036971292252,96.75973481734258,96.9906690087516,5717442
2021-07-14,97.74943542480469,98.57418601079783,97.1556190299921,97.61747734459702,7216739
2021-07-15,96.792724609375,97.91438336786862,96.09993211897259,97.6504672133134,7257500
2021-07-16,96.03396606445312,97.6834673363683,95.86901593726161,96.82572466142105,10819800
2021-07-19,95.30818939208984,96.59479847747221,95.01128115204124,95.67108171559708,5158738
2021-07-20,94.28547668457031,95.70405363866026,93.4937181882963,95.34116139143931,6271740
2021-07-22,95.47313690185547,95.93499527006477,94.51642812461675,95.01127853364615,4772582
2021-07-23,95.0772705078125,95.67108702083858,94.58242005770472,95.47314482724383,3419739
2021-07-26,95.01126861572266,96.00096933046977,94.5164182583491,95.01126861572266,4423596
2021-07-27,93.98855590820312,95.83599886370489,93.75763183111175,95.3411486113966,4245486
2021-07-28,95.04427337646484,95.20922351767086,93.06487168199251,94.64838901046731,8834228
2021-07-29,93.79063415527344,95.4401353544007,93.62568403536072,95.04426110726396,8237916
2021-07-30,94.5494155883789,95.60509036921624,93.19682252229163,93.88961507494675,9526451
2021-08-02,94.94528198242188,95.6050824411399,94.41744966965227,95.2092082065627,6164197
2021-08-03,95.17623901367188,95.50613932221147,94.3514882423229,94.9453047705908,5648929
2021-08-04,95.47313690185547,97.22161438774711,95.11024458834909,95.11024458834909,8839351
2021-08-05,95.96798706054688,96.26489529163854,93.82363529367977,95.6710788294552,6237158
2021-08-06,96.3968505859375,97.94737561587436,95.83601617160028,96.06695035815231,10812438
2021-08-09,94.51641845703125,97.55150468240494,93.92260205403724,97.32057048804265,12986298
2021-08-10,93.82363891601562,95.1762320962733,92.86693010433599,94.81333976970303,14022502
2021-08-11,94.978271484375,95.24219770147285,93.1308282357131,94.28547900765732,8356558
2021-08-12,95.27519226074219,96.7927354894047,94.81333390447718,95.04426811648823,7685737
2021-08-13,94.84632110595703,96.5288143808662,94.48342882034815,95.70406376255353,9455100
2021-08-16,93.6916732788086,95.11024036120892,93.52672314979661,94.87931622124628,5259207
2021-08-17,91.87722778320312,94.05457164009087,90.52463462454881,93.75766340227835,13714266
2021-08-18,91.28338623046875,92.53700292029056,91.05245207130194,91.87720254296228,7654460
2021-08-20,89.46896362304688,91.08547304762257,89.07307924374923,90.72258071122607,8877297
2021-08-23,88.38027954101562,89.99678883622633,87.58852091354069,89.93081482346177,7768805
2021-08-24,89.86481475830078,90.32667303652867,88.41325585483222,88.64419002782385,7452062
2021-08-25,91.61331176757812,91.81124388133853,90.06277642473786,90.06277642473786,7817617
2021-08-26,90.59061431884766,91.97618938410109,89.96380583210751,91.61330714866425,6845692
2021-08-27,91.41535949707031,91.91020986237265,90.42565876646563,90.98648313982108,4418540
2021-08-30,94.74734497070312,94.97826907858924,91.44834284871145,91.44834284871145,11333690
2021-08-31,96.23191833496094,96.42985045416815,94.51643280494089,94.74736703435977,14301855
2021-09-01,95.14323425292969,96.759743535168,94.94529208071015,96.72676156292898,8415876
2021-09-02,95.7518310546875,97.23949861845101,95.48133947696772,97.23949861845101,7787657
2021-09-03,98.96385955810547,99.50482215660075,95.85327302575676,95.95470093342458,12734022
2021-09-06,98.96385955810547,99.97817990758438,97.57761968351093,99.94436716562838,9712271
2021-09-07,99.53861236572266,100.14721062856002,98.42286436115093,99.40337174671365,9475870
2021-09-08,100.85723114013672,101.33058880594037,98.93002901384394,99.64005519435109,7873034
2021-09-09,100.5191421508789,102.07443541155739,100.07960746160462,100.85724893284379,9519564
2021-09-13,104.54259490966797,105.42166406789845,100.9586618554291,101.16152793740441,35672746
2021-09-14,104.61022186279297,105.15119470303999,103.69733986818741,105.04976680970562,8804432
2021-09-15,108.9041748046875,109.71562885585233,104.30592142382264,105.15118821007728,24591822
2021-09-16,109.74945831298828,110.22280572177316,106.53744403582006,109.6480200922632,18440504
2021-09-17,105.962646484375,110.42565942095176,105.08356692799492,110.01992722009989,17317065
2021-09-20,104.27210998535156,106.53742912796235,103.32541530025348,105.42167076531298,12541523
2021-09-21,105.75978088378906,106.84172654570855,103.7649532429361,105.28643352602373,13645046
2021-09-22,109.61418914794922,109.88467036310269,104.81307019249795,106.33455024367937,18861877
2021-09-23,113.16431427001953,114.95627561557153,110.29040737963024,110.72994195323434,31399318
2021-09-24,112.31904602050781,114.58435464200556,110.15515496005996,113.67147277418907,17259638
2021-09-27,112.96145629882812,114.38149832038393,111.81189552379779,112.92764356346291,9099672
2021-09-28,118.0330581665039,119.21643168801643,113.7052859540534,113.94196478563521,41551332
2021-09-29,125.57281494140625,133.2140277328701,116.84966699886755,117.9992276110956,100988643
2021-09-30,125.16712188720703,129.49488412223715,124.49090839309613,126.85765562248429,48957916
2021-10-01,127.60148620605469,128.4129403476275,123.34133906504825,125.36997957807995,25492957
2021-10-04,128.44674682617188,130.74587881980426,127.33099872566412,130.17109324184648,23341448
2021-10-05,133.8564453125,134.49884600211797,128.75103189402407,129.15676407599224,42359592
2021-10-06,130.40777587890625,137.8123115424135,129.63012417326362,135.2426982127318,41926821
2021-10-07,128.95391845703125,131.82782596732415,127.97341089951243,131.69258532459733,16517664
2021-10-08,127.43244934082031,129.63014351468337,124.49092640672391,129.22442155042899,28978175
2021-10-11,133.11264038085938,135.03984279203598,129.59632169440408,129.83300056229237,34952223
2021-10-12,130.7120819091797,135.9189242056569,129.32584206135266,134.70173774614534,25216411
2021-10-13,128.51437377929688,131.55733443554763,128.04102640751987,131.1854149583661,17378156
2021-10-14,124.28803253173828,129.6977400602736,123.2737123701379,128.48055380271347,29542941
2021-10-18,125.3023452758789,126.95906604478112,124.01753362298916,124.96423857536018,15468914
2021-10-19,124.76141357421875,127.77056213608137,124.15282544016151,126.65481378424276,17403803
2021-10-20,122.05652618408203,124.0175410370456,119.96026038826726,123.54419369166112,15921230
2021-10-21,123.3413314819336,123.74706368687492,120.97458436223927,123.07085022410511,15586097
2021-10-22,118.94593048095703,124.62612911479295,118.54020864023852,124.01753087641906,13603152
2021-10-25,117.7287826538086,119.85885119946698,116.98494362486764,119.18263765250244,11744666
2021-10-26,118.37117004394531,119.01357077711386,116.13966352823468,116.98493036614032,11602891
2021-10-27,117.39065551757812,119.45309822350589,116.8496827102044,118.81069752896127,9535881
2021-10-28,112.62335968017578,116.98493466022649,112.21762745580865,116.98493466022649,24509136
2021-10-29,111.20329284667969,114.61817261963581,110.4256515550055,111.57521228460124,14826816
2021-11-01,115.46344757080078,116.27490165407154,110.76376611691741,111.57522020018817,13585170
2021-11-02,114.41532135009766,117.49209481759388,113.840546069967,115.93680171464203,14278962
2021-11-03,114.7872085571289,115.70010064642284,113.16430075193546,113.73907587043489,8974463
2021-11-04,115.42962646484375,115.90297378591387,114.78722579209163,115.7677331682078,973260
2021-11-08,116.1058349609375,117.7963684062575,113.94195421456737,115.63248765988737,8761953
2021-11-09,115.29437255859375,116.57917375601501,114.6857846899619,116.34250528185665,5723308
2021-11-10,112.72478485107422,115.5310769789825,112.55573148137609,114.88866591957053,9212143
2021-11-11,112.92765808105469,113.36719274271313,111.7104716788166,112.1838190801871,6453205
2021-11-12,112.89383697509766,114.17864876154609,112.0485701359337,114.17864876154609,7027513
2021-11-15,108.02510070800781,113.33338051953052,107.85604734226759,111.06806129133199,19400018
2021-11-16,107.55177307128906,109.30992220649193,107.24747902079247,108.87038750224134,8505431
2021-11-17,105.55695343017578,107.6870222708909,105.28646178300158,107.55178160640446,7477627
2021-11-18,103.73113250732422,106.67266495507609,103.46065127180121,105.52310422680674,12981172
2021-11-22,101.803955078125,103.3930507775007,100.82344746477399,102.91970334190368,11522286
2021-11-23,105.62454223632812,105.99646170947479,101.43202077461703,101.43202077461703,13305061
2021-11-24,107.58555603027344,109.30989194512222,105.21880913108751,107.04458324681998,18809310
2021-11-25,107.21365356445312,110.08756096829076,105.4893070585107,109.20848134582998,22402592
2021-11-26,105.42166900634766,107.78841599780175,105.04975987653472,106.67266797196689,11829847
2021-11-29,104.3059310913086,105.92883934405583,102.71682525858603,105.42167922529744,18176163
2021-11-30,102.78443908691406,107.17982628470973,102.34490449441364,107.17982628470973,56643275
2021-12-01,105.18499755859375,105.65834488001668,103.15635733689743,103.8663834781307,16283427
2021-12-02,107.72078704833984,107.88984038321853,104.91449549843558,106.0978688425864,15647910
2021-12-03,108.02510070800781,108.66750143418098,107.01078051356643,107.51794061078712,20414051
2021-12-06,106.4486312866211,109.24330650559293,106.12617044354155,108.9208456625134,24185368
2021-12-07,107.95343780517578,108.16841531663559,106.87856118208724,107.55932512407834,7866368
2021-12-08,108.13258361816406,108.74168474329336,107.52349342724517,108.38339253656093,7313306
2021-12-09,109.38661193847656,109.99571309477042,107.95344303821896,108.74169030704503,9423435
2021-12-10,108.4192123413086,110.17484177957212,108.13257204607196,109.38659463543294,7419042
2021-12-13,106.7710952758789,109.49411868452228,106.01867933038093,109.49411868452228,9888293
2021-12-14,106.69940948486328,107.3085105797008,105.15875744621763,106.77107229633,8474759
2021-12-15,106.12614440917969,107.91760524705099,106.01865019838188,106.87854921371826,5410912
2021-12-16,107.30850982666016,107.55931873082375,105.73202639334417,106.12614998522561,7539061
2021-12-17,104.94378662109375,107.05770848330191,104.62132581740278,106.84274190364829,8758284
2021-12-20,100.82341766357422,104.37050807274906,99.7127097143432,104.15554151126727,8858645
2021-12-21,103.65391540527344,104.6213085912735,101.32501641265947,101.6116566953526,8097050
2021-12-22,104.1555404663086,107.05769835929276,103.51060798570471,104.22719234134712,6798820
2021-12-23,105.83951568603516,106.01866178940834,104.62132436993959,104.80047047331277,4857807
2021-12-24,104.54964447021484,106.16195913710155,104.19135232201779,106.05447586632589,4568316
2021-12-27,104.65713500976562,104.97959574500761,103.25979786757816,103.90471933806215,3534825
2021-12-28,106.66357421875,106.95020355644071,104.80045072113536,104.80045072113536,4907497
2021-12-29,105.15874481201172,106.95020554134753,104.83628406757299,106.95020554134753,4216568
2021-12-30,104.7646255493164,106.77106383507231,103.11647942408086,105.15874911273062,24782255
2021-12-31,104.65713500976562,105.73201141671109,104.15552820669939,104.58547220895262,5320232
2022-01-03,111.28556823730469,111.75134376016115,105.33791506386338,105.51706117791757,29486720
2022-01-04,109.63740539550781,112.25293389563845,109.17162994234792,111.78715844247856,13744440
2022-01-05,110.1390380859375,110.56899316986086,108.99250941916185,109.6374311108349,8454060
2022-01-06,110.81975555419922,111.24971049986276,109.67322725611058,110.71227228488758,12446900
2022-01-07,112.46793365478516,112.82622590021883,111.0347646730505,111.07059608443619,11679683
2022-01-10,115.15512084960938,115.37009837503864,112.53959193715166,113.07703028361924,14655298
2022-01-11,113.6144790649414,115.1193000127333,113.29201821428686,115.1193000127333,7670386
2022-01-12,114.18772888183594,115.19094267138631,113.57862776618805,114.94013375689359,6334581
2022-01-13,118.05726623535156,119.27545738750885,113.93690641226647,114.18771529692043,20271714
2022-01-14,118.05726623535156,119.06047990554958,116.98238975976415,118.05726623535156,10211720
2022-01-17,117.30487823486328,119.02468756272124,116.12251820600778,118.66639531952728,8384625
2022-01-18,115.22676849365234,118.59471283443484,114.86847630986252,117.51983628306535,6574122
2022-01-19,117.44815826416016,118.12892207257592,115.22675357284062,115.37006824095668,11503199
2022-01-20,118.27226257324219,120.56533056656654,117.41236344252188,117.87813894918393,17462235
2022-01-21,113.75775909423828,117.01821988819049,112.86202870766947,117.01821988819049,14466758
2022-01-24,112.00212860107422,114.94011767905413,110.92725214796258,113.36363440133213,10854431
2022-01-25,115.47757720947266,115.80004895226426,110.56898039522636,111.0705873123756,7267866
2022-01-27,115.0476303100586,115.58506862268652,113.22033786028157,113.8652594617509,9269062
2022-01-28,115.83586120605469,118.2364232641935,115.08345635083234,115.08345635083234,10310726
2022-01-31,114.51017761230469,117.08987462832283,114.04439123934776,117.08987462832283,5811200
2022-02-01,116.83906555175781,117.12569488151506,113.65026778782435,116.08664989338502,7248713
2022-02-02,117.41239929199219,117.94983777956453,116.26585947815222,116.80329796572457,5369074
2022-02-03,115.5850601196289,117.6273189968492,115.08345325158584,116.87491416188942,4654885
2022-02-04,114.94013977050781,116.65994898655838,114.65351036827145,115.58507232685582,6402287
2022-02-07,115.3342514038086,116.8032515394597,114.40268954211207,115.11927390738484,5871041
2022-02-08,114.6176528930664,116.44494498583971,113.47112461065392,115.97916957957969,14158927
2022-02-09,120.81613159179688,121.35356988013368,114.6535015118509,115.01179370407543,35079516
2022-02-10,120.42200469970703,122.03431952061716,118.23642020007583,121.1027576594716,17724098
2022-02-11,119.31130981445312,121.31774844261943,118.37974785128189,120.35035507043952,10097767
2022-02-14,115.83586120605469,119.1321537434677,115.47756901434501,119.02467045963878,9478670
2022-02-15,117.26905059814453,118.12896075685651,114.54603820959622,116.62412891332244,16850616
2022-02-16,117.41239929199219,118.95305191601398,116.65998322254808,118.41561342844163,10653203
2022-02-17,116.83906555175781,118.59469479848902,116.5882566875642,118.02142520476649,6906440
2022-02-18,119.88457489013672,120.56532789796367,116.51663032440568,116.80325971689794,23740696
2022-02-21,119.072021484375,120.77094219143287,118.07483698121025,120.5124066140975,14870901
2022-02-22,118.11177825927734,118.6657734880189,114.86167742575152,117.81631864570654,11654816
2022-02-23,117.07765197753906,119.88456323815286,116.85605164387408,118.4441779759222,7627472
2022-02-24,110.79904174804688,115.82193389483727,110.06038146972655,113.75368286132812,12115340
2022-02-25,120.73403930664062,121.80509462516116,112.46104513698322,112.46104513698322,17079977
2022-02-28,125.23983764648438,125.53529721447975,118.59189592704791,119.99534578161604,20872239
2022-03-02,136.5044403076172,137.1322948671948,126.31092482214387,126.31092482214387,72648396
2022-03-03,139.56985473632812,146.07006731875816,138.0186749433674,140.04999067093544,74050073
2022-03-04,133.697509765625,141.08411251510705,133.3281796281509,139.56985669725097,36095156
2022-03-07,139.38519287109375,141.82277405436542,134.21457090036168,137.35387709687757,41642776
2022-03-08,139.7176055908203,141.6011918035477,137.83403064915578,139.60681104286223,22940456
2022-03-09,137.87094116210938,140.78865837825484,137.09535686015857,140.34545768765858,13870658
2022-03-10,132.1832733154297,135.91351050468947,130.77982309581733,135.91351050468947,30890343
2022-03-11,134.25152587890625,134.80552117139143,132.4048749039557,133.6975305864211,14663558
2022-03-14,133.21739196777344,134.5469715144217,131.3707411851376,133.697516662834,8306420
2022-03-15,127.71437072753906,132.9588637505699,126.6802507401263,132.88499320672787,14074860
2022-03-16,130.6689910888672,131.33379206313484,127.714350148284,127.78822068022286,11846738
2022-03-17,130.41046142578125,132.9588368784053,129.63486595644517,132.2201766735253,20052773
2022-03-21,134.6577911376953,137.64936796666439,131.11221901710465,131.37075466161994,20271556
2022-03-22,135.43338012695312,137.24309573620064,133.32819361409503,135.65496921583292,12372751
2022-03-23,135.21177673339844,136.09816688221807,132.44180047392317,134.87938183647387,13731315
2022-03-24,138.42494201660156,139.23747289203567,135.3964414112954,135.69190103632843,16323203
2022-03-25,137.46466064453125,139.53290008110164,136.35667040162872,138.4249098381991,10044811
2022-03-28,141.26878356933594,143.07849906542356,137.0214868084278,137.46468750059944,19132062
2022-03-29,137.39080810546875,141.97049945477215,137.02147797615297,141.82276965725805,10622472
2022-03-30,135.10098266601562,138.831219940627,134.43619281436986,138.831219940627,10298319
2022-03-31,135.21177673339844,136.57829159210223,134.177645500557,136.02429634020717,9435203
2022-04-01,137.50161743164062,138.3141483119918,135.39644223065088,135.76577239970828,13505929
2022-04-04,138.6834716796875,139.60679705704894,136.35669623716137,137.0214860004369,9490374
2022-04-05,138.7942657470703,139.56986131564278,138.01868144955952,138.86813628543405,7637664
2022-04-06,143.18931579589844,145.51609142962215,139.08974852932852,139.38520816593822,46157039
2022-04-07,140.89947509765625,145.55303799729614,140.27160923230812,144.03878188226983,21712301
2022-04-08,143.70635986328125,146.84566605623186,142.08130949996615,143.81715439696083,20151959
2022-04-11,145.07290649414062,146.25476771134473,142.82000115988262,143.66945616089166,12393619
2022-04-12,137.39080810546875,144.5927456271264,136.13508792000732,144.5927456271264,18907630
2022-04-13,137.8340301513672,141.3057316512909,137.16922905283107,138.86815016545074,14216953
2022-04-18,139.9391632080078,141.0102181716382,136.35666824199862,137.83398854247073,13052104
2022-04-19,146.07005310058594,150.13268416027353,140.82556122420155,141.41649163254993,59341710
2022-04-20,147.06727600097656,151.8316328684465,145.58995534309057,147.69513051794084,38356653
2022-04-21,152.82879638671875,153.56745661337482,148.4707055578721,148.6184353489912,43683145
2022-04-22,149.32017517089844,154.3800027354862,148.6553854091703,152.20095710419764,24007670
2022-04-25,139.20054626464844,149.35712648292562,137.9448258736922,147.47354026095982,26465084
2022-04-26,141.37957763671875,142.0443786727656,139.20053199475467,141.97050813396203,20819291
2022-04-27,138.49879455566406,141.67503583168613,137.8340048502212,140.9363755940559,12214126
2022-04-28,140.53012084960938,142.19210651011724,138.2402694311517,139.60679548266057,12706800
2022-04-29,135.0640106201172,142.56140650564313,134.36227447280163,142.19207643697567,21654415
2022-05-02,138.609619140625,139.5329446378875,132.10941665674738,134.95325242567804,21289439
2022-05-04,138.3880157470703,140.8625210615586,137.760149965345,139.42213568878748,18239949
2022-05-05,137.28001403808594,141.785834868298,136.4305479751581,139.9761194827595,12651103
2022-05-06,138.42494201660156,139.56986778796337,135.21177632788422,136.28283155745666,14257553
2022-05-09,135.21177673339844,137.35388719896775,134.10378622960835,137.35388719896775,10549451
2022-05-10,125.60916900634766,135.80268199963334,124.68584375824317,134.43615612401462,19965511
2022-05-11,125.46147918701172,128.30531509445032,122.06363668316969,126.82799422687793,20641617
2022-05-12,123.39319610595703,125.71997136785892,121.62040475640529,123.9841265558076,10406343
2022-05-13,124.61201477050781,128.2683817176724,124.0949547134147,125.57227560286012,11590435
2022-05-16,126.82797241210938,127.6405032579421,123.98413699381845,125.20292199150573,7437937
2022-05-17,136.3197479248047,136.65214277463897,127.89901452632567,128.08367958412924,28092052
2022-05-18,137.05841064453125,138.4987958673394,134.28843472718447,137.64934109444405,15425248
2022-05-19,133.84524536132812,135.54416632147726,133.4759152078636,133.7713860932723,9396007
2022-05-20,137.35386657714844,138.018667542249,135.58108654566803,136.28281150516816,6365038
2022-05-23,136.13510131835938,137.94481687590581,134.7316399261948,137.35388635662926,7794071
2022-05-24,134.6947021484375,137.9448027654096,133.84523609166314,135.50722166715002,8572565
2022-05-25,133.47592163085938,137.05842880028376,132.99579691667614,136.06123282951876,7926434
2022-05-26,135.3594970703125,137.3908128517224,131.29686550749275,135.87655701500455,23140556
2022-05-27,134.3253631591797,139.34824355022334,133.32816737124762,136.28280819941932,16408080
2022-05-30,138.27719116210938,138.794251062766,134.84242564176276,135.91348070835016,10577525
2022-05-31,142.48756408691406,144.22342026044515,136.7998821618412,137.39081264247272,21380248
2022-06-01,144.81436157226562,145.73768699510453,142.709175099768,143.66943579373293,30867456
2022-06-02,146.40248107910156,147.1411414390073,143.5217101838943,145.14676072147438,17646759
2022-06-03,145.51608276367188,148.47072403806115,144.92515225458163,147.73206371946384,25335178
2022-06-06,143.927978515625,145.36836399204645,142.7091821347585,145.14676362542866,22020642
2022-06-07,145.92234802246094,147.6951282765965,143.0046420216261,143.0415660206632,12961285
2022-06-08,145.9962158203125,149.17245762632655,145.14676091372087,146.25475145504697,13059792
2022-06-09,146.80874633789062,148.02753142170468,145.14676053029186,145.4791554375991,10562238
2022-06-10,146.62408447265625,147.2150150270105,144.96209862850776,145.77462954962772,6741014
2022-06-13,141.12107849121094,145.8115654951518,140.01308783768832,145.2575701683905,8516696
2022-06-14,141.97052001953125,143.6694411146887,139.6806796487214,139.6806796487214,6727598
2022-06-15,140.38238525390625,143.18929650784926,139.71758425449121,141.93356504375237,5805589
2022-06-16,132.8849639892578,142.413687225602,132.2940448526976,141.4903619859016,14490962
2022-06-17,134.91629028320312,136.54135185160723,132.5156444684055,132.95884512725405,15215695
2022-06-20,130.63206481933594,134.36228992502134,129.0808738441155,134.36228992502134,23276003
2022-06-21,136.5044403076172,137.1322948671948,131.48154747568194,131.48154747568194,7564329
2022-06-22,132.47872924804688,136.46749035765376,132.2201936347498,136.46749035765376,6560404
2022-06-23,130.85366821289062,134.43617519209366,129.15475853225752,133.18045493077545,9304799
2022-06-24,130.41046142578125,133.25429645193321,129.1178060672412,131.96164109339315,8171322
2022-06-27,134.47314453125,135.02713989904885,131.07530176699132,132.95888827172027,7063839
2022-06-28,137.686279296875,138.09254472755154,133.51285299253186,133.8083126124446,9844211
2022-06-29,139.422119140625,140.53010949141142,135.6549474395269,137.39080349751657,16856241
2022-06-30,137.0953369140625,139.6067770725521,134.8424210615897,138.94198740444017,8693744
2022-07-01,135.3594970703125,137.50160738592015,130.44741068914595,136.65215256757332,17248729
2022-07-04,134.47314453125,137.1692508127785,132.2940983387875,135.35953486551523,8780396
2022-07-05,134.76856994628906,136.7998857783054,134.25150998871544,135.1748353669047,5313753
2022-07-06,134.21456909179688,135.06403516675016,131.4815283411647,134.80549956327278,9367397
2022-07-07,137.39080810546875,137.8340087690721,134.02990167448297,135.87655232106184,6322630
2022-07-08,140.19773864746094,141.7489186415453,138.16642265651555,138.16642265651555,14647592
2022-07-11,142.81997680664062,143.52170185360902,138.72040979289838,139.56986464906086,9048841
2022-07-12,143.22622680664062,144.2603579831048,141.8966472914264,142.41370724412766,6942704
2022-07-13,142.89381408691406,144.88819438178984,142.56141924961148,143.22620892421665,7842930
2022-07-14,141.82275390625,144.37112926129097,140.56703386025038,143.30007425944012,6795141
2022-07-15,142.85690307617188,143.22623324055812,139.90226176108197,142.56144345308775,5610793
2022-07-18,144.48196411132812,145.44221351719713,143.18930854228375,143.66943324521824,7600779
2022-07-19,146.43939208984375,147.4365879189303,143.30008608035152,144.00181105179058,9913955
2022-07-20,146.14393615722656,148.02751079316747,145.81153002517956,147.43659160521952,5519522
2022-07-21,146.69796752929688,147.32582213910442,144.99904626728954,146.1439722006682,6167419
2022-07-22,145.58995056152344,147.6212663994028,145.36835021590605,146.69794101854853,4844223
2022-07-25,148.39686584472656,148.98779640298355,143.74331446722718,145.885425060963,10207034
2022-07-26,149.4309844970703,150.16964481463265,147.39966862377392,148.80311871871754,12853314
2022-07-27,150.28042602539062,151.20375134045332,149.06164111793228,149.5048305065258,7343180
2022-07-28,149.83726501464844,151.42538034890686,148.7292744267296,150.68671995696096,5096403
2022-07-29,156.04200744628906,156.9283976604104,150.13272432406274,150.39125996908538,12477455
2022-08-01,157.14996337890625,157.85168834072215,154.97091796229452,156.96529832205678,7849924
2022-08-02,158.9966583251953,160.4739791923284,156.3374762559303,157.33467234967063,12615631
2022-08-03,156.66986083984375,158.77503602225377,154.23227949136594,158.77503602225377,9949919
2022-08-04,153.0134735107422,157.6670355598893,152.2748132258319,156.70677493529365,8058280
2022-08-05,153.97373962402344,155.30333043847003,151.97935903788448,153.27201458255664,31999040
2022-08-08,159.10745239257812,159.6614477160496,152.93964455390073,154.74936035636145,16358151
2022-08-10,162.39447021484375,162.83765962879923,159.14435815719543,159.4398290375607,14267910
2022-08-11,163.7050018310547,169.84580914096375,163.25566972889476,169.24670348041383,28800337
2022-08-12,165.98907470703125,166.43840681027345,163.06845031692708,164.00454934285662,8861089
2022-08-16,166.9251708984375,168.0484897104781,165.09041912416916,168.0484897104781,7844356
2022-08-17,165.8393096923828,167.3745144593996,164.86576436986067,167.3745144593996,6119157
2022-08-18,166.06398010253906,166.73796688277892,165.2027735025669,165.83931403346213,4233196
2022-08-19,162.61912536621094,165.98908200777913,161.5332527337704,165.98908200777913,8783707
2022-08-22,163.48033142089844,165.46485672737728,160.29759482526913,161.45835986907306,10390480
2022-08-23,166.88772583007812,167.52426626161355,162.20723106736546,162.5067781613834,9344364
2022-08-24,167.4868621826172,169.24673322723706,166.25121582498508,166.81287533790731,10825973
2022-08-25,168.42294311523438,170.10792147136405,167.52429027736335,167.52429027736335,13077805
2022-08-26,172.2047576904297,173.7399622282756,169.6211269168294,170.5197796084744,12673156
2022-08-29,172.69154357910156,173.44042275953655,165.8018459775082,165.8018459775082,8757016
2022-08-30,175.83682250976562,176.36103561685962,172.87875222324578,173.5901851133725,12991363
2022-09-01,172.46688842773438,177.3346034078698,171.90522900694953,175.49985158537064,9682321
2022-09-02,171.71798706054688,174.0769517529076,170.89421544547463,172.99107929812232,4599518
2022-09-05,173.4404296875,174.00208909526134,171.1188995646238,172.2422183801465,4909470
2022-09-06,174.2642059326172,175.72451824122473,172.991113443754,174.2642059326172,5307321
2022-09-07,178.86981201171875,179.20680538614238,174.00209692540517,174.45141761563988,12751679
2022-09-08,177.07249450683594,180.10545772269944,176.0240681387058,180.10545772269944,7677716
2022-09-09,177.93373107910156,178.2332782364334,174.7509939677367,177.8588385762728,8436280
2022-09-12,173.36553955078125,179.01957995111835,170.74446227895518,178.60769409443338,19053188
2022-09-13,173.2157745361328,176.2112915659769,172.72899616258877,174.26420092578198,9884429
2022-09-14,173.70252990722656,175.0879610120012,171.90522437988798,172.3545450482277,7705022
2022-09-15,175.42495727539062,175.9491704439639,173.92719883547267,174.5637507432338,5386854
2022-09-16,173.0285186767578,175.23770974065474,171.90520002457413,175.12538244623167,8750965
2022-09-19,172.1673583984375,174.22677661577282,171.26870546172594,172.95368400318213,4011597
2022-09-20,172.12989807128906,175.0879687870959,171.26868008816177,172.99110462742598,6890375
2022-09-21,173.4029998779297,174.26420648066562,170.10792418387226,172.1299073850627,5673523
2022-09-22,170.0330352783203,173.215772077351,168.87227016033455,172.2047805233333,7677219
2022-09-23,166.88772583007812,169.95812353822413,165.5022948095195,168.49781145765562,5495315
2022-09-26,161.3834686279297,166.32607595020747,159.13683101361977,165.50230425416456,7832594
2022-09-27,160.18527221679688,164.528774293537,159.32406562206853,161.75792326376876,5795048
2022-09-28,157.86375427246094,159.81083354134398,156.44087678640196,158.53774105265296,6134706
2022-09-29,160.18527221679688,161.1213713097585,157.75141457509665,158.61263259681587,8962595
2022-09-30,158.94961547851562,161.75791257177562,155.65455145988662,159.51127489716762,12875386
2022-10-03,160.97158813476562,163.255672070694,158.98706274690417,159.5112759222836,11397506
2022-10-04,167.18728637695312,167.748945793673,163.33056295293926,163.48033651199987,10862095
2022-10-06,174.86329650878906,175.3126286080873,168.23571089258502,168.49782318834065,12795784
2022-10-07,172.01756286621094,174.90075257341854,170.59469685020676,174.48886669710453,14641624
2022-10-10,172.12989807128906,173.73998386823735,169.6960405386521,169.9955876641805,10850668
2022-10-11,168.83482360839844,172.95365945854653,167.74895098784842,172.95365945854653,19154740
2022-10-12,173.8148956298828,174.48888245052595,168.9097337734504,168.9097337734504,9256951
2022-10-13,175.6496124267578,176.43593784431698,173.06598156362577,173.8897417982678,7231841
2022-10-14,176.99765014648438,178.94472972353088,176.24877074908355,178.94472972353088,6241886
2022-10-17,178.23324584960938,178.64513168634042,174.4139574391791,176.99759976640578,5623812
2022-10-18,181.00411987304688,181.34111326398835,177.3720622175805,178.60770846002958,6674374
2022-10-19,178.383056640625,181.9776797608047,177.48440371732806,181.22880042022527,13886387
2022-10-20,180.47987365722656,181.60319237293544,174.93817256385833,177.4843570820029,10755972
2022-10-21,178.75746154785156,180.74199827064825,178.27069464193352,180.4798859816218,3285505
2022-10-24,180.10546875,181.00412161013193,179.7310291060291,180.40501589438028,730136
2022-10-25,179.69357299804688,180.44245224490433,178.19581450433196,180.10545886921656,6976548
2022-10-27,180.4049835205078,180.92920806958728,178.9821176995497,180.44242976358336,6422639
2022-10-28,183.02610778808594,185.57230442341452,180.14292915908598,181.22880192655327,14076967
2022-10-31,184.18682861328125,185.34759360611133,182.38952318547223,184.22427485698336,8365329
2022-11-01,183.9622039794922,184.97319565203077,182.16489814719225,184.97319565203077,8813106
2022-11-02,184.0745086669922,186.92025189726425,181.3410927453272,183.96216993139547,14974441
2022-11-03,184.37408447265625,185.422522366468,180.4799143326204,182.72655227037086,6754654
2022-11-04,184.26173400878906,186.24625936714156,183.84984815319044,184.74850093004835,5511411
2022-11-07,186.88282775878906,188.2308127564778,184.78596347649446,185.1978493684259,10513106
2022-11-09,191.5633087158203,197.2547839896935,190.6272096812698,191.33864266213016,40391668
2022-11-10,189.915771484375,195.0830334423791,188.7924526737663,193.1734006059362,20832572
2022-11-11,189.6536407470703,193.88480328474844,189.01708891216816,193.80991080052863,20165337
2022-11-14,185.12295532226562,191.9003150767146,184.41152229323308,190.62722258892094,18762693
2022-11-15,185.0830841064453,190.42471217205326,183.84734631367192,186.87691115873113,20225373
2022-11-16,187.2755584716797,187.7539172670904,183.6879040016079,186.0398205530128,9764275
2022-11-17,185.28240966796875,187.15596734881683,184.16625541033733,187.15596734881683,5737884
2022-11-18,183.01022338867188,186.19924923847609,181.9339222982957,185.32226226371264,6413585
2022-11-21,182.9304962158203,183.6878874359416,180.73804090405588,182.57173323420162,6430876
2022-11-22,182.65147399902344,183.9270771347222,181.49544231035046,182.21298047902704,5885877
2022-11-23,183.8473663330078,184.24599461025616,182.57175097974525,183.36900753424197,5693274
2022-11-24,182.173095703125,184.8040443760724,181.25625566740396,183.96692268488445,8198891
2022-11-25,184.48513793945312,186.2789649546321,181.61502201426754,183.08993914986945,10046363
2022-11-28,183.24940490722656,185.5614438093531,182.09337329099498,183.8074820044466,8146840
2022-11-29,181.13665771484375,184.40541393041036,180.45899705124322,183.52842699496537,6628470
2022-11-30,181.17652893066406,182.45214412143562,180.61845184663952,181.13666367498342,12154948
2022-12-01,180.2596893310547,183.6878823552203,179.30297185297604,182.0933694453133,22435771
2022-12-02,180.6583251953125,181.7744794133622,179.62188932702716,180.25969695098496,6325649
2022-12-05,184.3655548095703,184.80404829188075,180.5785866567251,180.65831716811536,8732711
2022-12-06,184.6844482421875,185.3621210777863,182.97035177355679,184.9634928604147,7394839
2022-12-07,183.169677734375,185.08308843550017,182.33255599069452,185.08308843550017,4519547
2022-12-08,183.68788146972656,184.36555431923745,182.57172730423946,183.08993913139392,3135706
2022-12-09,182.45213317871094,185.2425305966452,181.6150115202972,183.8074666343884,4197165
2022-12-12,185.28240966796875,186.3188455730088,181.85421637731412,182.05353050654608,7881379
2022-12-13,184.60470581054688,186.9167443035596,184.24594289475746,186.07962272327356,4878457
2022-12-14,185.0830841064453,185.92020583054568,184.44528866443386,184.7641863854396,4730078
2022-12-15,181.93389892578125,185.44183420901263,181.53527074576633,184.88374502485843,5221433
2022-12-16,179.10369873046875,183.2892960769269,178.02740956905348,181.7745133318961,7757065
2022-12-19,181.2163848876953,181.65487834734589,178.98406450097485,179.10364809671253,4073907
2022-12-20,180.2596893310547,180.89748476288304,178.06723407993255,180.89748476288304,3784271
2022-12-21,178.4658660888672,181.53529620637454,177.03080200651013,180.5785908731926,3675466
2022-12-22,177.54901123046875,179.98064586679686,174.67889527322205,178.66517757370482,4755089
2022-12-23,171.45001220703125,177.7084684128167,170.77233931814163,175.39642943631458,6561011
2022-12-26,175.99436950683594,176.67204238685946,170.81220234128924,171.4500099639287,3116608
2022-12-27,176.39297485351562,177.7084430202547,175.1173597738189,176.99091714115465,2961726
2022-12-28,177.9476318359375,178.7847535162041,175.83490717327348,176.39298423839534,3015714
2022-12-29,176.71189880371094,178.86450109126397,175.7551934343367,176.03423807610653,4784105
2022-12-30,179.42254638671875,180.5387004254962,177.19022614399728,177.19022614399728,4102247
2023-01-02,179.1833953857422,181.13667134512258,178.70503662765498,180.77790835914146,4210225
2023-01-03,178.66517639160156,179.98064467599005,177.78818942523048,179.3827023348738,3643132
2023-01-04,173.12423706054688,178.98407696304346,172.40671110582693,178.86449335897956,9550461
2023-01-05,173.9215087890625,174.51945119218578,171.56960443647804,172.84521976254214,8815728
2023-01-06,170.8122100830078,175.31670457268808,169.01838290594006,174.59917856792865,12237065
2023-01-09,171.37025451660156,173.56270953689233,170.61286339717086,171.68916436410757,6967190
2023-01-10,172.8053436279297,173.24383712899277,170.77233715221445,171.41014477510905,5400260
2023-01-11,170.134521484375,174.20053424354086,169.177816177856,173.24382893702185,7637956
2023-01-12,170.53314208984375,173.00464183932974,169.6561673335375,171.80875721832055,7161675
2023-01-13,171.4898681640625,171.96821473748048,170.25411822702196,170.77233005618345,3671193
2023-01-16,170.41357421875,172.12767080096472,169.37713835187125,171.80877307200294,3987352
2023-01-17,169.8953399658203,171.52970581770595,168.30082720092352,170.413551748345,5871758
2023-01-18,172.88507080078125,173.28369903673862,169.97507737919142,170.493301385037,6441530
2023-01-19,178.5455780029297,179.22325084564596,171.52971887047002,172.80533404552372,12938871
2023-01-20,180.97723388671875,182.77106109484703,177.58889360469868,179.2631371983528,13444947
2023-01-23,183.44871520996094,183.68788241438958,181.13666419075017,182.1731000155572,8736715
2023-01-24,181.45556640625,184.9634897949141,181.13665653853752,183.52842580312694,4252051
2023-01-25,180.29953002929688,181.77445923565307,178.3861195349885,181.61501038865524,3855827
2023-01-27,177.30982971191406,181.49542607672703,174.83834201464913,180.97721425000785,6171667
2023-01-30,180.06036376953125,180.81775492055044,175.994351241708,177.3098194426799,6172517
2023-01-31,179.2631378173828,182.05353570632923,178.50573437253328,179.3827214322699,7424552
2023-02-01,175.9146270751953,181.77446672380617,170.73246026070083,181.77446672380617,24008324
2023-02-02,173.52285766601562,176.75174865064545,173.0046458509623,176.19367158093397,6806578
2023-02-03,174.5194091796875,175.95447303475072,171.09121662586017,173.80188333473907,8776614
2023-02-06,175.07752990722656,175.6754722741704,171.92835704252073,174.758620012422,5742881
2023-02-07,175.1572265625,176.3132458957093,173.00463674115042,175.07750822254903,4907167
2023-02-08,176.01486206054688,177.36253467349556,174.9122117677803,175.40228133411807,6316867
2023-02-09,175.23892211914062,177.07666422662012,174.13627186945843,176.42324231803016,4383159
2023-02-10,172.74777221679688,175.11641280809704,172.29854383900206,174.78970805860297,4954439
2023-02-13,174.01377868652344,174.54467703165486,170.82835122677216,172.7477759446859,6142208
2023-02-14,172.9519500732422,175.03472693508036,172.4210517878458,174.01375910702106,6758731
2023-02-15,173.8912353515625,174.62633966497225,171.76762974867984,172.3393692393411,9612884
2023-02-16,175.9739990234375,176.8316144266488,174.05458712985393,174.38129182489385,13093683
2023-02-17,177.64837646484375,178.2609570733432,174.95301929484924,175.48392996667272,7243093
2023-02-20,178.30184936523438,178.8327477262014,176.38242459006807,177.93430338741194,8479587
2023-02-21,174.8305206298828,179.03690278978107,174.25878118042849,178.71019809380294,4655766
2023-02-22,173.03363037109375,176.30072738097618,172.8294368079761,175.2389183601672,6003852
2023-02-23,175.52479553222656,176.38241105666805,173.52370095052112,173.9320881085421,6219715
2023-02-24,177.28086853027344,177.48506211013714,175.3614438943597,176.42325300224843,5154174
2023-02-27,177.19918823242188,178.0568037707039,175.6881632011509,177.2400294414805,4841279
2023-02-28,175.9331817626953,177.19918443848317,173.1561540879884,176.91332090716782,6054079
2023-03-01,178.6693572998047,178.87355085100447,175.19806692940847,175.93315872853356,4510175
2023-03-02,182.01815795898438,183.32498936276315,177.52589930358457,178.66937833976436,11354939
2023-03-03,182.09983825683594,184.95854847268262,181.65060987317682,182.87577139425397,7089438
2023-03-06,183.69253540039062,184.18260496642728,181.11970133616518,182.09982800525168,4771341
2023-03-08,183.65171813964844,183.89674047500148,181.85480459380898,183.65171813964844,4271464
2023-03-09,183.61087036132812,185.36693017114115,182.67157241178745,183.6517115700885,4263468
2023-03-10,183.24331665039062,184.01924973203865,180.87466373542878,182.0998251684477,3670173
2023-03-13,180.34376525878906,184.38679549124905,179.15944503394536,183.12079285242166,3877606
2023-03-14,180.54795837402344,181.97731337421567,178.75105743780765,180.3437648025674,5723922
2023-03-15,179.60865783691406,182.30401543325377,179.36363552514476,181.28304759092708,2992144
2023-03-16,180.3845977783203,181.69142909821494,176.70911365982784,178.50601451404918,4988245
2023-03-17,181.03802490234375,184.55015700701614,179.77203466372973,181.32390090247495,15720256
2023-03-20,177.28086853027344,180.99719417639042,176.17821821381455,179.69035028006783,4244575
2023-03-21,177.28086853027344,178.83273475204282,176.38241179367827,178.17931280388154,3998751
2023-03-22,174.74887084960938,177.15835270550218,174.05462012529455,177.15835270550218,9675449
2023-03-23,174.2587890625,175.40226801313048,173.4828435642302,174.09542424413635,4730918
2023-03-24,170.256591796875,174.7080090158519,169.88904587292024,174.17711073269348,6611089
2023-03-27,170.2157440185547,171.6859401205892,169.56233460697104,170.29742642649546,4002212
2023-03-28,170.6241455078125,172.54357008926647,170.25659956708358,171.03253265595276,6157526
2023-03-29,173.9320831298828,175.52479050797737,170.2157576056711,171.48176025189528,16734166
2023-03-31,174.50379943847656,175.03471013590428,172.46186397833532,173.31947936419164,5139018
2023-04-03,179.81283569335938,180.38458760549182,174.6263269853281,174.87136173867265,7754066
2023-04-05,181.73226928710938,183.16162421408663,179.93536844293513,179.93536844293513,6491910
2023-04-06,181.07887268066406,182.26319300719703,179.9353935646297,181.69145344917985,4589598
2023-04-10,181.36474609375,183.3249995397316,180.62964170426628,180.87467650076084,3498235
2023-04-11,182.67153930664062,183.20244999833582,181.3238669026929,181.93644753412093,3995959
2023-04-12,185.97950744628906,186.22454223129603,182.6715690061621,182.95744499916802,5136012
2023-04-13,184.18258666992188,187.57219469883046,183.32497124604578,186.1428398133654,3478451
2023-04-17,187.5313720703125,187.8172355789312,184.10091026300086,184.18259267288389,6265943
2023-04-18,189.65499877929688,189.8183511542893,187.24551697494306,187.53139297842034,8004952
2023-04-19,188.18478393554688,191.61524578730345,187.04130496028543,190.79847152983496,7424582
2023-04-20,187.49053955078125,189.08324691339396,187.12299361525316,187.77640307264244,2589165
2023-04-21,187.89892578125,188.2256305083591,185.77530766608152,187.85808457461474,2459508
2023-04-24,189.12405395507812,189.49159982420926,187.4905056807315,187.4905056807315,2587030
2023-04-25,188.06227111816406,189.73666082375686,187.77639514538504,188.79736295818725,2570946
2023-04-26,187.65390014648438,188.38899204978503,186.22454508552093,187.858093726622,3439487
2023-04-27,189.28741455078125,189.89999518039542,187.16379671625816,187.65386620514343,3349374
2023-04-28,190.3900909423828,191.73776352831374,189.16492951408688,189.90002138586982,4771074
2023-05-02,192.8404083251953,193.94304610157133,190.39008553815592,190.47175548659885,3773537
2023-05-03,193.4938201904297,195.16820994182825,191.61524933387093,192.79956953652336,4523385
2023-05-04,193.9430694580078,194.39229784899587,191.24771157506706,193.45301231937438,7248108
2023-05-05,193.9022216796875,194.3922912647094,192.7587425986194,194.26978009994755,3043479
2023-05-08,190.18589782714844,190.63511371487846,187.85808612260843,189.90002184133243,9711437
2023-05-09,193.04458618164062,195.04568046895176,190.71677473818605,191.77858368542823,7318928
2023-05-10,193.2079315185547,193.7796709423313,191.57438318605872,193.53463619986,3650159
2023-05-11,192.88124084472656,194.51478940140598,192.513694912071,193.2079580338543,2675726
2023-05-12,191.9827880859375,193.77968892584553,191.32936619970206,192.88123227439857,2348435
2023-05-15,194.14724731445312,195.6991259518303,191.00267375834886,191.61525447923773,4217892
2023-05-16,196.8017578125,197.41433851483998,193.94304786824665,195.00485691156658,6016484
2023-05-17,197.33267211914062,199.04789063878783,196.63840899212545,196.8017613564271,4968232
2023-05-18,195.69911193847656,198.39445694699373,195.16820120726425,197.6593651197592,3512113
2023-05-19,195.94415283203125,197.3326791354316,193.00377278109474,196.0258352485796,3810543
2023-05-22,194.96401977539062,197.00595549248308,193.94305191684438,195.5357592835792,2891415
2023-05-23,195.45411682128906,196.1892087976308,193.4121808170194,195.168240795496,3213453
2023-05-24,196.8426055908203,197.250992739349,194.3922826996483,194.63731748136283,2422138
2023-05-25,196.066650390625,197.82270994607143,194.31057837219328,197.04677694396685,3810138
2023-05-26,197.25099182128906,198.0269249072848,195.29073850266968,195.86247801535146,2646742
2023-05-29,201.00816345214844,202.274153667146,196.67925709984013,197.2918378347049,8069985
2023-05-30,199.5379638671875,201.86576314304907,198.7211895676599,201.13067125866894,4657906
2023-05-31,197.0467987060547,202.4783427836383,195.4540913231005,202.4783427836383,15727646
2023-06-01,188.14398193359375,189.40997224221374,187.16384271493743,188.1848106818812,35509867
2023-06-02,188.5931854248047,190.63512122396014,186.3062273001402,186.63293204281024,36400588
2023-06-05,187.61306762695312,188.83822916452092,187.4088740373585,188.2664896062535,19807347
2023-06-06,186.06118774414062,188.3889870177397,185.20357223787286,187.6947363416081,13495524
2023-06-07,188.4298095703125,189.08323143720665,186.3062040816384,186.83710233806056,21853324
2023-06-08,186.3062286376953,189.0015739415417,185.93867022081886,189.0015739415417,8538256
2023-06-09,185.93865966796875,187.40885586307294,185.69363735460675,187.00046872348767,5137982
2023-06-12,187.0413055419922,187.24549910699434,185.1218810457773,186.42872484698566,4261576
2023-06-13,187.00047302246094,188.10312330988464,186.22453993200827,187.85808852790308,5574798
2023-06-14,187.00047302246094,187.77640611291363,185.85699399052928,187.77640611291363,7034468
2023-06-15,186.714599609375,187.57220260642003,186.14284766069687,187.20465668440272,6363240
2023-06-16,186.67376708984375,187.61305254125742,186.22453873625983,186.6329258826113,8518319
2023-06-19,185.53028869628906,186.87797385215532,185.08107277398784,186.6329390544535,8210198
2023-06-20,185.61195373535156,186.02034087228304,184.18259875609144,186.02034087228304,5024593
2023-06-21,186.59207153320312,186.87794750070879,184.9585230628525,186.06117326553348,4705567
2023-06-22,185.36692810058594,187.53138751083873,185.0810645684305,186.55124836348585,6566989
2023-06-23,184.50930786132812,185.85699292299245,183.61086361653855,185.48944698362462,3881707
2023-06-26,183.20248413085938,184.95854394959792,182.34486859448052,184.59099799486046,6145625
2023-06-27,183.896728515625,185.2444135873604,182.87576064142547,184.87686764524594,6282912
2023-06-28,185.61195373535156,185.9386584597022,183.07994850118195,183.89672277504488,19512531
2023-06-30,188.67486572265625,188.9607417165217,185.2035749030836,186.14286037494966,7850296
2023-07-03,189.20574951171875,190.92098041723915,187.7355658361138,189.08323835974699,7860203
2023-07-04,189.3282928466797,190.14506717952733,188.10313134740824,189.69583880386367,3662791
2023-07-05,189.00155639648438,190.18588902894504,187.939759842257,189.32827357415786,4859892
2023-07-06,191.61524963378906,192.75872863200473,188.6748572626826,189.00156198703382,7254947
2023-07-07,191.12518310546875,192.63622052119806,189.24659975328777,189.49163453191773,6393850
2023-07-10,190.9209747314453,192.43201203002212,190.18588291553453,191.94194251075785,6223180
2023-07-11,191.12518310546875,192.59537931426198,190.716795962081,190.96183074071095,10775084
2023-07-12,191.451904296875,193.8205574099833,190.83932352912095,191.9419738962733,11313272
2023-07-13,187.7764129638672,192.18700181149393,187.04132105408968,191.94196702057238,20205328
2023-07-14,188.7156982421875,189.5733137213118,187.6538891948425,187.8580827630632,7390502
2023-07-17,188.02145385742188,190.02254853275463,187.61306668029323,188.67487583342518,4963515
2023-07-18,186.42874145507812,189.85919116012067,185.85700191473558,187.61306174499924,6168942
2023-07-19,186.714599609375,187.77639617009478,186.38788242970378,187.20465668440272,5247533
2023-07-20,187.65390014648438,188.42983325840996,186.0203515053833,186.75544340868396,3195629
2023-07-21,187.0413055419922,188.26646693200522,186.6737596175855,187.53137508319185,3903407
2023-07-24,188.634033203125,189.49164876123672,186.6737797528589,187.04132571691036,3456895
2023-07-25,187.81723022460938,189.77749583904475,186.91878605643888,189.73665463526754,11024983
2023-07-26,188.26646423339844,188.838203714612,186.95962045092233,188.30730543841068,7574284
2023-07-27,187.08213806152344,189.40993711667878,186.3470337838542,188.6748453019951,7837850
2023-07-28,185.48944091796875,187.81724009983535,185.28524735133206,187.5313765843357,8817344
2023-07-31,187.24551391601562,187.81725345064265,185.2852605221551,186.63293317256083,19422170
2023-08-01,196.31170654296875,197.08763962965114,187.00047211381985,187.8580876150948,22409256
2023-08-02,191.57440185546875,198.5986528919415,189.7366598023182,196.96510440025213,25003960
2023-08-03,187.89892578125,192.02363839168123,187.4088562275999,191.57441004466637,13949266
2023-08-04,190.9209747314453,193.16710384593293,188.26645850523272,190.14504171176492,6725977
2023-08-07,190.267578125,192.75874232991197,189.7366797944557,191.73777441502898,6744074
2023-08-08,188.06227111816406,192.2686535217147,187.2863380730316,190.30840030632888,13828141
2023-08-09,191.73777770996094,192.51371084600865,188.34816915949526,190.51261619104744,35271302
2023-08-10,191.86029052734375,193.41216927577835,191.49274456110498,191.73777935959336,10749822
2023-08-11,191.86029052734375,192.43204254481245,190.92100500662383,191.12519859486622,6132454
2023-08-14,191.04348754882812,192.92207077177264,188.42981250355066,192.75871841825264,6092872
2023-08-16,190.34925842285156,191.77861348776443,189.57332530878202,191.12519153692114,4576249
2023-08-17,189.73666381835938,191.0434951615802,188.75653719519718,190.88014280155087,5602132
2023-08-18,189.03025817871094,190.27688553009574,188.65627250956533,189.90289986095013,6904019
2023-08-21,191.2326202392578,191.81437707116166,188.6562522505221,189.0302378795069,4955953
2023-08-22,191.77281188964844,192.8532246337469,190.90017033936326,191.48192714577095,4280368
2023-08-23,191.89749145507812,192.39614744973355,191.39884814177142,192.18837623218525,2524601
2023-08-24,190.52621459960938,193.35189820597336,189.90290092043944,192.68704042660485,6378317
2023-08-25,189.23800659179688,191.23261772237692,189.07179216791877,190.31841936902595,3890957
2023-08-28,190.69241333007812,191.1910693048611,189.07180043405586,189.90288527112864,3360861
2023-08-29,191.1079559326172,191.48194157339037,190.11065666343927,190.69241351368072,3112560
2023-08-30,190.11065673828125,191.7728264146815,189.90288552873122,191.23262634239072,4086281
2023-08-31,191.1910858154297,191.52351470642688,189.81978810703038,190.31844412487547,10403460
2023-09-01,196.88397216796875,197.17485690295655,191.68969248137876,191.73124925514085,14869577
2023-09-04,205.9428253173828,206.89856780819412,197.92284902480574,198.42150499996274,24785966
2023-09-05,212.217529296875,212.67461583604648,205.69350791275906,207.23102001414145,19654487
2023-09-06,212.59149169921875,214.25364859694045,209.8904661332313,212.71614934510995,13346191
2023-09-07,227.71725463867188,228.34056829187992,211.7604276528157,212.75772696167883,72255521
2023-09-08,234.44903564453125,236.40209006781203,225.14087540230173,228.21589941876047,41855413
2023-09-11,231.83114624023438,236.19434202621596,230.41829174540845,236.02811489881336,14505153
2023-09-12,225.01625061035156,232.7453305139374,223.56185194528004,232.7037864114439,17547706
2023-09-13,232.41287231445312,233.95038435343602,223.56182376935803,225.63953588617363,17607568
2023-09-14,230.6676025390625,234.53216759225933,229.96120066823562,233.7841708963514,12033796
2023-09-15,232.12197875976562,236.15274518636312,230.66758033304353,231.4571210526281,13288180
2023-09-18,233.7425994873047,234.98922668457033,228.09123300477864,232.12197398578127,8754852
2023-09-20,236.27740478515625,239.35242877209842,231.95577892772206,232.288207784033,18615797
2023-09-21,233.0777587890625,238.35512735213817,231.54024672778579,236.77607119300146,11071899
2023-09-22,235.48789978027344,237.77338314165078,232.03890268927978,232.7037604311471,8691024
2023-09-25,239.3939666748047,240.1835073804761,233.6594866230348,236.27739867246288,9118957
2023-09-26,238.3135528564453,242.17809188428134,237.8148969322453,239.72640708122978,11256196
2023-09-27,242.3027801513672,243.8402922108674,236.4436420488386,239.35243905119688,12805340
2023-09-28,241.18081665039062,244.4635863593621,240.18350475546293,242.30276082881548,12432497
2023-09-29,245.3362579345703,247.247742945033,242.17812028605766,243.34163400384784,8640829
2023-10-03,242.59364318847656,246.915294206995,241.0977007235174,246.8737247502104,9348540
2023-10-04,239.3109130859375,242.26125440965473,237.60717378070302,241.67948482002365,6338888
2023-10-05,240.47439575195312,241.47168231009275,235.94497337531166,240.01728388711373,8687014
2023-10-06,239.18621826171875,241.84570002216182,238.52136050295684,241.80415592325085,3741467
2023-10-09,239.18621826171875,240.14198616364837,235.23856508266283,237.73181972206655,4647845
2023-10-10,252.02650451660156,252.56670464747734,239.18623222879643,239.56023059162538,23283411
2023-10-11,250.8629913330078,253.4809037914286,248.8683925724348,253.1069054276402,12321154
2023-10-12,255.30929565429688,256.8883519179144,250.90453039371258,251.44473051512136,15375295
2023-10-13,255.93260192871094,258.3427430363062,253.02380481475507,253.48089135901176,9516879
2023-10-16,259.2984313964844,260.6697161053695,254.76900954912892,255.84943489756327,10535107
2023-10-17,263.78631591796875,264.5758566394207,259.3815765316996,260.12954779467225,7760527
2023-10-18,263.4123229980469,265.7393501648113,261.9994687707795,263.7447518271998,9662837
2023-10-19,261.62548828125,262.37348490108786,256.6805488748628,262.0410306866285,8977527
2023-10-20,259.630859375,263.20453885997927,257.30383232272396,259.71397291887257,6009115
2023-10-23,254.3950653076172,260.00488777278144,253.48086694445868,259.7555471122679,8086150
2023-10-25,257.8856201171875,259.8802440574561,253.48088053493785,254.39507894711144,7253336
2023-10-26,253.68861389160156,256.929839266818,251.73555970310792,256.929839266818,8329092
2023-10-27,260.9190979003906,263.57855419357685,254.3119632206576,254.3119632206576,10503070
2023-10-30,261.417724609375,262.4565806527483,259.25692432931567,261.7917229300679,6229982
2023-10-31,261.16839599609375,263.28765207150906,258.25959922286756,263.2461079769696,7446586
2023-11-01,254.85214233398438,262.4565629870926,254.18728465605483,260.29576285247424,9593653
2023-11-02,256.6805419921875,259.96331168903583,255.39234535243855,256.7636555435737,7071960
2023-11-03,259.2984313964844,261.54237027480025,257.88557723418285,258.1349178666028,4658440
2023-11-06,263.07989501953125,265.5731495306474,260.12955399312233,260.2957811056086,10340818
2023-11-07,261.16839599609375,264.94982165620974,260.6697400481445,263.038336778882,6826885
2023-11-08,263.78631591796875,264.4096295308953,261.4177191163088,262.6228022463784,6424833
2023-11-09,268.8974914550781,269.68703220290803,262.37349571197564,264.6589790357291,15503280
2023-11-10,268.7727966308594,271.05827963854136,267.23528480769835,269.64545081504474,8445203
2023-11-13,290.3395080566406,290.87970815639153,274.5073258665098,276.75126518879534,42178783
2023-11-15,291.3783874511719,298.3594959324839,289.7162175573976,298.3594959324839,35092206
2023-11-16,287.3891296386719,294.6195779448802,286.5996142524884,293.3729506757199,17617280
2023-11-17,286.9320373535156,289.6746071454874,284.4803269616801,289.21752063439084,13542916
2023-11-20,289.0097351074219,292.8742743001583,285.85162305722105,289.2175063044797,19032608
2023-11-21,290.4873962402344,294.22495522353717,285.83715899872027,291.1827474147266,15148068
2023-11-22,288.7055358886719,293.70344906604566,286.8367562666697,291.8781189482498,7599447
2023-11-23,290.7047424316406,292.0954449989318,286.8367812857403,289.0097872045717,6186567
2023-11-24,289.2705383300781,293.31235057419593,288.6621125862188,291.4870202907155,7054445
2023-11-28,297.2237243652344,297.7017749993798,289.70510357149897,291.0089069656569,10791886
2023-11-29,297.5714111328125,299.8747919104128,293.87730137739436,298.13638731962783,14149513
2023-11-30,297.39752197265625,299.8747535024306,293.8337877128006,299.8747535024306,11959336
2023-12-01,301.3089294433594,305.1768897425621,297.658296214418,298.83169793296804,15105221
2023-12-04,308.3060302734375,312.91279131294414,304.7857454555993,305.17689705511884,22705896
2023-12-05,309.04486083984375,309.8271641146181,304.2207987837944,309.17526240293853,15782945
2023-12-06,306.089599609375,315.08584915953384,303.74276920017076,309.262182854343,14817158
2023-12-07,305.9157409667969,307.5237439004909,302.8300570791719,307.5237439004909,8507659
2023-12-08,305.09002685546875,311.5221189825591,301.5262918918529,305.95922921118233,13444251
2023-12-11,307.39337158203125,311.6959333463527,305.08999091591824,305.08999091591824,11420609
2023-12-12,302.0478210449219,308.2191631254184,300.00519018734155,307.82801145181435,8789103
2023-12-13,300.0486145019531,304.0469234605159,298.7448111826097,303.699247880547,8091533
2023-12-14,302.13470458984375,305.26383796587544,300.5701246388542,303.5254334820742,13142466
2023-12-15,304.2207946777344,308.001829859633,302.87354176882656,304.2207946777344,14331890
2023-12-18,302.17816162109375,305.3072950750957,297.52792420586354,305.08999450920595,7959685
2023-12-19,318.95379638671875,321.3875522300078,301.1785986415083,301.1785986415083,28937243
2023-12-20,306.089599609375,323.1694203344879,304.2208198781706,320.7356643858427,23224408
2023-12-21,309.00140380859375,310.131356137599,300.8309078597727,305.1769191650975,10028664
2023-12-22,315.73773193359375,319.3449161329447,309.78369094018615,312.0436222000279,13916380
2023-12-26,318.17144775390625,323.1693602948013,315.0857906216449,316.2157428465995,11910267
2023-12-27,317.7803649902344,320.9094985636577,314.9989070303139,318.99724290046873,7890042
2023-12-28,331.1225891113281,332.46984191262175,317.9541545442282,318.82335674530697,28310022
2023-12-29,326.82000732421875,331.77447017328814,325.2989035667257,331.6006191334826,8859317
2024-01-01,331.8614196777344,336.20743107490716,328.08041098295286,328.38461055999613,11124690
2024-01-02,341.292236328125,344.0736939606009,333.9909432003081,336.72892480749624,28363847
2024-01-03,334.251708984375,343.16103189647026,333.64328333521485,343.16103189647026,12903439
2024-01-04,334.4255676269531,338.81502840453015,333.6867404049789,337.0766238944485,11039940
2024-01-05,333.99102783203125,337.6851380943244,332.46992360638114,336.2074833790261,8369460
2024-01-08,330.6445007324219,337.8154186472754,329.6449235403889,335.90318978554825,9424716
2024-01-09,334.94708251953125,337.20701360844265,332.1221752898787,333.46942812748813,9473743
2024-01-10,332.0787353515625,335.38172007921287,326.68969688952717,335.38172007921287,9670366
2024-01-11,334.077880859375,338.03274037719075,333.16520260653124,335.07745811405897,9163771
2024-01-12,331.2530212402344,335.338256373981,329.9057416807403,335.338256373981,7471050
2024-01-15,334.3386535644531,337.1635609902333,331.51374613867296,332.4698739572037,7490747
2024-01-16,331.9483642578125,336.3378519363916,327.7327276554752,334.99057241039304,10165133
2024-01-17,329.9926452636719,334.94710894462304,327.8631155611885,331.86142488861,10996538
2024-01-18,326.5158386230469,332.51332918663076,319.86644633459633,330.99222516194175,12493835
2024-01-19,333.12176513671875,334.55594355618825,329.51458107382643,330.8618339623695,15893456
2024-01-23,326.21160888671875,351.8530764464427,324.7774304131443,350.723124079614,16406737
2024-01-24,332.5567626953125,337.0765981608968,325.29891911462016,330.1229806514326,22938994
2024-01-25,338.46734619140625,340.4665272544891,334.9470877376834,336.2074150672873,13440949
2024-01-29,358.8066711425781,360.4581766059003,340.29267419157617,341.50955201248695,27149058
2024-01-30,349.89739990234375,361.41433118862767,349.0716735747468,361.37088168094664,14159072
2024-01-31,353.0264892578125,355.63409601317136,348.02857631004133,352.07036147565805,23750822
2024-02-01,353.5045471191406,358.02438266618805,349.85388725049614,355.3298505275167,8862155
2024-02-02,364.89111328125,367.58564570426745,356.06871528129443,357.0682926165891,25177075
2024-02-05,382.666259765625,391.14098102108176,362.54423460272955,367.8898227048286,31418925
2024-02-06,389.9675598144531,392.010190279636,380.0586600881837,386.62112605565727,13386526
2024-02-07,393.4444274902344,400.3111205592493,389.2287909046781,394.6178559353201,14430152
2024-02-08,399.1376647949219,407.3081602504789,391.14099386551504,395.3131538563687,18790158
2024-02-09,396.5301208496094,403.1360374583495,378.66799672400805,401.74533492553087,17472069
2024-02-12,376.1907043457031,397.6165599557101,373.8003982779369,397.22540835242444,19472346
2024-02-13,393.18365478515625,397.96426730232173,377.2337877181507,385.7519594110845,35665854
2024-02-14,405.35247802734375,406.7866564468064,385.0566000126821,392.57519423369956,18592696
2024-02-15,414.4790954589844,418.30358002833975,406.39549867221893,407.6558525367093,18501875
2024-02-16,417.2171325683594,423.8230758058819,415.0441266695658,419.303212926011,14513583
2024-02-19,400.7022399902344,423.69265027033515,395.8781780801237,419.65083855943686,19798448
2024-02-20,392.5694885253906,402.6365107778514,387.73380613594014,402.6365107778514,27899165
2024-02-21,380.6561584472656,396.48202900706207,378.94167840401565,396.48202900706207,19032050
2024-02-22,391.382568359375,393.8883365811605,376.260085821685,385.09618621104534,22083710
2024-02-23,390.2835693359375,395.2951060334067,388.30533540243886,393.88835653661573,9625544
2024-02-26,388.8768005371094,393.2289257073931,387.3381742207585,390.2835499640758,7570244
2024-02-27,388.0855407714844,391.51447430399725,382.5025195058271,388.87682899721574,8343526
2024-02-28,381.7551574707031,389.360361729653,378.37017440992423,387.11834741752114,8893614
2024-02-29,383.9532165527344,390.37147557622455,377.75473445650107,390.37147557622455,11711699
2024-03-01,392.4376220703125,394.591682729386,385.0961714268094,385.0961714268094,8411615
2024-03-04,400.39453125,402.6804957625531,393.9322952202588,397.27332853291773,11977226
2024-03-05,405.0103759765625,405.9775178227892,398.7679442398393,400.9220316777301,9605493
2024-03-06,405.84564208984375,408.7910176533382,390.8550105097052,406.5929801927471,14061966
2024-03-07,403.20806884765625,409.186721071162,400.966054140204,405.8457142694706,9680802
2024-03-11,399.0756530761719,406.94463746610177,397.7568306755028,405.31808447230776,7824738
2024-03-12,395.03131103515625,400.7462088573028,392.7453733715088,399.07570562943965,8409613
2024-03-13,366.6766052246094,395.5588233572337,360.47815020371155,395.0312889906331,17803423
2024-03-14,376.0402526855469,377.05134453281926,362.4124206764971,368.3910717285079,20478918
2024-03-15,365.09405517578125,376.3479972577451,352.7410942642697,376.0402934506832,25435001
2024-03-18,370.8968505859375,372.34754995973793,363.5993500368157,365.75343750472484,9803914
2024-03-19,368.43505859375,373.31471825490945,363.9950332922354,366.6326784610197,8373676
2024-03-20,368.8306884765625,371.73208721230725,362.85203727438636,369.09444224108034,6950340
2024-03-21,379.86480712890625,381.1836295494415,372.0397994666991,372.78713753797126,9911230
2024-03-22,379.7769775390625,383.51364175697535,376.56782092199535,378.853785574551,9172888
2024-03-26,383.2938232421875,387.68989862364845,378.85377100800304,381.4034893629474,9389403
2024-03-27,377.57891845703125,386.6787728678189,374.5895657861776,386.6787728678189,17985246
2024-03-28,381.667236328125,385.4918269390345,378.0624494669055,378.0624494669055,10332853
2024-04-01,388.6570129394531,390.1956393197859,382.28270364950305,383.953233756219,7256592
2024-04-02,389.6681213378906,394.1520966328034,383.3817122579958,388.65700256402397,11530800
2024-04-03,391.6903076171875,393.00913020175716,387.6459129915377,389.6681237201197,6972648
2024-04-04,394.6356506347656,398.72399494095595,389.09658014086835,395.64674249929476,14743020
2024-04-05,392.9652099609375,394.635713328349,390.371514615458,394.54778644974505,4820138
2024-04-08,393.36077880859375,396.04240061097306,390.8550107357682,394.7675281504881,3980972
2024-04-09,386.72271728515625,395.910497797712,384.43675295332235,394.5037752841331,8005012
2024-04-10,401.2297668457031,403.2080005771125,388.700953213444,389.09658386081855,15825331
2024-04-12,400.5703430175781,407.47218585219144,397.8887212781173,400.0428086728062,11259294
2024-04-15,396.5259704589844,400.74619178447927,387.82174720545555,394.72359041677595,7680715
2024-04-16,398.46026611328125,401.2737381370963,392.4376377342742,394.7675522196016,4996845
2024-04-18,385.6237487792969,401.6254475233344,382.59044594734087,399.9989210512143,10945138
2024-04-19,382.7222595214844,385.6236849744882,376.3479510920285,383.33772072313974,7628287
2024-04-22,389.4483337402344,390.8111063932516,385.09620832450884,387.6459267119526,6396926
2024-04-23,387.68988037109375,391.9101018060011,386.19520407916093,391.9101018060011,5390120
2024-04-24,390.23956298828125,394.50376088464225,387.8656718781183,388.21735249367663,6538090
2024-04-25,397.80084228515625,399.16361481900367,388.3932309389755,389.49224970224367,10858594
2024-04-26,400.7462158203125,404.83458733701826,397.5810630521092,399.1636394362108,7209435
2024-04-29,398.5041809082031,403.295913176273,396.1302897818818,403.295913176273,5305655
2024-04-30,399.4273986816406,403.03218586304024,397.44916475872174,401.2737557093346,6021793
2024-05-02,399.0756530761719,404.0432120857235,395.11918587416454,402.28478221816465,14980896
2024-05-03,417.2754821777344,418.33052417442957,395.1192514374418,402.59257961463766,51071947
2024-05-06,404.9664306640625,423.29806861277547,390.41540644818184,421.14398114986335,36408390
2024-05-07,400.9220275878906,412.7914297204269,398.1525057899345,407.07653239735384,13728379
2024-05-08,408.3514404296875,414.4619689241578,400.13077435142924,401.53752379678326,16978094
2024-05-09,389.931884765625,411.2089002588354,388.0415777255106,409.14273947156465,15601338
2024-05-10,395.1192321777344,396.6578584921582,387.07441995719256,393.18497519565256,9190621
2024-05-13,390.3714599609375,397.22932622764625,382.19477119436067,396.7457687102996,11107909
2024-05-14,394.50384521484375,396.2182986439933,391.3386653351995,392.7454149296544,6592194
2024-05-15,411.34075927734375,413.2310662353089,395.20715802717314,395.6467655444447,23543942
2024-05-16,411.73638916015625,417.6271406129869,402.5486081655786,412.0441197879632,17232651
2024-05-17,413.45086669921875,416.4841692768263,410.4175641216112,412.39579793356916,10625019
2024-05-21,431.3868408203125,434.2442896129478,412.96730239438665,412.96730239438665,27356982
2024-05-22,441.10223388671875,446.06979391969946,432.2221558597488,434.7718743267063,28346931
2024-05-23,437.2336120605469,442.94850960359025,432.66171012501974,442.596828967244,14378840
2024-05-24,440.4866943359375,444.35523478815446,430.06799170839605,436.04666952683243,12190536
2024-05-27,434.7279052734375,442.2451834443084,431.47479875804044,442.20123342309284,8811105
2024-05-28,428.7491760253906,436.2664801400855,425.6279736052412,436.09062641295947,8165238
2024-05-29,427.69415283203125,432.4858585430565,423.8695621678923,423.8695621678923,8014727
2024-05-30,423.91351318359375,429.01297635828575,421.5835987652707,427.2984963502014,7725080
2024-05-31,431.8704528808594,433.54095614664453,421.1440183001088,425.8917743092142,11223848
2024-06-03,450.4658203125,463.69805006590485,444.4871685603036,452.79576171664195,24416215
2024-06-04,388.5251159667969,450.5098023456818,361.1815231973274,450.4657986638084,48046493
2024-06-05,404.9224548339844,406.9446654194907,373.7542993894424,397.4051773664062,18966089
2024-06-06,415.8247985839844,425.8917955327507,408.5272970444015,413.23110326704233,21757857
2024-06-07,421.2758483886719,423.16615521181586,411.12092619657665,415.86868167818596,8317343
2024-06-10,420.00103759765625,429.0569418257165,418.0667537666561,426.41929669154194,10958537
2024-06-11,418.8140869140625,425.10046904238874,417.8029949910193,423.781646491068,11169021
2024-06-12,429.6723937988281,434.59597647761353,421.45172794210356,422.9024273682283,15412796
2024-06-13,428.9689636230469,434.24425326013665,425.1004232554832,434.24425326013665,7438571
2024-06-14,428.1337585449219,432.92546423588414,426.63908229988033,428.9689967029641,5974636
2024-06-18,429.9800720214844,433.3650550354776,426.5951158390028,432.57376692569636,6946544
2024-06-19,420.2207946777344,431.8703927262185,418.9459222718997,430.2877897226122,8962510
2024-06-20,424.7927551269531,428.5294191693754,414.5938549625093,422.9463981161592,7864157
2024-06-21,422.1990966796875,432.04628958245956,421.14402783975845,424.7927650946141,10340882
2024-06-24,416.4841613769531,422.06715523070346,414.9894851258861,422.02320521276556,11124175
2024-06-25,412.5716247558594,420.2208057290095,409.0987148910531,418.41839894123837,7951999
2024-06-26,412.13201904296875,414.85759082854196,408.87891290671826,413.45084150390625,6655899
2024-06-27,410.63739013671875,412.3518702659528,405.75775720199834,412.13206649715437,14857335
2024-06-28,416.0005798339844,418.5063479981752,411.47262786375205,413.23105789735786,8302706
2024-07-01,417.4512939453125,418.77011651695716,414.3300912583591,416.17644822496436,8579861
2024-07-02,421.2319641113281,426.4193278884097,416.1764772343006,420.2648221250719,14629287
2024-07-03,426.37530517578125,428.74916946659835,421.4956460535533,423.69368345144574,7244652
2024-07-04,430.419677734375,433.2771263862342,426.68301411271295,429.7163164911373,7796954
2024-07-05,432.13421630859375,433.71679273642604,428.0898215322815,430.3757861303289,5754517
2024-07-08,433.71673583984375,436.0906270016915,428.3535459649113,433.1892283207768,7477292
2024-07-09,434.1563720703125,436.92592088633165,431.78250758281337,436.92592088633165,6444684
2024-07-10,431.47479248046875,435.12352962826463,422.5067880987529,434.15638769195965,5981477
2024-07-11,439.6514587402344,444.88279882663096,429.5404860396291,432.5737885824159,20146927
2024-07-12,436.2664794921875,447.16873977001825,435.65101827967214,443.1243455357311,8198389
2024-07-15,437.6292419433594,442.77265477398834,433.05731346468673,439.60747558348504,7106020
2024-07-16,450.5537414550781,455.7850814838071,437.84907386045774,437.84907386045774,23169665
2024-07-18,444.223388671875,453.49909639644596,440.7065285933248,453.1034389050039,12540956
2024-07-19,429.05694580078125,445.2344974072948,427.9579269846932,444.2673554828345,9971704
2024-07-22,431.8704528808594,436.0906744819498,425.1444361338192,429.05695392578934,7281653
2024-07-23,428.1777038574219,435.91478510417073,408.43931642748817,434.33220884099876,11311831
2024-07-24,434.1563720703125,439.07998161583015,426.50721739079734,427.9139668083043,6823248
2024-07-25,434.33221435546875,442.7287069570635,425.5400642673013,431.6945693290185,10281157
2024-07-26,448.2677917480469,449.89434493195523,438.0688919578386,438.0688919578386,20437968
2024-07-29,450.2900085449219,453.411211234425,446.20163710427255,452.35614244364183,7259754
2024-07-30,456.6203308105469,462.1154250662964,448.35574124771756,450.29002515834736,13197520
2024-07-31,459.1260986328125,461.93959745672515,448.83927206636497,460.22511741847944,11972565
2024-08-01,475.1278381347656,476.7543645245481,464.2255499658117,470.3800553630857,34763894
2024-08-02,461.1483154296875,472.3143578228408,459.2140314960417,469.50085879781335,10985150
2024-08-05,445.5861511230469,452.7957248533163,437.45341237568147,452.7957248533163,11835031
2024-08-06,439.25579833984375,454.7299869654221,437.84904904088006,446.72912548210775,7142269
2024-08-07,467.30279541015625,468.4457642335869,446.37748811686953,446.37748811686953,18293730
2024-08-08,460.22509765625,470.3800200671509,458.2908139439297,469.5008050763712,13624148
2024-08-09,465.80810546875,467.17087801306457,458.81833534807237,465.9839592048287,6468264
2024-08-12,460.66473388671875,466.4235817029431,460.0932226418528,465.1047591345088,5238736
2024-08-13,458.73040771484375,465.8960311405243,457.1917815270125,461.5878563493876,5201294
2024-08-14,443.73980712890625,464.13760521319347,438.7722210715846,459.74153035291704,14766889
2024-08-16,454.92877197265625,457.992425796653,446.22626071317137,450.8439363406468,7313429
2024-08-19,463.54254150390625,464.8301705147471,455.6836522790921,456.26082790465273,10737456
2024-08-20,465.8512878417969,469.27016813467407,462.6988546314636,465.6292847396611,8191127
2024-08-21,472.6002197265625,475.30864676162173,465.67373370576263,467.5385381036783,9067794
2024-08-22,469.6253356933594,475.48625004876897,467.80492111477577,474.1986212297791,8531700
2024-08-23,478.50555419921875,480.5480264810268,469.62542845217945,469.7142622296416,12566904
2024-08-26,477.8394775390625,482.6791562302826,474.8202677298455,481.30274777314116,7193307
2024-08-27,471.8898620605469,481.0363799294699,470.64662288613806,478.7275149198509,7865530
2024-08-28,467.4053649902344,475.57509095774316,466.60618624774986,474.10990282986364,6066259
2024-08-29,468.470947265625,470.64658856218153,458.3031940878239,467.4053215081302,9147836
2024-08-30,466.1622009277344,476.86274136034854,463.54255305419355,470.6466534841429,30921282
2024-09-02,462.52130126953125,469.7586250173725,459.67970455379833,467.98259997004783,6370038
2024-09-03,461.4112548828125,464.9633047408787,460.21245973570694,462.6544940131275,5526155
2024-09-04,447.2474670410156,458.9692151739245,444.49462301359364,458.9692151739245,16783593
2024-09-05,441.3421630859375,450.66629329197843,439.69933472487554,450.66629329197843,10830621
2024-09-06,433.8384704589844,443.11821137691345,427.1783771016159,443.11821137691345,13110103
2024-09-09,430.1976013183594,433.7940405587391,424.5143004990129,433.3500343759768,10189742
2024-09-10,436.1029052734375,436.90211103215717,427.84437350003174,432.7284418144156,9809547
2024-09-11,429.753662109375,438.2785604669606,427.9776371015462,437.65696797421504,8134497
2024-09-12,440.14337158203125,441.56419694191266,428.24401000550506,432.4620692020341,12058489
2024-09-13,435.3481140136719,442.0970142149119,434.6821046602598,441.3421981943803,8093877
2024-09-16,438.0121765136719,439.47739175509787,432.7729080534255,437.34616712211533,5244657
2024-09-17,433.7940673828125,439.3885347915617,433.03925140544453,438.01212637988186,5063902
2024-09-18,432.5508728027344,438.32295376760356,431.70725012941153,434.94849017430175,6527832
2024-09-19,424.425537109375,436.5469009405063,422.9159051904847,434.2380632821985,10014450
2024-09-20,435.9697265625,442.2302035437562,426.5123722163618,427.0896019933483,12982128
2024-09-23,444.5390625,446.22628082840777,435.5701308384756,438.23416833595866,6123879
2024-09-24,447.8246765136719,449.91151123226416,445.3826422280828,448.44629608090867,7306001
2024-09-25,448.7126770019531,450.2223089963745,445.78224677747534,449.7783027744846,5059851
2024-09-26,449.8227233886719,450.62195632284653,444.05064210846984,449.33432735111273,6877039
2024-09-27,458.3031921386719,459.8572138867491,448.35746921097075,449.822684296303,15443031
2024-09-30,453.0195617675781,455.9500192149074,446.22627170784483,455.5504027584565,8881502
2024-10-01,451.5543518066406,458.21444549110436,449.4675170321772,454.662395526057,4743517
2024-10-03,446.09307861328125,452.79756205537785,443.5622376033541,443.5622376033541,11285134
2024-10-04,441.5198059082031,448.13548247455316,438.7225449794889,443.65103039199386,7170285
2024-10-07,426.6456298828125,444.49466001416397,422.1167605703834,442.3190455807363,8940891
2024-10-08,436.7689514160156,437.5681572421218,423.093564402673,426.95639707885135,6049075
2024-10-09,432.41766357421875,440.45416522471453,431.2632311553704,436.9021155051604,6874313
2024-10-10,433.4388732910156,438.63375143595795,431.6184315462127,433.97168616998204,4700891
2024-10-11,437.7457580566406,438.5893536433975,432.86168947018854,432.9060792537058,4364566
2024-10-14,442.4966125488281,446.181886059171,437.7457674113808,439.521792389863,5369297
2024-10-15,439.0777893066406,443.42904511525313,435.1705126458548,442.4966157348421,4279311
2024-10-16,440.2321472167969,443.4733870561867,437.70130645727767,439.56613791692274,8000451
2024-10-17,435.0373229980469,441.56422036308004,432.6397054823144,440.23220159878724,4334990
2024-10-18,437.0797424316406,438.4561509008018,429.2208267625853,433.35007927005825,4573163
2024-10-21,431.0412292480469,439.3441509106203,428.3328021693412,436.9021167216274,4737527
2024-10-22,415.900634765625,432.9060676972205,414.8794258720807,430.6860365808245,8671135
2024-10-23,421.0067138671875,422.7383219089697,407.5533304810793,415.9006422081043,10686743
2024-10-24,423.803955078125,429.6204259683787,420.07429183094587,421.0067211927357,5045880
2024-10-25,409.4625549316406,425.4023624923667,407.5977233264888,424.5587669066958,10330954
2024-10-28,392.1907043457031,406.709713738687,386.5074299230645,401.3816388862151,21378247
2024-10-29,395.6539306640625,396.58635998337417,389.6598467113021,394.4551355535016,7680865
2024-10-30,398.850830078125,404.7561080958701,395.1655834279527,397.82962106904,7818123
2024-10-31,401.426025390625,403.60166677760697,393.56713672742256,401.38163560721307,8475238
2024-11-01,403.29083251953125,408.08609413657746,401.69242101384526,403.7348387266649,3095957
2024-11-04,393.65594482421875,406.8429363520754,386.7294579105929,406.70973989219647,15720990
2024-11-05,400.42327880859375,401.6662631221553,393.14955725652794,395.08308528892417,10186343
2024-11-06,401.25189208984375,404.10614484194946,397.0165801138798,403.0933418527128,9130749
2024-11-07,400.8376159667969,405.4412407554398,400.1930972570686,403.0933752542544,5861077
2024-11-08,390.4333801269531,401.4360538514185,387.8553616626377,400.83758828987675,9934413
2024-11-11,388.1315612792969,391.9986170081841,384.26453364870304,389.46662359239434,7201246
2024-11-12,381.22613525390625,391.1239279716992,380.07522912393034,389.00627193186114,6564348
2024-11-13,374.6429443359375,382.56118384504845,373.5380913498736,381.1800965387486,7170870
2024-11-14,377.26702880859375,380.5816440773336,370.6838513752167,374.91919154647906,8776485
2024-11-18,380.5816650390625,385.3233929285601,378.41795577930276,381.13410563066225,7352509
2024-11-19,379.56884765625,388.5459156117344,378.14173527187546,382.9755410940594,6291292
2024-11-21,373.8143310546875,381.08805256638806,372.1109842713555,380.30543073639274,14141967
2024-11-22,381.22613525390625,382.7913788299912,374.18259535811245,375.1033202620932,8155453
2024-11-25,384.35662841796875,393.5638776017908,382.74535981079987,387.6251906389077,10903727
2024-11-26,378.8783264160156,386.7044886870633,377.22103270381814,385.27737621813196,5798977
2024-11-27,384.08038330078125,387.6251797566948,379.9831743879825,386.7044548641611,9219932
2024-11-28,382.28497314453125,391.2159874283315,380.7197296430781,386.70444123359806,7788912
2024-11-29,383.3898620605469,384.86302759444305,378.41795296965574,382.37705899984974,7057742
2024-12-02,388.26971435546875,389.8349298780366,383.7581397182624,385.23130522643413,6404844
2024-12-03,388.63800048828125,391.76845964605246,386.10600691830086,391.3080971787833,7928558
2024-12-04,383.6200256347656,392.1367309968283,382.10083516281327,388.63798760092027,6836472
2024-12-05,385.2312927246094,387.8553643105234,379.33865898144956,385.0011114994993,9500273
2024-12-06,384.08038330078125,388.0855422029617,383.38983963138094,386.7044548641611,4252732
2024-12-09,381.18011474609375,387.57916414358874,379.7990273738253,384.8630144054763,6662023
2024-12-10,381.22613525390625,384.1264411800809,378.8782979880731,382.561197603996,6035289
2024-12-11,383.896240234375,386.38218048845044,382.607202956381,383.0215403812066,5353413
2024-12-12,376.6685485839844,384.7248911675528,374.82709885059734,383.48190697785793,9409378
2024-12-13,377.7734069824219,378.6481068576414,370.13140171859413,376.66855398552156,9439175
2024-12-16,377.9115295410156,380.1212635825194,374.27465510936884,377.9575545446394,5434635
2024-12-17,370.9600524902344,378.3719047122899,370.13140570905193,377.91154226737814,5070262
2024-12-18,364.42291259765625,372.70943688904777,363.2720064460741,371.51250573072025,7176597
2024-12-19,360.878173828125,363.2260113312515,356.3205738534711,359.9574488310876,5745829
2024-12-20,351.7169189453125,362.4894117334789,350.33583156725496,361.8448930510676,7923854
2024-12-23,352.59161376953125,357.7937038654899,352.08519821257426,355.39981349174155,5163415
2024-12-24,354.01873779296875,356.0903688983893,351.1644848725082,354.34099714013763,4242999
2024-12-26,355.9522399902344,359.35890514670376,354.5250995842477,355.76808377710927,4190081
2024-12-27,350.3358459472656,357.65562059073835,349.4611459992748,356.7809206427475,5909271
2024-12-30,347.9419250488281,351.99310888389647,345.9163471804406,350.33581534628,22328728
2024-12-31,353.69647216796875,354.2028877326157,346.28464780611415,347.9419414217168,7686615
2025-01-01,355.76806640625,357.37933484839635,352.17724521198227,353.14399503795335,3584876
2025-01-02,361.79888916015625,362.7196141325976,353.604414426791,357.6095736765702,7538972
2025-01-03,362.4433288574219,367.6454186011459,358.62232637831266,361.84486332908057,7122319
2025-01-06,348.72454833984375,362.8116277661359,347.25138291201677,362.8116277661359,8774141
2025-01-07,349.69134521484375,353.78858272120067,346.6529639415278,350.3818889677153,6542121
2025-01-08,350.1977233886719,351.7629388688759,346.19256443052166,349.9214890580752,7407778
2025-01-09,342.69384765625,351.3026037119984,341.4048102098974,351.3026037119984,6247612
2025-01-10,339.2871398925781,343.6145583435519,335.7883963650257,341.9572365950045,4893721
2025-01-13,334.1310729980469,341.0365100044751,332.61188247629167,337.0774040267743,8661589
2025-01-14,339.9776916503906,344.3511352125825,334.2231606475066,336.0646105684295,5698113
2025-01-15,344.903564453125,351.2105358442983,340.0237054643633,342.41759590240724,11117714
2025-01-16,348.816650390625,351.25656587072325,345.0876975112639,348.4483660329622,6923722
2025-01-17,356.9190368652344,358.43822747954914,348.54043383396004,349.87549630919546,8380692
2025-01-20,356.3665771484375,360.00345190443727,352.31539302799547,358.71444260679147,14597375
2025-01-21,351.3025817871094,358.7604592545315,350.7961943207149,357.2412687570535,20854879
2025-01-22,349.138916015625,353.46630646795717,344.9496005893157,351.25657218396884,10653690
2025-01-23,355.2156677246094,357.4254300412792,346.3767308511104,347.57366202406064,5844752
2025-01-24,352.6836853027344,361.1543661888009,351.440729083207,355.44586018754353,5351964
2025-01-27,345.96240234375,352.6376582771956,343.200227474738,350.70413024922806,6645109
2025-01-28,341.2666931152344,347.66574268237525,338.5965964110537,346.19257715990807,10866038
2025-01-29,349.36907958984375,354.47909161932404,341.4047866111896,342.9700302031122,6680927
2025-01-30,354.5251159667969,356.6428001224209,350.24375074758177,351.44070999162,6300164
2025-01-31,369.8945617675781,370.87560766001434,350.04040779248044,354.5718321670387,10339434
2025-02-01,359.99090576171875,373.21146186541074,354.1514475932962,369.89463251795917,7015540
2025-02-03,349.43310546875,358.91637789585536,342.42575709705045,358.77623663101605,7689700
2025-02-04,351.81561279296875,355.69303525923084,350.27400176491193,352.70322170974623,4649921
2025-02-05,357.7018127441406,359.8040174348641,353.0769510193586,353.1703880415415,5914200
2025-02-06,354.6653137207031,359.3835842056371,352.4229676339323,357.6550989987384,4652107
2025-02-07,353.4039611816406,357.8419487972726,351.30175652160443,354.5718526594385,3006598
2025-02-10,346.1630554199219,354.8988899165154,344.7615855599222,352.2360914799205,3380494
2025-02-11,335.4184265136719,346.16302792009867,334.01695676500754,345.6958713372106,6803431
2025-02-12,336.67974853515625,338.0344854917734,328.457775726174,336.25929621342794,4565992
2025-02-13,337.89434814453125,343.40679007831966,335.0447044156586,338.2213634526744,3712240
2025-02-14,330.9337158203125,341.0242860291359,327.4767458992114,339.9965359028918,4464446
2025-02-17,336.4461669921875,338.22135625335335,326.3088637333803,330.93372517573596,6017586
2025-02-18,337.3805236816406,338.5484152559242,330.5600197800377,336.5863517085322,3843725
2025-02-19,338.50164794921875,341.30458744152685,334.48411274876713,336.3527390769725,3097726
2025-02-20,343.7805480957031,345.18201787430286,336.3527468639343,336.3527468639343,4624287
2025-02-21,345.6491394042969,346.81703076799164,341.30456072097405,343.4067651756247,5235241
2025-02-24,340.8374328613281,344.29440299400204,337.4271954949188,343.8739506624964,4533486
2025-02-25,337.42718505859375,341.398015906538,335.13813497168104,340.08998321216296,4525493
2025-02-27,339.9498291015625,343.6403487600997,332.75560678481065,335.41840483778884,6196610
2025-02-28,345.0885925292969,351.0681914177152,341.3046068912601,342.7060767172789,21899478
2025-03-03,336.67974853515625,346.63017785730614,329.25194760445277,345.6958647094428,12675744
2025-03-04,339.9498291015625,342.4257531282719,329.43880666583794,332.70890253473004,5535218
2025-03-05,344.06085205078125,344.6681499566936,338.26809853366944,338.26809853366944,5730797
2025-03-06,357.46820068359375,358.9163745952381,343.920660622892,345.7425540749955,11247215
2025-03-07,355.64630126953125,364.0084155182797,354.4784098109337,357.4682233501335,8321771
2025-03-10,350.507568359375,361.2054652050806,349.4798182039795,355.6930233881083,5541001
2025-03-11,354.1513671875,355.0389760327711,343.8272188948941,346.6301581793633,5340552
2025-03-12,355.6930847167969,357.7018526092101,349.2463001363845,354.61860161140874,3951912
2025-03-13,353.4506530761719,357.84193628432865,352.56307269186755,356.4404665599775,3918004
2025-03-17,360.4113464355469,361.625942289892,354.1514360773596,355.22591915579386,5456361
2025-03-18,360.4113464355469,360.4113464355469,360.4113464355469,360.4113464355469,0
2025-03-19,369.847900390625,371.9033724032471,363.26097496516627,364.4288665108529,5827114
2025-03-20,370.3617248535156,371.95006860468266,366.2974569715083,371.5763490494005,7025398
2025-03-21,378.77056884765625,384.0961655388271,369.14715420975944,370.36174997505566,16564019
2025-03-24,379.3311767578125,384.75018216344745,378.443567771538,381.1530989873329,5260300
2025-03-25,372.1369323730469,381.4333600237643,371.015773652226,381.199781726138,5636291
2025-03-26,368.8668212890625,376.0143397177579,367.3252102896678,372.32379135932007,5025274
2025-03-27,370.7821960449219,373.39826157801684,366.29747561436164,367.41866285024565,7697174
2025-03-28,372.04351806640625,375.50045970961673,367.65223473427557,370.92233085008235,6923988
2025-04-01,371.52960205078125,376.10773058178785,369.1003822650512,371.6697433145213,4332950
2025-04-02,371.3895263671875,375.22021649269,365.7836467239092,375.22021649269,4197123
2025-04-03,370.9690856933594,373.7253213434591,367.37200228581196,369.05375482666585,4970602
2025-04-04,359.7572937011719,369.98803485812124,357.4682434215781,369.98803485812124,6718760
2025-04-07,352.7032165527344,354.4784058473585,332.6154836894661,335.2782818878896,10202400
2025-04-08,357.7018127441406,360.1777370106197,351.90905952451226,359.71058041268117,3577328
2025-04-09,349.9937438964844,357.5616868104266,348.59227404253124,357.18793870565736,5781453
2025-04-11,366.3442077636719,366.9982098893543,357.04778011133106,364.33544010633,6185984
2025-04-15,369.2872619628906,372.79093617506226,367.65221399721054,372.79093617506226,4371156
2025-04-16,373.0245666503906,373.8187386188668,366.7179521860446,369.2873136344819,4992290
2025-04-17,372.65081787109375,373.3048199898797,362.7937967056987,370.8288957633122,8364450
2025-04-21,374.19244384765625,379.33116654718714,369.6610190372928,373.02455232503564,8987570
2025-04-22,372.4172668457031,379.1443051323731,368.3997027662273,376.99539606433495,7558174
2025-04-23,372.7442321777344,375.2201562534257,368.1193708093312,373.72524955262054,7429142
2025-04-24,373.58514404296875,374.93988109447645,370.78220440305097,372.69753508513753,5762303
2025-04-25,367.3252258300781,377.4625296685744,364.0551296572068,374.0055594520629,7337588
2025-04-28,371.0625,372.6041111535276,365.8303401190474,367.3252470154592,3458518
2025-04-29,363.5412902832031,374.0523143169524,362.9339923749598,371.06250051993936,6274213
2025-04-30,359.99090576171875,364.70920506959175,357.93543359422165,363.5413134359072,4559122
2025-05-02,358.3091125488281,365.269757300795,356.3470491243228,360.1777389506473,5045851
2025-05-05,360.27117919921875,362.4200881753618,356.6740676409129,360.5981945250604,6395704
2025-05-06,353.4039611816406,362.18649939208564,352.60978927414294,361.11204493510667,5982166
2025-05-07,358.1222229003906,361.85947554120025,345.97615181775944,345.97615181775944,9162368
2025-05-08,360.1310119628906,369.00698681124493,357.1411985035184,364.38212535349163,14258083
2025-05-09,357.2813720703125,358.0755440153424,352.2827906065114,354.1981498284044,3809943
2025-05-12,369.5208435058594,370.08143708735054,362.04633845390777,366.2040432942454,6743279
2025-05-13,369.19384765625,373.3515527156142,368.16609745487034,369.52086297209473,6307140
2025-05-14,376.62164306640625,377.5092234666729,370.4084662126397,370.6887487573607,6822756
2025-05-15,378.0698547363281,379.70490294037637,373.3515841812658,377.2289785054132,10511989
2025-05-16,378.2099304199219,382.134056834166,377.0887718108328,379.3311175419839,4702603
2025-05-19,376.2479553222656,380.68594323785067,374.7063156569962,379.2844733697712,5446656
2025-05-20,381.2932434082031,389.8422039516412,377.46255337678383,378.8640232531828,18755291
2025-05-21,378.723876953125,386.38522840153536,377.6961266881129,384.6100389508657,7393102
2025-05-22,372.65081787109375,379.93844927626907,367.37195410207795,378.39683823051763,7936875
2025-05-23,375.1267395019531,376.5282092634797,372.79095656607547,373.9121437804869,4178408
2025-05-26,376.2479553222656,379.1443035725813,375.36034633395764,376.1077855250757,6067873
2025-05-27,373.6785888671875,377.0420936949186,372.13694922267086,376.06107620565984,6553758
2025-05-28,372.04351806640625,375.4537554560097,370.45517426210995,374.6595835538615,6002200
2025-05-29,372.04351806640625,374.84645759424063,370.92233085008235,373.72527037791673,7724668
2025-05-30,371.2026062011719,378.1632506322047,370.3150258090171,372.7442457219733,6565658
2025-06-02,373.4449768066406,375.0332920510763,369.52085017831826,372.744241945367,6119571
2025-06-03,367.044921875,374.19241167633515,364.84928029864886,373.4449725713099,7360608
2025-06-04,368.67999267578125,369.05371225141533,364.00842669791524,367.04494458352815,3861957
2025-06-05,368.96026611328125,371.6697686109041,366.76462445533724,368.6799835667247,6097293
2025-06-06,372.7442321777344,374.2858431295442,370.0347013080989,371.7164820388699,7633919
2025-06-09,374.6595764160156,379.5180162435579,373.72526325787095,374.5661393976062,9626374
2025-06-10,373.3048095703125,377.9296710914547,372.65080746978083,376.5282013593479,6362912
2025-06-11,375.6873474121094,382.60125946293465,372.2303771302085,373.818720992266,11946342
2025-06-12,366.9048156738281,375.92093261241524,365.78362839615875,375.5939172803469,11262656
2025-06-13,365.5033264160156,366.57778086746566,360.64488648818667,364.3821391979088,5253032
2025-06-16,368.4463806152344,368.67995889272436,360.83173447165683,365.3164259942745,3706240
2025-06-17,365.5967102050781,369.84785198274903,364.4755515757492,368.11936701877175,3248476
2025-06-18,364.70916748046875,367.5588113677657,362.6069627565025,365.59674792280197,4118145
2025-06-19,359.00982666015625,365.78359697449883,358.3090918000519,364.709142558267,4416367
2025-06-20,363.4945373535156,366.06389864149,358.91640839753825,358.9631411651051,6531957
2025-06-23,366.71795654296875,367.27855020461095,359.4303244805545,361.5792335850418,3359491
2025-06-24,366.8580627441406,369.4274239773726,365.03616915927046,368.5398435682231,4606984
2025-06-25,366.0171813964844,369.42741873689425,365.31644652463405,367.97924474026024,4672204
2025-06-26,368.259521484375,368.773410823424,364.9894254672384,366.2507539193003,5569101
2025-06-27,368.259521484375,371.57635026668396,366.3441909366705,369.0536933625602,16253653
2025-06-30,366.2040710449219,371.2960608896468,365.1295880519011,369.52087150788054,4870935
2025-07-01,364.1485595703125,368.025953539858,363.44782468980515,366.7179207988394,5997283
2025-07-02,361.4857482910156,365.97046847238335,360.1310113453219,364.38212472863296,7752338
2025-07-03,361.0653381347656,363.4478253274806,360.1777292127089,362.4200751316716,3851213
2025-07-04,360.7383117675781,362.42006402702697,358.21565486543045,362.23321850540736,3990767
2025-07-07,359.00982666015625,361.1120312404695,358.7762483734548,361.1120312404695,2810768
2025-07-08,357.7018127441406,360.1777370106197,357.18792337862266,359.6638761580777,5231160
2025-07-09,361.99969482421875,362.6536970180016,357.7018479970198,357.88869354682396,4497121
2025-07-10,358.8229675292969,363.30768792802235,357.42149775087813,362.56022027174697,4668066
2025-07-11,355.9266357421875,359.05656224675266,355.5996204096723,358.8229839396671,4677164
2025-07-14,358.6361083984375,360.5514389511127,356.4404667929242,356.9076233680132,5109504
2025-07-15,361.0653381347656,361.8127772700947,358.2623986078185,358.6828224290754,4586811
2025-07-16,361.0653381347656,362.51351215183155,359.6638683712921,361.25218366211027,5205724
2025-07-17,360.55145263671875,362.70039007148114,359.6171394510766,361.6259070976121,3749218
2025-07-18,362.98065185546875,363.6813867046106,358.86967977643144,361.5791821571851,5172481
2025-07-21,361.392333984375,363.8215540044802,360.084301208311,363.44783442745853,4396850
2025-07-22,363.5412902832031,366.01721468633525,360.1777568898079,361.39235270629456,5043629
2025-07-23,365.0828857421875,366.67122959974324,363.3076963509628,363.8215572097728,3670943
2025-07-24,360.22442626953125,365.08286609103175,358.6828152631046,364.4755682415879,4022204
2025-07-25,355.78643798828125,360.5514407809673,355.0389988695353,360.22442547415045,4616856
2025-07-28,353.4974060058594,358.6361286216066,352.23607747939894,356.1602043366145,4521716
2025-07-29,358.4492492675781,359.00984288358944,352.1893680088833,352.1893680088833,4872086
2025-07-30,354.945556640625,358.82295047402476,354.1513847680071,358.7762462221543,5107774
2025-07-31,351.6287841796875,354.1047084969256,350.0871730774809,353.1703952818941,6461803
2025-08-01,348.0316467285156,356.113449735187,346.34989447166157,350.3674295924654,13769152
2025-08-04,350.087158203125,353.87111515804065,345.88274891411857,347.9849535586218,19756930
2025-08-05,354.57183837890625,355.69302555762613,349.900272655864,351.3017423727767,6846687
2025-08-06,357.2738342285156,358.41148064552846,354.14524148408685,354.57187697314544,5808208
2025-08-07,359.83355712890625,360.4972058987413,354.1926583144512,355.5199269218356,3468573
2025-08-08,359.97576904296875,362.2510906674367,358.506269397376,359.3121203085354,4172600
2025-08-11,362.63031005859375,364.7160384475308,356.98938255143514,358.3640711167279,5740719
2025-08-12,365.3322448730469,366.37510900385337,361.39783054218316,361.72962596046835,4860757
2025-08-13,366.0433044433594,367.844599530894,365.0952513517849,365.90110226608004,4216888
2025-08-14,364.47900390625,366.7543254226937,362.677679978961,366.04328564053736,4034887
2025-08-18,367.65496826171875,368.366008062843,364.09976925609766,366.564713019785,3520271
2025-08-19,365.3322448730469,368.3186061635924,364.2893807422404,368.3186061635924,5219052
2025-08-20,364.7160339355469,366.7543422849873,363.62574974028615,365.9484913750362,4904231
2025-08-21,363.3707275390625,366.6378392030444,362.50590817578154,366.0613125107619,6212604
2025-08-22,359.81536865234375,364.18752910559414,359.43097840712124,363.37074382178406,4699261
2025-08-25,365.1484375,365.86912520559207,360.1516576779516,360.3438527960526,4349832
2025-08-26,357.8935241699219,365.004303623935,356.88454379325947,364.18751836421524,6381642
2025-08-28,359.67120361328125,361.208676602349,354.2420286962886,357.94156482861644,4372269
2025-08-29,360.15167236328125,364.1875354091041,358.08570672131486,358.08570672131486,4578400
2025-09-01,363.1304931640625,363.8031467286713,360.43993755534075,360.6321033417599,2829114
2025-09-02,365.2445373535156,369.95302452799115,364.23555696443356,366.2534884177397,7511709
2025-09-03,374.5654296875,377.928639140966,365.14845494773886,366.0613378150519,8111851
2025-09-04,376.15093994140625,376.7755300742313,370.62566765320616,376.4872374034109,5515006
2025-09-05,377.3040466308594,377.8806026842878,373.7967055160533,377.0638173856691,4535470
2025-09-08,371.92291259765625,380.42703390068334,371.2022248486685,378.6012974682197,4607020
2025-09-09,372.7877502441406,374.18106225573547,371.6346381501888,373.50843797164583,4376579
2025-09-10,376.5833435058594,377.3040312119786,372.8838074161425,373.3162317697571,4285507
2025-09-11,377.9766845703125,379.0817331873827,375.2380654237591,378.26494792264117,3442373
2025-09-12,378.9375915527344,380.71529371166383,377.8325429647048,378.16884042529773,4276055
2025-09-15,379.3219909667969,384.991395479796,378.8895665809059,378.9376300264827,4618798
2025-09-16,380.3309326171875,381.4840447342372,378.6493278859912,379.5622107557272,2581384
2025-09-17,384.1265563964844,386.72104392948097,381.9644932272734,386.2886195656954,5970395
2025-09-18,377.7845153808594,385.08749049794454,375.33418874331795,384.84726124623035,5899621
2025-09-19,379.0817565917969,379.7544102219036,376.1990055910988,378.6012980916805,5272435
2025-09-22,379.27392578125,381.4359888838987,377.97668205468926,379.08173066440486,3399517
2025-09-23,378.6493225097656,380.28289309824873,376.77555200223856,379.32197612263724,4720322
2025-09-24,377.4962463378906,380.1387680670507,376.43923178125476,379.0817535104148,5139791
2025-09-25,377.159912109375,379.7543996678416,376.3431268169052,376.7274877413443,4563970
2025-09-26,373.9408264160156,377.59232843253596,372.88381190268456,377.1599040737184,4698693
2025-09-29,373.1240234375,376.2950668270382,370.52956538226704,374.5653987986928,6606409
2025-09-30,374.7095947265625,376.102906777358,371.97097542002024,374.46936547730195,5362610
2025-10-01,373.31622314453125,379.46608556302186,372.73966712798523,374.5654034096666,4976933
2025-10-03,368.3675231933594,373.89279572404473,366.5898209489498,373.31623968195805,7431240
2025-10-06,366.97418212890625,369.0882111764368,365.1004116468691,368.51165513394136,7022052
2025-10-07,369.6647644042969,373.74866146399535,368.79991568470945,368.9921108056974,7895734
2025-10-08,367.1663818359375,371.2983130965073,366.2054648613995,370.4334936843949,3642904
2025-10-09,368.3675231933594,371.20221063592635,365.676938105241,368.0311963917373,4628511
2025-10-10,369.4725646972656,371.5865937024597,367.9831551651002,368.9921062256177,5061600
2025-10-13,366.6378479003906,369.28036949384733,365.77302851659454,368.27141843356156,4750043
2025-10-14,366.06134033203125,370.0971741090247,365.24455502274446,367.1183255647866,4288494
2025-10-15,369.2323303222656,370.33737892670365,366.34957953250165,366.34957953250165,6135157
2025-10-16,372.451416015625,372.7877428133952,369.4725676030088,369.9530260784354,3513302
2025-10-17,373.6044921875,374.2771457712039,370.1932488019417,372.45140946168175,4093872
2025-10-20,375.33416748046875,376.679445348886,373.26820189773605,374.75761144404476,4007425
2025-10-21,375.81463623046875,377.7845043068388,375.334177741124,377.73647018784794,678084
2025-10-23,377.3040466308594,378.9856513471912,375.19004686810047,376.2950955310039,4311356
2025-10-24,378.6493225097656,379.9946297355088,375.52634233902825,377.3040446088813,4070949
2025-10-27,381.1957702636719,382.63714570556897,378.21692181877944,380.04265818021076,5438773
2025-10-28,376.1029052734375,382.63715842211195,374.1330371673216,381.4360121806122,7672258
2025-10-29,367.0702819824219,383.69413380822687,365.1964821638247,377.8805978785011,26856509
2025-10-30,372.5475158691406,373.74866206510137,364.4757899723975,367.98316032448963,15154040
2025-10-31,373.46038818359375,378.7934951570495,372.59556874393763,374.7095978851946,13103909
2025-11-03,373.3642578125,375.6224184411434,372.1631116616107,375.28609165392294,14152223
2025-11-04,372.6240539550781,377.0160063914343,371.5877654617147,375.042100598809,10536699
2025-11-06,368.2814636230469,373.7590702155045,367.49191336150557,373.7590702155045,6648689
2025-11-07,371.09429931640625,371.83451400919165,366.65301115969396,367.1464876215509,4650451
2025-11-10,376.3744812011719,377.410769661959,371.1929786584139,371.1929786584139,4451727
2025-11-11,377.8055725097656,378.00297514507406,373.66038824300813,376.4732101393802,3299015
2025-11-12,381.4573059082031,382.5429601507119,377.70689683707786,379.23666182464956,4326520
2025-11-13,378.20037841796875,382.34556269171435,377.7562375474826,381.4573110701556,3480764
2025-11-14,381.90142822265625,382.29620335000783,377.31207324403294,378.20035492983845,3760163
2025-11-17,382.7897033691406,384.1220958605136,381.1118713252764,381.9507873472085,3847261
2025-11-18,378.9405822753906,382.7896926049076,377.95362936426255,382.7896926049076,4462641
2025-11-19,374.1044921875,378.8418842739987,373.5123445311739,378.10166958417824,5332643
2025-11-20,374.6966552734375,376.275785907028,372.62404819931317,376.0290476867611,3971851
2025-11-21,373.2655944824219,375.387537168837,372.6240510093606,373.068191856955,3088629
2025-11-24,367.6893005371094,373.265608664594,367.1464884755693,373.2162429466457,5543493
2025-11-25,365.221923828125,368.52822220489037,364.7778130762515,367.73867189972856,4902920
2025-11-26,372.42669677734375,372.77213632915465,366.4556134372223,366.99845562418614,4102285
2025-11-27,373.1175231933594,373.75906665909554,371.1929831543855,372.4266742509373,3330267
2025-11-28,371.2423400878906,374.25256460813864,370.0086489204316,374.0551619735799,4689402
2025-12-01,374.6966552734375,375.0420948056935,370.89688065744485,371.98253485050157,4217206
2025-12-02,374.0058288574219,374.9434160792668,371.8345203405148,374.5486409269419,3695491
2025-12-03,370.35406494140625,374.3512120222565,367.3438707318189,374.0058026128436,4650434
2025-12-04,374.1044921875,374.7953712790976,368.9229893587567,370.1073449102346,3135061
2025-12-05,374.9927673339844,375.6836162940526,371.5877677727638,373.95644871476355,3154258
2025-12-08,372.42669677734375,375.9303676557074,370.6501634192078,375.9303676557074,3911363
2025-12-09,374.40057373046875,376.2264425466461,368.47885656626806,370.2060240724933,4242651
2025-12-10,377.1640319824219,377.9042466324408,373.31492182620576,373.5616600428787,4752336
2025-12-11,378.98992919921875,380.3223216929424,375.53559390703833,377.3614628710735,2695140
2025-12-12,378.348388671875,380.71706953557634,377.26273449118355,379.53271404402,1410201
2025-12-15,379.4340515136719,379.97686355670237,375.1408004080449,378.9899106643473,1870236
2025-12-16,376.6212463378906,379.18732999494,373.4136492964322,378.989927360008,5109787
2025-12-17,379.7301330566406,380.47034774096153,375.8316570047853,375.88102272205424,3651138
2025-12-18,380.27294921875,381.45730477422296,377.85493262882767,379.3846976118517,2379619
2025-12-19,380.56903076171875,382.2961982754408,378.4964237213701,379.9768530188461,3611941
2025-12-22,381.2105712890625,381.9014503915912,379.03926278346955,380.5690579049506,3112021
2025-12-23,395.1759338378906,395.7187760027546,381.4079589997683,382.394911896526,18487395
2025-12-24,397.1004943847656,407.0193587083864,396.50831663721857,398.53155797864207,17624423
2025-12-26,396.9031066894531,403.0715623762823,395.3733417268845,398.5315729668935,5435637
2025-12-29,395.42266845703125,400.20939598654803,393.7942022161102,398.72896665490856,6105510
2025-12-30,392.8072509765625,394.9785593865093,390.3398687468102,394.78115676036435,4418163
