Price,Close,High,Low,Open,Volume
Ticker,HCLTECH.NS,HCLTECH.NS,HCLTECH.NS,HCLTECH.NS,HCLTECH.NS
Date,,,,,
2021-01-01,759.4007568359375,763.3955004279203,752.6096927295666,752.6096927295666,3142822
2021-01-04,783.2891235351562,786.7245923088126,761.1183028121649,766.1916062468024,5259092
2021-01-05,792.0377197265625,795.5930509496548,772.7431392079081,772.7431392079081,7150252
2021-01-06,781.5314331054688,797.3506036658904,771.8641269890273,797.2707283214023,5995748
2021-01-07,769.0278930664062,789.5209422403791,766.5112344707618,789.3611427825729,5261000
2021-01-08,794.6741943359375,801.7448694940571,774.9800930834433,778.8949604819189,8034775
2021-01-11,842.9705810546875,846.1264862894745,805.3401245045485,810.9327642580523,13384331
2021-01-12,848.5631713867188,850.9201279480186,829.8677572225586,840.493811146499,6700542
2021-01-13,843.6495971679688,852.4780167651174,831.7053565627809,850.0811713571555,6691409
2021-01-14,821.0794067382812,838.0970502979123,804.2216114094612,838.0970502979123,15021108
2021-01-15,790.7993774414062,841.1730809262328,786.1654849455349,837.0185868868729,23769415
2021-01-18,784.16796875,802.9033212100616,780.4928250805918,798.9485163015793,12947569
2021-01-19,786.0454711914062,796.5516635919034,782.4502029003696,789.36112700983,6387923
2021-01-20,798.3492431640625,806.6583265964914,789.0015364935659,792.3571297552754,7444118
2021-01-21,796.7850952148438,818.2027656367335,788.4827632063273,809.3790103210432,8857975
2021-01-22,790.7691040039062,805.3684218412247,787.2396303359492,795.5018663058765,5379466
2021-01-25,760.0462036132812,799.7531029049513,754.8321663325569,799.7531029049513,7731883
2021-01-27,766.4635009765625,772.6802379023273,756.035426133344,763.7361387412844,7531736
2021-01-28,749.1770629882812,763.976919272557,746.0887187616215,761.089114971267,6960905
2021-01-29,733.1737670898438,761.6504287218892,729.5640494181761,754.8320731198501,7692663
2021-02-01,744.684814453125,749.0164956989723,719.015708308689,737.1846420855214,8651478
2021-02-02,765.7816162109375,772.4796287139443,750.4603397857192,759.6450762119473,7690178
2021-02-03,769.9931030273438,780.742013455672,764.0971999527551,774.8862575333811,6354619
2021-02-04,768.1880493164062,778.4556809180142,762.1718531873473,773.8432638857357,4623148
2021-02-05,758.9632568359375,773.2015884548376,754.0700543402435,770.7148645426197,4631703
2021-02-08,768.2683715820312,773.6027526079488,755.112934306649,766.0624326398746,6509526
2021-02-09,763.3350830078125,787.6405589228534,759.3242848647283,774.0840416152535,7557977
2021-02-10,769.6320190429688,774.164191295303,758.9633064179063,766.1024973059857,4896963
2021-02-11,778.4158325195312,780.1003483922357,764.4983316324019,769.6321735605551,3745595
2021-02-12,770.39404296875,791.3303874105396,768.1479570853961,782.1055526865446,8045740
2021-02-15,765.7816162109375,779.0974448477865,762.1317511752362,778.0947454335679,4643228
2021-02-16,763.8965454101562,771.8780428890709,757.318827172661,767.6667051648126,3277086
2021-02-17,756.5969848632812,768.7898212255443,754.8322238571747,763.6559799277686,3643176
2021-02-18,760.5274047851562,767.4661040661994,752.7063496352786,757.2385704086671,5133094
2021-02-19,762.1720581054688,768.4689921629101,757.5997380260809,762.0517145665601,5494816
2021-02-22,738.1072387695312,763.2148266089162,734.8183547517576,761.6506054628968,5043203
2021-02-23,729.925048828125,746.0083370554527,727.1976869366382,741.1953800421917,5916942
2021-02-24,734.7781372070312,737.5455974066207,726.3554620534571,736.3824562839025,3435827
2021-02-25,745.406982421875,749.2573396093044,739.7116675154638,742.7197667181348,6234947
2021-02-26,729.5241088867188,741.9976817445995,726.0346850074153,728.3609675936176,9198218
2021-03-01,746.2891235351562,749.5780070915738,734.4974172268296,734.7781534875293,5397960
2021-03-02,765.0597534179688,768.388735493881,744.8854189732207,749.0967570654296,6715548
2021-03-03,774.2845458984375,776.4904847756411,759.6451333497232,774.0840060005099,5742015
2021-03-04,768.4689331054688,778.0146523804204,763.1345519294772,763.6559752780859,6268541
2021-03-05,755.2332153320312,779.699081574864,751.0619758855288,766.9447251626598,5992152
2021-03-08,771.5972900390625,780.5012414521277,757.2386145229276,764.0569706918311,5621823
2021-03-09,780.6215209960938,783.6296190593887,761.3295462488854,773.3619385020651,5440319
2021-03-10,792.934814453125,798.2290485620076,785.8758193213015,790.6887772239002,7694950
2021-03-12,785.5148315429688,804.4056813709318,780.9826099694932,792.9348082514421,6447010
2021-03-15,796.0230102539062,797.6273293547031,775.9690214939455,784.1109605144629,5321071
2021-03-16,807.9752807617188,817.2402146210569,794.4990088790507,796.5445061269662,8094575
2021-03-17,792.0926513671875,821.3313839151804,788.2823925718235,811.7856633491324,6758901
2021-03-18,760.2467041015625,801.9590001852146,747.9335747454576,798.148742369881,8269566
2021-03-19,770.4341430664062,777.2925973688506,752.1850134584172,762.0515660478927,9004154
2021-03-22,785.1137084960938,788.0817088080663,757.7199385722554,770.4341976081541,4745254
2021-03-23,786.79833984375,796.4644036139418,779.5388041875856,789.0444262221832,5158305
2021-03-24,782.627197265625,789.926831570749,774.7258941745293,778.937232956704,3874331
2021-03-25,767.7067260742188,781.704418893074,762.0515114914523,778.0947012070618,4879437
2021-03-26,768.91015625,782.105692859985,765.0998977463231,774.084096010139,4271178
2021-03-30,798.7905883789062,802.8013867228051,773.6429023466368,774.0840803724775,5475000
2021-03-31,788.2421264648438,802.1595755160737,785.0334881627795,802.1595755160737,4445140
2021-04-01,804.2451782226562,812.9887372601436,794.6192632279628,795.7423062279846,5269079
2021-04-05,829.0319213867188,834.2459586281446,804.2451709165815,807.7746926332131,9452833
2021-04-06,824.9409790039062,834.7272872736484,818.4033584677018,833.443851455959,4260257
2021-04-07,831.9998168945312,838.2567003329041,821.9728228714104,827.0264670270087,3551106
2021-04-08,832.2403564453125,845.7968695463187,827.5477436579997,837.4543924134036,4852068
2021-04-09,838.5776977539062,846.1180178685851,829.55340190599,835.9305318039001,3708082
2021-04-12,809.6998901367188,836.612284978065,803.1221718659003,836.612284978065,5976427
2021-04-13,788.8436889648438,818.8444255384929,779.8594925783224,812.1865113363149,7773994
2021-04-15,795.6620483398438,797.9080852063073,769.0704406388662,776.4904162069596,7430279
2021-04-16,812.3871459960938,815.6358826284797,797.7477330961394,802.1596109563997,4677808
2021-04-19,797.8280029296875,824.9810886765852,792.4134250572089,798.9510460724006,6239343
2021-04-20,771.1159057617188,806.9724446551825,767.6666297564708,806.9724446551825,9742418
2021-04-22,771.5972900390625,779.6188855318901,766.3030076378362,774.8861246071484,4970596
2021-04-23,766.5838012695312,781.9852256168488,762.2120218859719,773.2818139955816,6023490
2021-04-26,745.0459594726562,765.6614746588114,740.4335409506152,754.0301583858383,19619972
2021-04-27,745.0859375,752.86689554382,740.7142067738791,746.8106002531955,6406825
2021-04-28,741.0350341796875,750.7010476393333,739.3906167794884,746.9710348476527,6845677
2021-04-29,742.4635620117188,758.9119805724073,740.463622684999,758.9119805724073,8588734
2021-04-30,733.8108520507812,746.9124206116932,730.9130050829252,738.7494433372484,10921664
2021-05-03,740.9534912109375,743.1983100645538,727.3213085716772,733.6476162500503,6871176
2021-05-04,735.4434204101562,746.9123930936346,734.0557043600555,742.8309046067841,6217026
2021-05-05,742.3411254882812,743.4839123394354,735.1576660908272,737.8922931954746,2696835
2021-05-06,747.7286376953125,754.1774089757565,735.6882475140834,744.4634471376911,6319104
2021-05-07,748.0552368164062,752.1367253415441,745.8512230482602,749.3612932153071,3651558
2021-05-10,746.0552368164062,752.2998838584306,742.9941206714373,749.402037205764,4029147
2021-05-11,740.6268310546875,744.830783785823,738.8309663009155,741.6063981770044,3818154
2021-05-12,739.6472778320312,741.9737560191103,730.5863938817457,739.6881325726545,4076940
2021-05-14,743.1165161132812,744.463427111209,731.8108140407883,742.0145342588695,5184569
2021-05-17,752.748779296875,756.8710718154234,742.9123543056136,746.5856931519561,7956551
2021-05-18,760.462890625,766.911662157167,754.6671970881329,757.5242389375742,5913426
2021-05-19,760.2996826171875,768.136120452491,755.1978220934594,757.5242505631368,4178834
2021-05-20,754.5855102539062,763.0749752751433,752.6671810284528,760.7893519933814,4753782
2021-05-21,759.6874389648438,762.9526296123943,753.4427419222615,755.4834860769805,4161547
2021-05-24,761.4424438476562,766.5034992813909,757.279345729583,760.3812668590155,4191877
2021-05-25,767.8096923828125,770.4218553129373,763.3609092216477,765.687338027447,5032874
2021-05-26,772.0543212890625,774.6256788619444,761.2383772320625,767.319804798494,5017674
2021-05-27,769.2789306640625,781.1152466717624,765.7688108862537,774.6664752625633,9078274
2021-05-28,769.4013061523438,775.2786589380291,765.1974033337301,767.3605621172345,4098094
2021-05-31,771.5645141601562,773.7276729419826,761.2791343374728,768.5850079420671,4171524
2021-06-01,776.0543212890625,777.1154984547327,768.99332545484,773.8503072847548,2944472
2021-06-02,770.3807983398438,776.0540761703331,765.3605485725166,773.0337653275042,3657189
2021-06-03,766.870849609375,775.3195104938192,764.8709103700902,771.4012916752778,4164240
2021-06-04,764.5034790039062,770.7481753417898,763.0341533428895,767.4013254120213,3550303
2021-06-07,775.15625,777.0745794243934,764.9525290921291,766.5035145992679,3282517
2021-06-08,789.5230712890625,793.441289916673,776.6663837209682,777.1153374492517,6385642
2021-06-09,792.8699951171875,804.0532842639074,787.8089390993806,794.9923991622604,5521459
2021-06-10,790.6250610351562,801.318589901659,788.9924657721348,799.5635300647696,3878256
2021-06-11,802.706298828125,808.1346982963287,792.2168936329161,796.7065308456735,4777035
2021-06-14,803.4000854492188,806.8693501523378,796.7064353515719,802.4205183920034,2236373
2021-06-15,804.4205322265625,810.5835695430084,802.5838625070542,804.1347981542594,2559001
2021-06-16,799.4820556640625,804.8696010155492,795.0740277780375,803.2778103998811,3138753
2021-06-17,805.1959228515625,807.277471638465,798.7879571935175,799.9715986050028,3609989
2021-06-18,796.09423828125,813.603831851186,791.8902856916136,808.1346279399513,5622783
2021-06-21,801.6043090820312,802.7879506638824,784.6661324899212,790.1761417427763,1639495
2021-06-22,800.0534057617188,806.6654474380043,796.9106793497654,801.6860012635876,2529648
2021-06-23,794.1759643554688,804.053145503066,792.6249789679971,804.053145503066,2395543
2021-06-24,807.8898315429688,811.8896603192901,791.0740692813501,793.4413525050038,4686567
2021-06-25,812.7467651367188,824.4606163407351,807.5224403119527,812.2161517416152,5196000
2021-06-28,804.2980346679688,816.2976196412659,803.4001272155044,816.2976196412659,1844159
2021-06-29,802.9102783203125,811.3181832375286,800.3797757559864,805.6449051021232,1895170
2021-06-30,802.8287963867188,809.3183731344875,800.7880521152731,800.7880521152731,2682591
2021-07-01,804.4613037109375,806.5020477589105,796.0126432814706,805.6857501397213,2861509
2021-07-02,803.767333984375,806.1753716932178,797.7267127004322,802.8693768622514,1646631
2021-07-05,799.7677001953125,812.9509284512277,798.3391791691918,809.522468023966,2598033
2021-07-06,793.4822998046875,801.767742751331,791.972168740497,799.9718775514382,2486069
2021-07-07,796.1759033203125,798.0125730566239,783.8906334931121,791.8087307653366,3014899
2021-07-08,797.3594970703125,801.6042546153308,791.8086832758358,795.8901713339587,2555624
2021-07-09,797.4004516601562,799.5636606661413,789.0333995704901,793.4414274298003,3218471
2021-07-12,799.5228881835938,802.4615403271304,795.8903530180668,799.9718420079031,2037878
2021-07-13,790.13525390625,802.4205225421472,786.9108684950456,802.4205225421472,2997764
2021-07-14,807.685791015625,810.5428330426892,790.2578047568179,790.3802693442642,4371180
2021-07-15,848.7454833984375,859.1532784581443,808.7877033811102,810.5835681795128,12701032
2021-07-16,820.379150390625,856.0921731066348,814.7058716745964,852.9494470367681,8665827
2021-07-19,816.4609375,831.2359053616908,810.1754354918147,820.3791563418376,4644600
2021-07-20,797.6860961914062,826.2565147525393,791.278129563267,815.481375502055,10216774
2021-07-22,798.8286743164062,801.1959568792162,791.8085360905142,791.8085360905142,6156400
2021-07-23,811.3998413085938,819.4812077457381,802.0940284308427,803.8082833414039,5265839
2021-07-26,816.5426025390625,819.562914079425,805.8899272160481,811.3999368475581,2477027
2021-07-27,814.65380859375,823.030299311654,807.960816225758,821.2235973727319,2883514
2021-07-28,807.3448486328125,817.8976012809852,802.5817620871175,817.1174288869946,2952249
2021-07-29,827.46484375,828.6145767899941,809.3568741728985,809.3568741728985,4732101
2021-07-30,841.7129516601562,862.243538317041,829.3535986409148,831.8993713369675,9330054
2021-08-02,850.294921875,853.2513067382599,840.1527805032833,849.1451888040045,2536478
2021-08-03,853.620849609375,856.4951322723011,840.9329848104102,845.8603265182837,3359006
2021-08-04,854.0311889648438,860.4367712403762,849.6376640596861,854.9756158736326,3122161
2021-08-05,871.4412841796875,881.1727620146047,848.8986403247745,854.0723881595422,7896314
2021-08-06,862.2435913085938,878.7091629181543,856.536127966014,871.441354844355,11584782
2021-08-09,862.7364501953125,876.0402317552212,856.9467840042871,868.6903209993671,6321578
2021-08-10,873.5355224609375,880.5981257741096,860.6423517557721,864.3378580371661,5871606
2021-08-11,876.2044677734375,886.1002521150504,868.1565367532274,879.4893621278956,5011239
2021-08-12,900.4714965820312,904.2902056046248,877.0666286818142,879.5302989871002,6540144
2021-08-13,919.3186645507812,923.0141705322213,895.2978756714205,902.5246830228207,7270809
2021-08-16,922.767822265625,927.4487562002229,915.1304034807432,920.550458627912,3159376
2021-08-17,938.6173706054688,946.0083821950732,913.6522561004131,919.1544135183144,5295838
2021-08-18,931.4727783203125,950.894734633568,929.2965159411337,950.894734633568,4871006
2021-08-20,917.5939331054688,936.8105804460693,909.2584956626638,909.504902778016,3467046
2021-08-23,955.1649780273438,967.5654321168468,924.7387092453221,927.1612783325978,9383780
2021-08-24,946.7886962890625,963.295270386954,944.4071278303471,959.1480511615866,3947317
2021-08-25,947.9794311523438,960.7494980768001,936.4412998600183,952.5372621760616,3447912
2021-08-26,958.7374267578125,962.4740341393282,948.5132333028362,952.5372488874641,4654833
2021-08-27,955.0418701171875,960.6262302550906,952.208689019686,958.7373760254139,3050466
2021-08-30,955.411376953125,961.1188398029924,948.143569506739,955.9040909712354,2956868
2021-08-31,970.9325561523438,980.0481166900984,954.3027807568568,957.5465733895196,7199002
2021-09-01,956.4380493164062,977.666658517466,954.0564809178211,977.2560467331243,3200410
2021-09-02,963.0897827148438,970.6860994832192,947.6918433194882,962.4738651390295,5224479
2021-09-03,964.7322998046875,969.5364371963221,951.1821121504825,963.7057704369447,4533364
2021-09-06,985.59130859375,993.7624415325007,964.116296088878,964.9375195097374,4331916
2021-09-07,970.850341796875,997.7454103191923,969.1257925669825,996.9652881249805,3721585
2021-09-08,976.2705078125,978.2003629306014,958.408897219656,973.1498185066719,3118518
2021-09-09,984.2775268554688,989.5332773826844,971.507460542432,978.8984724992214,3388292
2021-09-13,992.3663940429688,997.786448528787,966.1282458038272,978.8983099969664,3723138
2021-09-14,1017.2085571289062,1018.8099029319333,991.2168120574502,998.6078239120625,5593286
2021-09-15,1045.622802734375,1058.515971355721,1010.3101928639034,1017.2084901903272,6063895
2021-09-16,1037.287353515625,1063.730809617272,1030.7996679993853,1057.0788192574653,3616292
2021-09-17,1037.45166015625,1051.9872756222512,1033.5097473619073,1038.847699970451,4817180
2021-09-20,1048.00439453125,1066.6051269436296,1026.5293798552757,1033.0991678863493,5453683
2021-09-21,1067.1802978515625,1079.9092663907693,1048.7027628752946,1058.557448195971,4645597
2021-09-22,1080.319580078125,1091.118689810559,1067.2621055830798,1067.590615052499,5367303
2021-09-23,1090.8310546875,1097.523945030368,1079.0054179776498,1089.6402206394662,3037295
2021-09-24,1115.3856201171875,1131.440578237798,1097.9757235376053,1100.4393938222822,7951730
2021-09-27,1063.6488037109375,1123.392822694229,1059.4195822210804,1121.791476717198,7653504
2021-09-28,1042.1326904296875,1071.6556371086174,1029.8143371149158,1071.6556371086174,8572321
2021-09-29,1052.15185546875,1068.7816368340664,1033.756523193145,1042.9541893309477,4639821
2021-09-30,1050.7965087890625,1060.5689876766178,1042.0093576987433,1060.5689876766178,3589722
2021-10-01,1046.0335693359375,1054.4511113070412,1035.275560134468,1046.2388752376717,3372796
2021-10-04,1050.0574951171875,1062.3347468904842,1046.0334797384671,1052.397962147082,2706626
2021-10-05,1071.8199462890625,1078.7592452522222,1036.5483343406815,1042.9539181889952,3710314
2021-10-06,1047.4290771484375,1083.891406818575,1044.4316927037687,1077.4448248291667,2861608
2021-10-07,1072.7642822265625,1082.249353362577,1054.4920596227635,1054.4920596227635,2421641
2021-10-08,1085.78076171875,1098.7971352369893,1062.7043994810388,1072.7643882005104,5197831
2021-10-11,1069.9722900390625,1088.0392099406454,1014.7450007944508,1067.590721457176,5264998
2021-10-12,1026.8167724609375,1074.981550282748,1015.2786425545415,1073.2980020265118,12811641
2021-10-13,1039.1348876953125,1043.6106148504257,1021.1500772878254,1037.2050329802569,5705730
2021-10-14,1027.473876953125,1062.047368773319,1021.6432097276081,1058.8856781173079,10360519
2021-10-18,1003.04248046875,1045.0069845125417,997.7866296131539,1018.3172186998443,23861603
2021-10-19,1011.8294067382812,1028.992997130887,1005.998740211761,1010.1048575187477,10189780
2021-10-20,1012.4862060546875,1037.533516195949,1002.2209150131869,1017.4956480335431,8222562
2021-10-21,1002.385498046875,1025.733433622876,984.4192659164792,1025.733433622876,5998795
2021-10-22,988.5588989257812,1012.8588817974169,981.9353887152232,996.2173326067389,3812305
2021-10-25,964.8798828125,985.247156764192,958.0493878181264,980.3209614070697,6690819
2021-10-26,966.039306640625,978.623939548206,954.8206922876215,968.6886711263968,5126660
2021-10-27,974.6080322265625,978.0853342374988,961.6507717396681,968.6882504824896,3536653
2021-10-28,953.785400390625,981.1073780059814,949.4801594961124,979.6999226161279,4096585
2021-10-29,946.9551391601562,971.1723525550718,942.1944903731217,953.7856352459016,3558520
2021-11-01,984.5848388671875,986.4477012775568,946.7480738921646,946.7480738921646,4511112
2021-11-02,969.2266235351562,989.4696877522156,967.736293196031,986.0751587206001,3016082
2021-11-03,973.9458618164062,983.3429477033125,970.0959258879717,972.828164564088,2063067
2021-11-04,979.5345458984375,982.8877390533602,975.3120774910739,981.107650107744,256369
2021-11-08,979.32763671875,987.565690499512,967.4881695284645,983.136135947326,3808317
2021-11-09,971.0069580078125,986.0754082870834,969.0612203874084,983.5915911377456,3565461
2021-11-10,967.9846801757812,972.828102002187,962.1476711370684,963.7207750898261,2401325
2021-11-11,960.9885864257812,966.8670331365578,953.9925435433563,965.376702774184,2861259
2021-11-12,970.6338500976562,975.4359346645823,962.8926439814862,967.7775021995533,3812518
2021-11-15,969.3922729492188,978.2926164189183,963.3069420460794,969.5164840016836,3619915
2021-11-16,963.22412109375,973.242161410442,960.7816407376924,969.4336627446036,3141207
2021-11-17,954.1582641601562,964.3419543299505,952.1298540282834,960.8232135650634,3172985
2021-11-18,927.4570922851562,956.2694057152273,921.9099422198317,950.4738335593775,5384530
2021-11-22,919.0949096679688,932.1349467327655,912.3886251051388,927.4570719533127,3961223
2021-11-23,921.1647338867188,927.2915015208321,902.453336301524,914.872418911178,4545069
2021-11-24,926.8360595703125,937.764912492251,921.4544573102914,927.2914663420909,2675632
2021-11-25,931.2657470703125,936.398927999573,919.8401494319412,924.3938135380399,3106454
2021-11-26,919.0536499023438,932.2592354124306,913.4650621234505,927.2916018311921,2207274
2021-11-29,938.1790161132812,947.9900721929296,910.8155941267711,911.6435330544506,3661152
2021-11-30,942.7324829101562,958.6703039323436,938.0546087344516,938.0546087344516,7421904
2021-12-01,957.6769409179688,962.8929967181268,948.1556430140492,948.8180345992893,2918586
2021-12-02,980.8590087890625,982.2665653214582,954.6133905172372,961.9820656964172,4011279
2021-12-03,969.8475952148438,984.9988156252667,968.3987022182137,983.5913599980993,2571036
2021-12-06,940.993896484375,970.8824673613266,939.5863398650037,968.6056356300709,2493755
2021-12-07,951.8399658203125,956.2694186718041,936.7300810664074,952.1297242186795,2299958
2021-12-08,970.0131225585938,978.2925109400545,957.9666731036199,958.2564314836205,2525711
2021-12-09,967.4879760742188,976.8022880643215,956.2693643172158,976.8022880643215,1734844
2021-12-10,962.2305908203125,966.2047381391072,956.4350182693496,956.4350182693496,957733
2021-12-13,959.6638793945312,971.5447814134068,954.8204574435247,965.3766775453282,2225682
2021-12-14,962.3547973632812,965.2940209984844,948.4040465729206,957.0974053586174,1972685
2021-12-15,951.2189331054688,962.0234740958841,945.7545570919167,958.9601408802301,1604301
2021-12-16,960.2021484375,966.9498707502406,951.7572120036203,957.0973775328735,2121810
2021-12-17,969.8475952148438,979.3688920498422,964.5487663281024,970.3443383146232,6373455
2021-12-20,960.3263549804688,970.6341539087525,948.4040145492992,960.4091286575182,3091768
2021-12-21,997.6663818359375,1005.904333524808,964.5902629644297,967.7778075395161,6217986
2021-12-22,1012.403564453125,1015.0529280801439,1001.8886814748912,1008.4294179458526,3809814
2021-12-23,1016.2532958984375,1018.9440966178612,1006.4422427194238,1018.2818063115818,2814281
2021-12-24,1047.5084228515625,1062.908169700064,1031.7362449321506,1044.983269444048,15952929
2021-12-27,1049.1640625,1057.2779035964313,1038.2767475567755,1049.8264540017813,3372907
2021-12-28,1062.9908447265625,1067.2133131844587,1051.482473036666,1051.482473036666,3446067
2021-12-29,1069.6141357421875,1075.492480897872,1057.3606013067988,1062.2454603479366,2254162
2021-12-30,1090.436767578125,1098.2193109494942,1061.996990754456,1069.6140878698004,4518139
2021-12-31,1092.134033203125,1100.7031794311831,1083.7304343056903,1092.8791983244228,2231508
2022-01-03,1097.9713134765625,1109.3554746064265,1087.9946082051367,1089.8574709354782,2661272
2022-01-04,1104.01513671875,1106.7059382679065,1082.3231769645636,1100.744818339558,3367100
2022-01-05,1085.2208251953125,1101.158647728221,1077.976360407627,1100.3307088953427,3510253
2022-01-06,1063.818603515625,1074.499034441559,1057.2778666643358,1068.0410712584128,4409632
2022-01-07,1068.4964599609375,1075.078533001595,1061.5830901198121,1074.292031567415,3898684
2022-01-10,1066.4681396484375,1080.3361170397,1059.761854377061,1080.3361170397,2529949
2022-01-11,1112.4599609375,1116.0614744138395,1059.7616374256042,1066.9233280793687,6772189
2022-01-12,1119.497802734375,1123.5960605907528,1102.318067507284,1121.0294697581335,3162044
2022-01-13,1104.6773681640625,1125.5000496547789,1093.8313898591819,1109.4380163686294,4598005
2022-01-14,1107.11962890625,1111.8802766019307,1070.5247774809295,1092.8791231823873,5636243
2022-01-17,1042.168212890625,1053.9663436025944,1029.4593694949458,1053.9663436025944,11973283
2022-01-18,1009.8784790039062,1051.4409715929805,1007.60164701599,1051.4409715929805,7799487
2022-01-19,992.8644409179688,1010.4995826227324,986.075381322142,1010.0856131091631,8464215
2022-01-20,981.301025390625,1003.0502406520378,976.834324716489,1001.8813586835786,6172404
2022-01-21,975.1223754882812,985.057715665629,964.3104505967174,981.3006619620054,5514748
2022-01-24,939.18017578125,972.2422357195154,927.5750312446386,970.5724336830714,5878438
2022-01-25,938.1782836914062,951.495016795739,908.7063373185872,930.914685210231,4725254
2022-01-27,899.8145751953125,931.7077534242175,893.5110317214242,930.9146382210841,8304735
2022-01-28,902.0687866210938,920.2278842153216,899.3971440635378,900.8582208814641,7654724
2022-01-31,917.89013671875,930.0378845488395,912.4214946586715,918.9337629197863,7572995
2022-02-01,945.7759399414062,948.8650330262251,919.4347713331548,932.3339516489971,6783774
2022-02-02,977.6273803710938,980.0486138901649,946.1934361937947,954.2084661908615,6982539
2022-02-03,965.771728515625,977.5438121928751,960.9710477817025,970.1549587509456,4169794
2022-02-04,971.6577758789062,974.4128878908776,949.5745843854733,968.4851114712314,3625482
2022-02-07,966.2724609375,977.9610726266964,956.7963568442226,965.9802660285912,3824483
2022-02-08,970.11328125,976.7090202476668,958.9256881716454,967.6085779787319,3267641
2022-02-09,985.9345703125,992.6972477481495,973.4945255461248,978.5039313379573,3772972
2022-02-10,993.8244018554688,995.1185391941113,980.2572603749123,989.3159159955276,2053245
2022-02-11,971.574462890625,984.3484917177435,966.8573527545582,984.3484917177435,3912397
2022-02-14,957.1721801757812,972.1169279827784,946.4437230510503,947.9047997544819,3243813
2022-02-15,975.6236572265625,980.1738271566763,958.5498697006432,963.0583557284721,3000492
2022-02-16,974.997314453125,987.3955724687098,968.4850466486694,983.5132628897694,1885868
2022-02-17,971.0315551757812,980.1736794775153,968.4850666047,980.1736794775153,1644055
2022-02-18,972.6597290039062,976.9177040007686,960.219682901989,962.5156608030712,2166690
2022-02-21,972.4510498046875,976.4168300035046,960.3031981132347,962.7244316705769,1706058
2022-02-22,959.760498046875,963.6010223144904,945.1079445358738,945.1079445358738,3254855
2022-02-23,962.6409912109375,967.6503979301618,958.5082714342337,965.1456945705496,1937649
2022-02-24,917.1806640625,947.5709832282627,911.7120209722466,923.400636625737,5469084
2022-02-25,943.187744140625,952.6221674596861,930.9147385780456,931.415658861217,3213276
2022-02-28,940.8917236328125,946.1934269806966,924.2354879898926,934.7552211284018,4571884
2022-03-02,931.3738403320312,938.9714189591002,925.905198079878,938.9714189591002,3867328
2022-03-03,951.5364990234375,961.8058206880537,935.5064427786148,939.2634967656775,3969380
2022-03-04,950.4930419921875,964.1854393417791,937.3016667966172,941.768366948018,3522375
2022-03-07,963.642578125,969.6539257556648,927.1574495574184,927.5749000074668,5249845
2022-03-08,981.2591552734375,984.8491683108026,964.3106247386545,965.1455257124542,3805165
2022-03-09,987.4374389648438,997.7067627286199,969.4035965239542,985.1832468784698,3781326
2022-03-10,995.3272705078125,1000.3783605244279,981.008697643981,1000.3783605244279,3834327
2022-03-11,996.4124755859375,1007.8506794934851,982.0940061489799,985.1830988278099,2770879
2022-03-14,1004.2606201171875,1014.2377479454514,983.2211562568151,996.4125305475928,5740660
2022-03-15,982.5531616210938,1013.8202633166452,975.2477783160517,1007.7254456212195,3003066
2022-03-16,1001.4638061523438,1004.3441739986345,989.3577409675092,993.6575017440699,1894018
2022-03-17,999.29296875,1014.4046555815116,994.200093331639,1014.4046555815116,6987787
2022-03-21,975.2061767578125,1010.1467640464444,972.7431575998958,1001.7977538500388,4046440
2022-03-22,982.177490234375,986.6441898984017,970.4054073153359,976.8341038130992,4516870
2022-03-23,985.7677001953125,994.2419668484498,976.8342990814795,993.5323212880005,2338886
2022-03-24,995.2854614257812,996.8717937086427,975.9992687147432,975.9992687147432,2351703
2022-03-25,984.6404418945312,1001.0462663934786,981.3426238185996,1001.0462663934786,2489854
2022-03-28,971.7830810546875,991.5285121782312,966.9823997964954,989.2743200062565,3406258
2022-03-29,974.9140014648438,981.0088204350542,971.5327130635417,974.3296114448581,2443230
2022-03-30,972.82666015625,986.8112527072786,970.2384872913262,982.9707282706211,3073672
2022-03-31,971.6162719726562,980.8419710038045,969.3202936715394,980.8419710038045,3006639
2022-04-01,976.5418090820312,980.1736074315264,961.8475743624613,969.3198962759815,2479745
2022-04-04,991.0693969726562,992.6556275380701,975.164490163522,979.5059351407452,2282137
2022-04-05,998.082275390625,1004.3858181749117,988.6061702242517,993.5321060915585,2634464
2022-04-06,977.251708984375,997.6233156122289,974.7470057575889,993.5322799584845,2838968
2022-04-07,979.5894165039062,985.8093883932186,970.989895152499,973.1606174410531,3391918
2022-04-08,972.9520263671875,985.1833484923922,970.6143643173612,984.348447349602,2656091
2022-04-11,946.3602294921875,971.8247085389557,944.8991528255697,971.8247085389557,5679058
2022-04-12,944.3985595703125,953.2067065168783,934.7137255536358,943.2714632777806,2906617
2022-04-13,939.3469848632812,954.3752011057832,937.5937133516455,947.6125241799801,1971580
2022-04-18,919.8522338867188,929.0361454571783,905.5336604639939,926.7401675645635,4391701
2022-04-19,893.552734375,931.7076667089714,883.9513735291112,931.6659828117868,3422431
2022-04-20,909.541259765625,914.0497459949817,888.919141875472,897.5186637928862,2573318
2022-04-21,917.7230834960938,922.6073355870107,902.6113966840433,914.2165402726548,2547848
2022-04-22,920.1026611328125,947.5708217029094,902.6114245400992,907.2033799069281,9567571
2022-04-25,909.9168090820312,916.7212724255271,899.4388629743181,915.8029017344728,3565801
2022-04-26,913.63232421875,924.2355275349249,905.9094889615701,921.730824208272,3213714
2022-04-27,914.7174072265625,918.3075218693696,897.1844882964716,907.5372798575623,3288792
2022-04-28,927.3654174804688,935.6841601558217,911.0675952982166,926.940993948441,5202061
2022-04-29,916.1180419921875,934.1560391127193,911.9586713441219,928.6385341111448,2988180
2022-05-02,905.6348876953125,918.452456709319,901.4755166592391,910.812833686783,2584604
2022-05-04,887.0026245117188,913.3593651105169,879.2357574155192,913.2745011349607,3385725
2022-05-05,910.0064697265625,912.6802548870153,888.8276748602583,898.928974905474,2982126
2022-05-06,891.4591064453125,896.9342319417203,873.4211071187799,891.2045145085864,4075606
2022-05-09,913.4442138671875,919.2164147750846,877.7926407300984,886.1962465505012,4207192
2022-05-10,910.4307861328125,920.9988886144727,905.380084894813,910.8127257910868,2473518
2022-05-11,900.5418701171875,916.1606768046446,894.7272884577853,907.417510605642,2895668
2022-05-12,899.2683715820312,909.0724905059801,885.9838976857457,891.3740544472673,3195189
2022-05-13,893.1143188476562,915.0569912821508,887.1299065386986,908.2662158366431,2496626
2022-05-16,886.6630249023438,905.6771115819707,882.97045818346,894.6845862441238,1415370
2022-05-17,919.21630859375,921.8477132022946,887.3420667495129,898.2497284517245,2620776
2022-05-18,911.406982421875,931.4822346950066,908.9454090171723,919.7682082668099,2865869
2022-05-19,856.8262939453125,898.3349383668915,852.751786367857,895.6185654422438,4729354
2022-05-20,873.336181640625,878.1321877299904,863.1075860458842,873.4635294095314,2005622
2022-05-23,864.3809204101562,880.2543702353183,861.3675238151294,868.3705118136264,2285466
2022-05-24,841.843994140625,867.8611748547587,837.8119709773601,867.5640473254448,3418456
2022-05-25,827.1589965820312,842.7353188179881,817.439687752049,842.0562515576664,3904551
2022-05-26,832.4642944335938,836.9631733401527,822.5752057894923,829.3235500540865,4278059
2022-05-27,852.1575317382812,857.7174692767129,839.5096905999783,839.5096905999783,2795530
2022-05-30,882.7160034179688,894.1329539573188,862.1314639619311,864.9750806475184,3562969
2022-05-31,883.4376220703125,887.7243413862459,866.2060362486678,887.0452222565232,5185485
2022-06-01,864.0414428710938,887.4271171965422,858.6512329558003,883.4375774631993,2554081
2022-06-02,882.5462036132812,890.3556583542428,855.0435913018798,858.523895163146,3560227
2022-06-03,885.3474731445312,907.9692677506964,882.9706599569361,894.642306894364,3556955
2022-06-06,880.5089721679688,889.0398217421897,866.8000733653716,881.1031235782687,1997494
2022-06-07,868.28564453125,877.4956140492199,860.0093860190567,874.3124376983762,1839248
2022-06-08,874.4822387695312,877.5381712170579,862.428651427507,868.4554450985191,1665512
2022-06-09,873.16650390625,875.7554251341537,858.77853662028,870.0257077750116,1654005
2022-06-10,861.8768310546875,869.0071669948605,855.8076057359864,859.0332141624409,2260855
2022-06-13,841.8863525390625,850.5446013579,833.9920866608151,845.4515199126431,1738804
2022-06-14,846.2156982421875,849.6535186496187,830.2998150508246,838.660938296881,2461791
2022-06-15,840.273681640625,854.7889448865933,838.6608515868462,839.5096986026224,2408630
2022-06-16,819.0949096679688,854.7889150745733,816.2937249755048,854.7889150745733,3198618
2022-06-17,813.8320922851562,817.5670399513907,801.3540305474086,808.4419343534086,4302066
2022-06-20,814.9356079101562,819.986258268641,808.1872634351732,819.1374112103919,1305407
2022-06-21,837.4724731445312,848.7621802808179,817.9914749263407,824.824683270743,2128325
2022-06-22,815.9966430664062,831.0212459235557,814.171653029809,830.1299669001467,2575065
2022-06-23,824.442626953125,829.747920562862,813.7046919632143,816.6756563846669,2169033
2022-06-24,820.5804443359375,835.7323432836303,814.893158803221,835.2654877733015,1922313
2022-06-27,842.3533935546875,854.6192444328643,835.4353208197992,837.0905830160783,3626024
2022-06-28,850.5023193359375,854.788986612958,834.6288690041617,840.2737226584298,2702471
2022-06-29,838.27880859375,849.0591753940462,836.114259198336,836.1991231708985,3150015
2022-06-30,826.140380859375,845.9185065098266,823.3391959920598,840.3585687652517,3741119
2022-07-01,827.9228515625,833.1008490407258,818.4582391602329,818.7128828832099,2827579
2022-07-04,835.7747802734375,839.934151520182,826.310166801843,827.9229451025818,2738846
2022-07-05,833.6951293945312,851.096493471047,830.554385028575,838.1515762921756,2476050
2022-07-06,837.4724731445312,847.9981972171779,831.9125353665212,833.5677974647334,2998254
2022-07-07,840.2311401367188,849.6109404644662,836.071821130776,846.3004166064958,2985141
2022-07-08,834.8834838867188,847.9981808290095,831.1485880498551,847.9981808290095,3141642
2022-07-11,800.9296264648438,831.1486126361664,797.9162297887144,827.6258766425495,5787815
2022-07-12,787.5602416992188,805.1738170713552,784.6741929649118,793.6719505035005,5305354
2022-07-13,779.0292358398438,794.5206916328998,768.2064379570238,789.4276102762786,12874342
2022-07-14,766.5089721679688,787.3481592221489,757.4262973518046,786.1598043044986,4916497
2022-07-15,749.6593017578125,768.2065892948838,744.7359473622349,760.5669657549347,5591590
2022-07-18,764.2169799804688,770.3286890322134,754.4976710076365,759.718101029015,5156225
2022-07-19,763.7019653320312,770.3973299777832,759.6675621507947,763.95946928159,4636293
2022-07-20,787.479248046875,788.6809507715052,768.3372977359444,776.4919223897026,4827089
2022-07-21,793.53076171875,795.6767153972628,784.1743827238553,790.5693351641129,3498709
2022-07-22,789.9254760742188,799.9256402486872,780.2686854131647,797.779686768453,3514659
2022-07-25,798.8527221679688,800.0115161758081,784.5606499835715,789.925534078098,2120224
2022-07-26,784.13134765625,797.9942271400815,782.0712115005775,797.0070676506054,2780103
2022-07-27,796.9642333984375,797.736745235291,782.071284447642,782.9296658606638,1742497
2022-07-28,812.1144409179688,814.6037673807627,800.612164151666,803.3589944988863,2843497
2022-07-29,814.0889892578125,828.938977884976,813.0160124438347,821.4710487814014,3617725
2022-08-01,817.3079223632812,821.0418607315141,811.3421607798335,818.8959070965651,2489519
2022-08-02,816.3636474609375,818.7671049835211,807.7798331721069,817.3078984675756,2545241
2022-08-03,821.6426391601562,825.5911724158,815.5051915476304,816.3206643088766,4119614
2022-08-04,822.415283203125,832.5871352770635,811.8572013725071,828.338136430555,3513266
2022-08-05,822.1148681640625,828.2952253411579,819.7543190777131,826.5355537732598,2565683
2022-08-08,829.2393188476562,830.9131730112462,815.5052168144126,822.1147638961994,1746911
2022-08-10,817.2219848632812,830.0547970120244,813.8313679235685,829.2393242202289,3271939
2022-08-11,826.0634155273438,831.3424827086608,822.973263084077,828.3381474588102,3594584
2022-08-12,820.9559326171875,827.4796098293913,818.8957964494184,827.4796098293913,3022304
2022-08-16,822.5010375976562,831.7715458971694,817.7370314817966,831.7715458971694,2784861
2022-08-17,841.7288208007812,843.7031400299094,819.7542768491518,826.6213283829667,4649125
2022-08-18,835.6343994140625,844.175305911017,830.9991183066496,844.175305911017,2829269
2022-08-19,832.6729736328125,847.2654593086938,829.883233724188,836.4927818321419,2880969
2022-08-22,823.5740356445312,832.6299488365787,819.9259147346802,828.3380418838129,3616799
2022-08-23,812.801513671875,816.3208570833717,806.0202784450958,815.4195669308131,3753715
2022-08-24,814.7328491210938,818.7242917956528,810.440941476546,815.376635267776,1494361
2022-08-25,810.140380859375,818.8100647126677,809.1532736525398,818.8100647126677,3316314
2022-08-26,811.7283325195312,820.612558403411,810.0973870221957,814.2176069626698,2195046
2022-08-29,787.5648803710938,791.4275964056114,772.6290240810499,783.3587908435989,4974880
2022-08-30,805.9772338867188,811.3850262812913,792.8869174087608,795.6337483938996,2998417
2022-09-01,794.904052734375,799.1530509702386,786.4919258340291,787.393215789166,2953921
2022-09-02,793.53076171875,804.3034387065948,788.8525722213026,799.3248366507345,1750283
2022-09-05,803.4450073242188,808.8527997798429,791.8568581801195,794.8611931434044,2279812
2022-09-06,804.9901733398438,809.3679504960535,795.7625720644706,803.4450970929549,2108615
2022-09-07,799.7539672851562,800.4835705244421,792.3718557509674,795.719564194447,2709547
2022-09-08,799.1959838867188,807.6510720258377,796.5779311215581,803.7883557650111,3214686
2022-09-09,814.1747436523438,818.0374598847482,801.9857175073572,806.0201204950457,2206526
2022-09-12,820.2263793945312,827.0505223614279,818.4667079103492,819.8830582513555,2517615
2022-09-13,820.0977172851562,823.8745645019985,815.8487183236903,819.7543437238753,2442828
2022-09-14,800.011474609375,805.5480451855504,795.3332854437245,801.1273599647689,6761712
2022-09-15,789.6250610351562,804.0458578982311,786.5348565985702,803.8741711420693,2995215
2022-09-16,769.8822631835938,787.9940889334398,766.8779284218649,785.5047620314311,5095937
2022-09-19,770.6548461914062,778.6807440885831,761.8135278395573,770.7836243639573,2686561
2022-09-20,784.5606079101562,790.4404996058596,774.2600310010514,774.5175349454903,1836721
2022-09-21,773.3587036132812,784.3459746402131,771.5560713064666,780.2686631441353,1819649
2022-09-22,770.526123046875,776.7493885068591,763.7448886925212,770.4831620615809,2315711
2022-09-23,768.98095703125,783.3588454961673,765.6762095943984,769.5389258984061,2569608
2022-09-26,778.2943725585938,787.4790633878899,757.0923429522772,765.0323703585228,4182702
2022-09-27,788.637939453125,790.9555797942966,779.0669655442724,782.2000787228955,3545337
2022-09-28,790.3975219726562,795.6765881340247,782.7149985540601,783.7021580448652,4154139
2022-09-29,792.3289794921875,799.1531224337941,786.792408713471,795.7195966660872,2928360
2022-09-30,800.3118286132812,803.0586594043525,781.1699350368604,791.3417854424999,3229901
2022-10-03,798.5093383789062,800.7411091770016,786.2774028004064,800.311918454949,1598950
2022-10-04,812.0288696289062,816.3207769736679,804.3463450034934,809.0245344875731,2331351
2022-10-06,827.9517211914062,830.8702387398406,820.1833804472478,820.1833804472478,3713623
2022-10-07,822.0718383789062,835.1621541098078,819.7541982302291,828.3380118242629,2174327
2022-10-10,826.8359375,830.1836461350109,808.7670183293144,808.7670183293144,2758812
2022-10-11,805.6768798828125,834.3468438268588,803.4451088703086,830.9991349166523,3134969
2022-10-12,817.1790161132812,827.3937747712724,809.7110881558071,809.7110881558071,3502390
2022-10-13,843.016357421875,848.9821186686498,832.0290859092827,834.389634774511,9698562
2022-10-14,860.5703125,878.1242236365167,853.2311615783944,862.6733575314753,7424383
2022-10-17,853.7461547851562,864.2184187764648,850.7418197609294,863.274220154,2136170
2022-10-18,866.2785034179688,870.0983110559694,857.6088200026331,858.3813842049944,2487826
2022-10-19,863.2007446289062,872.6073702255845,861.7702195769806,872.6073702255845,2517099
2022-10-20,882.0573120117188,883.7045270212564,856.5683146798366,858.3022586366784,3931399
2022-10-21,890.5536499023438,892.8945379427788,877.0289070510665,886.4789235886392,2071897
2022-10-24,894.368408203125,900.6539560054985,892.9812739923608,897.3161345457218,398105
2022-10-25,889.9468994140625,899.2668498950184,885.0918766088998,898.1831347228142,3068136
2022-10-27,894.7586669921875,899.4402320272048,883.9648000176315,893.8483038845101,3313674
2022-10-28,892.981201171875,901.4341785616087,889.0798269919978,894.6717543172026,2423629
2022-10-31,902.6480102539062,912.4881222827588,898.5298928374283,900.7839990990844,2418565
2022-11-01,919.0337524414062,920.5942386129609,905.9857809194684,909.453669076098,2275488
2022-11-02,906.1593017578125,924.4957849672879,903.8185191487593,923.2820027201032,2799322
2022-11-03,906.115966796875,909.6271405172881,895.6689100214926,896.4492061254382,2396164
2022-11-04,906.289306640625,909.4537761223293,895.9723169939929,906.1159545450083,1709158
2022-11-07,907.8497924804688,915.262339920504,900.4805301434872,908.6733735855123,2213508
2022-11-09,913.3117065429688,920.2474832680194,909.6270751577855,919.7707121171046,2307691
2022-11-10,912.4447631835938,921.0711992559391,907.7631984120136,910.3207238272863,2321667
2022-11-11,945.5630493164062,952.5421105381581,926.8797600607292,928.5270280555212,3923101
2022-11-14,952.8023071289062,956.2268044806888,945.0429494171195,949.3344188409029,2170007
2022-11-15,957.0505981445312,958.9578945829468,944.0460156147067,948.0340664242068,2172420
2022-11-16,958.1773071289062,964.4628534405205,953.1055426506687,960.1713848431343,2213697
2022-11-17,947.21044921875,954.1895114123988,944.2193318515637,949.4211646659124,2460883
2022-11-18,956.4002075195312,958.8710566166557,939.7976721269935,951.9786713723278,2623894
2022-11-21,949.7681274414062,959.1747554606128,947.2538866771173,952.7158543432768,1733741
2022-11-22,956.6170654296875,958.784495745673,943.2656735169049,945.9532659424153,2529146
2022-11-23,956.6170654296875,963.639518487169,953.4525960020369,961.4286972322403,2217599
2022-11-24,979.3317260742188,984.0133968820846,956.7037739730224,958.8712043626305,3295202
2022-11-25,978.1178588867188,986.2241325046298,971.5722831778805,984.186663450214,1977441
2022-11-28,969.9684448242188,982.0626634987087,968.4078526842266,975.3436296058683,2368293
2022-11-29,978.76806640625,987.2644349407755,969.3181556020244,969.9683846480885,1785948
2022-11-30,971.702392578125,979.591817688789,968.407856195776,977.0775773792656,6053488
2022-12-01,985.22705078125,997.5814023933698,978.2912744376038,979.6784085400234,3919684
2022-12-02,984.4902954101562,988.6950892915523,974.3466574662287,985.2272005924109,2944923
2022-12-05,980.4154663085938,990.0388363179198,977.2509966926337,982.4962207020719,2646466
2022-12-06,971.832275390625,975.3435545195149,959.7380576472026,972.395828388435,2807894
2022-12-07,958.7845458984375,968.061105803477,955.4033332623216,965.8069993232543,2399879
2022-12-08,954.839599609375,965.5900736722366,952.6288844884457,965.5900736722366,1752350
2022-12-09,890.81396484375,931.9951457002737,884.91856427271,931.9951457002737,12415478
2022-12-12,891.5941162109375,900.9140661542764,877.7659008281304,888.6463899462683,4275785
2022-12-13,905.7257080078125,907.6331101214186,893.9349086470536,894.8018807446323,2284909
2022-12-14,915.6958618164062,916.649615762621,905.9858169245723,905.9858169245723,2425507
2022-12-15,903.6883544921875,911.8813044016098,899.136750930805,911.6645613748773,1906369
2022-12-16,892.6779174804688,907.2429864615749,886.3489782963953,892.9813365741569,5159215
2022-12-19,895.798828125,899.4834591625333,887.2157840712608,892.6777500595159,3328172
2022-12-20,892.7212524414062,895.8857222101532,876.9424003728616,890.3804697804536,2629849
2022-12-21,901.9544067382812,913.1383680400942,897.3161271507215,897.3161271507215,2878658
2022-12-22,900.8707275390625,914.3521866192262,896.1023807794826,906.8528564583021,2623451
2022-12-23,893.50146484375,905.2055887144427,890.4670623587557,892.5478166576352,2177675
2022-12-26,894.4552001953125,903.1683133696638,892.1144175256867,893.8483619718007,1680715
2022-12-27,898.4865112304688,902.3012096221822,893.2846786503745,900.784008452988,554319
2022-12-28,897.7062377929688,900.1771929960079,889.9468796648026,892.9812820796363,1397806
2022-12-29,905.5089721679688,906.8528212625001,891.3339994264005,892.9812675911808,1277244
2022-12-30,901.0440673828125,914.8722288407749,896.7092072603734,910.3206257122139,1860560
2023-01-02,901.1741333007812,903.8184406155411,894.2817472373436,900.8707142232411,701880
2023-01-03,902.8213500976562,906.6794393344516,896.0156404679595,900.7839868855442,2484372
2023-01-04,898.7032470703125,903.3849175212825,894.2817105788896,898.3564370681011,1219170
2023-01-05,905.2053833007812,910.1471868681468,895.6686919406261,903.2114113334885,2294943
2023-01-06,895.4088134765625,908.5000708194244,888.8631318893548,905.118858514983,1887689
2023-01-09,925.4493408203125,928.5271341578468,901.6943895603246,905.9424682539711,4562242
2023-01-10,922.3283081054688,929.914314479608,915.7827318187202,919.8574586242044,2297082
2023-01-11,914.4822998046875,935.9831464169611,910.7976680315967,926.7932624550946,3594167
2023-01-12,929.0905151367188,931.561364037892,919.857242665615,919.857242665615,4748542
2023-01-13,934.4225463867188,939.7977309284116,902.517931638816,905.0321718269829,8253765
2023-01-16,948.2073364257812,954.0593980575077,935.0727938731499,942.398665731356,4508538
2023-01-17,963.2493286132812,965.763462867276,949.3343850207685,951.8486251063113,4390338
2023-01-18,966.8037719726562,976.0803293204691,965.8934091106546,970.098201818186,6905092
2023-01-19,972.2715454101562,973.9773956870201,961.205090023833,964.3544095752912,2298287
2023-01-20,969.1223754882812,981.019866069157,968.4662626975434,971.9655309148122,4747128
2023-01-23,980.8446044921875,982.3318572030873,969.4283087315249,971.9215153834513,1696834
2023-01-24,995.4104614257812,1000.5281193088682,980.8447376130107,984.9564414185425,4861107
2023-01-25,982.20068359375,992.7859468241891,976.9517821450191,992.7859468241891,2692236
2023-01-27,975.9456787109375,992.3048182517084,966.6726412477522,982.2006406886097,3864525
2023-01-30,992.6984252929688,997.247430219094,967.3725200798128,975.9456611773822,3508427
2023-01-31,981.719482421875,995.2791443712887,973.6712096578921,993.7919983570218,4582858
2023-02-01,990.3803100585938,994.6669347411728,974.9397685616347,994.6669347411728,2393911
2023-02-02,1005.6896362304688,1010.8510780647947,992.9173289515725,995.3668593510049,3048359
2023-02-03,1002.67138671875,1011.8569639436242,996.0664765699582,1009.5386778576077,1814055
2023-02-06,1002.2775268554688,1005.9080377949707,986.7933128011136,993.0919508054583,2070175
2023-02-07,987.01220703125,1008.6639261750776,984.9564085915906,1004.1585976014559,1931191
2023-02-08,1001.6654663085938,1005.1647343131652,990.9051744788625,991.9550189537448,2848255
2023-02-09,1002.846435546875,1007.7891729002729,995.5417350351654,1000.7906369773543,1501083
2023-02-10,975.989501953125,988.5431031888837,962.2985960245771,984.86891490155,3185163
2023-02-13,973.6712036132812,980.8884429931641,966.6726684570312,980.8884429931641,2009185
2023-02-14,984.5626831054688,999.3908943224895,978.0453396135183,980.6697904353792,3938046
2023-02-15,991.0801391601562,992.5672852522032,979.4450310664545,984.1690639311596,1648954
2023-02-16,986.9246215820312,1007.9202253628944,983.2941104037577,996.0664146792835,2369355
2023-02-17,970.6531982421875,981.2821388481088,968.9035643265884,981.2821388481088,1958807
2023-02-20,976.033203125,992.6547247445865,968.9472073713272,970.6531644531585,1706036
2023-02-21,966.8475952148438,981.5883454119518,965.0105010825822,980.6697449512349,1313278
2023-02-22,955.8248901367188,967.1538326688091,953.5941711932777,957.9244719810863,2212194
2023-02-23,957.3557739257812,972.7525287337014,955.7373841525548,966.4976738476952,2139983
2023-02-24,957.7933349609375,966.2353400503132,946.5519582928374,959.6742127978213,1684570
2023-02-27,948.2576293945312,953.5503137599641,941.302878537359,953.5503137599641,1834553
2023-02-28,942.7027587890625,959.5867692634912,934.3919974570325,947.8642003425807,20793703
2023-03-01,963.2609252929688,965.797915813721,942.4840226656355,942.4840226656355,1655100
2023-03-02,967.5037841796875,977.1705544031076,953.8129840457603,953.8129840457603,4074162
2023-03-03,978.9200439453125,988.280541417506,971.9652927830829,975.4207765853649,3253621
2023-03-06,985.6561889648438,1004.2898322261739,982.6818968442949,987.6683106126745,4091674
2023-03-08,980.3636474609375,983.2942629187402,968.6848624042137,972.7964594000348,3209393
2023-03-09,976.8644409179688,985.6562878430503,974.5899380373639,981.5009070228197,1834324
2023-03-10,976.5582275390625,978.1766175777354,966.6727530501173,966.6727530501173,1193681
2023-03-13,961.073974609375,991.6925708763079,957.9246546368997,980.6261140105644,3028387
2023-03-14,948.3452758789062,965.2729610491002,932.5547885724941,961.0301205639917,3683544
2023-03-15,944.49609375,960.4615022816139,940.8655822329216,957.9682954577993,1528510
2023-03-16,938.1536254882812,951.407122324086,935.7478791143922,948.257696185115,1812907
2023-03-17,969.6908569335938,977.2580453102102,948.3454076530081,951.9758127566822,5350523
2023-03-20,954.2940673828125,969.5596875350891,950.2699306912313,966.6727488274435,2066169
2023-03-21,948.2140502929688,964.3981627897857,942.2652527136053,961.423764000104,2421127
2023-03-22,946.07080078125,967.3288965710143,943.9713254151565,955.2563792700545,1382329
2023-03-23,932.46728515625,945.1521292552059,928.1806613098045,942.1777306603764,2178855
2023-03-24,920.0888671875,953.5506206174233,915.9772696124422,938.678730204124,2688253
2023-03-27,919.8699951171875,932.1174320469456,914.0087644450448,921.444708295255,1459887
2023-03-28,910.7718505859375,930.6302582317428,909.2409210153855,924.5065399495351,2965015
2023-03-29,933.866943359375,936.053985381294,911.6465750588466,915.0583819708723,2478745
2023-03-31,949.39501953125,959.5866575465722,935.5291933336173,947.7766296602125,3131614
2023-04-03,960.6801147460938,961.6423918927707,951.8007026421054,953.506552729889,1540702
2023-04-05,972.096435546875,973.6711485837009,932.6860007491294,949.4824414591658,3342291
2023-04-06,955.1689453125,970.2158621833104,949.5700950068307,970.2158621833104,2378264
2023-04-10,965.0105590820312,966.6727326498532,954.862703789425,955.1688683650078,711625
2023-04-11,950.9258422851562,970.959167956079,949.1762087206941,965.7977275830842,2318905
2023-04-12,957.4872436523438,960.0679111868048,944.889857005704,955.3002010674824,2715967
2023-04-13,937.6725463867188,952.6756787552551,929.9304375728524,952.6756787552551,3071057
2023-04-17,911.7341918945312,922.9318916846711,889.032734525637,922.9318916846711,9509446
2023-04-18,930.674072265625,932.9048983988307,914.3587133638879,918.1642528604373,3686404
2023-04-19,908.6724243164062,939.5097252337846,906.7040859599778,939.5097252337846,4322881
2023-04-20,907.6226806640625,916.1083632519446,902.6799430211624,909.8097232680724,3057560
2023-04-21,917.63916015625,939.5533665898677,907.8412534251725,922.0570282921047,7708194
2023-04-24,922.100830078125,926.3436708413542,915.0585110584199,924.6814973123803,2033625
2023-04-25,921.5758666992188,926.2562227797324,913.6588374316036,918.9514158679077,1237595
2023-04-26,932.1612548828125,933.4296967597381,916.8081745119077,922.9318932347927,1647101
2023-04-27,937.1477661132812,940.4283300553348,928.1808913383351,932.1613516370363,1654910
2023-04-28,946.8016357421875,950.9390766053463,937.5925632494817,943.1090786575576,2629188
2023-05-02,949.8714599609375,956.3222751637248,946.712741484923,946.8016965234985,1905168
2023-05-03,942.2192993164062,946.7126688690314,938.7047609556655,944.9331337771723,1649820
2023-05-04,949.2041625976562,950.2273084931475,932.7434612437835,939.6391604595951,1403672
2023-05-05,939.1941528320312,952.0067182784703,936.1243897075805,949.2040374709366,1641673
2023-05-08,957.1673583984375,958.7244514750791,938.7046833468293,941.3739857639292,1389075
2023-05-09,960.0592041015625,963.2623456176146,948.536757562893,952.941063570689,2981949
2023-05-10,959.4363403320312,968.7788990979653,953.9197166541045,964.6414584930694,2091411
2023-05-11,968.1561279296875,972.1600822293258,960.9935637399727,962.8620540236283,2653108
2023-05-12,974.7404174804688,981.7696033275424,958.6800686623316,966.2876251791777,1585037
2023-05-15,978.5216674804688,984.0381817418923,972.3378276899609,977.8098101371065,1523466
2023-05-16,970.4693603515625,983.4600526297714,968.1559865945513,978.9221515279389,1166324
2023-05-17,956.099609375,973.361010156658,945.5557787246247,970.2913560522356,3602382
2023-05-18,960.8600463867188,965.3978393928203,954.7206282658951,962.6840047857102,1515743
2023-05-19,974.6068725585938,982.3033836551821,963.128849341956,968.6009415443976,1984436
2023-05-22,996.4061279296875,998.2301947774187,968.9122900490918,974.6068238563857,1864932
2023-05-23,985.2841796875,1006.6386031614226,982.3034798004411,996.5397621163895,2138096
2023-05-24,989.376953125,992.090787514104,976.9647396327231,977.8990389769588,1302744
2023-05-25,992.98046875,994.9824455015121,981.4580237814175,986.9300066775318,1124803
2023-05-26,1013.6229858398438,1014.6462400799546,991.2008906461261,992.0906580524512,1635167
2023-05-29,1002.0563354492188,1021.4087828306467,1000.454818765495,1019.6737792697243,1288914
2023-05-30,1010.6423950195312,1017.8940218807695,1003.702273675226,1004.5475093561091,1983735
2023-05-31,1018.8728637695312,1026.2134465180354,1007.3058848931006,1009.7083225975005,5967930
2023-06-01,1016.0257568359375,1027.815178843336,1012.2442441165832,1021.4533180749901,1445692
2023-06-02,1011.7101440429688,1024.2113118135428,1006.8608461685428,1021.4530543825608,1336554
2023-06-05,1012.8223266601562,1021.8979111585966,1010.7758180898264,1017.8939576538394,1435758
2023-06-06,1004.1915283203125,1007.4837330734097,990.9785033320567,1005.4372244805603,1943605
2023-06-07,1004.592041015625,1008.8184366477558,993.1584417299769,1008.8184366477558,2459039
2023-06-08,1002.54541015625,1006.5493634251234,995.0269191303723,1004.5919186060144,1385218
2023-06-09,987.4195556640625,1006.3271164280735,984.0383954699927,1004.6365363310387,1824218
2023-06-12,1014.0236206054688,1015.1802532639524,988.9766420901514,990.2667616053611,1670970
2023-06-13,1006.5940551757812,1018.7392951297453,1004.8145201068693,1018.7392951297453,2014656
2023-06-14,1010.6423950195312,1012.9113455944023,1001.922738671938,1012.5554168709053,836964
2023-06-15,1017.5380249023438,1020.5632559278448,1011.2652296050412,1014.3348838341265,2109652
2023-06-16,1021.6309814453125,1027.0141181679373,1007.6171435755745,1023.2326063618176,2909817
2023-06-19,1012.1550903320312,1026.7027676260186,1010.2864916403452,1021.6310275708985,1278608
2023-06-20,1039.82666015625,1041.6951499130785,1007.6615479620426,1008.106431647677,3504867
2023-06-21,1041.4283447265625,1046.0996241813914,1033.5984557612735,1045.4768303664268,2019683
2023-06-22,1035.1556396484375,1041.4284360119527,1031.1071536537072,1041.1615709025184,972005
2023-06-23,1036.7125244140625,1041.5172901737471,1024.1222937798568,1033.8207803178118,1699790
2023-06-26,1038.803466796875,1046.3219580787663,1034.8440452085063,1038.58102494103,1190307
2023-06-27,1041.0279541015625,1044.9873759513991,1032.3081893309316,1038.3586516551484,1504039
2023-06-28,1041.2503662109375,1044.5424623550755,1037.9137382482875,1044.097578626722,1424076
2023-06-30,1056.999267578125,1062.3824044466705,1036.5791467172287,1041.3393811617173,3036648
2023-07-03,1051.3492431640625,1063.2721492381918,1045.0319157156955,1058.8233117936804,1749952
2023-07-04,1059.3572998046875,1061.4927638017325,1048.6356652214863,1051.7053200449689,1094468
2023-07-05,1063.0943603515625,1070.0344823874786,1056.687968532785,1062.3825028336291,1653610
2023-07-06,1050.5042724609375,1065.9417205642953,1045.4325313264467,1063.094507327342,2334220
2023-07-07,1029.9949951171875,1052.550582997744,1026.6139432642988,1048.2797635076402,2159585
2023-07-10,1000.5433349609375,1033.820653907017,996.5393820864829,1032.1300743038573,3960400
2023-07-11,992.0018310546875,1006.994392063251,989.4214835205082,1006.994392063251,4982603
2023-07-12,988.1315307617188,1000.5437463300866,980.9243257331515,996.2728180623592,3824027
2023-07-13,986.5741577148438,1000.4545077295596,967.2217163499859,978.7441609813185,12294227
2023-07-14,1024.077880859375,1029.549972815045,989.0211275599186,991.378924590023,6605038
2023-07-17,1026.5693359375,1042.807594122427,1017.5827051853953,1024.9677108626195,3159479
2023-07-18,1038.5364990234375,1041.0278912687302,1020.0294016805062,1031.1959177388503,2431478
2023-07-19,1040.1826171875,1045.387734728501,1029.4608766257159,1036.5790157899387,2242397
2023-07-20,1037.26611328125,1043.548223063414,1030.26600427489,1041.0353353300281,1990001
2023-07-21,1001.0540771484375,1022.996653307911,982.701387297508,996.1630501371999,5259150
2023-07-24,998.7658081054688,1012.0479183434938,997.0606419829949,1005.1376408829472,2672505
2023-07-25,997.55419921875,1004.2401150561103,991.7656180794696,1003.7913929314203,2506726
2023-07-26,1000.6502685546875,1005.9002951386396,996.2527701279106,996.3424926363566,1969964
2023-07-27,1002.7594604492188,1007.5607659928627,995.2209057141292,1000.6504880572985,1769815
2023-07-28,990.3746337890625,1003.7913813418652,984.9001362900124,999.7977982987536,2031899
2023-07-31,1002.176025390625,1004.6889132997945,983.5989718415138,994.3683036499976,2526624
2023-08-01,1021.740234375,1024.8812891139657,997.8682402691194,1005.1375164690382,2710536
2023-08-02,1014.9195556640625,1020.3939427695443,1006.4835592049639,1020.3939427695443,2701150
2023-08-03,1010.0734252929688,1019.0927831287624,1000.6951774259585,1010.5221473832811,1608187
2023-08-04,1026.9903564453125,1034.1699108009245,1010.5222755523886,1014.5158588421756,3315303
2023-08-07,1032.7789306640625,1037.2212360700573,1025.9134599491847,1036.144346744757,1655404
2023-08-08,1024.2979736328125,1038.2532755518077,1020.3941130525022,1036.4583870503961,1667697
2023-08-09,1026.810791015625,1028.4710408554386,1009.6247128816477,1023.9389038793194,1559337
2023-08-10,1017.9710083007812,1027.394172478726,1012.9004266185806,1023.0863964625762,1676669
2023-08-11,1051.3109130859375,1065.221297508704,1035.9198334462942,1041.0352213167318,7391806
2023-08-14,1050.9071044921875,1056.291769416998,1035.650553871891,1050.593020948498,1720940
2023-08-16,1056.42626953125,1064.5929883535705,1050.0992452530859,1055.1698259698298,2567226
2023-08-17,1056.0224609375,1059.8365984791178,1044.5800483126468,1056.157099466873,2331256
2023-08-18,1053.3302001953125,1057.054615487752,1039.8237308895043,1052.7020330838955,3406088
2023-08-21,1058.311279296875,1066.9716394265274,1049.0675584131666,1052.6573359134316,1661946
2023-08-22,1058.5352783203125,1065.2661088310392,1055.5288626024433,1060.7788884905547,1805887
2023-08-23,1061.227783203125,1072.4458358796908,1057.7726448890019,1070.6060314202157,2347850
2023-08-24,1051.131591796875,1067.0612274463047,1049.1123422075107,1067.0163114126872,2464221
2023-08-25,1035.605712890625,1050.7277356246755,1032.0608520454223,1045.5225153329714,2105159
2023-08-28,1028.874755859375,1040.7658903142215,1022.4581181153334,1036.5479468186759,2571967
2023-08-29,1038.8365478515625,1043.9968518541357,1030.5351892387275,1035.5608547048885,1794652
2023-08-30,1050.458251953125,1054.6313886618268,1042.515894085691,1046.4197537610796,1497356
2023-08-31,1051.9393310546875,1066.2535234503957,1046.33030432419,1058.535524579492,4483967
2023-09-01,1064.1893310546875,1066.1636643904503,1050.996836143325,1052.702001961278,1669640
2023-09-04,1106.10009765625,1108.3437084020031,1063.4714934869423,1064.3689377852434,4517935
2023-09-05,1108.8372802734375,1114.3564747368741,1099.5486447004748,1109.914169546474,2842400
2023-09-06,1109.1064453125,1114.9847489220792,1097.3050316119911,1112.696222282918,1767709
2023-09-07,1125.3948974609375,1128.0872297515139,1104.1255161858965,1111.0357919111968,2582004
2023-09-08,1132.61962890625,1139.3504611935152,1125.6644355427427,1129.8823799555728,2280777
2023-09-11,1150.11962890625,1152.5876003931103,1140.1131044219946,1145.6324080210495,2691836
2023-09-12,1150.88232421875,1159.2734045594175,1135.7154971704608,1153.2156569451142,2140769
2023-09-13,1144.465576171875,1150.8823233278702,1136.2539408352534,1150.523323781489,2275523
2023-09-14,1151.9595947265625,1158.3314279722056,1144.7800396213158,1149.491622659134,2655172
2023-09-15,1170.8057861328125,1175.6520071565428,1158.6454818659067,1161.2928986721881,4286280
2023-09-18,1171.164794921875,1176.8187377523645,1157.4338535057175,1168.4724620599857,2761885
2023-09-20,1160.7545166015625,1170.2674045751166,1150.0749071802238,1150.0749071802238,2220756
2023-09-21,1146.9337158203125,1153.215825374884,1130.1515526879048,1152.3183811528022,3112700
2023-09-22,1143.07470703125,1151.9594270913356,1135.3567083265104,1141.9529017093023,1321467
2023-09-25,1133.8758544921875,1148.7286001347609,1127.7283835032881,1139.7541579462081,1246703
2023-09-26,1132.0809326171875,1138.8117640597995,1128.1770722907313,1134.3694591281928,903152
2023-09-27,1131.7667236328125,1137.6450262617518,1124.7667254390421,1129.4333909015559,1670373
2023-09-28,1114.5360107421875,1136.1643947670673,1111.5295944830395,1131.766896131406,1807072
2023-09-29,1108.1641845703125,1121.5360160231937,1101.3884367793844,1108.433352109881,2338327
2023-10-03,1111.664306640625,1127.8183054363792,1097.3051965999546,1106.1001953203915,2162636
2023-10-04,1112.427001953125,1117.1385840032208,1099.369145022342,1107.4461428225063,2253785
2023-10-05,1108.74755859375,1125.3502787723603,1101.8821970798595,1120.9079731396887,2995200
2023-10-06,1110.766845703125,1127.1901213878202,1103.9462904457544,1123.6003439311712,2497711
2023-10-09,1121.4464111328125,1136.747880756301,1104.8886070903045,1109.2411901738476,3430211
2023-10-10,1132.3953857421875,1135.0428028969882,1120.1900542826716,1126.7863582520858,1532394
2023-10-11,1117.8564453125,1143.7476879168344,1113.7282240072598,1136.1643284393158,2186131
2023-10-12,1098.2474365234375,1120.5040984651287,1090.5294376336153,1117.3181274538751,3921609
2023-10-13,1127.1004638671875,1136.6133527657007,1084.6064926835265,1086.8051876820084,5740821
2023-10-16,1140.3375244140625,1148.1004388570082,1131.0489986118012,1133.4720541945487,2527113
2023-10-17,1146.1708984375,1147.8311483211378,1140.6515946178,1147.741425810105,1687345
2023-10-18,1139.2603759765625,1150.0746212690158,1137.4206812909438,1146.9335668995727,1743126
2023-10-19,1137.3758544921875,1144.016963304547,1135.1771600816028,1136.8823259261842,2279726
2023-10-20,1140.320556640625,1142.8121199582724,1128.4063317474452,1134.3408267979742,1625449
2023-10-23,1120.433349609375,1142.0419757415057,1116.4921717334596,1130.716688397778,1646367
2023-10-25,1113.5020751953125,1135.1560432850417,1110.149834912152,1115.4952812125714,1420065
2023-10-26,1116.0391845703125,1121.837643337905,1098.1452301771192,1100.8179538091028,4617424
2023-10-27,1149.47119140625,1150.6490653976305,1117.5338846698196,1120.7503101550149,2675348
2023-10-30,1145.8927001953125,1154.9982764663187,1137.9649981777525,1150.6493214058485,1158770
2023-10-31,1156.085205078125,1159.5733710771958,1138.5989191004755,1152.461113526156,2525870
2023-11-01,1140.637451171875,1165.100068731035,1137.3305561658217,1159.7092768786922,1572719
2023-11-02,1153.729736328125,1155.1793510411014,1146.1191208368573,1147.0251438572818,1368604
2023-11-03,1147.2513427734375,1166.3231664919076,1144.3067687446014,1162.0647930757314,2052536
2023-11-06,1150.377197265625,1159.2562656577752,1146.2548595538015,1156.3116913214033,1175823
2023-11-07,1154.227783203125,1157.6253689426826,1148.021548705232,1149.7430142663065,1385282
2023-11-08,1148.52001953125,1160.4342434937007,1146.9344793620626,1159.7093808912418,937671
2023-11-09,1148.384033203125,1155.9040675613303,1143.2197468790077,1148.519958758707,1483749
2023-11-10,1137.4664306640625,1151.5551313093324,1133.1175870072034,1143.6727761448058,1469902
2023-11-13,1142.494873046875,1144.850510459231,1135.5185409798025,1141.5888501499307,730991
2023-11-15,1156.67431640625,1162.4275404924138,1149.199626453746,1155.1793562960465,2410620
2023-11-16,1187.841552734375,1194.0930232415776,1157.8974469749971,1163.1524248548221,3936945
2023-11-17,1186.119873046875,1201.1598307044292,1183.6283101319686,1189.9704702790032,2882039
2023-11-20,1200.843017578125,1206.550896647855,1190.5143323014674,1191.3750099918052,2831858
2023-11-21,1201.9300537109375,1210.446691775768,1197.5812098001888,1210.084260466912,1514256
2023-11-22,1204.7386474609375,1210.2201304344792,1196.3127005592935,1201.9299984937227,1535630
2023-11-23,1204.1043701171875,1209.76701294129,1201.1144504666643,1208.5891389944798,1307344
2023-11-24,1186.119873046875,1207.411410683348,1182.9487929733577,1204.0138248902938,1795933
2023-11-28,1192.9150390625,1195.8596134027302,1173.5714728240714,1186.1198675081225,2152951
2023-11-29,1208.589111328125,1212.9834105378309,1197.3091713201236,1199.5742283979143,1835524
2023-11-30,1214.885986328125,1220.231542931251,1204.738464678457,1211.352475312602,4104385
2023-12-01,1211.0809326171875,1222.2250600580114,1203.1985765433944,1219.5069909844947,1854324
2023-12-04,1212.2135009765625,1223.1311230177203,1205.9166849900635,1223.1311230177203,1547057
2023-12-05,1193.730712890625,1220.4130474541314,1185.349999684277,1220.4130474541314,3932040
2023-12-06,1204.6029052734375,1214.0254558490126,1195.5426754134546,1200.4804564477415,2077245
2023-12-07,1203.1983642578125,1211.3525700396801,1200.797381546786,1205.9164328517684,1985003
2023-12-08,1235.9058837890625,1241.206095926063,1204.1045003685556,1207.7285921680095,4509751
2023-12-11,1246.053466796875,1253.0297996051643,1237.672754109711,1241.342080873093,2824656
2023-12-12,1246.053466796875,1256.653891577992,1241.2515006934743,1247.5936616459228,2730422
2023-12-13,1240.526611328125,1252.8486122490274,1229.5185206766757,1249.7227666307147,1896931
2023-12-14,1281.659912109375,1285.8729405164802,1252.123589074353,1260.277794791914,5145574
2023-12-15,1351.1522216796875,1356.3165088366527,1288.3647799370208,1288.3647799370208,7374290
2023-12-18,1362.93017578125,1368.0038814662682,1341.8197997829463,1349.8380796403446,3075527
2023-12-19,1348.4339599609375,1363.2474126259226,1338.8300285024627,1360.3934182999985,2590417
2023-12-20,1304.627685546875,1361.7978214228192,1300.1429162424436,1345.4440631498458,4368383
2023-12-21,1288.409912109375,1311.0604846607966,1286.6431010912647,1287.594469377824,2841508
2023-12-22,1325.23974609375,1329.4527749988818,1289.2706786381868,1296.5188623550566,2303438
2023-12-26,1321.1171875,1329.4525531440179,1306.6208224853685,1325.239524941943,1363265
2023-12-27,1333.7108154296875,1337.2895610046378,1320.5734857314712,1327.7309768813716,1402329
2023-12-28,1334.073486328125,1343.3602218290366,1330.4493944253304,1332.397365942784,1928616
2023-12-29,1328.3203125,1342.5901749038335,1320.5738821255975,1335.4325710069702,1481617
2024-01-01,1344.3114013671875,1355.1836755484217,1318.308589856466,1322.7933587168282,1222315
2024-01-02,1331.4461669921875,1348.8871100448166,1324.0167119041678,1344.583500720142,1440888
2024-01-03,1302.6343994140625,1327.3235229640768,1300.5958479282815,1322.7934085512302,1651716
2024-01-04,1286.50732421875,1309.022084415708,1283.9705261589106,1301.9550607235242,3392241
2024-01-05,1298.1497802734375,1303.6311529867817,1288.2741075934543,1291.0827567340161,1776925
2024-01-08,1311.8306884765625,1316.0889522224327,1296.1112119697764,1300.1429699717492,2025264
2024-01-09,1323.1558837890625,1341.7745882854167,1315.8623551026353,1323.3370441321972,3119270
2024-01-10,1351.876708984375,1366.2824948092914,1328.2748794616539,1336.2931597816512,4368914
2024-01-11,1345.2628173828125,1359.0343209288262,1335.4777260327264,1359.0343209288262,2271368
2024-01-12,1396.000244140625,1408.8657261464175,1357.6754280581392,1363.5645773957287,5862043
2024-01-15,1438.945556640625,1467.3946984351978,1427.4391098013348,1458.6969005269116,9712071
2024-01-16,1409.2735595703125,1437.8586320653362,1393.4635010185802,1437.8586320653362,4459799
2024-01-17,1427.8016357421875,1436.046422737255,1374.029194019961,1377.1549290603327,3846289
2024-01-18,1420.236328125,1435.3215218551811,1392.6026279824139,1428.798200815022,3205598
2024-01-19,1431.5576171875,1451.6895833485796,1422.518884414802,1433.429337017151,2374099
2024-01-23,1391.111083984375,1431.5118745071074,1385.0852256543726,1423.2947645702804,3196630
2024-01-24,1439.2724609375,1443.6548526464853,1391.1566509069446,1396.9999513039436,2136023
2024-01-25,1415.3974609375,1433.4294556825512,1403.0717936434144,1433.4294556825512,2641656
2024-01-29,1437.583740234375,1450.4114977728207,1415.3974940059916,1428.8644271049036,2521598
2024-01-30,1423.66015625,1453.926425519884,1419.7341586903053,1442.5594667078344,1939386
2024-01-31,1438.907470703125,1443.7464807626936,1411.83663210165,1423.6602089635385,7025931
2024-02-01,1440.1856689453125,1458.080688289585,1430.0968381369557,1438.9074293953574,2845408
2024-02-02,1445.9832763671875,1473.5106203828445,1437.9944184867059,1446.9419838935255,2337374
2024-02-05,1420.0538330078125,1450.3202167622198,1416.4930623099333,1447.0789781182646,1452864
2024-02-06,1482.503662109375,1485.4709519642513,1422.5188010083978,1429.7772039188799,4988311
2024-02-07,1474.8343505859375,1488.1187237179192,1459.8609270418947,1486.3839781116028,3320199
2024-02-08,1491.6796875,1504.370470560802,1476.6149830636132,1484.5581462766613,3496692
2024-02-09,1488.7578125,1503.502983221508,1474.195311106861,1497.34015028588,3341297
2024-02-12,1521.9456787109375,1538.4255938968577,1496.4270316895845,1496.4270316895845,4885445
2024-02-13,1520.713134765625,1529.295471943286,1505.1919269906782,1529.295471943286,3129897
2024-02-14,1526.0999755859375,1531.0302640253417,1484.055716900725,1506.241959152199,1386643
2024-02-15,1517.9285888671875,1548.9253107467835,1506.561519273627,1532.0345838096687,2555162
2024-02-16,1522.4024658203125,1531.121778729479,1506.5161393884212,1529.2957539486447,1776881
2024-02-19,1529.524169921875,1536.5543214960287,1515.2811974050073,1524.7308543617557,762624
2024-02-20,1518.3851318359375,1527.2413064587565,1501.9052154384424,1516.5134120627677,2240414
2024-02-21,1493.9620361328125,1519.9828860742878,1490.0817339485575,1511.5375224967913,2890991
2024-02-22,1539.7039794921875,1544.2690410351247,1496.4271737748036,1500.9922353177408,3820901
2024-02-23,1520.8502197265625,1549.7013857558147,1518.7502468821165,1549.3818537451457,2191549
2024-02-26,1506.2877197265625,1523.6805369696979,1496.883648564479,1520.8502211627208,1844253
2024-02-27,1514.5048828125,1527.834840410142,1504.6443051639978,1505.5573174850924,2049420
2024-02-28,1508.205078125,1526.556603520523,1501.1748163693462,1519.8915689842809,936575
2024-02-29,1519.115478515625,1531.8063716544198,1494.2815887741453,1499.3031563760524,3532888
2024-03-01,1501.08349609375,1533.1302054470343,1496.5184346060544,1529.7064093312626,2371138
2024-03-04,1495.468505859375,1510.1223983808122,1492.7751640584208,1505.557336717025,1788071
2024-03-05,1478.486328125,1488.1642354449398,1467.2563445991814,1482.7318572726763,3339546
2024-03-06,1501.1748046875,1506.4703206985137,1464.3347800443942,1472.6888650222438,2366177
2024-03-07,1495.1947021484375,1510.6246332041444,1488.3014143027553,1506.470382417403,3181239
2024-03-11,1496.1075439453125,1515.417775299821,1490.0816853929307,1511.0352719244393,2970902
2024-03-12,1493.3231201171875,1520.165708063425,1490.9950052731635,1493.5970684290555,2414182
2024-03-13,1489.5794677734375,1507.6114594918104,1470.2692366302597,1496.1988065054984,2564135
2024-03-14,1533.1759033203125,1536.5996994420639,1469.949801605302,1491.8620967845113,3513306
2024-03-15,1504.005126953125,1531.1215462505897,1499.9421555616482,1531.1215462505897,3931561
2024-03-18,1500.4444580078125,1518.6134253333096,1492.0903730505538,1506.3790380444218,1183544
2024-03-19,1460.043701171875,1498.7554465554692,1455.432944288814,1498.7554465554692,1915379
2024-03-20,1449.041748046875,1478.2581406187298,1440.8246376360407,1465.1564368651273,1815178
2024-03-21,1456.98486328125,1479.0340179923323,1445.6177949107916,1468.12356715787,2684744
2024-03-22,1422.336181640625,1434.753126563728,1377.0050988982703,1424.2991803654422,7468824
2024-03-26,1426.3536376953125,1454.0179583023485,1420.2364991282554,1426.3536376953125,4496344
2024-03-27,1411.6995849609375,1439.68343446991,1406.038953236379,1432.5163101479732,2589697
2024-03-28,1409.280029296875,1425.2577428354928,1397.8216815785067,1414.2559012182278,5301493
2024-04-01,1421.2862548828125,1432.5163511647847,1413.343092162579,1414.2561044960175,1014857
2024-04-02,1395.356689453125,1428.8641950045023,1392.434983333538,1423.3861214134308,2031775
2024-04-03,1402.25,1422.884056886507,1385.9527517900428,1392.6633702939425,3343884
2024-04-04,1405.71923828125,1417.451422612862,1386.5915660616156,1406.769224588337,3388449
2024-04-05,1410.832275390625,1413.069110974778,1391.24820587512,1408.2757963358517,2773570
2024-04-08,1406.0849609375,1418.8214408743122,1403.8937086226392,1418.8214408743122,1820136
2024-04-09,1406.4954833984375,1425.9426904564862,1401.0631046579745,1406.038977236997,2432095
2024-04-10,1405.262939453125,1417.1320996539607,1402.5694862288387,1406.9976851574331,1829986
2024-04-12,1389.1480712890625,1408.7321385251155,1384.3090620170758,1403.299760480637,4319991
2024-04-15,1374.129150390625,1397.3652678928445,1364.040320308337,1376.0007586579177,3295684
2024-04-16,1348.79296875,1370.9790983572364,1339.662846742491,1357.055662295785,2446933
2024-04-18,1339.251953125,1352.0798194015438,1325.7850228748885,1348.564744643547,5180223
2024-04-19,1321.585205078125,1328.889302930025,1310.1725521845315,1316.563637804944,5219506
2024-04-22,1338.3848876953125,1345.1412016863137,1324.3244745684633,1325.8765510541477,1939632
2024-04-23,1357.329833984375,1370.8423499089483,1343.1324473448083,1346.6019388594937,2783858
2024-04-24,1350.5736083984375,1366.7338834855934,1347.880266367815,1360.3884918125211,1321471
2024-04-25,1373.3072509765625,1383.2591057255493,1351.2122900230459,1351.2122900230459,4558032
2024-04-26,1345.6431884765625,1398.2326759329223,1337.5173565204998,1384.902718322189,4328477
2024-04-29,1266.71337890625,1311.0857576044725,1260.870077473382,1291.9124979180563,11493223
2024-04-30,1247.72265625,1276.2999874092795,1243.9336327040305,1256.6702218680698,7606726
2024-05-02,1242.3358154296875,1258.0396941565004,1239.8707267539344,1239.8707267539344,6555505
2024-05-03,1230.7862548828125,1250.8268299498716,1217.5475767556059,1250.8268299498716,5964228
2024-05-06,1240.6011962890625,1246.261828143908,1231.1971247267838,1239.870741845734,2504082
2024-05-07,1231.4871826171875,1248.095835035207,1227.0459575549357,1247.216761393654,5096525
2024-05-08,1215.4801025390625,1234.3093111959843,1209.6046647642574,1231.4871945032128,6832455
2024-05-09,1221.4017333984375,1238.9355407186154,1216.2664438197312,1216.7290784503207,5653762
2024-05-10,1217.83935546875,1224.0387272827318,1206.1809853762438,1221.4479281742158,3357203
2024-05-13,1214.7861328125,1223.1135568295663,1204.3768527911673,1217.8394538500074,2316566
2024-05-14,1222.3270263671875,1227.7860247556966,1210.8998604116662,1223.2059870031921,3200462
2024-05-15,1233.2913818359375,1240.1383967418385,1219.7361649985069,1220.661434230442,2975965
2024-05-16,1247.4019775390625,1256.3308499341313,1229.2204110450475,1244.4873563083092,5055915
2024-05-17,1233.56884765625,1250.0386845339326,1230.7930400666114,1250.0386845339326,2487831
2024-05-21,1241.6190185546875,1248.9748650350475,1215.8039799524145,1215.8039799524145,4966721
2024-05-22,1242.68310546875,1251.7969864150368,1239.8609886363408,1248.1421045379886,2390777
2024-05-23,1252.3983154296875,1256.9320446747904,1238.0103325294217,1246.0139346230249,3326149
2024-05-24,1244.672119140625,1258.3661488811401,1240.6472205922403,1258.3661488811401,1769966
2024-05-27,1252.1669921875,1257.9961210242002,1238.0103266808187,1250.0388276126953,1942325
2024-05-28,1256.8857421875,1261.4195839953006,1245.0422508872743,1256.376798932824,2147233
2024-05-29,1251.9818115234375,1264.4729465175442,1246.2913829920963,1263.917807551832,3845920
2024-05-30,1232.31982421875,1250.5476961562244,1226.07425680053,1245.4124066554145,4150461
2024-05-31,1225.1490478515625,1240.6936171477962,1217.4230718472443,1232.3198848698532,10319045
2024-06-03,1216.2200927734375,1253.5084878780353,1211.9638769099909,1249.6224022957372,5384064
2024-06-04,1206.1346435546875,1225.9816216083595,1142.7073982538295,1225.9816216083595,5447244
2024-06-05,1243.2843017578125,1255.4979241738529,1217.7468919030541,1221.3554647293367,3005139
2024-06-06,1293.0638427734375,1295.1920073360577,1249.9463161156195,1252.814628347216,5936709
2024-06-07,1324.52294921875,1331.1386470349569,1293.52642892617,1301.8538522883557,5884025
2024-06-10,1312.725830078125,1334.2383414785243,1293.063857292814,1332.3878028634363,3293739
2024-06-11,1322.02490234375,1330.491026601215,1309.6262703714635,1318.5088336082933,2269082
2024-06-12,1331.2313232421875,1361.9965301911382,1327.2989283690133,1361.9965301911382,5990861
2024-06-13,1336.2276611328125,1348.764992181544,1329.704467491418,1339.558607970752,4232861
2024-06-14,1324.1065673828125,1337.9392970940776,1317.9535044573565,1336.2275716202944,3065114
2024-06-18,1329.7969970703125,1332.1564789720883,1320.405604003349,1324.1066812152874,2223029
2024-06-19,1337.8006591796875,1343.3985838931799,1323.4127886412057,1332.4341647502422,3117522
2024-06-20,1335.5799560546875,1340.668937319564,1322.718802852695,1340.668937319564,3163919
2024-06-21,1339.651123046875,1371.2027833430911,1331.6475210742383,1352.7437061301246,6489262
2024-06-24,1333.1744384765625,1336.04275112611,1319.9893490708696,1330.3986301806272,1988692
2024-06-25,1339.74365234375,1341.7330039499939,1319.8503621771401,1333.2667671732258,2079037
2024-06-26,1335.8111572265625,1344.6938322929943,1330.7221764042092,1339.743551498381,1917424
2024-06-27,1346.17431640625,1351.4021104990725,1317.1208380287487,1327.761434893751,6613193
2024-06-28,1350.5230712890625,1358.9429994766074,1334.2383539140906,1358.2953561344557,4943575
2024-07-01,1359.081787109375,1368.1031627737143,1346.266829909101,1355.519522898167,3723295
2024-07-02,1370.1387939453125,1380.918090690662,1362.9216483877208,1364.7721869462919,3811366
2024-07-03,1370.323974609375,1377.7261297726939,1361.2562893551399,1377.7261297726939,2070876
2024-07-04,1408.583740234375,1419.8720938154886,1374.0249533902045,1374.0249533902045,6822557
2024-07-05,1405.854248046875,1414.9681283931573,1393.039290366231,1409.1851950582172,3061687
2024-07-08,1418.8079833984375,1424.9147382585343,1393.6405903825255,1413.8115065318443,2939620
2024-07-09,1416.6798095703125,1430.7439707678568,1411.035689402286,1418.8079741498877,2658608
2024-07-10,1397.1102294921875,1418.0676001537613,1376.6618020865785,1416.6796963079341,3507096
2024-07-11,1398.9146728515625,1419.3631017275463,1395.3524086473699,1401.7829850829419,3304053
2024-07-12,1443.6051025390625,1448.9717096056554,1397.6192639587118,1415.6620151319623,6430647
2024-07-15,1452.3026123046875,1514.110644239035,1450.267065105686,1461.9254352274115,10337489
2024-07-16,1452.2564697265625,1464.701296587258,1438.7937562812292,1448.046449247668,3540650
2024-07-18,1475.3883056640625,1479.7370264842543,1440.6443959580952,1441.6159739669074,4399468
2024-07-19,1475.3883056640625,1495.6516143240196,1469.8828851939934,1490.1463068018704,5633838
2024-07-22,1459.2421875,1475.341895877141,1453.5055630307245,1469.8827844285588,2704495
2024-07-23,1490.2431640625,1492.527522905302,1446.188989083619,1467.540135804418,2907674
2024-07-24,1476.5841064453125,1489.9169507163356,1470.197438899955,1486.1874965218014,2484299
2024-07-25,1480.2203369140625,1486.1874863472472,1457.1443392433634,1463.810761333236,2934731
2024-07-26,1524.74072265625,1529.0762359661312,1486.1875122743982,1494.3923571149028,2814159
2024-07-29,1521.943603515625,1533.7380250730414,1510.4289365460954,1529.2626345503043,1639491
2024-07-30,1519.985595703125,1522.549595327835,1508.5641428294164,1518.8201413282568,1783877
2024-07-31,1531.500244140625,1533.7379392768185,1509.6829157370678,1511.3612155426886,1984986
2024-08-01,1529.5889892578125,1543.5277780919457,1525.439903384143,1529.1228075066522,1785188
2024-08-02,1500.4527587890625,1528.1439116627548,1492.8539728291769,1510.4756673005784,1692851
2024-08-05,1456.7247314453125,1487.7723672014722,1433.0426761681078,1468.4724885912622,3279717
2024-08-06,1475.698486328125,1496.443576406028,1457.2843052477392,1457.2843052477392,2138704
2024-08-07,1486.7469482421875,1505.7671881180404,1482.45809851869,1496.4435522783,1897787
2024-08-08,1452.4825439453125,1493.6464177336507,1449.4058124967544,1488.984599950462,2373805
2024-08-09,1482.4114990234375,1493.6465262225265,1469.2651946827646,1477.7031310087777,2021762
2024-08-12,1478.029296875,1492.247840812766,1467.4003297915276,1482.4580236752877,1273739
2024-08-13,1484.9288330078125,1499.6135589434286,1470.943379735797,1471.2696842160287,1973825
2024-08-14,1516.1629638671875,1519.5194497831724,1490.149998843967,1491.874848596663,3932148
2024-08-16,1555.41552734375,1560.7766178770792,1522.2699568686448,1524.4144386075416,3101056
2024-08-19,1564.9722900390625,1571.0326533904201,1546.8378636901812,1552.385381540089,1631947
2024-08-20,1572.664306640625,1580.4029700675505,1556.3012798898958,1566.3708523232547,2786109
2024-08-21,1563.806640625,1574.6220341873054,1560.5433684579482,1571.9648210426294,1410370
2024-08-22,1562.78125,1572.89737216191,1559.8442819364998,1572.89737216191,1749127
2024-08-23,1549.0755615234375,1571.9184712545161,1545.0664660630719,1562.6881620469744,2158185
2024-08-26,1603.1522216796875,1616.7181548366596,1554.3430198717053,1557.9792599377497,2672708
2024-08-27,1595.83349609375,1638.0229484939941,1589.773132765538,1609.1196772363683,3556487
2024-08-28,1603.1522216796875,1620.2145176282613,1578.5379186779253,1596.7190051942546,2516461
2024-08-29,1633.3612060546875,1637.2305378905044,1582.4541745072088,1598.0712653441483,5112407
2024-08-30,1634.6663818359375,1646.833771598181,1624.3637191597752,1633.361050112899,4792561
2024-09-02,1684.45458984375,1689.442711953458,1640.959808519915,1644.8756898101383,4445349
2024-09-03,1669.350341796875,1694.2445179025374,1666.1803966465511,1683.8486411261572,2553290
2024-09-04,1664.501953125,1674.1985563737073,1645.6215920826917,1645.7148056707367,2644961
2024-09-05,1669.443603515625,1676.109911861123,1647.7661509321904,1670.7954851404256,2878565
2024-09-06,1637.3236083984375,1674.2918459414382,1622.359241700087,1667.0660284244977,3351716
2024-09-09,1628.60595703125,1646.8337091318574,1623.384744151051,1639.4213509574986,1418238
2024-09-10,1658.767822265625,1668.2779979224601,1628.978855004575,1631.1232226914842,2307528
2024-09-11,1658.4417724609375,1675.3175310510946,1653.733290701539,1657.9289269495077,2303930
2024-09-12,1685.3404541015625,1691.4940312211115,1656.9033637362368,1678.254513363478,3349489
2024-09-13,1690.188720703125,1696.901692863614,1674.1986627575893,1682.9162393510019,1599349
2024-09-16,1689.302978515625,1700.8643100047666,1685.8998285874216,1695.9694010682038,836199
2024-09-17,1691.07421875,1704.3603980013784,1684.9671925860878,1689.3959190032137,830317
2024-09-18,1637.6966552734375,1685.8065940319236,1622.40586954653,1685.8065940319236,2629136
2024-09-19,1619.04931640625,1655.8776769003744,1605.063863054051,1655.8776769003744,4167373
2024-09-20,1641.0064697265625,1646.6472007714283,1604.9705966780684,1629.7714437108875,4644317
2024-09-23,1634.246826171875,1644.6892520881418,1615.3198011579964,1644.6892520881418,1541597
2024-09-24,1655.504638671875,1662.8703332218458,1620.7740976500002,1631.6361553900927,1907389
2024-09-25,1661.844970703125,1663.3833934682102,1636.2981842657643,1658.4884843699795,2240579
2024-09-26,1663.19677734375,1686.08634914261,1658.5816230708313,1661.7050183534875,4303250
2024-09-27,1686.0863037109375,1704.8734524199185,1675.0378181629285,1687.5780626610047,4099016
2024-09-30,1674.6182861328125,1697.5544085728748,1668.1384044567633,1685.7134360465666,2117894
2024-10-01,1693.638427734375,1699.1859454595779,1668.9307930880989,1668.9307930880989,1642542
2024-10-03,1658.255126953125,1686.9253042064481,1650.2833736059085,1657.742281509212,3552386
2024-10-04,1656.4368896484375,1685.6199112848103,1647.719314116134,1657.7422212468446,2982759
2024-10-07,1656.763427734375,1682.1703354393378,1648.3256055739196,1664.2223364184008,3419048
2024-10-08,1668.41796875,1672.6602685799348,1625.1097258276625,1654.012996912377,2353030
2024-10-09,1687.29833984375,1701.5635482671169,1669.0706999849085,1671.774577153157,2499596
2024-10-10,1686.3193359375,1715.5022463915145,1675.4572779559167,1696.9016393320915,3753869
2024-10-11,1715.22265625,1727.4832599006452,1678.860477190939,1681.9838723729733,2977110
2024-10-14,1730.373291015625,1739.3239570697153,1708.4627506826641,1721.1895341069287,1751092
2024-10-15,1743.6131591796875,1755.4075815743472,1706.178737585296,1706.2254012912258,5696544
2024-10-16,1739.091064453125,1757.5052440660183,1728.648638502009,1742.587427670763,2144442
2024-10-17,1741.4686279296875,1750.0929904884401,1726.2243933287673,1743.426568558623,2399099
2024-10-18,1732.0517578125,1747.156115929171,1718.3460588642158,1740.7227845358063,2366406
2024-10-21,1718.905517578125,1760.768666160667,1715.5490313664957,1748.4615121133868,1284980
2024-10-22,1710.5999755859375,1738.050283793804,1707.549941340619,1717.2162495419218,2089660
2024-10-23,1732.184814453125,1750.2504017093745,1683.1496490433046,1683.1496490433046,2522186
2024-10-24,1731.38720703125,1748.3265597673167,1724.6301391488478,1731.4810313297037,1621637
2024-10-25,1738.378662109375,1756.3973940310239,1726.9762039001303,1745.5579961344235,4078295
2024-10-28,1756.5850830078125,1761.324412747332,1731.5747796299381,1731.5747796299381,2418907
2024-10-29,1756.5850830078125,1760.479764979155,1737.299436299349,1756.5850830078125,1719955
2024-10-30,1725.6627197265625,1754.4268008845856,1722.3780670407568,1746.4967566526925,1732047
2024-10-31,1657.3885498046875,1730.4485733438416,1648.47306565202,1726.7885095692532,3616088
2024-11-01,1649.2708740234375,1671.700379888333,1643.2646297349913,1667.6649040771442,242223
2024-11-04,1654.4793701171875,1672.4511340400636,1637.633841468608,1654.5263395467941,2843690
2024-11-05,1664.42724609375,1673.6242039784197,1653.1186114152172,1660.1571521961505,1818350
2024-11-06,1725.287109375,1738.9887789469617,1673.295732791383,1680.897333791755,3477029
2024-11-07,1719.2340087890625,1747.951348217052,1702.5761281321784,1736.2204463460068,2173869
2024-11-08,1724.4425048828125,1740.0680884512183,1715.573989252963,1725.8032436206552,1521324
2024-11-11,1752.408935546875,1758.6966525684056,1721.1577699095283,1733.0763193298906,1679869
2024-11-12,1757.6173095703125,1776.480574365845,1749.7341216463303,1774.6505997404445,2711052
2024-11-13,1750.015625,1763.9519109934356,1744.7132354001926,1751.1887149751976,1254074
2024-11-14,1744.5726318359375,1780.281540396774,1732.7479065090558,1756.8197383356674,2462563
2024-11-18,1722.09619140625,1750.2973219994303,1703.3267506279803,1744.572550914398,2483933
2024-11-19,1708.535400390625,1750.2504387504152,1705.4853661139823,1723.973220367031,2354204
2024-11-21,1723.36328125,1726.3664608161048,1708.2069333661464,1722.0963667803624,1841245
2024-11-22,1781.5953369140625,1784.973813333378,1723.5038949457144,1732.7478215928602,2765950
2024-11-25,1775.3076171875,1801.8194538846878,1762.9198313510537,1800.9279512178186,6531524
2024-11-26,1782.6748046875,1797.127184039014,1772.914671490419,1773.806174202248,2079873
2024-11-27,1774.6976318359375,1799.0509359272405,1770.9905984695636,1780.0468767449104,1631975
2024-11-28,1727.6331787109375,1783.5660886501398,1722.096170835573,1769.1135965115943,3631255
2024-11-29,1734.34326171875,1757.1012081950098,1721.110714594174,1728.6654601761015,2482280
2024-12-02,1756.3504638671875,1762.966737727494,1722.5185002114504,1734.3433398391962,2014744
2024-12-03,1774.4161376953125,1779.6247037170615,1756.8667551045473,1768.081450968118,2954648
2024-12-04,1780.8917236328125,1793.420304101193,1762.0753109344453,1766.2046113649637,3730643
2024-12-05,1805.6202392578125,1818.8526723612479,1768.0813569447603,1769.0198290025864,3881814
2024-12-06,1804.400146484375,1820.0257288709515,1797.4555450321857,1807.4971500419217,2250408
2024-12-09,1792.3878173828125,1807.54416412357,1784.035393103919,1797.1740019957942,1379520
2024-12-10,1817.2103271484375,1823.2635405935018,1794.5462042783754,1798.5347104821901,2695207
2024-12-11,1812.0955810546875,1815.7556447127595,1798.1123255484772,1807.7316634069698,1387117
2024-12-12,1817.0697021484375,1829.082191301497,1803.2742075863657,1806.5118906286111,2306173
2024-12-13,1847.6636962890625,1853.4821767923806,1794.6868838166479,1819.6971852154056,2569918
2024-12-16,1834.1497802734375,1858.1746416167696,1830.255098390457,1849.587599527686,1371189
2024-12-17,1830.5836181640625,1842.4083434719544,1818.7588928561706,1825.6097848708437,1987909
2024-12-18,1839.733642578125,1850.6198953413111,1826.970445733025,1829.0820078251782,3460812
2024-12-19,1815.2396240234375,1826.4543195758906,1792.4816760422725,1792.4816760422725,1916115
2024-12-20,1793.7486572265625,1837.1999620507947,1779.718544906639,1834.337576271211,3786921
2024-12-23,1785.912353515625,1820.0727598578976,1782.2992589493301,1800.4586706356945,2058339
2024-12-24,1780.2344970703125,1805.2917693671816,1773.008308159287,1791.1677192888603,1310301
2024-12-26,1783.80078125,1791.449351507536,1770.2399057064436,1788.3523478627785,1065107
2024-12-27,1775.589111328125,1785.8184795431462,1766.861275475039,1783.096887697377,1328546
2024-12-30,1810.2655029296875,1847.8043826052315,1750.8602945788807,1771.8351206856769,6262203
2024-12-31,1799.42626953125,1809.186401426601,1762.9666545579234,1797.3615623567025,1968650
2025-01-01,1794.3116455078125,1817.7734474813428,1790.5109023238485,1799.42638707379,880695
2025-01-02,1850.8546142578125,1854.702441483175,1792.5286653801384,1794.3116707075037,3487645
2025-01-03,1826.8768310546875,1869.53034438637,1821.574440502975,1858.1748542997889,2853344
2025-01-06,1832.883056640625,1851.980941754678,1811.251228015875,1831.193760966827,1789037
2025-01-07,1798.0186767578125,1859.1131861102986,1791.4493722132531,1839.4052724766207,2494547
2025-01-08,1813.3626708984375,1819.22812138006,1777.982319417122,1789.0093663225723,2372138
2025-01-09,1815.755859375,1824.8120234647586,1801.8664265134591,1808.2480825978605,2742139
2025-01-10,1872.345703125,1879.1496259929102,1816.1781696721685,1816.8820237619523,4802079
2025-01-13,1866.996337890625,1888.393432109294,1844.4730084649243,1872.1579342173482,5694121
2025-01-14,1701.966064453125,1819.6973395396874,1687.1381599574383,1816.9757476310388,15819311
2025-01-15,1713.368408203125,1730.1202262594975,1701.027592160338,1723.0347163244192,3350594
2025-01-16,1681.9765625,1724.8646901487589,1675.4542274565556,1720.2192992397825,5362008
2025-01-17,1695.86474609375,1699.8462705112652,1659.0352402054184,1680.791633847206,2424374
2025-01-20,1702.784912109375,1705.4393386917775,1670.9323717295301,1697.002178185352,3401004
2025-01-21,1708.6627197265625,1726.05836928653,1698.2347960345937,1698.2347960345937,4005357
2025-01-22,1732.646728515625,1736.2017022014138,1710.226787048023,1714.1608653495227,3009261
2025-01-23,1713.0233154296875,1733.8317150588878,1710.368888796085,1722.5506911705756,3750930
2025-01-24,1699.6092529296875,1734.2584438989493,1697.9502651542855,1706.3874261278338,3171259
2025-01-27,1622.9166259765625,1687.1905998797515,1618.5085509521298,1682.687632974608,4174844
2025-01-28,1605.189208984375,1640.5019495924764,1603.0562246523418,1622.9166324774376,5079829
2025-01-29,1629.599853515625,1634.434594334576,1607.7960160340315,1607.7960160340315,3733620
2025-01-30,1624.0067138671875,1642.824350946796,1609.5498212517966,1632.4438743411847,2543744
2025-01-31,1635.714599609375,1647.8015112760131,1620.167605807775,1620.167605807775,2033832
2025-02-01,1605.900390625,1641.8766842561179,1600.212431744392,1636.2361713215762,569018
2025-02-03,1604.0040283203125,1612.1567443269912,1575.0902441218673,1578.4082193577544,2659929
2025-02-04,1642.4453125,1645.6210658941568,1604.0515961388232,1606.9429053452877,3647768
2025-02-05,1623.7698974609375,1655.954331435314,1621.0681403713472,1640.02800166224,2681942
2025-02-06,1633.865966796875,1638.55848594804,1623.7698180091218,1634.1977412088697,2057798
2025-02-07,1635.9041748046875,1640.9759143070874,1612.204349352534,1633.534192259472,2428098
2025-02-10,1643.6776123046875,1649.5077923011463,1623.058764900923,1634.2924586179245,1823071
2025-02-11,1633.58154296875,1658.0398094308953,1625.8080464116554,1652.1622989337561,1702553
2025-02-12,1627.988525390625,1651.7831280108107,1610.7824282372376,1634.2452564313633,2214307
2025-02-13,1614.52685546875,1639.980444379326,1611.8250985625864,1622.9640163147467,1838463
2025-02-14,1622.2529296875,1633.7710671317586,1611.540563103402,1622.0159314508765,1460459
2025-02-17,1620.9732666015625,1630.6901949280355,1605.994930794961,1622.2530340172739,1127023
2025-02-18,1635.7618408203125,1638.6058196800407,1612.7730117041765,1617.2759782320795,1511900
2025-02-19,1623.2484130859375,1641.5446080219447,1614.858582701949,1633.5814439086562,1294110
2025-02-20,1599.78564453125,1625.3814557087253,1595.9936725049574,1616.5176285198243,1681532
2025-02-21,1612.251708984375,1615.5223543895245,1597.5104867172784,1602.1082297945168,1222563
2025-02-24,1558.5478515625,1602.1080812096295,1552.4332276182972,1597.368116472323,4455420
2025-02-25,1551.0113525390625,1566.0370187196709,1546.4136095492843,1550.9165763816884,1951519
2025-02-27,1544.4703369140625,1573.6685711494167,1531.198433301959,1535.7488465434067,2266866
2025-02-28,1493.136474609375,1530.9613040915435,1481.1916698025786,1528.164770929743,4910121
2025-03-03,1490.6241455078125,1520.011927111264,1486.879503902682,1493.1363499827894,1784684
2025-03-04,1455.643310546875,1478.8691399890101,1443.7933975661938,1478.8691399890101,3246644
2025-03-05,1491.1455078125,1499.1561179062205,1451.4246946288908,1452.3252416688824,3112003
2025-03-06,1502.9954833984375,1511.764418810848,1493.2312247506734,1497.8289677414684,2011489
2025-03-07,1476.9256591796875,1504.4649023257257,1474.697898757277,1500.341155889042,2091986
2025-03-10,1468.7255859375,1490.6715310821724,1466.545155771421,1476.0250856729815,1855766
2025-03-11,1486.3109130859375,1492.0936476741422,1443.4142266271429,1450.3819525539884,1846190
2025-03-12,1460.4779052734375,1483.6089562338384,1428.7201416735438,1475.0770197443148,3113860
2025-03-13,1454.9322509765625,1467.445712238186,1449.6235133419889,1460.4779868601956,1983351
2025-03-17,1464.79150390625,1467.0667104009847,1440.0489081153078,1448.533399737349,2029100
2025-03-18,1464.79150390625,1464.79150390625,1464.79150390625,1464.79150390625,0
2025-03-19,1464.1278076171875,1480.1489131734172,1445.7841653964808,1477.4471561477299,4522829
2025-03-20,1480.76513671875,1499.8197737844057,1466.5926869806192,1467.3510119837545,4608677
2025-03-21,1485.220703125,1509.2524201344636,1442.371462458021,1455.2641451233394,8109210
2025-03-24,1520.722900390625,1527.1218527463352,1478.8689888752144,1508.2567700644013,2487843
2025-03-25,1540.3936767578125,1572.6727653686423,1534.7530496048796,1537.644474220582,4906013
2025-03-26,1548.4517822265625,1559.4010318931507,1537.6446389318796,1540.3938417636025,3096513
2025-03-27,1545.370849609375,1559.4485228567605,1529.6341885717163,1541.1048810058155,3383080
2025-03-28,1509.6787109375,1541.0099229382945,1499.3455650620783,1532.0513204952613,2211077
2025-04-01,1450.760986328125,1502.5688241342746,1446.7320162949572,1494.9848805424297,4126827
2025-04-02,1448.106689453125,1458.5346119923602,1428.056615244691,1436.2093315400973,3167863
2025-04-03,1393.644287109375,1421.9892969053794,1388.8095466442537,1421.9892969053794,3966161
2025-04-04,1348.140869140625,1380.467408422899,1345.2968900415076,1373.6419048737396,4421312
2025-04-07,1302.63720703125,1311.7853629688539,1234.9979270877502,1275.0506328405481,6484139
2025-04-08,1330.365966796875,1350.1790438406704,1300.6464090920833,1308.230353168422,3938359
2025-04-09,1308.2303466796875,1316.4778395330777,1286.4739535073224,1308.8465652771943,3306801
2025-04-11,1318.2318115234375,1350.8901265394747,1289.2705769078495,1289.2705769078495,4859622
2025-04-15,1352.31201171875,1354.4924419029862,1332.8781552587188,1346.150057231423,3265147
2025-04-16,1357.2415771484375,1361.4127696321318,1332.4042060074933,1341.4101398083264,2553111
2025-04-17,1363.2138671875,1367.100615152646,1312.0222476964534,1346.1499940238177,3549969
2025-04-21,1404.9256591796875,1421.0415405602912,1355.6300220154878,1360.3699871274302,2840104
2025-04-22,1402.9349365234375,1421.8947975056535,1388.3358204227695,1412.509643175095,2608145
2025-04-23,1511.1009521484375,1516.788910563049,1463.4168544838876,1474.1292224534632,13293318
2025-04-24,1504.1805419921875,1519.9173193654142,1494.1318387006902,1512.0489306788008,3193118
2025-04-25,1496.1224365234375,1533.852602452204,1486.5477308144177,1507.3087996903614,3800415
2025-04-28,1485.6702880859375,1504.9447575741863,1473.9712719127308,1500.725442184782,2618810
2025-04-29,1504.561279296875,1515.8767009416229,1484.519617429598,1491.136258321632,2231069
2025-04-30,1503.1229248046875,1522.685122165678,1490.1773685145035,1506.4791801391796,3682256
2025-05-02,1507.8214111328125,1516.0681849323284,1493.1497367139439,1502.6431662169252,1370848
2025-05-05,1504.177490234375,1532.0823282580952,1499.0952317535189,1515.1093150326953,1012225
2025-05-06,1514.2462158203125,1518.7532566860564,1500.8211969176189,1512.0407472347094,2055057
2025-05-07,1499.0953369140625,1513.5751567064074,1481.546870844413,1488.2593809388536,5469936
2025-05-08,1515.7806396484375,1532.3701758594077,1491.903375735187,1497.7528254606946,2789018
2025-05-09,1504.94482421875,1512.9038732956278,1493.341794176726,1501.6844386799698,2035161
2025-05-12,1601.700927734375,1606.2078521983838,1528.534517256253,1533.1374283718767,4028207
2025-05-13,1553.0830078125,1618.769712948852,1548.8636923923646,1615.7970533540583,3118470
2025-05-14,1570.4395751953125,1574.8507467313248,1550.5897715107842,1563.0558612013472,1569126
2025-05-15,1626.3453369140625,1632.6742517241664,1558.2613045314574,1582.2345553704029,4961582
2025-05-16,1591.7279052734375,1623.947929353214,1589.905914890835,1622.4136647888215,2586263
2025-05-19,1581.850830078125,1595.6594448390697,1570.8231355975665,1592.7826549745762,1642018
2025-05-20,1571.0150146484375,1597.5773279604416,1569.1930242964102,1592.5909389456224,2421580
2025-05-21,1584.15234375,1589.4264586958989,1561.5216193935196,1577.439833818856,1420835
2025-05-22,1565.9326171875,1573.3163310214193,1547.7129480346753,1571.1108623580997,2202093
2025-05-23,1580.5084228515625,1602.1803350959322,1555.8639679933142,1565.9327332715452,1459454
2025-05-26,1604.865234375,1606.9749506219957,1578.01519421127,1584.535965073787,1078813
2025-05-27,1584.248291015625,1606.687277297042,1574.0836560328826,1605.05714305659,2740015
2025-05-28,1589.234619140625,1598.3444534717778,1579.3575940430455,1595.6594028461614,1775441
2025-05-29,1596.3309326171875,1606.6874247922342,1587.604691889141,1601.4133091035696,2374051
2025-05-30,1569.3848876953125,1596.3307985391575,1560.466908514017,1596.3307985391575,4408910
2025-06-02,1564.494384765625,1568.0423791464434,1539.7539425233444,1558.3572090021166,1883100
2025-06-03,1563.439453125,1583.86459133843,1550.5897680611688,1579.2617976970528,2380133
2025-06-04,1559.316162109375,1577.0563683895139,1555.5763114281292,1564.0149428598174,1659720
2025-06-05,1565.3572998046875,1585.9742940723036,1557.8775992476376,1567.7546247195266,1409322
2025-06-06,1570.4395751953125,1572.453421790832,1555.38442139177,1564.206530350031,1261281
2025-06-09,1580.6043701171875,1589.9059443197057,1571.6862742702035,1580.316644293652,1299786
2025-06-10,1599.591064453125,1615.7011348213027,1581.2755253813098,1585.3989710877127,3055223
2025-06-11,1651.181640625,1654.5378957270661,1597.5774285834805,1607.166728875098,5085821
2025-06-12,1631.331787109375,1655.1132996513404,1625.3864675023303,1654.1543695820176,3607962
2025-06-13,1625.6741943359375,1640.7293496107186,1596.2349709556595,1597.5774964649079,1988422
2025-06-16,1652.2364501953125,1658.373625830283,1614.2628442232112,1622.509619112286,2116100
2025-06-17,1658.5653076171875,1667.387533867428,1649.3596030117546,1657.0310430257628,1777245
2025-06-18,1645.427978515625,1673.3328175633276,1639.7702682139197,1656.9351382925647,1794428
2025-06-19,1643.5101318359375,1649.0718555389462,1627.495930782804,1649.0718555389462,2514527
2025-06-20,1668.4422607421875,1671.031324811322,1638.9071711527313,1643.5100817832813,2719770
2025-06-23,1633.2496337890625,1658.7572670683683,1629.4139135433795,1658.181815386002,2221446
2025-06-24,1622.31787109375,1661.4421460719686,1619.8245593709817,1649.2637815173498,3601071
2025-06-25,1646.57861328125,1650.0307377308566,1631.139864314342,1632.098794275726,1307518
2025-06-26,1653.291259765625,1655.9763107023507,1632.7701334831909,1639.7703696030826,2971055
2025-06-27,1652.5242919921875,1680.5250041544848,1640.5376657143381,1663.7437273654957,6478283
2025-06-30,1657.6064453125,1663.5518818003004,1642.9348859206502,1654.1543205765877,1855229
2025-07-01,1647.7294921875,1673.332876774417,1643.6060462987682,1657.606401111406,1639826
2025-07-02,1648.0172119140625,1667.0999439155592,1640.7293667181602,1651.27759759712,2069447
2025-07-03,1641.59228515625,1659.4283596877756,1636.4140397614499,1645.5238747322871,1839063
2025-07-04,1655.0174560546875,1657.9901159049077,1636.1264631581291,1644.5650947234915,768500
2025-07-07,1640.1539306640625,1654.6337505639078,1633.3455509291034,1654.6337505639078,1366412
2025-07-08,1637.9483642578125,1648.3048554262311,1618.1944290098697,1630.1810544099428,2139193
2025-07-09,1605.248779296875,1643.8937041397376,1602.3719893698196,1639.770258421539,2894808
2025-07-10,1595.3717041015625,1610.9064394585926,1581.275480720198,1606.2076593125116,2740853
2025-07-11,1571.0150146484375,1587.508563288422,1563.0558490849457,1575.7136778498752,2548153
2025-07-14,1553.27490234375,1574.9466975116875,1541.0005511928873,1572.6452420387898,3334703
2025-07-15,1502.0679931640625,1554.8091437874011,1486.3415175668172,1524.6987180201543,14685607
2025-07-16,1498.6158447265625,1509.3558138601197,1495.930793914731,1502.0679693011427,5218099
2025-07-17,1480.491943359375,1502.4514621828941,1479.0535484633829,1499.3828161706522,4966082
2025-07-18,1496.824951171875,1497.9846340215815,1478.6558000342063,1492.1859838253688,3902458
2025-07-21,1479.0423583984375,1498.661053555402,1474.7899914469424,1496.8249087577028,3368842
2025-07-22,1469.0880126953125,1488.1269850748508,1467.348488410002,1481.651754864756,3218227
2025-07-23,1478.4625244140625,1484.454415620914,1467.0584654378565,1472.9537360717918,3471536
2025-07-24,1456.620849609375,1486.2906799025195,1451.2087998083928,1478.6557670530337,4654421
2025-07-25,1440.0946044921875,1461.4529402563385,1436.7120588923592,1450.7254620916483,2733655
2025-07-28,1416.900146484375,1444.0571345390333,1414.387421670299,1440.0947471813938,4404841
2025-07-29,1422.98876953125,1427.9175985609565,1411.9713106582453,1416.9001396879519,6223556
2025-07-30,1426.951171875,1434.4894643341772,1419.5096179650186,1430.816938679944,1642426
2025-07-31,1418.6397705078125,1432.943036636319,1410.5216367733422,1415.8370660314808,2306285
2025-08-01,1403.369873046875,1417.673256418693,1401.3403692103711,1415.836993719444,2152783
2025-08-04,1424.9217529296875,1425.8881946885963,1392.255974289036,1403.3700545164857,2384774
2025-08-05,1432.9429931640625,1435.5524564141047,1421.8289141433122,1430.2370273172241,2614394
2025-08-06,1414.097412109375,1433.9094664530244,1407.5256795016378,1431.2035005464868,1735697
2025-08-07,1425.984619140625,1429.5604059672364,1402.3067993039965,1409.0718906858904,1495363
2025-08-08,1426.1778564453125,1432.4597269973397,1410.038328524252,1425.3081533633274,2815614
2025-08-11,1438.0653076171875,1479.6223023937594,1416.4169890690414,1425.5015650103169,2374556
2025-08-12,1448.7926025390625,1459.230219178428,1439.0315658150028,1439.998007430728,3422656
2025-08-13,1450.7255859375,1456.9108362999757,1439.0316651745698,1449.6625236815678,2916128
2025-08-14,1439.804931640625,1465.318898846668,1435.9391647337889,1450.6290317902285,4227538
2025-08-18,1435.1658935546875,1451.498781527283,1426.3712978690864,1447.8262559569343,2795155
2025-08-19,1426.5645751953125,1432.84644626918,1419.8961038452082,1426.7579343203515,2515817
2025-08-20,1445.7967529296875,1449.9524993422156,1409.0719690985857,1418.736385896244,10219330
2025-08-21,1443.380615234375,1454.4946942937624,1436.2289233753065,1449.6624860070724,2157601
2025-08-22,1417.093505859375,1441.4477894060321,1414.8706427693135,1439.611526589091,2802805
2025-08-25,1453.7215576171875,1459.036986965969,1426.6611900233913,1430.3337156720854,2764914
2025-08-26,1442.7042236328125,1455.944427794611,1435.1659311483554,1451.4988195487851,4092265
2025-08-28,1401.147216796875,1438.0652423615124,1397.4746911658247,1438.0652423615124,4367902
2025-08-29,1405.9794921875,1413.5176669840178,1390.902906646774,1401.147283481843,3404604
2025-09-01,1419.123046875,1423.0854343367887,1397.4747287273321,1397.4747287273321,2105254
2025-09-02,1416.5135498046875,1427.8209884574726,1410.714899615723,1419.702854598154,1295198
2025-09-03,1416.900146484375,1425.501501170954,1403.8531835923018,1425.501501170954,1800307
2025-09-04,1394.865234375,1416.7067913458761,1392.5457508971567,1415.933590861985,2192155
2025-09-05,1371.3807373046875,1403.5632922829793,1355.724429353746,1399.4075458894908,3895199
2025-09-08,1355.917724609375,1380.6586088905867,1353.984841181564,1376.1163800247678,2929976
2025-09-09,1379.208740234375,1383.7510863953055,1361.8127919834294,1362.8758541151112,2906889
2025-09-10,1414.77392578125,1422.5054588214111,1384.0410347570769,1386.747118510666,3205017
2025-09-11,1418.4464111328125,1421.0558744615525,1409.3619536905094,1414.774003521241,1982922
2025-09-12,1417.9632568359375,1430.3337581500157,1413.90424876586,1425.501549507617,2110883
2025-09-15,1417.2867431640625,1419.0263854014643,1403.2733386118095,1417.9632051598078,1725617
2025-09-16,1433.3297119140625,1435.3592159604295,1412.06799376883,1414.7740778132156,1724524
2025-09-17,1431.7833251953125,1448.6960543150683,1425.7914340681334,1440.771279859917,2656774
2025-09-18,1443.6705322265625,1452.4651273316472,1436.2288610039293,1442.5107315038226,2792406
2025-09-19,1418.1566162109375,1443.6707014419792,1414.87069073877,1443.6707014419792,3197957
2025-09-22,1391.579345703125,1400.5671822010027,1367.51492519156,1375.2464583375192,4457129
2025-09-23,1381.818359375,1395.7350251690104,1372.7337840005825,1395.7350251690104,3106480
2025-09-24,1393.89892578125,1396.218291506607,1372.3472284547133,1377.2760575818597,2894044
2025-09-25,1376.0196533203125,1394.0920647869427,1368.4813613437166,1391.8692018268655,2713246
2025-09-26,1348.4761962890625,1378.6291311477619,1345.2868913828845,1372.3472598877124,2568054
2025-09-29,1340.8411865234375,1355.5310526080243,1336.5888196124774,1350.2156234627832,2990852
2025-09-30,1338.6182861328125,1357.850498279726,1335.5257200878293,1345.3833775833164,2782077
2025-10-01,1342.8707275390625,1349.9257990618369,1335.6224148679269,1339.5848022000466,2253527
2025-10-03,1346.7364501953125,1352.8250798292172,1334.0760880724201,1349.6357751688224,2793839
2025-10-06,1370.1243896484375,1373.313694538169,1344.127201562293,1346.7365470365507,1970901
2025-10-07,1385.2974853515625,1393.512239380398,1369.641059829952,1374.2800269416516,1592836
2025-10-08,1404.4329833984375,1409.7484125673295,1379.3055000545844,1385.104150057012,1735807
2025-10-09,1436.615478515625,1441.0610864049972,1403.7564631980797,1404.4329251474378,2681316
2025-10-10,1445.3134765625,1448.2128014904088,1424.438360676324,1440.964489170637,2129445
2025-10-13,1444.540283203125,1451.7885955587449,1426.9510924096878,1439.9980546498034,1820492
2025-10-14,1445.2169189453125,1483.4879860659933,1440.191351400395,1464.5457526399834,5802489
2025-10-15,1445.5068359375,1458.747158308916,1436.2290190040749,1447.633078509517,1710696
2025-10-16,1464.1591796875,1468.894767625812,1447.7296707405117,1449.5659335705313,2021043
2025-10-17,1447.7933349609375,1462.5032134848466,1440.97423007755,1460.262602885433,3210161
2025-10-20,1456.755615234375,1470.8809035024256,1450.6183734550607,1451.3977472706317,2354881
2025-10-21,1447.598388671875,1464.1590701035182,1442.7276000155093,1463.8667752178408,274400
2025-10-23,1484.51904296875,1507.5091424566692,1466.5945162962944,1470.9782262420488,5011470
2025-10-24,1484.421630859375,1492.9941477321242,1477.2128397075637,1485.590572596105,1491451
2025-10-27,1493.8709716796875,1509.4574963271443,1487.3441620498634,1491.825264102858,1394846
2025-10-28,1482.7655029296875,1502.1512661396707,1472.9265333353972,1495.3321618186735,1936466
2025-10-29,1517.055908203125,1518.7119288080755,1482.6680921397633,1490.461354122101,2596355
2025-10-30,1509.749755859375,1519.5887255294203,1498.3520386285063,1517.44550709116,2183395
2025-10-31,1501.664306640625,1517.9326949620302,1497.8650672908846,1509.7498642588992,1723467
2025-11-03,1503.612548828125,1509.6522795596784,1488.707887075192,1500.300388559057,2252136
2025-11-04,1489.584716796875,1502.0539846100032,1485.5906934697132,1496.6961165351945,1666863
2025-11-06,1486.9544677734375,1492.3123355944192,1475.1671823504266,1489.5846462283484,2474769
2025-11-07,1473.3162841796875,1479.5509178983948,1451.9822045233007,1475.946462679952,2238714
2025-11-10,1500.690185546875,1504.9765039203578,1472.3422155621492,1478.7716336644962,1558896
2025-11-11,1529.427734375,1531.8631288564889,1501.3719423819498,1507.8014789456774,2270763
2025-11-12,1552.8074951171875,1558.6524417738394,1532.8372607069603,1534.2984973711232,2331564
2025-11-13,1557.1912841796875,1563.523310045917,1539.1693644065724,1558.0680500058538,1944022
2025-11-14,1553.3919677734375,1556.7041279991377,1533.4217333404072,1548.9108657813697,2543918
2025-11-17,1564.8870849609375,1566.1534187282307,1544.5271635317379,1552.8075046796532,2000978
2025-11-18,1553.9764404296875,1562.5490764453111,1549.0082595433407,1562.5490764453111,1640123
2025-11-19,1619.634765625,1626.3564783573356,1547.5470870395295,1554.0740157744206,6342672
2025-11-20,1602.8792724609375,1625.284901924648,1600.1515830468825,1619.634739102283,2724035
2025-11-21,1566.4456787109375,1601.0282792048667,1564.4973631901528,1593.722096001924,2958835
2025-11-24,1568.7838134765625,1597.6188618338274,1561.4776296572004,1572.5830528457811,6392688
2025-11-25,1559.7239990234375,1577.0640550876165,1551.443657886809,1576.4795842022975,2285950
2025-11-26,1576.0899658203125,1585.4418571391816,1559.724066825479,1559.724066825479,1243303
2025-11-27,1586.9029541015625,1590.9943690320295,1572.2905880416954,1577.2587687189023,2106176
2025-11-28,1582.22705078125,1594.5989261874731,1577.1614777888692,1586.90305578633,1841289
2025-12-01,1600.44384765625,1603.950791896683,1585.928872886608,1587.8771884552648,2034350
2025-12-02,1593.235107421875,1610.1854771965507,1582.0322925424182,1608.3345535637516,2326220
2025-12-03,1598.10595703125,1611.8415589683923,1586.7083577232659,1593.2351677687348,2371611
2025-12-04,1611.8414306640625,1628.7917997314983,1602.5869318019516,1607.3603286823998,3935708
2025-12-05,1639.507568359375,1647.3008307164012,1608.3345189312704,1619.7321175621228,3391204
2025-12-08,1644.962890625,1651.587211446053,1633.5652915617993,1639.507630551295,2702407
2025-12-09,1614.763916015625,1643.4041785958807,1613.5949742432656,1643.4041785958807,2817704
2025-12-10,1622.94677734375,1627.8175659912404,1614.1793577782676,1620.3165990404007,1482249
2025-12-11,1629.1815185546875,1634.0523075249444,1606.3862023907357,1624.4081215806864,1408684
2025-12-12,1629.960693359375,1634.5393061159139,1617.1018586759587,1634.0522272428186,1284337
2025-12-15,1640.481689453125,1644.3783205444627,1617.1019029050995,1629.9607379402162,1689723
2025-12-16,1609.016357421875,1638.53338571781,1602.879234758229,1637.559227937954,1929309
2025-12-17,1612.2310791015625,1621.485577742931,1603.7559542278689,1608.3344480946705,1394918
2025-12-18,1618.4656982421875,1630.6426700314844,1608.529217912677,1614.179380389207,1822056
2025-12-19,1599.956787109375,1637.5592542324557,1590.3126011507936,1631.7143074594667,3487150
2025-12-22,1627.1358642578125,1630.253121734566,1601.5154658689135,1609.2113364771028,1339691
2025-12-23,1636.4876708984375,1643.3067753271575,1613.4000602688955,1631.8116660095889,1614314
2025-12-24,1631.4219970703125,1636.5850809037474,1622.0701061054401,1632.6884497587384,989858
2025-12-26,1617.9786376953125,1633.0780828850523,1607.847373268726,1624.8951339668192,921138
2025-12-29,1588.656494140625,1617.8812264175626,1583.3960185476283,1616.8095577681495,1516288
2025-12-30,1573.4595947265625,1593.4298291662626,1569.4655716217715,1588.656551188881,3323273
