Price,Close,High,Low,Open,Volume
Ticker,HDFCBANK.NS,HDFCBANK.NS,HDFCBANK.NS,HDFCBANK.NS,HDFCBANK.NS
Date,,,,,
2021-01-01,663.9057006835938,672.2682665596484,661.8324899943431,670.8706194358238,8810938
2021-01-04,659.689453125,669.9388655323093,651.7694526284428,669.9388655323093,15740192
2021-01-05,664.6744384765625,666.5612850615263,656.4283422342761,661.1803202602692,14386824
2021-01-06,661.8092651367188,670.8706550558015,658.3384071393576,668.54124305908,22134050
2021-01-07,659.805908203125,667.4230735980611,658.0821661778708,667.3764967350231,19894842
2021-01-08,666.9805908203125,671.8024625861511,662.9972733043859,667.143638296372,13768764
2021-01-11,676.2049560546875,682.4711081726593,669.1468835112166,675.5294493534971,17331392
2021-01-12,689.9718017578125,693.0931909419772,675.1101425268274,676.6708371189097,20388156
2021-01-13,685.1499633789062,697.379376386846,681.1666461081561,695.5158467856361,16934650
2021-01-14,684.2647705078125,693.2330066489362,678.3247699468085,685.3828996345541,12297166
2021-01-15,683.286376953125,685.6157887609149,673.2000124513131,684.4277659907799,14165236
2021-01-18,690.9501342773438,700.1513111208578,683.4494394650668,684.8005097174363,42825632
2021-01-19,700.6171875,704.2510927173035,683.4494336192288,695.0033390897886,17360254
2021-01-20,695.0965576171875,699.2894993186317,692.301263149558,699.2894993186317,13346052
2021-01-21,687.0833740234375,696.1913406588754,683.9852447445681,695.0965284124685,26333054
2021-01-22,672.5245361328125,683.8687607747444,670.9405246579323,683.8687607747444,15392364
2021-01-25,681.5159912109375,689.9717673229738,677.9287198278455,682.5642265090312,20344718
2021-01-27,656.7078857421875,685.7323849307226,655.100614048632,683.9154320138233,23556276
2021-01-28,638.9343872070312,652.8410221795793,625.2141734367799,647.5299515080465,42704446
2021-01-29,647.8093872070312,656.3117398258938,635.6964464897477,648.205375817939,28704502
2021-02-01,687.9917602539062,690.6705837659835,652.7011722469766,657.0105839837964,26370544
2021-02-02,727.0327758789062,735.3953419095049,697.6122920046123,699.2894572101152,42420206
2021-02-03,733.6716918945312,736.8862352457415,718.3907250594965,735.628375401391,20237254
2021-02-04,735.6748657226562,739.8212303398263,719.0661472568776,729.5718178288212,24484684
2021-02-05,744.293701171875,753.9141839806551,721.1859458069237,721.1859458069237,27054716
2021-02-08,747.8577270507812,760.157033858061,743.4085273561383,754.7294924916777,17447580
2021-02-09,750.9324951171875,758.4565068510009,739.2155420064337,750.07062409712,18421366
2021-02-10,736.9094848632812,752.3301809012268,730.0377194757463,749.3019453067199,19788006
2021-02-11,732.5301513671875,744.3868921016784,728.7331985828974,737.0259277239086,13648618
2021-02-12,737.0026245117188,741.9177064770458,732.8329998671228,733.2523053924318,9910106
2021-02-15,753.1454467773438,757.0588701571608,743.8743760087222,745.4583874803633,10355244
2021-02-16,757.8275756835938,764.5129763820796,749.3484823473618,755.2884826208972,13897358
2021-02-17,739.1223754882812,755.5680457969456,737.4917872032456,754.7294347879077,12794426
2021-02-18,724.12109375,748.1838760972279,721.1860116520872,748.1838760972279,14720560
2021-02-19,717.0396118164062,728.7332490305126,714.1977404658691,719.7883294323337,17139508
2021-02-22,721.1859741210938,733.2523399717498,717.202656748423,719.8116437532008,29451838
2021-02-23,712.404052734375,725.7049605608184,709.375817264446,723.8647479080247,18239906
2021-02-24,748.416748046875,751.9108659969904,706.3941789149849,711.1694734468092,14314332
2021-02-25,748.3934326171875,762.3000096545275,746.3435388642035,749.9541271452258,20109570
2021-02-26,714.8499145507812,740.2405035257096,708.6070794654332,739.3786325217429,27912846
2021-03-01,726.2640991210938,732.6234053811512,717.7850051508801,728.6400880340791,13536018
2021-03-02,730.5966796875,739.5882318050076,722.5835260028767,734.0907973180748,16110038
2021-03-03,739.285400390625,743.5482352941176,729.1058823529412,737.9576470588236,11222410
2021-03-04,723.0728149414062,731.9012638353034,717.0396036284102,721.442226511474,16291438
2021-03-05,712.8001098632812,720.0678643152556,708.6537449089482,713.2659922880285,17445822
2021-03-08,707.9082641601562,724.4470883639638,704.6470875565886,718.3906175287667,15117050
2021-03-09,727.9412231445312,729.432024021368,716.6435753613281,719.7882814453125,15066696
2021-03-10,724.7965698242188,733.7648063462282,723.1194044980812,732.3671590960449,11055016
2021-03-12,723.026123046875,745.4117937253521,715.1527564719762,745.4117937253521,15631204
2021-03-15,712.171142578125,721.372319983862,705.9516239083291,721.372319983862,12230386
2021-03-16,704.4840087890625,717.6451852113574,703.4823503598336,713.2193028746565,13722366
2021-03-17,696.6572265625,716.9930044366868,694.2579208590815,710.1212391245092,21064428
2021-03-18,694.630615234375,709.0962856036157,690.0416852536216,704.2976744336461,18065540
2021-03-19,697.658935546875,704.0415020588046,686.73401536444,691.8354052000731,21235020
2021-03-22,684.4511108398438,696.4475821404212,680.3746400095504,696.4475821404212,14015632
2021-03-23,698.8934936523438,702.2944010496999,684.4278223858715,684.8471279199046,19761428
2021-03-24,688.9468383789062,701.8284397937207,685.3129333194655,694.5840034107844,16368900
2021-03-25,681.7490234375,696.7504713848288,675.6459751498256,694.2579549579342,23964356
2021-03-26,694.7704467773438,698.357718513874,686.7106584986326,696.0283065108258,12021258
2021-03-30,723.8413696289062,727.9644738383245,699.5456510700931,701.9216396323728,25607644
2021-03-31,695.865234375,721.1859305763878,693.2329875307913,721.1859305763878,30774506
2021-04-01,692.650634765625,698.5440583003154,682.5176929084517,698.5440583003154,35763762
2021-04-05,675.3430786132812,691.8353260425176,666.6776778227897,689.5059141703206,16006586
2021-04-06,670.9871215820312,681.4228986380695,667.4464267425923,680.1882989132204,15075734
2021-04-07,674.2250366210938,678.6509197498997,662.2751976696493,670.5446108839972,25088180
2021-04-08,667.5162353515625,680.6075176501199,666.444683228061,676.9270358129135,17613592
2021-04-09,662.3682861328125,667.5163092761001,659.2701568738823,664.3482862847833,28157816
2021-04-12,636.8845825195312,651.7695030321798,630.3389117959538,648.9742085231069,22549128
2021-04-13,652.3983154296875,655.2401862946923,634.0658569499969,637.3270332899308,18600682
2021-04-15,666.2584228515625,669.3332353820249,648.0424320032669,654.5647857401797,34444984
2021-04-16,665.5828857421875,673.2000514205108,663.1835800671953,668.517910667658,15606526
2021-04-19,658.0122680664062,660.481410495047,639.3303964800215,647.5764916470772,24069242
2021-04-20,648.228759765625,664.5346431878645,644.7579018863605,663.8823964768933,23186270
2021-04-22,662.7177124023438,664.7210294656783,638.748085728293,642.9177104500769,38485312
2021-04-23,658.8275146484375,668.3547856399512,652.3284219605015,656.4282092518963,22713528
2021-04-26,654.4716186523438,665.7459499907978,653.5165369836191,658.2918315864222,30170952
2021-04-27,670.2650146484375,671.8024493820121,654.4716461128326,655.6130352932292,20592906
2021-04-28,688.0151977539062,689.0401163552888,666.6777596378757,669.1236424038428,24103940
2021-04-29,686.0118408203125,700.524089098675,680.6541931670469,692.3944070156037,24078552
2021-04-30,657.9656982421875,677.299816724806,655.729440103264,673.2000290935819,35232902
2021-05-03,658.9673461914062,662.4382042371565,641.6598603108004,648.9741913343149,22473700
2021-05-04,646.8077392578125,662.9505738100507,644.4550675488944,656.8707864882977,21486328
2021-05-05,653.4465942382812,656.7077707955938,643.7096414287955,652.7011938278339,14421612
2021-05-06,652.6546630859375,657.2669102027188,649.9059455621662,655.776052406065,11477044
2021-05-07,659.1071166992188,663.8590943683245,657.010645926894,658.2685056421251,12048334
2021-05-10,661.4830932617188,666.2118108456489,658.1986565682562,664.8141636900286,11060050
2021-05-11,653.8892211914062,663.5096466065934,649.9292210583383,650.3717865603421,14519034
2021-05-12,652.0023803710938,656.2418985871353,647.0407217294511,652.1188509642291,13774926
2021-05-14,646.1090087890625,651.7229145764641,644.0125379445341,649.6031268632764,10604142
2021-05-17,670.9871215820312,672.0819338397616,643.5233770555826,649.975836873246,15120692
2021-05-18,687.968505859375,690.7871170805363,677.8588806961257,679.6990933972745,22165280
2021-05-19,679.3495483398438,688.9700292263135,676.7173588364041,684.9401359499494,10130916
2021-05-20,667.5162353515625,682.9369293356426,665.5129185538519,679.4194949423423,10684184
2021-05-21,697.5657348632812,699.7087825125944,672.2682979911269,672.2682979911269,19341646
2021-05-24,703.458984375,708.3507487213645,698.1246545740293,700.3375955878608,22146102
2021-05-25,689.0166015625,705.2293282736131,685.079918894367,703.7152108058085,19236974
2021-05-26,688.1316528320312,692.7671601737984,684.8471590151202,689.5059832261073,12283990
2021-05-27,690.7405395507812,693.6988813645199,681.3296811145242,686.2913399610924,20439496
2021-05-28,700.4308471679688,704.8800466813714,688.9235750364031,694.5840573735902,17750020
2021-05-31,706.2078247070312,707.9083068412123,693.0000700403444,698.8236000406835,15661054
2021-06-01,704.2743530273438,711.4023760066137,702.2011992377004,708.2809868888664,11030162
2021-06-02,700.6871948242188,703.575643224929,695.5624879471799,703.4824894844218,10624016
2021-06-03,708.3973999023438,710.4472366588116,693.116436724301,702.5505539104325,10287260
2021-06-04,699.2660522460938,708.4439681614565,698.4507581781768,706.2776039783398,9424476
2021-06-07,698.753662109375,705.3459090268713,696.9600263568028,703.4823795446339,8091668
2021-06-08,690.9268798828125,699.4292332375256,690.2047394524685,697.2162919534222,9872540
2021-06-09,689.6456909179688,699.7553155380998,685.8021613885485,691.3228560658164,10223442
2021-06-10,689.9951171875,693.6988593363984,686.5475762237011,690.484259561094,11483540
2021-06-11,692.4642333984375,697.2162675857256,689.9950910162944,694.6305977433478,7205974
2021-06-14,689.2496948242188,692.3012472963337,681.3763277503531,688.690658691659,8881964
2021-06-15,694.28125,696.9600738131186,687.0833896329151,692.3012497903037,7569602
2021-06-16,691.64892578125,696.0282312475173,688.620690504738,693.2329371461217,7702098
2021-06-17,683.0300903320312,688.923513333274,680.1882194194961,682.983513471905,9283802
2021-06-18,689.4127197265625,694.1646969170276,677.8588147746814,684.614108805082,11938060
2021-06-21,693.5590209960938,695.0033017551335,679.722338162738,680.8171502942656,7260472
2021-06-22,691.2763061523438,702.5506371300067,689.5059303397944,697.4259308909948,14366824
2021-06-23,692.068359375,697.798736091737,688.8537591892796,694.1648303391114,7844868
2021-06-24,701.7353515625,705.089682030104,693.2329979253112,694.1647627074689,14785024
2021-06-25,705.8583984375,709.0729983058726,702.0847624487187,703.9948688755924,10383176
2021-06-28,702.7136840820312,709.5388723967646,701.152989466271,708.1412252416824,9356786
2021-06-29,702.8073120117188,705.6848435152247,698.1751031497531,705.1233878844295,10971692
2021-06-30,700.8655395507812,706.0592041820919,699.0875014782571,700.912318001838,9679022
2021-07-01,695.6484985351562,702.7839548006085,693.8938781420122,702.7839548006085,16911442
2021-07-02,692.67724609375,696.8181381606023,691.0863790923012,694.8295686879264,14827036
2021-07-05,699.7191162109375,703.9536224628647,694.619065869047,697.1456732574342,7373882
2021-07-06,718.0841674804688,720.5640536285356,699.9765092391489,700.4444079752712,17669032
2021-07-07,720.3301391601562,723.0673354757794,714.8089109597926,717.7566959868007,9629190
2021-07-08,711.4166259765625,719.4878793503663,708.1413347524103,713.5455881188799,8420922
2021-07-09,702.7838745117188,709.3344565644245,700.6783302804919,707.7202288337677,10695842
2021-07-12,695.7653198242188,702.7837998493454,694.3616238191935,702.7837998493454,14458978
2021-07-13,702.7136840820312,704.7022536501623,694.408481768072,700.0232664310304,18178142
2021-07-14,701.4503173828125,705.2870637113084,697.6837101630698,700.6782731376837,9788494
2021-07-15,711.5335693359375,714.3643794730821,701.6843354297325,704.187582188956,10438802
2021-07-16,712.3056640625,715.8616832062033,710.6446577386265,714.9258856885684,5170628
2021-07-19,688.279052734375,696.6310338952321,685.93955901332,695.765432641751,25111600
2021-07-20,675.248046875,680.3247365462768,671.9727558462353,674.7099519255372,24174250
2021-07-22,677.8449096679688,687.109327947589,676.1137071053906,681.3073719096726,13207114
2021-07-23,675.0609130859375,681.9390017779525,671.5750902888267,679.1550270970288,13126684
2021-07-26,671.2241821289062,675.6458025189941,668.2062008878924,669.0952199460952,13167166
2021-07-27,673.6572265625,678.4064103071216,671.9493846985216,671.9493846985216,22401430
2021-07-28,663.1528930664062,673.1658801980516,656.9298171089981,671.4580955262957,20670342
2021-07-29,663.5973510742188,669.0717431809376,661.281275286732,668.2763382138219,13702230
2021-07-30,667.43408203125,669.9139680037051,658.7779560259637,663.9482595406024,11655488
2021-08-02,665.6561279296875,671.4346657200673,662.6615646871396,671.4346657200673,13258786
2021-08-03,671.2943115234375,673.7274192851925,659.7372352838776,659.7372352838776,12033120
2021-08-04,685.6119995117188,689.9166447776518,673.7741393555907,674.2420380634766,22053948
2021-08-05,694.7593994140625,705.1467852148428,681.915602462393,686.4541971765548,18822408
2021-08-06,698.4089965820312,701.8480405574549,689.6826745211256,694.151129892624,13339270
2021-08-09,703.6729125976562,705.2871403721247,690.6185265864331,698.1049062784269,10998048
2021-08-10,705.427490234375,711.089053111212,696.7011680096034,696.7011680096034,14838346
2021-08-11,699.4851684570312,710.6679592857763,697.660409142684,708.8197821888172,12585786
2021-08-12,702.5030517578125,705.4040005710319,696.8414894578962,700.4442862533334,8597674
2021-08-13,714.1069946289062,716.3529313032537,702.3159698799373,702.4095267761425,16658428
2021-08-16,716.1657104492188,718.2244760710362,711.8844260903736,714.0835841632503,6252778
2021-08-17,708.702880859375,713.0777229198583,704.3280387988917,709.895988448662,8282666
2021-08-18,707.9307250976562,732.4252103424661,705.7549847439424,728.3778752099084,22985932
2021-08-20,708.7496337890625,711.1125453306043,695.3209624684945,695.3209624684945,13150406
2021-08-23,713.3583984375,717.3589554598426,705.8954364767717,715.8148667910151,10843054
2021-08-24,729.3838500976562,732.0274890781974,714.691820037688,715.8849845251787,18381314
2021-08-25,728.7054443359375,732.1679061275219,724.3071851475217,726.2255583877181,7727974
2021-08-26,727.489013671875,735.0689507245156,722.1783170615628,725.2430767810307,11119002
2021-08-27,724.5177612304688,729.2903625174678,723.0205081501615,726.1788245585184,6382138
2021-08-30,733.7821655273438,734.6009882849862,725.9916404384651,727.8632353130765,9049166
2021-08-31,739.9349975585938,740.8473771547274,730.9513084677536,731.5595996095356,12062576
2021-09-01,738.8588256835938,747.7021225361466,736.7065030870856,736.9404524370657,12422558
2021-09-02,743.4910888671875,744.8947850702093,735.1858863326421,736.5193863022039,9618524
2021-09-03,737.4317626953125,747.7021162261457,733.8055478012244,742.1341103203025,10735334
2021-09-06,732.5889892578125,739.724444603404,730.8343690908638,739.2565458922177,7876896
2021-09-07,734.2501220703125,740.2158312029533,727.6761217089012,731.0918054706792,7245496
2021-09-08,737.5955810546875,739.5139544547029,732.5422518441904,735.5133974033473,6724080
2021-09-09,733.9458618164062,739.0225510973258,730.3898432533427,736.4725261247671,8250948
2021-09-13,727.8399047851562,741.1516010354179,726.950885759595,730.8578287988149,8959164
2021-09-14,724.5645751953125,732.0275368244709,723.6521384346185,729.9219926150045,9758506
2021-09-15,723.7457885742188,727.4889784667846,718.2245606360663,718.2245606360663,14822998
2021-09-16,729.8986206054688,731.9340258288291,718.8328610372279,719.5112913673174,10260550
2021-09-17,740.2859497070312,743.4910444223593,729.5476401259087,734.133070294954,20498102
2021-09-20,729.8517456054688,740.0753203546,728.9861444695539,731.7935365535188,8781610
2021-09-21,726.1553344726562,733.9692767081914,715.393664819418,730.8577390590561,14774996
2021-09-22,717.6162109375,725.3131787966195,715.8850085999203,724.7750838701154,10582202
2021-09-23,734.6010131835938,735.5368106526174,721.4998486172622,721.4998486172622,13664304
2021-09-24,749.3632202148438,752.3577263390091,736.940486313232,738.812081199107,20806702
2021-09-27,760.3822021484375,765.248360283423,752.3811454208159,755.9839427357285,16415462
2021-09-28,755.6798706054688,763.6107312729913,740.215794653108,763.6107312729913,12773790
2021-09-29,745.7603759765625,751.7260847567792,741.6896798907969,747.2342683926307,16263036
2021-09-30,746.2750244140625,751.6090811295566,740.7304361257566,742.0873538076034,15975348
2021-10-01,740.5432739257812,743.4910586790553,732.3784641896735,740.6836663870009,11128596
2021-10-04,741.9703979492188,749.2696065845623,740.9644042742369,743.4910687947713,7051028
2021-10-05,746.5089111328125,747.4681262541196,737.5252795042604,744.8946835659208,10257178
2021-10-06,755.609619140625,761.2009857374555,742.5552340376382,746.7663223214056,18600830
2021-10-07,753.5509033203125,761.5987386153337,751.9132577682348,761.084061436561,11265724
2021-10-08,749.8778686523438,758.9316971425425,748.7081218934927,754.2527101071383,7245562
2021-10-11,764.4530639648438,769.693507552624,748.1701632684777,748.5912836016953,13080848
2021-10-12,762.48779296875,768.0792173113862,760.3354701381298,760.3354701381298,8176946
2021-10-13,767.0731811523438,771.0970987638464,762.6749217142412,765.9502127890877,6225644
2021-10-14,789.5322875976562,790.7488128094394,766.4180801076105,766.4180801076105,14757288
2021-10-18,781.53125,807.125286978139,780.0105791694615,797.7673126363635,28856456
2021-10-19,790.1405029296875,791.8951230348935,781.8587188797318,783.9408452246269,8987540
2021-10-20,783.1922607421875,794.8429502889365,778.7940013526002,790.327716219395,10908568
2021-10-21,784.3386840820312,786.9822662811649,777.109614248012,782.2331397429754,9738190
2021-10-22,786.4207763671875,799.1710165314034,781.7417891509615,786.1166307748242,12175554
2021-10-25,775.3081665039062,790.7488240142435,755.0949649733542,790.7488240142435,16426766
2021-10-26,773.319580078125,783.1922312714548,770.3250169606707,772.0328586470465,12090656
2021-10-27,768.6640014648438,779.0747474620774,766.0905586340668,773.3195706484513,13249642
2021-10-28,745.6433715820312,772.0328702050767,742.6254477542099,772.0328702050767,17797750
2021-10-29,740.613525390625,749.5737978809885,729.9220503710001,743.9590128781347,12406874
2021-11-01,751.1178588867188,753.7848588180418,740.9410614445757,741.6194917607675,8122320
2021-11-02,751.7962646484375,758.9317200932103,748.6613660865314,751.44534061017,13237722
2021-11-03,739.9584350585938,753.2701884011461,737.197878202498,751.0242516160887,10207338
2021-11-04,745.8072509765625,747.6320676747624,744.0058520644047,746.2985675510379,1096808
2021-11-08,748.7550048828125,750.8371315576605,734.8115987238931,744.9416184932194,18943580
2021-11-09,735.65380859375,746.1113342173927,734.1565554425947,746.1113342173927,12695476
2021-11-10,727.6994018554688,734.1330085267516,725.2429338537062,733.6651098597492,13714126
2021-11-11,724.4476318359375,727.5357520533504,718.5052836512886,725.2664546194623,7999404
2021-11-12,726.6466674804688,729.4774774090271,722.9268957318046,725.2429714067782,14914092
2021-11-15,728.63525390625,735.4665635341739,727.3017540284615,730.9045511883169,9533594
2021-11-16,724.3072509765625,728.6118965466009,721.3126876112315,727.582542163149,8245406
2021-11-17,716.2593994140625,722.4356398093381,715.1832094874179,719.1135702464771,7598878
2021-11-18,720.2833862304688,722.2017597861827,713.6626071356496,714.0369490025669,9152874
2021-11-22,709.0303344726562,726.5063407477103,701.4036193856,723.3714420794946,15261272
2021-11-23,709.1239624023438,714.8557220008774,700.1402722718575,702.7839115916332,11235214
2021-11-24,710.293701171875,718.8562137965511,708.422106222235,713.0776758128465,30802286
2021-11-25,713.989990234375,717.4290913331872,705.123332817624,708.7729654824068,10251652
2021-11-26,697.122314453125,704.9829786803473,694.8295993014816,701.8480801025066,18624936
2021-11-29,702.4329223632812,705.4274854622762,684.0678984147324,699.4149985992442,12990996
2021-11-30,698.8302001953125,715.4171880192514,695.554908948658,699.5086305355009,25221542
2021-12-01,704.0237426757812,705.1467109030004,696.7478955371545,699.5085091034117,8677634
2021-12-02,713.896484375,715.3235983422754,701.8480921268228,703.9536364032033,11203110
2021-12-03,708.1881103515625,718.6689956881011,705.146768758102,713.9198695084689,8124694
2021-12-06,703.6260986328125,710.6445792398034,700.6081177018816,707.9307438918171,7029532
2021-12-07,713.8731079101562,716.820892914321,706.4803418484618,708.3752975369557,12427534
2021-12-08,727.0211181640625,727.6059916156952,717.7566998435823,718.6924973661944,15295534
2021-12-09,714.4110717773438,727.4420382936756,712.1417746546098,722.9970009354504,11747744
2021-12-10,712.3992309570312,714.9492561772763,705.8018132009037,713.4987815442046,7779384
2021-12-13,707.0651245117188,719.4644399316592,705.216890396181,714.0134087105283,10322142
2021-12-14,702.994384765625,709.3344350495244,700.4677774580217,703.0178025474343,9191100
2021-12-15,701.8480224609375,712.7734452539385,699.8126746191084,703.2517185058593,10115148
2021-12-16,701.8948974609375,709.8023976917555,699.0407265336075,707.8372458051468,13210432
2021-12-17,689.2382202148438,704.6554599209462,686.7349164136573,700.4443715150442,14994768
2021-12-20,667.0598754882812,682.1963888799697,661.6556219890123,679.3889963331386,21156668
2021-12-21,674.6163940429688,678.8040647198691,669.0951663273568,673.5402041456153,9118750
2021-12-22,676.207275390625,681.2606049221063,671.7622371030151,679.5294023303934,8577484
2021-12-23,675.6925659179688,682.1028129914248,672.3003000182912,679.9738508560433,9779166
2021-12-24,673.2594604492188,679.3889220832733,668.1593531232193,676.3475804899253,5561024
2021-12-27,678.8275146484375,680.3247677693998,665.4222043278841,668.5805208219992,4705098
2021-12-28,683.5065307617188,686.3607017715158,680.0440685179192,683.459695192528,5450678
2021-12-29,680.2544555664062,683.5999424094448,677.2365320553607,681.2838668885527,7668702
2021-12-30,683.833984375,686.3372311223421,676.1136554374787,682.4302882045415,7215918
2021-12-31,692.2094116210938,694.7360762558859,683.8340127004611,683.8340127004611,6325736
2022-01-03,711.042236328125,712.6096854736531,692.7239916899169,694.8295357376066,9069184
2022-01-04,715.2066650390625,717.242013200678,705.4977658695926,711.2061078358669,8857352
2022-01-05,732.1913452148438,735.5368326901471,714.9960662063432,719.0668195884875,14332638
2022-01-06,720.4471435546875,727.465625225946,715.9085482538937,721.9678145834602,9628930
2022-01-07,725.5004272460938,733.0803641242641,718.6456991580834,722.4356675971685,11179384
2022-01-10,729.5243530273438,735.5368405872058,723.1375236180195,728.986258037447,8856496
2022-01-11,732.6826171875,733.992699333782,724.2136617774655,730.6472691784858,8389198
2022-01-12,728.3544921875,737.7124657944661,726.1787519005727,733.6651307861456,21085530
2022-01-13,714.9492797851562,727.5825458546584,711.3932607592723,727.5825458546584,41963896
2022-01-14,722.9736938476562,724.634699976791,710.7381313157847,715.8850170593487,11208968
2022-01-17,711.9078979492188,728.0504036864833,710.8083473875251,715.8850370439071,22989372
2022-01-18,715.5341186523438,725.664137379117,712.6097516478794,717.2887388550224,12341152
2022-01-19,710.4807739257812,720.4470393034343,708.0945019261654,717.7566217187649,14317626
2022-01-20,706.0591430664062,715.183167778,701.894833184986,715.1597499962256,15197846
2022-01-21,711.9546508789062,715.7914544908904,695.1102976698634,701.8480503767886,11537694
2022-01-24,695.6016235351562,711.790907358927,686.6647696631117,706.5036291281489,11868508
2022-01-25,696.256591796875,699.5084644875114,675.645633926399,682.5003604030447,13594248
2022-01-27,690.127197265625,694.8296022690124,671.4346661656787,678.4531469966787,28617838
2022-01-28,684.6527709960938,695.6249726359689,683.1321002250448,691.3203274537698,24925208
2022-01-31,695.1571655273438,697.8944189691098,686.3139246484154,689.0978994263672,12842546
2022-02-01,700.4443359375,709.8023096975201,689.4252989884608,705.8251708495114,14739484
2022-02-02,716.4464721679688,718.2245100884196,704.468276778076,707.439422122886,13969290
2022-02-03,709.0303344726562,720.5406318948554,706.0591889378767,715.3001889256323,10564762
2022-02-04,713.0776977539062,717.218590284089,708.4454886877073,715.1364636851665,11579958
2022-02-07,686.945556640625,710.7381964956596,683.1321704303245,707.5096837189468,12268042
2022-02-08,683.9977416992188,691.7648491334083,675.9031280031979,690.8056910143061,13981130
2022-02-09,700.72509765625,701.7076735253208,686.4074085334615,689.6826995080589,11308342
2022-02-10,713.59228515625,718.4584429859755,702.6200836537802,708.398621088093,14314530
2022-02-11,710.66796875,713.5455573389709,701.614139822811,701.965063867404,10711104
2022-02-14,689.5423583984375,701.5907510950923,687.4836496114692,697.1691307967247,14656620
2022-02-15,710.1766967773438,713.4987662506672,689.238229154205,690.6185075252026,13135066
2022-02-16,709.217529296875,718.1076055341441,705.1234152402379,717.9204346111028,10032264
2022-02-17,704.889404296875,712.1418342780244,702.7838601087993,707.9775243494109,7351208
2022-02-18,707.6266479492188,709.8023885133234,697.3796541208723,701.0527049227635,7796128
2022-02-21,712.1885986328125,716.2125160226459,699.7659224389105,703.7196436005554,7468066
2022-02-22,706.8545532226562,712.1886099012698,696.209857647376,697.0755159478297,9536196
2022-02-23,702.2692260742188,713.873080486644,699.8127577039627,713.592352667638,9029562
2022-02-24,664.135498046875,690.127239373635,658.4037383518357,678.4064099406461,23630766
2022-02-25,681.3073120117188,685.8927422957805,670.4286668157401,673.7507362909885,18318654
2022-02-28,667.340576171875,673.0957535053741,661.6322344054892,667.2236014871822,24880832
2022-03-02,643.0098266601562,654.3095923595013,633.7220483369093,648.7415860755369,38505560
2022-03-03,641.4890747070312,651.3149467484956,637.6991069143452,646.1680613934428,17527922
2022-03-04,639.3836059570312,648.5076310694807,625.5338151583654,636.3422642528815,21219364
2022-03-07,619.8722534179688,623.4048545200336,606.8880638056838,616.9244686053191,27054458
2022-03-08,621.2760009765625,624.1769504634315,604.5252023978661,609.2977469385984,39212492
2022-03-09,641.5593872070312,643.2203935118266,617.0882595553301,622.3053420795318,23134694
2022-03-10,651.6425170898438,667.6914658500247,645.8172009386801,667.6914658500247,22273206
2022-03-11,653.5609130859375,659.2458364766177,642.2845089628895,649.4433817670237,15150780
2022-03-14,674.96728515625,678.4531075865442,662.0766532654897,662.0766532654897,25018126
2022-03-15,666.2877197265625,678.2191360559357,660.5559609016676,675.4117439784361,18867928
2022-03-16,677.5875244140625,680.7926191358266,671.996100591785,677.0494294773479,13364108
2022-03-17,692.5135498046875,697.075562498746,688.0685117950921,688.7469421183597,14823954
2022-03-21,695.5314331054688,698.8769203085982,689.1212436187219,695.765382460701,12257876
2022-03-22,699.1109619140625,700.9123607637435,681.822068011142,693.0984741145326,10461814
2022-03-23,692.1392211914062,710.6446394736307,689.4955818487248,705.123411414872,31188256
2022-03-24,675.0140991210938,687.6473645478017,671.22413091639,685.93952279829,20160044
2022-03-25,669.5162353515625,679.3888861163086,663.9482296136653,678.9209874344103,16366462
2022-03-28,670.4052734375,672.8383238063171,655.8067998749772,669.5162544931684,15754886
2022-03-29,679.29541015625,683.2491316427125,669.0951948290217,674.2420809430911,12377448
2022-03-30,691.0630493164062,693.7768849654531,680.3482134276455,688.746973305781,20109742
2022-03-31,687.974853515625,694.6891885485168,685.8927271127579,688.2789990989702,14295714
2022-04-01,704.6554565429688,706.5270513810643,687.9514954595828,690.8056661643701,14568556
2022-04-04,775.2146606445312,805.7684143080922,731.1152040942818,739.2800143171792,97450970
2022-04-05,752.498046875,779.8467016841248,749.5736801453443,779.8467016841248,30922582
2022-04-06,725.6406860351562,743.8653746340015,724.0030405883982,742.8827416727144,27027860
2022-04-07,709.6853637695312,721.1956605372436,708.2582498667109,721.1722998718208,40781732
2022-04-08,708.702880859375,713.8965457644185,700.5848486523307,707.5097161535391,41256322
2022-04-11,700.0466918945312,706.5270778408221,698.6897741627865,704.6554829326345,20799066
2022-04-12,698.806640625,705.0530762404234,692.5602050095766,694.3616034064279,27435402
2022-04-13,685.4482421875,702.9243059694253,684.3721093462098,697.1691285715119,28892520
2022-04-18,652.9292602539062,669.8672285581865,650.4026528038955,663.8781019646151,45620376
2022-04-19,628.013671875,650.1687231151512,620.901633806875,646.1213875528598,74096022
2022-04-20,633.6753540039062,636.2955758040182,624.8086376654303,633.7454931291495,49325736
2022-04-21,643.0565795898438,645.6066618250044,633.2073460307391,638.6817380819679,52446270
2022-04-22,634.283447265625,643.5244463133578,631.2655235877911,636.3422129071619,20659148
2022-04-25,639.0325927734375,641.325307623133,618.6790011310106,631.6631889029036,20935488
2022-04-26,641.9804077148438,646.6125589606428,635.0087059489563,641.956989934193,17016842
2022-04-27,642.2144165039062,645.2323404272349,634.5174482238076,636.3422646708045,18054334
2022-04-28,641.65283203125,645.2322682931671,637.3247693178985,641.9569775911713,20773722
2022-04-29,647.8526000976562,657.2807713665148,641.7465556586802,645.8640304031856,28401476
2022-05-02,656.7893676757812,658.0760890720459,637.3014329492237,637.3014329492237,19494316
2022-05-04,634.4706420898438,656.7426089581849,631.6632498682072,655.0581850485112,29055916
2022-05-05,633.0435180664062,643.360707162427,630.0255943230603,643.360707162427,17862912
2022-05-06,616.5033569335938,624.6448062814701,614.3510341929365,622.3053126249852,26731268
2022-05-09,617.55615234375,620.6676904474025,606.162829230765,608.2683736009221,32762434
2022-05-10,627.4755249023438,633.066891078932,615.3101596635764,615.3101596635764,20113812
2022-05-11,631.0081787109375,634.002741829974,621.6736224435258,633.0669444250589,17102924
2022-05-12,616.7843627929688,628.0261632360961,612.0272830721492,625.3280964613642,22382290
2022-05-13,611.2462768554688,623.8607721581939,609.1872638600877,620.0977504004504,16768238
2022-05-16,617.7547607421875,621.0208116277611,608.382682552167,614.8674041954738,9804356
2022-05-17,621.9674072265625,623.3874241380387,614.4886283805336,621.3047211117464,16641444
2022-05-18,621.920166015625,631.1029547972003,620.0741322337622,626.7245687489848,15732384
2022-05-19,609.2109375,613.636645262878,605.0692215597546,608.8085531555822,20537506
2022-05-20,625.2571411132812,626.7954928932373,611.7196570057959,616.7607290100877,13919350
2022-05-23,617.2340087890625,629.5171317872963,614.9146363103386,621.9673984270154,19486320
2022-05-24,624.3104858398438,627.1742100621962,613.8733949747416,615.3407344006453,12870796
2022-05-25,628.9728393554688,632.3571667282956,626.3220949288518,629.5408230008094,12887112
2022-05-26,646.912353515625,648.9477342187919,634.2742260052379,635.2919163568214,26992428
2022-05-27,658.9114990234375,660.1658009984677,648.8293564205711,649.3263854232065,24031718
2022-05-30,663.4082641601562,672.3780146327596,661.9408671117387,667.5262901343535,12624674
2022-05-31,657.4441528320312,664.9466218858126,653.2077920753914,660.7338934097787,13485388
2022-06-01,660.2368774414062,662.887564224445,652.8054784242131,653.2078050088518,12091896
2022-06-02,655.621826171875,656.9945208046117,652.5451227243029,656.6395165606611,11475020
2022-06-03,653.349853515625,663.0296130823147,651.4564974904033,661.8699556291225,6957244
2022-06-06,652.4740600585938,656.521131240136,644.0486613195667,651.4564275288357,6173266
2022-06-07,644.9717407226562,650.5098419561832,640.9483590300321,644.6877488651877,10253966
2022-06-08,647.2437133789062,653.6811117575384,642.3209765785515,650.036424833201,5986588
2022-06-09,652.119140625,654.178211573515,642.3920584937911,644.8060759244232,7311816
2022-06-10,639.5283203125,647.5040710182226,635.9782777627149,643.7883713722422,9155430
2022-06-13,627.9315185546875,629.5408827433928,619.2694493477306,626.511501525943,10892572
2022-06-14,621.020751953125,627.6474977818931,617.707379038741,620.6657477122982,11870356
2022-06-15,618.8670043945312,622.8194309622124,614.5833214454613,616.1216730760376,11810470
2022-06-16,606.4892578125,625.0678127660508,604.9272160672077,620.0740634178733,12169192
2022-06-17,610.4889526367188,614.8673382245379,601.8978385488166,603.5072026453316,14723922
2022-06-20,625.8251342773438,627.174138793338,612.5716430424657,617.5653345357969,15936840
2022-06-21,632.6412353515625,640.9009774209887,626.7244981154012,632.8068924380476,13220684
2022-06-22,629.6591186523438,632.8304664064475,626.3220560463876,630.6057965228979,8159698
2022-06-23,631.978515625,638.0609096242678,624.0974104893153,629.7774779340417,15372244
2022-06-24,640.806396484375,644.5220962821917,633.5879763381755,633.5879763381755,8013432
2022-06-27,641.9660034179688,651.3144484447005,639.9543127160139,648.4744145125288,9804164
2022-06-28,637.0669555664062,639.48097284931,633.5169131560658,636.1675999329924,9770574
2022-06-29,636.1438598632812,639.362587841217,630.1324782999224,630.1324782999224,9994046
2022-06-30,638.0609741210938,640.9010081305348,632.3809061022116,632.3809061022116,12475822
2022-07-01,640.7826538085938,643.7410224780701,629.5645429261943,636.1439086225995,11472452
2022-07-04,641.6820068359375,643.8356645501927,635.3392528781949,640.7589611464242,8487480
2022-07-05,640.2384033203125,652.9002232212032,638.203080023324,645.6344801799991,14325718
2022-07-06,649.066162109375,650.0838526070064,637.6350126754401,638.0610293698724,15049078
2022-07-07,660.6865844726562,661.7279071370114,650.5807508251304,653.2078053283803,17743142
2022-07-08,661.3018798828125,667.4079643038475,660.1895448317669,667.4079643038475,12474030
2022-07-11,665.5856323242188,667.3606535366644,659.4795477972783,659.8345520397675,7462880
2022-07-12,658.7932739257812,665.1596606593656,657.6572487168633,665.1596606593656,9876974
2022-07-13,642.7233276367188,659.9291881427924,641.0193188510601,657.9411875229638,15945610
2022-07-14,639.504638671875,649.728748870004,638.6526054134325,644.6876772822643,10372410
2022-07-15,644.7113647460938,646.0603692493304,637.4929454810771,640.4276239716492,13595646
2022-07-18,637.8480224609375,646.628426654129,635.2446578389066,638.0610019086649,20332220
2022-07-19,638.0846557617188,643.0547152126437,632.8542367511087,632.8542367511087,15792538
2022-07-20,646.1314086914062,648.9950749004665,641.492663496681,643.6937013470418,20347862
2022-07-21,644.0960083007812,648.2377243196178,642.8416484646634,644.0013636183196,12640278
2022-07-22,659.12451171875,661.2545370708034,644.8770203644754,646.581029089991,12729592
2022-07-25,661.065185546875,664.8518972587639,654.7698119942409,660.3078547606243,10143126
2022-07-26,659.7162475585938,663.6212944051289,656.189895033676,660.7812603349215,8527964
2022-07-27,664.7572631835938,665.5145939819267,655.219471350983,657.4205091247603,9212778
2022-07-28,670.6502685546875,674.034653546811,667.8812472995437,669.7982931272916,17420406
2022-07-29,678.8627319335938,680.9454349708267,669.916671568808,680.6614431431668,20019736
2022-08-01,684.5192260742188,685.6078711371147,676.898479511382,681.1348405708483,13193036
2022-08-02,676.9931640625,683.7855677514658,673.5851460761737,682.5548977997728,15036510
2022-08-03,678.5787353515625,679.5964256924633,670.7213200112976,674.4843417078575,10975498
2022-08-04,677.774169921875,684.779552911016,668.8043606176687,681.6082045161496,12012206
2022-08-05,675.4783935546875,680.164403086726,672.6856821032446,678.2947372860145,9268982
2022-08-08,692.0452880859375,693.2049454902074,675.5020558450844,675.9280724889151,15357736
2022-08-10,694.0570068359375,696.5183465521361,685.8919089915445,691.7139440904666,17353102
2022-08-11,703.2396850585938,705.7484047134244,697.9620017642866,703.6183793470861,18301766
2022-08-12,702.9793701171875,704.9437383632303,698.624617003692,702.9083577168467,8850370
2022-08-16,711.0261840820312,714.0318751491698,704.3521157975206,707.5471540191029,12563756
2022-08-17,714.6945190429688,716.0435235450822,703.2633714143817,710.0084517055847,12384350
2022-08-18,715.5465698242188,716.5879503313682,709.8428693302802,710.008526430319,8342138
2022-08-19,706.7188110351562,715.6885618964038,705.2751039852128,714.7418839044774,8063702
2022-08-22,695.9739990234375,704.494101169479,694.7196390958088,702.8137823590608,8234066
2022-08-23,693.8203125,698.6246570090722,686.5308805205054,687.903575143371,14966884
2022-08-24,697.1572875976562,698.4116474192263,690.6961991270781,691.9742490093071,13455520
2022-08-25,693.3706665039062,703.7604928802608,689.654966674725,700.4944420172992,11823040
2022-08-26,693.4889526367188,701.3937485514476,691.642918993121,696.778693332773,7706176
2022-08-29,681.3240966796875,684.4481221958239,676.2120129037309,680.1880716427379,8653178
2022-08-30,703.4291381835938,705.2514819376713,683.075559394274,684.6612336275455,10135400
2022-09-01,696.8260498046875,705.01478018178,690.601630135956,693.3233295007825,22403136
2022-09-02,703.1450805664062,705.5117755531663,693.5362758079048,696.8260165078848,12038086
2022-09-05,707.6654663085938,709.5351321703702,702.482369800808,703.4290477623429,12131932
2022-09-06,704.9674682617188,713.1562565405578,703.594773527377,709.48787908154,12238696
2022-09-07,701.63037109375,705.2750580128373,696.4236424775478,696.4236424775478,9776206
2022-09-08,708.8724975585938,710.0085227511238,701.5594328865137,705.3224549448381,11164690
2022-09-09,709.3458251953125,714.2685624302175,707.1921673792319,708.2098000210051,15128888
2022-09-12,706.9555053710938,711.901874940438,705.2751287641307,710.0085188900646,11080492
2022-09-13,716.209228515625,717.5346008263482,709.3221807419732,709.4878378356536,13001966
2022-09-14,723.5696411132812,728.4213656433966,706.3874130797399,707.1921240116534,20219760
2022-09-15,719.8065795898438,729.3916941454547,715.6885534856144,724.2086553128241,13539372
2022-09-16,706.5767211914062,716.9664880842785,701.9616664055304,711.4757677925938,20560046
2022-09-19,711.2391357421875,716.6352116395905,700.5416864112245,704.8017372069685,12076038
2022-09-20,719.8065795898438,721.3686213704209,714.694553161901,716.6352314664156,10781668
2022-09-21,718.6942138671875,720.1852431794865,712.3751501709676,713.7951670816074,9072304
2022-09-22,703.3817138671875,714.812861621089,701.8433622049612,710.955137435071,12048144
2022-09-23,684.5192260742188,698.1750450604594,680.1881625436476,696.9206851182904,15806252
2022-09-26,675.2891235351562,679.9278112565614,671.1947294615087,674.6737596977232,8923486
2022-09-27,669.2302856445312,681.6081111638067,665.9879252829694,678.0107465776804,12639700
2022-09-28,657.728271484375,667.6920233859096,656.0005724707542,665.5146754065687,11816132
2022-09-29,654.320068359375,663.7158347077755,652.6397498004962,660.923181202472,14410388
2022-09-30,672.7803344726562,677.561046520772,646.1076950288735,652.6397959370244,15781756
2022-10-03,668.9226684570312,671.1237064183372,663.1952779695787,667.3843166684661,11541112
2022-10-04,687.7615966796875,690.1282917818199,675.0524555373647,676.638129699665,11538526
2022-10-06,680.1880493164062,692.3055144913168,678.8626771866964,691.0511547579542,12549198
2022-10-07,677.25341796875,679.2177284598232,672.3069910888432,676.9930584243101,13297994
2022-10-10,669.774658203125,674.9813869948101,661.8225402090238,666.4612853356891,13109302
2022-10-11,662.9822387695312,670.721319359864,662.4141973381068,663.195218193418,14521620
2022-10-12,667.3133544921875,669.7036818066864,661.3966169107936,664.1892708246992,9225050
2022-10-13,659.645263671875,665.6330139849169,655.1012205192,663.6450131620727,14714234
2022-10-14,681.1348266601562,684.9215386916234,669.8930253167381,670.7213685736215,12849920
2022-10-17,684.7085571289062,689.9389184377674,675.4547565184473,679.2414685381723,18410500
2022-10-18,683.4304809570312,692.4476117206183,681.6081374235195,690.1519292027847,10561108
2022-10-19,690.4358520507812,699.3109571200404,687.9508226313887,692.9682038077501,12967040
2022-10-20,685.7735595703125,687.7142378951055,682.7915007873737,683.5015092803935,7898078
2022-10-21,680.9454345703125,689.9625651125049,678.768086852019,687.2881883606218,10492606
2022-10-24,691.5719604492188,692.4949483754677,688.3769222390107,688.3769222390107,2167794
2022-10-25,686.7675170898438,694.7669571686256,683.9748056352751,691.5955514291327,13773394
2022-10-27,688.4241943359375,694.5539107499477,686.9331650572058,693.204906271337,15937276
2022-10-28,690.4595947265625,694.3883316443048,685.110898551334,686.3415684282495,10474278
2022-10-31,708.4464111328125,709.061774904196,694.5066016209489,696.7549617216131,12830528
2022-11-01,716.2802124023438,723.7353013468916,709.4878095867721,711.6651573414332,19073756
2022-11-02,716.7298583984375,723.3802941610854,715.4991886100082,718.0552306509842,12720406
2022-11-03,713.5822143554688,719.5935963898347,708.5884649206265,708.9197790999174,10332352
2022-11-04,708.6594848632812,717.6292356675809,705.0857523541924,711.5231511022943,10818060
2022-11-07,714.1739501953125,715.6886119761264,706.2691537412114,714.7419339179569,9835834
2022-11-09,713.9608154296875,718.504857932011,711.9018024905791,717.1322211596956,9269790
2022-11-10,721.7236328125,722.7886455515248,707.6654877696277,708.6357980412447,12774182
2022-11-11,762.6200561523438,774.8558563783679,727.9953006169394,731.3086732465354,56722338
2022-11-14,764.4661254882812,770.5958420285266,756.3956729493768,763.0224185196467,19195390
2022-11-15,766.3358154296875,768.3001837702703,759.8274043968535,768.3001837702703,11030202
2022-11-16,772.915283203125,777.2226566503574,763.022486309608,766.170202291269,13578150
2022-11-17,765.9335327148438,772.2762870225876,763.9218419167568,765.9098426520217,12100930
2022-11-18,763.9218139648438,768.2291872540715,759.8274201106582,767.2825092660813,10459232
2022-11-21,756.0880737304688,763.0225019450933,752.7036881737774,760.9634887596205,8344816
2022-11-22,754.9757080078125,759.4014161193165,753.0823520002695,757.3424030172414,8546314
2022-11-23,756.9401245117188,759.7091462925441,754.5024169410065,759.7091462925441,10185738
2022-11-24,769.2468872070312,772.4892478000642,756.9400732102165,760.1587437409996,17197960
2022-11-25,765.6968383789062,772.3472166038309,764.0164618309748,771.400538611901,8410496
2022-11-28,757.460693359375,760.8687108608916,754.5260148319932,758.7150531969597,16105980
2022-11-29,756.32470703125,763.188122507995,753.958012039269,756.0407151883402,12638236
2022-11-30,761.3419799804688,763.4483728904855,755.9695946730914,755.9695946730914,15184806
2022-12-01,766.5724487304688,774.8558805629993,764.4424234021038,767.755796135116,20446366
2022-12-02,760.703125,766.1465237122118,759.7801370262731,762.0758197096427,7811078
2022-12-05,763.4721069335938,764.2531278294877,755.5436787874839,762.052089952201,11592622
2022-12-06,762.6200561523438,763.8270357990309,757.3423153362178,757.8156542833029,12353092
2022-12-07,762.2887573242188,766.1464816690436,759.4487233693498,764.0401462647712,11674720
2022-12-08,766.5724487304688,769.6491519825515,759.7090337835149,762.0757285928094,14803634
2022-12-09,772.03955078125,773.8382042003839,766.8091320460886,769.6491658684815,11963384
2022-12-12,778.0509643554688,782.7133418481023,767.4718494913106,769.175858298182,14434808
2022-12-13,780.2047119140625,784.322738181516,778.6426700715715,781.0093651173817,17031702
2022-12-14,786.8076782226562,788.3460298269417,781.0092760218877,782.4292928873821,14227640
2022-12-15,772.3946533203125,790.1921893164714,770.1462929247442,784.3464638441227,18182648
2022-12-16,776.1102905273438,778.6899649239426,761.6024388526127,766.8328578314446,14647958
2022-12-19,778.5242919921875,779.4236476156718,769.7438307486328,778.169287755073,9604542
2022-12-20,773.1519165039062,774.5719334714851,766.9038071781762,766.9038071781762,7174698
2022-12-21,765.6731567382812,778.5480122385196,760.4427954437242,776.7493009218134,9269198
2022-12-22,763.0460815429688,770.359145247349,761.6023746254898,767.850425686671,9747096
2022-12-23,756.2301025390625,759.3068061921712,750.4553317833038,751.1890303820713,10693152
2022-12-26,771.2821655273438,775.8025758263841,752.6089661769071,757.105686415071,9907322
2022-12-27,772.063232421875,774.3589150189524,763.732477566371,772.9625880792587,7926772
2022-12-28,771.4478759765625,772.9625375674409,768.2764702109968,768.2764702109968,8691870
2022-12-29,776.891357421875,777.9326801546684,762.5491619891518,766.856535519368,11012896
2022-12-30,770.6668701171875,778.6426203561981,766.8091458826996,778.6426203561981,7122640
2023-01-02,770.92724609375,776.1576654267515,766.1229012195713,770.122592864354,4381378
2023-01-03,775.9683227539062,777.6960217594701,767.8505468805683,767.8505468805683,8378030
2023-01-04,762.0995483398438,778.99772904152,760.655841148244,773.9093343356435,10351600
2023-01-05,757.2003173828125,765.8861335942461,752.3249607233827,764.4424266422033,10941436
2023-01-06,754.6917724609375,761.6498331954565,747.0236453899807,758.2891375874959,9092462
2023-01-09,756.1591186523438,762.809555296411,752.6090758417694,755.4491100902288,10729340
2023-01-10,742.3375244140625,757.3423465426853,740.775482712064,757.3423465426853,16371766
2023-01-11,753.0350341796875,756.3957295571362,738.4088473774297,742.17186935277,15195798
2023-01-12,757.058349609375,759.1883749446505,749.8399304176081,751.5676291901252,9250070
2023-01-13,757.650146484375,762.0285326075664,750.7157179871916,756.7507907515906,9244546
2023-01-16,750.38427734375,767.4244799251755,748.0175825407742,764.4424213611721,14748094
2023-01-17,761.5551147460938,762.5491150718101,746.6922588614403,752.5143515673539,10786354
2023-01-18,774.9979858398438,777.0333089188046,757.200392801334,759.7091126719464,19090642
2023-01-19,778.2166137695312,781.0093253374716,772.9625625915704,774.8559185317824,11172162
2023-01-20,786.1923828125,790.002784845069,777.8853180956044,778.2166322807672,18843404
2023-01-23,791.9434814453125,796.4402020140254,786.4054381729433,788.701120801895,15444400
2023-01-24,802.5462646484375,805.8123152644733,792.842815267551,792.866505329516,24983940
2023-01-25,780.370361328125,801.3392445591735,778.7846872191718,800.6056037705797,14704142
2023-01-27,764.8211059570312,774.8558686823252,752.5852477560804,772.4891739093187,35179948
2023-01-30,764.0400390625,769.3177796442409,748.8221810334129,754.9755870722463,18512822
2023-01-31,758.9990844726562,768.0871701361255,754.975702983403,766.6671531399184,18596244
2023-02-01,770.3829345703125,788.1094575144623,760.1824557166525,768.7025579600521,17302790
2023-02-02,758.9281005859375,768.9392323415261,752.0173625008308,761.1764609144216,17497106
2023-02-03,785.1747436523438,785.9793968271139,760.6557607354243,762.5491167048964,14411100
2023-02-06,781.8377685546875,790.1922142654951,779.2107137394001,785.742815680812,11167672
2023-02-07,782.997314453125,788.0620761871278,772.7732040823922,785.4587118076032,10264588
2023-02-08,782.9027099609375,789.6241006826871,781.0093539513584,783.0210447115362,8444826
2023-02-09,781.2697143554688,786.5237657315753,774.1696293119086,785.7427448206556,11777336
2023-02-10,784.3701171875,785.032803404326,777.317353885381,780.4414377960402,8172116
2023-02-13,784.961669921875,786.5710339771882,778.4296267994425,783.3759959273335,5736944
2023-02-14,792.2274169921875,794.0261282040997,784.7723281580804,788.1093910341734,10908592
2023-02-15,790.6181030273438,794.2627899763636,784.204336885185,794.2627899763636,11438712
2023-02-16,787.7544555664062,796.1089007357218,786.216103767944,791.9908166376073,8062500
2023-02-17,783.8021240234375,789.6005272348177,777.6723488173061,786.2161415593935,8956270
2023-02-20,776.4415893554688,790.2157422072587,773.8145926677021,785.7427119293137,8086706
2023-02-21,779.3526611328125,786.8550727038969,773.4359236507838,776.2759576421577,12389296
2023-02-22,764.0638427734375,777.199000918852,761.6261929817764,775.8026738859212,10359102
2023-02-23,758.8807373046875,766.2648140080034,753.6029959990215,763.4957924668398,27882010
2023-02-24,752.1119995117188,765.8151985685134,750.3369782178833,765.8151985685134,17061740
2023-02-27,753.9817504882812,756.8691070076666,746.5976731955545,750.6683772868718,14312972
2023-02-28,757.153076171875,759.8511432233867,751.993669356785,753.5557112171675,18993992
2023-03-01,756.4193725585938,763.4957671267764,755.330669803195,763.0224281514963,14137256
2023-03-02,749.98193359375,760.1587217973406,748.8222761897821,754.5023440243442,17391814
2023-03-03,764.8685302734375,766.8092086899194,751.662360123205,755.4490722648835,14986234
2023-03-06,770.2645874023438,776.0156100994345,765.8862015978312,766.8091895470669,27004710
2023-03-08,771.8029174804688,776.039278351897,766.8091679963849,766.8091679963849,20099774
2023-03-09,771.8739013671875,779.0923212778464,770.1225701404643,771.5188971092862,20700166
2023-03-10,751.9700317382812,763.8508293638935,750.2423327911828,762.2887875145955,27387000
2023-03-13,742.4559326171875,759.1411328403547,740.751865944351,751.6150309707979,26443550
2023-03-14,740.4678344726562,749.5796099935142,738.0775072511518,743.2605460585534,33185612
2023-03-15,729.8414306640625,749.248330063132,727.3327108002192,746.9289573593102,37264754
2023-03-16,734.5747680664062,737.982785579755,725.1790009533352,728.4686837227395,21753342
2023-03-17,744.3965454101562,747.4968810064513,728.9420164278159,737.2254484326775,22950876
2023-03-20,739.2371826171875,742.2428737084866,731.4981015299404,742.1718613024195,26503114
2023-03-21,747.615234375,749.0589413869266,736.6101030086518,744.0651919987587,33050494
2023-03-22,745.8876342773438,750.7393591246861,740.9175746776272,749.7689910429613,14177324
2023-03-23,739.89990234375,752.7747006046328,737.7225544029504,742.0772502845497,28364178
2023-03-24,738.7164916992188,744.9882331927605,736.0184248411618,738.4088098056723,31477748
2023-03-27,741.9351806640625,747.6152485739262,737.8881669466679,739.4501509534972,31872006
2023-03-28,747.9702758789062,749.2483258664123,740.3495294210122,741.1068602762156,39276302
2023-03-29,751.5676879882812,758.2890786820711,748.7749763296413,749.7689766744074,39763612
2023-03-31,761.8628540039062,763.4721604711577,753.7450781349003,755.2597399090109,34711228
2023-04-03,762.3361206054688,764.7737701383646,758.6440534334533,760.916103659407,40025398
2023-04-05,782.7843017578125,783.8493144132652,764.9157560941043,766.1464258287228,43365392
2023-04-06,788.7484741210938,790.0974787885557,779.6366978740349,780.3230741298614,44637344
2023-04-10,785.0090942382812,790.9495222000966,782.9027586588628,787.2811447033577,31813286
2023-04-11,787.3046875,790.1920434979919,781.5299177233834,785.269306931565,42361542
2023-04-12,797.5288696289062,799.0908536154229,789.4347845187364,789.5294292037479,26955504
2023-04-13,801.1025390625,803.2799446098875,794.3338262706332,799.138228506588,35330086
2023-04-17,788.8904418945312,814.1430655398879,782.571377912893,814.1430655398879,32405148
2023-04-18,785.5534057617188,793.9078508052294,784.0387440490672,790.4761429987975,29637226
2023-04-19,788.4407348632812,790.6181404482337,784.3937211551915,788.1094206815565,24741168
2023-04-20,791.37548828125,794.0024850715804,788.7721237726142,791.280785812552,32922716
2023-04-21,792.6535034179688,793.7658385477291,787.2811171507625,790.0028164885751,20128618
2023-04-24,799.0671997070312,800.6291836512714,792.4167640167948,798.5228483313539,35675852
2023-04-25,787.7071533203125,798.8542527375239,786.6421405095866,798.8542527375239,50353068
2023-04-26,791.328125,792.8427866144116,783.376007072747,785.7427019581631,27392750
2023-04-27,795.6828002929688,797.6944908945422,788.5117034159383,790.7127411596693,47790392
2023-04-28,798.8069458007812,800.4163100797197,790.4761903211897,797.4342510399031,27916272
2023-05-02,798.6412353515625,804.2029686544997,796.1562055779098,799.3275537958391,32221184
2023-05-03,801.4338989257812,802.7829034515152,795.0438227485433,797.5524846534473,29407270
2023-05-04,817.8350830078125,820.9827408858079,798.5701525541848,798.5701525541848,56854638
2023-05-05,769.4835205078125,786.192351749063,767.8031440250422,775.8025843027785,62770416
2023-05-08,778.38232421875,781.1750359781396,771.5425985281042,773.9092936156137,37244524
2023-05-09,778.4059448242188,783.8493430397727,776.2522293745058,780.9619868467801,43688938
2023-05-10,782.0032958984375,783.2103333766557,773.009855524588,778.4059313050248,46340550
2023-05-11,782.5240478515625,798.9962689250709,780.6543818274131,788.1804838313546,35734618
2023-05-12,789.434814453125,791.8015094745331,778.287657790037,779.5893400518114,22478760
2023-05-15,793.2214965820312,795.5645014526352,788.1567347587811,791.4227853213184,18512260
2023-05-16,788.6732177734375,800.4030139627808,787.0932626645074,800.4030139627808,32722086
2023-05-17,784.4361572265625,789.9659421992638,778.1643181013914,789.9659421992638,30466868
2023-05-18,787.572021484375,791.8569644245696,785.1781855528116,789.0083230433131,49646942
2023-05-19,788.481689453125,789.9658560394562,781.1326248446826,789.0083216684993,30460332
2023-05-22,785.6809692382812,791.3543491028732,781.6832161993159,787.5720763787239,28334032
2023-05-23,783.8375854492188,789.774310031499,782.0422085660649,789.487061418846,22470074
2023-05-24,773.592041015625,782.6646557954235,772.538718142512,779.2175554402136,33588112
2023-05-25,770.6237182617188,775.62687085873,764.7588197205333,773.5441866629621,29776930
2023-05-26,773.592041015625,775.1240726305493,767.1047222806039,775.1240726305493,26635066
2023-05-29,783.0237426757812,785.6569622323185,777.9248603912886,779.6723723310973,21816292
2023-05-30,783.6221923828125,786.4469304713781,779.696324831423,782.1140640569184,37125928
2023-05-31,771.2221069335938,782.7603843834687,768.2537737690359,780.3426451693598,43334270
2023-06-01,767.9425659179688,775.5549758597977,766.0274971750312,775.5549758597977,50366938
2023-06-02,769.1395263671875,773.1133176055869,766.5063067001975,771.9881679023533,17859710
2023-06-05,768.1340942382812,773.9271655706029,767.2004631482836,772.9696311869709,18697242
2023-06-06,765.740234375,770.7433279959911,762.3170373717256,769.6900635841799,32182852
2023-06-07,769.7139892578125,772.0360568877586,764.1124365028589,767.6792286969496,24949026
2023-06-08,770.1927490234375,778.4754447215801,767.5834912360843,767.5834912360843,37395522
2023-06-09,771.1024780273438,774.8847507794242,769.3789277124094,773.6399676877086,18212578
2023-06-12,766.4105834960938,773.5920917430839,765.7642009992537,772.0360982895694,13408292
2023-06-13,767.7031860351562,770.3364055694209,761.2876940266594,761.2876940266594,27926108
2023-06-14,766.8653564453125,771.772720205927,766.1232439139638,771.0306076745784,20113968
2023-06-15,757.4336547851562,768.8761438484094,755.9733914813049,767.9425712071014,35377476
2023-06-16,767.3441162109375,770.4321412189463,758.3672313699111,759.8753597118556,15779272
2023-06-19,768.0143432617188,772.8498798378108,765.2374703858508,771.2938865843043,24829146
2023-06-20,769.6182861328125,771.2939713592292,761.5510703742875,768.0144276761805,20005626
2023-06-21,783.0716552734375,783.8616328770374,771.2939933210611,773.6878294269613,24308946
2023-06-22,786.9017333984375,793.580570693625,784.7233777731387,785.1781832214814,56596140
2023-06-23,786.8538208007812,794.7056138469821,782.3294945543738,784.0051796001923,21339218
2023-06-26,783.0476684570312,790.3249060654587,779.7680665871447,787.571994837304,16130314
2023-06-27,794.0833129882812,800.929707728713,784.4840651290187,786.5905941784453,33831864
2023-06-28,802.4856567382812,804.2810337444777,794.9929383437692,799.5412267594668,59562950
2023-06-30,814.5745239257812,818.1174128864183,805.8848875767882,815.8193069543128,40699016
2023-07-03,823.3838500976562,841.4333500761821,818.6919081822313,819.8888261766497,44104116
2023-07-04,827.4053955078125,836.406241634242,820.5111950503219,825.1312514621555,38795188
2023-07-05,801.1212158203125,823.4796217067899,798.8470715161803,821.6842446245804,37165754
2023-07-06,801.93505859375,808.0872054143094,794.9450691746598,800.977524195429,52156544
2023-07-07,794.945068359375,801.9350577712964,792.9821345334826,797.1473857846021,19926336
2023-07-10,793.0538940429688,802.772891445225,789.8222154878739,795.2323081500037,38398442
2023-07-11,789.1998291015625,802.4137915457645,787.8113925946035,796.1898182223189,50670426
2023-07-12,781.8028564453125,797.7697889233564,779.0260418202364,792.5272531476065,70958358
2023-07-13,785.7047729492188,793.532604310247,784.2445681802172,793.1735289409957,41913546
2023-07-14,787.3326416015625,791.6894113288874,782.7843533101579,791.6894113288874,24727214
2023-07-17,803.80224609375,805.2864126924621,781.8268204083179,789.9658626293475,49252928
2023-07-18,803.1320190429688,815.8193504913376,799.5412648594681,812.9467471445371,81076818
2023-07-19,806.7705688476562,808.518080755261,801.935031985233,804.8555001145571,32935134
2023-07-20,808.51806640625,810.0740597242783,804.328853626943,804.8794475665894,56210948
2023-07-21,802.2941284179688,809.0208308967337,801.0972104283851,804.3288890002611,42154248
2023-07-24,803.5628662109375,806.555161158962,799.5890751426567,803.6107312414538,32179444
2023-07-25,812.2764282226562,813.4254812031791,803.5628884699448,806.555183500857,55992596
2023-07-26,809.45166015625,813.7126998116902,808.1590121278992,813.7126998116902,24794358
2023-07-27,801.0493774414062,815.3405671200665,798.3203692500316,813.8564004422645,59741302
2023-07-28,786.8538208007812,799.0145182505155,785.7047679378544,795.471629607848,41015684
2023-07-31,790.5404052734375,793.2215484430462,784.5558150613891,789.98986972854,34565006
2023-08-01,795.8307495117188,798.3203154846697,789.9658515231379,792.0963421090329,35394188
2023-08-02,785.4176025390625,790.6840418124119,781.8986752587043,786.1357533490648,28116322
2023-08-03,779.7442016601562,790.6121935791729,777.0391553272656,785.1781976196645,57673946
2023-08-04,791.0191040039062,793.0778262359121,780.0314207032054,782.856158727379,37388304
2023-08-07,790.5642700195312,796.2376491558498,788.7928549114002,796.2376491558498,28300918
2023-08-08,789.91796875,792.6469182530226,786.1596581385537,790.7797145936216,43773828
2023-08-09,790.2052612304688,792.1203300247262,780.917165889668,791.4021792268796,33361236
2023-08-10,783.1913452148438,792.0006737522444,780.8693358862994,788.5535731452575,50781118
2023-08-11,775.0283813476562,784.4122069559019,773.7835398495799,784.4122069559019,28225822
2023-08-14,771.2461547851562,773.2090887707817,766.1472720157544,771.2940198202658,31304410
2023-08-16,768.995849609375,770.6476315074848,757.0745931406195,757.9363390305685,34137542
2023-08-17,764.73486328125,770.7673182443161,763.1549081618289,764.8784583736676,52884040
2023-08-18,761.598876953125,764.2560581283789,759.085349306415,760.0668453838622,25633366
2023-08-21,761.0004272460938,766.2668661889733,759.8035093045302,766.2668661889733,21837270
2023-08-22,757.7447509765625,765.0699118073394,756.4521030385458,764.2799343148821,32273570
2023-08-23,759.6119384765625,761.5031037600577,753.2204087970642,756.4520870169149,36498588
2023-08-24,756.1170654296875,764.2081843881693,754.6089370548672,762.8198062571005,43145792
2023-08-25,747.594970703125,755.2552457791736,746.1108040957927,753.8429059393314,30069756
2023-08-28,755.3749389648438,757.7209098998453,747.5949720764402,747.5949720764402,28867238
2023-08-29,761.3834838867188,762.5085750919843,757.1463475103358,761.0961768187698,35538932
2023-08-30,755.8297119140625,767.918583020737,753.4358760513546,767.918583020737,28084204
2023-08-31,752.3587036132812,757.9603149977916,748.3610091258726,755.9734194012763,100075772
2023-09-01,753.9146728515625,755.9733951516992,746.5656081528945,752.1432576208482,43226776
2023-09-04,758.630615234375,761.9340622690505,754.0104999128797,761.2398731833899,25073638
2023-09-05,754.0104370117188,760.473793886353,751.9517147780502,760.473793886353,38712082
2023-09-06,763.873046875,766.0274992165465,754.010454511239,754.9201238552107,56320910
2023-09-07,771.2221069335938,772.7302352523851,759.8753480460392,763.8730423452171,34208342
2023-09-08,777.2306518554688,781.7789400663747,769.6661070326583,770.0012791246807,34502210
2023-09-11,781.2523803710938,783.5025629490954,777.5179726424265,779.8639437312936,31573022
2023-09-12,783.6940307617188,786.5666339228394,778.0206512071577,785.178197372979,39033340
2023-09-13,787.04541015625,790.7318942113928,779.7202486339522,781.0129551372609,46420094
2023-09-14,786.5665893554688,789.9658245482066,782.8321820803015,787.2129133414476,23538848
2023-09-15,795.5913696289062,799.5411989049336,789.9658552054733,789.9658552054733,173411202
2023-09-18,779.9356689453125,792.3596534268783,778.5232707508934,791.7611944741388,37056288
2023-09-20,748.6482543945312,765.548760092835,747.0683576854377,765.548760092835,115474648
2023-09-21,743.6929931640625,751.161749541656,735.8891231351594,743.5254363384076,72841442
2023-09-22,732.3462524414062,748.9834124885792,729.5215142987016,746.3980579436757,61704250
2023-09-25,732.9925537109375,737.636571986799,730.1199506265053,730.1199506265053,40208754
2023-09-26,736.1764526367188,737.301543953449,730.1200354084478,730.1200354084478,27575308
2023-09-27,731.0056762695312,733.7107225961398,725.3322967263633,729.1624342668326,39338538
2023-09-28,729.49755859375,736.1524343562999,726.9361657647512,734.4288841265327,55354188
2023-09-29,730.742431640625,735.1231049512756,728.8273627596361,729.4975901133708,32053782
2023-10-03,722.0048217773438,731.0774358654312,721.0233257454744,731.0774358654312,38971694
2023-10-04,732.2984008789062,734.9076587656226,713.0040591639762,715.7569705893197,54649430
2023-10-05,735.2667236328125,742.8312687313597,733.7585952718871,734.9316099718342,48512674
2023-10-06,734.4528198242188,739.6952970962377,732.4419625913994,739.2165299136511,17759356
2023-10-09,725.9307250976562,732.513773717668,723.8959646151071,731.556239372939,16454972
2023-10-10,730.048095703125,732.0349911152088,725.4279808985405,727.9894319713059,33266292
2023-10-11,737.1099243164062,738.3308039789869,731.7956204103215,732.561636194785,31333360
2023-10-12,742.017333984375,743.046695154072,733.2798325755078,735.4342849776942,22025336
2023-10-13,735.2667236328125,741.5146589381054,732.4898505097352,737.3014842223872,39745300
2023-10-16,732.3223266601562,734.6443359841811,727.965556654919,733.2319960651158,17856084
2023-10-17,737.8759765625,744.8420626176685,734.9076433348039,744.8420626176685,32902558
2023-10-18,727.6064453125,737.8759782779842,726.8164677513256,737.8759782779842,31216200
2023-10-19,725.3082885742188,730.7183808812238,719.6827744216524,720.7360972438319,30252364
2023-10-20,729.066650390625,731.0774490736428,720.5445716148215,720.5445716148215,21094010
2023-10-23,721.04736328125,731.9153553189844,718.1986633818357,729.4018275247573,22376136
2023-10-25,716.4751586914062,729.0667602000749,714.0573608059868,728.2049558099759,28311996
2023-10-26,700.6279296875,714.3206598703572,699.1198013241884,713.9615844716288,55561798
2023-10-27,703.380859375,707.6179375015631,702.3036331507926,703.548416210113,31940532
2023-10-30,711.0171508789062,713.3391600901615,699.9097753123232,700.5560993380782,23310982
2023-10-31,706.8997192382812,720.0658162779376,705.7028013255851,720.0658162779376,32634824
2023-11-01,705.9421997070312,707.354539496317,700.0773018118728,700.0773018118728,33877466
2023-11-02,707.0194091796875,713.6024576822916,702.4232560956117,710.96923828125,45225154
2023-11-03,710.370849609375,714.0334304636632,709.3654501545199,712.4056102569502,18095340
2023-11-06,715.517578125,717.193263319672,710.0117553425058,717.193263319672,25593730
2023-11-07,712.0464477539062,715.2781260341811,707.234814492639,715.2781260341811,41952848
2023-11-08,714.1051635742188,715.0147744015756,709.0541467812902,710.4664864917698,31399546
2023-11-09,711.2805786132812,714.6079876326531,710.2512173342882,711.4481354625899,22116740
2023-11-10,714.0812377929688,716.2356900692465,708.5993770450763,708.6232803377466,14015186
2023-11-13,712.78857421875,716.2117126727126,711.4001377601898,714.3684707875195,20605914
2023-11-15,720.2573852539062,723.3932753387419,718.4141432279705,720.1137317170233,41245460
2023-11-16,722.1484375,727.2473194666765,719.9461202422743,722.794761480394,29713838
2023-11-17,720.5924682617188,721.7415211781168,712.8843283809061,713.3630955591337,23701874
2023-11-20,720.6403198242188,724.3747271219125,718.8928664109501,724.3747271219125,19331452
2023-11-21,726.74462890625,728.6836593929769,723.9438525479579,727.2473578304415,24959972
2023-11-22,724.1593017578125,727.7260937743376,719.8503972552013,727.7260937743376,29123650
2023-11-23,728.3485717773438,729.5693930831869,722.220328180805,722.220328180805,13046220
2023-11-24,733.5192260742188,734.0219550188177,727.654327789123,728.3006518298484,16469192
2023-11-28,731.867431640625,735.9848175325754,730.5029569217514,735.0033214761758,28489338
2023-11-29,746.4698486328125,748.3130905581396,733.950075384279,734.3809775281464,34042488
2023-11-30,746.3023681640625,752.8374939821603,738.3308822383686,751.257597217354,69491440
2023-12-01,744.6744995117188,749.6297282428743,743.09454440636,745.8714174875178,22153536
2023-12-04,770.5279541015625,771.7727371502491,753.4120264631497,760.2823241901957,50662456
2023-12-05,777.3743286132812,784.6994906156142,773.9272279317513,783.5025725396295,52230820
2023-12-06,779.3372802734375,784.4361042559843,773.9990142449448,784.4361042559843,38613060
2023-12-07,780.60595703125,782.3056039667443,773.7835244385168,777.996699171334,20450386
2023-12-08,791.4979248046875,792.3597291563016,780.605970823838,780.605970823838,33728038
2023-12-11,790.4446411132812,796.5249611291558,788.5295723280279,789.9898356540881,23187620
2023-12-12,782.5928344726562,792.9581557902037,781.2762247045517,791.9766596766761,36581476
2023-12-13,780.8214111328125,783.2631120796166,773.2568662574292,781.563465201162,29346914
2023-12-14,790.0376586914062,794.2507747290626,787.5719960728002,788.0507632436652,35172366
2023-12-15,793.101806640625,798.5836675519721,788.3380380661904,789.9658581899005,138837130
2023-12-18,792.6947631835938,797.0036676222288,790.4206191743141,795.0885989828354,18014754
2023-12-19,791.3543701171875,794.1072817034686,787.1172917991296,789.9659334545838,24008446
2023-12-20,793.3172607421875,799.0385054794685,787.3087089265515,793.796027948429,34232520
2023-12-21,807.53662109375,808.9968844459388,790.0855798531799,793.3172584861196,36589240
2023-12-22,799.9481811523438,807.1536510402615,798.1528041148157,806.0524630799391,48578850
2023-12-26,805.5018310546875,807.1775162105685,798.8470139045111,801.0971963079616,18045856
2023-12-27,815.4841918945312,817.0162235511344,803.6586070355986,805.0470435987298,27009078
2023-12-28,816.4177856445312,824.149887782185,814.8617922105217,818.3568162242175,44076470
2023-12-29,818.3328247070312,821.0378710363707,811.9891593992248,812.4679265922668,25011426
2024-01-01,812.9945068359375,818.2849073581062,810.074038833758,816.7767791077962,14239686
2024-01-02,813.4733276367188,815.2448013204753,808.4941371304667,813.3297325444754,29242092
2024-01-03,800.9296264648438,816.1543877106121,799.038461039413,814.8617397029581,28389762
2024-01-04,809.5234985351562,811.4864323425077,799.8763278844378,803.3713517790169,26734056
2024-01-05,805.3821411132812,816.2501913581319,798.6315354441177,807.7520737623003,31889470
2024-01-08,796.4052124023438,805.453923454508,794.753489070434,803.6106815691105,17998470
2024-01-09,790.2052612304688,803.2756291285802,788.4098842358525,798.1767467752176,25326888
2024-01-10,792.8145141601562,794.7295829425168,785.8484865302768,786.6145023545687,16115824
2024-01-11,789.4871215820312,796.1419974247106,786.6145183500772,794.7535608406137,18314010
2024-01-12,785.752685546875,792.8384633063858,782.1140666068262,790.9233945544381,19773552
2024-01-15,800.8817749023438,804.7597774337735,786.9017379565865,788.8646717373587,28320356
2024-01-16,803.9219360351562,806.0763883828079,793.8438633427261,800.9775061380469,25322500
2024-01-17,736.1045532226562,764.4954709128732,731.7477834906084,751.6644868680132,170145236
2024-01-18,711.5198974609375,725.3323197153799,708.5994291824192,715.2782083529884,161070930
2024-01-19,704.0989379882812,723.058105901483,703.0217118745396,720.9993837290294,109600538
2024-01-23,683.3683471679688,706.0379622645205,682.243255943311,701.3939438294391,115469402
2024-01-24,697.037109375,698.2579305485548,660.8183625809348,660.8183625809348,86004404
2024-01-25,686.9830322265625,697.731331945695,679.5621410018516,695.409322831776,98941852
2024-01-29,696.438720703125,700.3406850803747,692.2016426624417,693.2788688648152,65645498
2024-01-30,691.4835205078125,700.53217422801,689.8557002681358,696.3908845219285,41728768
2024-01-31,700.2210083007812,706.1576749666016,687.8927526091608,689.1854007024332,65761040
2024-02-01,702.0402221679688,705.5112841214318,697.1089554241759,701.4178599181299,32690740
2024-02-02,692.3692016601562,708.9824002114282,690.4062678183428,706.1816237651476,44867754
2024-02-05,691.7467651367188,695.1220972150085,686.5761145330804,692.2973590957444,38605046
2024-02-06,691.3876953125,694.0687799185687,685.8818725644124,692.0819428119112,41075740
2024-02-07,684.6131591796875,696.0318040698868,683.0332624281431,695.6487669186412,54837086
2024-02-08,671.7343139648438,688.9220089386799,670.5134342809237,684.5652392978377,69106124
2024-02-09,671.9976196289062,677.0725401801844,664.0500959229506,666.515758652701,56642124
2024-02-12,665.4864501953125,676.809306881893,662.3026364247897,670.1065656569043,34447812
2024-02-13,667.6168823242188,672.3566891768745,662.7813454112104,666.4199643535106,57580994
2024-02-14,662.6378173828125,666.2046099191948,652.8230890297091,658.7837177497752,91320810
2024-02-15,677.000732421875,677.6949214331826,662.78131256852,663.0925229141347,41584944
2024-02-16,679.801513671875,683.5358625170894,674.3195945311911,681.7165823442695,32175742
2024-02-19,678.4610595703125,684.1584015447481,677.5513901049375,684.1584015447481,34451756
2024-02-20,696.2711791992188,697.6835190961174,675.9235727064516,677.4556044062488,56133508
2024-02-21,689.017822265625,700.9151754054046,687.0309267122648,700.9151754054046,45893136
2024-02-22,679.634033203125,684.0626300055545,676.1150473676641,678.7722288264276,50560882
2024-02-23,680.1366577148438,686.5042847124961,678.8918747107963,681.0702888003248,29833452
2024-02-26,680.9505615234375,686.9590543726445,676.761348833584,676.761348833584,23506870
2024-02-27,679.9212036132812,683.0570934898373,676.5219684176848,676.7613520010825,32087150
2024-02-28,674.7744750976562,681.8601942948292,672.1891206373224,679.9212222820232,25321986
2024-02-29,671.9019165039062,675.2532869853846,668.9814482015562,671.2794957514693,53295700
2024-03-01,684.9961547851562,685.9536891619308,670.2740637422462,670.2740637422462,34738898
2024-03-04,685.9297485351562,687.9884708858845,681.9081507835436,685.0919059296933,35616474
2024-03-05,689.8316650390625,690.8610261429652,680.6393587545882,680.806915575396,37991672
2024-03-06,690.6695556640625,695.576919496979,686.3367475409569,686.3367475409569,42409530
2024-03-07,692.3452758789062,694.7152087205789,690.0950932873528,692.0580272311091,49348046
2024-03-11,683.5838623046875,692.2734406211868,681.2857562639475,684.6371268147891,50531094
2024-03-12,698.78466796875,700.9151585638567,684.2779988916614,686.5521430195154,65418454
2024-03-13,699.1915893554688,704.5537583020961,694.2602641088363,701.6332902428926,63067454
2024-03-14,696.8217163085938,701.8727337796063,691.4835086418929,700.0055299615263,52432158
2024-03-15,695.4811401367188,698.6649535010525,690.5019498876019,694.2123954494871,143613804
2024-03-18,692.3213500976562,697.0850604784281,687.413986176019,692.7761555716247,21437856
2024-03-19,693.9012451171875,695.361508487081,687.2703309378574,687.2703309378574,36183594
2024-03-20,685.1398315429688,695.002424269405,682.0757097447741,693.757641226056,43606094
2024-03-21,692.1776123046875,694.8108316494399,688.6108203877344,690.6694840822236,28922860
2024-03-22,690.7892456054688,694.5715181893103,688.3475445643155,689.9035379705642,45980326
2024-03-26,682.4347534179688,688.4432464905726,680.8787600753138,683.2964992802526,56844290
2024-03-27,689.7598266601562,693.2308885833684,680.4478287400144,681.5490165895086,62168668
2024-03-28,693.2069702148438,699.2394246339555,689.75981165874,689.75981165874,55592142
2024-04-01,704.027099609375,705.6070545940972,696.8934573296461,698.04251018733,25199570
2024-04-02,708.6472778320312,715.685132245699,700.5561005197442,701.4657698820595,41225446
2024-04-03,709.6765747070312,716.0681045148733,704.4580010474605,704.7931146774648,45584386
2024-04-04,731.36474609375,732.5137990357915,720.0658521240722,720.0658521240722,88935066
2024-04-05,741.8737182617188,744.2435924609226,732.5856231419043,736.8227010597361,59055902
2024-04-08,740.4613647460938,745.5602472863112,738.0436253706997,744.4590593119542,20482940
2024-04-09,741.3949584960938,744.4111567395224,737.4451291623751,744.4111567395224,21884494
2024-04-10,735.553955078125,742.0412738306298,733.9261349558433,742.0412738306298,27807400
2024-04-12,727.2234497070312,732.4420241242923,724.5902299815868,728.2049458910936,41084208
2024-04-15,715.61328125,722.9384424882777,714.3445949763995,716.9778144689066,23415248
2024-04-16,722.579345703125,724.3268575486865,709.6526322136539,711.9267762534682,20744886
2024-04-18,715.61328125,727.1755203466597,713.8658277959437,722.8427124294902,34234884
2024-04-19,733.13623046875,734.8836839791993,708.6951417404246,711.7113984519393,34576434
2024-04-22,723.99169921875,745.6320106114753,722.12455398941,745.6320106114753,42298438
2024-04-23,721.7894287109375,730.838140600938,719.7068030516607,730.7424105369589,26827060
2024-04-24,723.7523193359375,728.5639528503503,722.4836330693169,725.332274400053,22441580
2024-04-25,723.2975463867188,727.5824894434112,721.1430939897369,721.1430939897369,35445204
2024-04-26,722.8427124023438,731.5562517090086,720.807951885483,727.630384206722,24854694
2024-04-29,732.2744140625,734.6442882658492,721.2867304749565,725.3322898363435,36093350
2024-04-30,727.7739868164062,737.0620819015442,725.2844208297038,732.1307565147657,52307382
2024-05-02,733.591064453125,735.8652087221101,727.8937229116466,728.6837005042626,33475006
2024-05-03,727.53466796875,737.5887797565925,721.59794265299,734.0698523195007,31865242
2024-05-06,728.994873046875,734.6682525558684,726.361653503664,728.6836626849343,28793396
2024-05-07,721.0951538085938,729.6650974721125,720.1376195097258,728.6596397036968,28480602
2024-05-08,709.84423828125,716.6905745370962,708.7430502857517,716.211807311795,41687862
2024-05-09,693.0155029296875,711.8071150125822,691.9622384959757,706.1576388307392,46281278
2024-05-10,697.8200073242188,704.6385064038308,692.4331341667237,698.3538309269745,27276608
2024-05-13,706.2400512695312,708.4482125597933,694.1317160729689,694.956710818051,27047202
2024-05-14,709.0062866210938,711.2144479759614,703.8378359787137,704.7841569928967,25665142
2024-05-15,698.1112060546875,708.39964782104,696.8009063196256,708.39964782104,38931996
2024-05-16,708.6665649414062,709.782790041372,696.655267230535,701.7752582341244,34945236
2024-05-17,710.5349731445312,712.4276743183018,701.848002597153,701.848002597153,20920190
2024-05-21,707.962890625,713.2526672307866,703.7407019802051,703.7407019802051,43769978
2024-05-22,708.156982421875,711.2629460513618,702.7943980944078,707.5018325662894,39996278
2024-05-23,724.3661499023438,725.8463536828482,707.1135946322969,707.8900706969359,40861920
2024-05-24,736.3046875,737.6150464828621,721.1631959122375,721.8911533778286,31060206
2024-05-27,741.400390625,749.7961904344879,737.2025499615863,739.2893258205864,29385440
2024-05-28,742.75927734375,745.4527436990592,739.9930626339711,742.5651435020584,27908904
2024-05-29,731.9854736328125,739.5319299971256,728.5640500675219,736.692907911739,35147706
2024-05-30,735.1642456054688,739.4106642295702,726.8170235494816,727.569210732381,33755350
2024-05-31,743.2688598632812,745.4284433104547,734.751733835956,737.1782587165238,74079588
2024-06-03,762.9964599609375,776.0026570209221,752.2227131847588,776.0026570209221,72637256
2024-06-04,719.7800903320312,756.5904610836327,705.6334383679294,755.6198511271432,89531240
2024-06-05,753.0963134765625,756.8816568854197,719.3918460943981,725.0699500696824,81631650
2024-06-06,756.9301147460938,759.7206182378197,750.5726316827747,759.4537360573207,46422870
2024-06-07,763.5545043945312,768.8928586568827,753.2175448676818,757.5852892641512,36712216
2024-06-10,757.7067260742188,767.0973660487972,755.9110620154896,763.8700759254958,22454058
2024-06-11,759.4052124023438,762.4140794074847,753.2903226155619,755.1345051292465,29545326
2024-06-12,763.9428100585938,770.8098870497467,760.1816966411113,764.3553074238586,39280436
2024-06-13,767.1458129882812,769.5480488358222,763.8700045190919,767.6311179466796,24120192
2024-06-14,774.9835205078125,776.0026490992642,765.6656295141681,768.7230745298527,25540554
2024-06-18,780.2733764648438,781.5836762242601,771.3679826211641,774.983540294414,32415714
2024-06-19,804.5628051757812,810.4107535609992,778.4291452824868,782.9910236928816,90131196
2024-06-20,810.1438598632812,816.0160382972864,801.7238302737451,810.3622826499824,41408742
2024-06-21,808.3967895507812,811.8424431419929,797.4289085916951,811.8424431419929,51630776
2024-06-24,811.6240234375,812.9343231272944,798.6906344612428,799.2972656586157,28544994
2024-06-25,830.5266723632812,833.2443684249017,810.9931467609703,810.9931467609703,74521548
2024-06-26,825.7464599609375,830.3083388227997,820.699276097629,828.876653523733,47596666
2024-06-27,823.1500244140625,831.3274011881083,818.5153383232833,823.1257354693937,55074650
2024-06-28,817.1565551757812,828.2214732583296,814.8270675577021,823.8537284054296,26476046
2024-07-01,827.5419921875,828.5611799942127,815.3123309202279,815.3123309202279,21187024
2024-07-02,839.8687744140625,841.9556094944659,826.353042764463,832.2980286836319,45921690
2024-07-03,858.3346557617188,870.6371250279785,856.3934358619908,869.1812101031826,123217802
2024-07-04,838.1945190429688,854.0154497500956,837.0782938778042,854.0154497500956,45848658
2024-07-05,799.8310546875,817.7388187080663,796.9677437114144,817.7388187080663,82242548
2024-07-08,793.6434326171875,803.1553977227993,789.6639557513818,798.472252380916,39087800
2024-07-09,794.2015991210938,799.1516862165171,786.3639118522315,788.6205918556537,48550878
2024-07-10,789.1544799804688,795.9002315965357,786.5581099756618,791.0228924563764,45507182
2024-07-11,787.1161499023438,789.0330808548738,776.973264088155,788.1109895551602,44177074
2024-07-12,787.50439453125,795.1237185250396,781.899157363576,787.1647047300575,56049960
2024-07-15,787.2131958007812,790.9500796896383,783.8645795922547,787.8926346206944,33375694
2024-07-16,786.0726928710938,789.5911537590798,784.6410669649267,786.5579978211608,28950324
2024-07-18,783.6705322265625,788.1110255525017,776.0754971813087,780.3704345530638,33717064
2024-07-19,780.0307006835938,787.649965003423,778.1865181041212,784.2528302190582,26002152
2024-07-22,797.1376953125,801.2384985771903,782.6270649860646,784.7381297391379,53744822
2024-07-23,785.4176025390625,799.6855810002239,778.9145038672318,799.5642547535156,52002152
2024-07-24,778.4534912109375,786.6793870769927,770.6886113878456,780.4432298173384,61728206
2024-07-25,784.5440063476562,788.6205799631161,773.0908208499962,773.0908208499962,25535732
2024-07-26,785.2962646484375,787.0433507268658,774.7651110455088,778.9144923179402,43810540
2024-07-29,778.938720703125,791.9448576014164,775.662912345258,783.7674811785615,51001148
2024-07-30,784.0344848632812,793.3523167913979,776.0026637402938,777.4585786816452,54595834
2024-07-31,784.1314697265625,790.0279366929944,780.9526986206498,783.2821860675673,37820484
2024-08-01,795.3178100585938,800.7774909815698,785.1991540216145,787.6014491725216,26215174
2024-08-02,805.1937255859375,810.7019249608421,791.5323792943032,791.5323792943032,44119238
2024-08-05,784.1314697265625,798.8119444034794,776.9732217436031,795.9486333620303,41333634
2024-08-06,777.0702514648438,792.4786834136157,773.2363898060842,791.0470575275043,45116050
2024-08-07,787.8926391601562,791.0471215466921,777.5556193354371,784.7381567736204,42346264
2024-08-08,797.21044921875,802.3547292854007,785.8300713873926,788.1352699911228,33976950
2024-08-09,800.8502197265625,806.8437833638833,798.7149252998082,801.7237923493824,26644618
2024-08-12,805.65478515625,813.3468572381819,799.4671466635041,801.7238266679481,39316196
2024-08-13,778.0409545898438,792.2118961762867,777.0461148817201,790.0765423217451,54055042
2024-08-14,780.2733764648438,783.1366284755188,778.0409261468292,779.6424562895212,32334428
2024-08-16,792.0662231445312,793.061122021343,781.8263002104013,790.3191371152319,27849246
2024-08-19,791.7993774414062,794.759726022084,787.9896858897818,794.759726022084,19502164
2024-08-20,794.783935546875,798.8119905444514,789.8095595425733,789.8095595425733,31134494
2024-08-21,789.0088500976562,793.2552686183906,785.1264103072706,790.1250159925943,47630904
2024-08-22,791.6781005859375,795.0752357163401,790.0765703279278,792.0177904024437,21300638
2024-08-23,788.6448974609375,792.9883534236101,787.6499985352013,792.9883534236101,20333422
2024-08-26,795.8758544921875,799.7582942162704,792.1147410094821,792.1147410094821,22364266
2024-08-27,794.8082275390625,799.4914324239653,792.1147612152419,797.550212512406,35773244
2024-08-28,794.4927368164062,795.7788068064845,791.1441207498361,794.8081968881353,26921188
2024-08-29,795.1964721679688,798.035494358065,791.6052035874162,796.8707505966252,49052604
2024-08-30,794.395751953125,806.5768953841255,786.7521983416328,803.6650654368904,445342100
2024-09-02,789.56689453125,799.200245545704,787.747000900005,799.200245545704,34049680
2024-09-03,794.6140747070312,795.8758557711201,788.4264363868309,792.9883149182248,37282860
2024-09-04,796.7737426757812,798.2296576209254,792.0177301584446,795.4148650304477,24682744
2024-09-05,798.5451049804688,800.704747819695,796.8708263925602,798.8120464324933,22876318
2024-09-06,794.419921875,799.6612390821284,793.0368146024134,795.0751309568867,26029602
2024-09-09,799.0546875,800.0252975060735,791.0956736019307,794.9295949741877,23792914
2024-09-10,800.9230346679688,802.6944096330184,794.9295302169795,802.6944096330184,26606646
2024-09-11,797.7928466796875,801.9664575454252,795.5118777911906,800.9473289635273,22226684
2024-09-12,808.8092651367188,810.4593139115112,799.32158835399,802.6944342572692,32424046
2024-09-13,808.4937744140625,812.400503038587,804.1746076631325,812.400503038587,23860532
2024-09-16,810.9203491210938,814.2447356947455,807.5717920840796,809.0034181076534,15172820
2024-09-17,809.876953125,814.3417351276187,807.6202731787942,814.3417351276187,20127122
2024-09-18,822.494873046875,824.4846115422112,810.9931099061356,811.3570886275262,40917342
2024-09-19,829.1435546875,834.2392569551141,824.6059649927001,824.6301946967953,30651776
2024-09-20,845.0130004882812,846.8328941482245,828.6825354394553,833.0259912779876,60623386
2024-09-23,854.0396728515625,857.2183847223622,844.551937403139,848.7983557064159,26965350
2024-09-24,858.0435180664062,864.6436541344489,851.3462854547951,856.5633141386422,33039036
2024-09-25,863.4060668945312,867.7252930088929,854.2095613390953,854.2095613390953,31965312
2024-09-26,865.5171508789062,867.7253122548344,858.0435015109396,860.4700264333525,31899644
2024-09-27,850.5697021484375,862.9692076341789,849.2836322285123,862.3868654114664,35613502
2024-09-30,840.572509765625,849.987378933711,836.8599148404105,848.7013681367213,26383534
2024-10-01,837.7334594726562,845.4013020975134,834.773110848595,836.6658121791694,24572284
2024-10-03,816.282958984375,837.7091852435565,812.0850591484665,832.613483062025,48473398
2024-10-04,804.4657592773438,820.4808225688465,802.2090794198211,812.6431358067093,48683232
2024-10-07,785.1264038085938,805.1209448670484,782.7969162571121,801.8208473760044,94458296
2024-10-08,801.2628173828125,804.0533210403008,787.164683903665,791.0471237749532,29734406
2024-10-09,792.5758056640625,804.0289908485573,790.4161630516477,800.5105298956967,41125642
2024-10-10,806.7709350585938,808.2510795642027,792.2603056670246,795.4147877416559,21754766
2024-10-11,801.238525390625,807.7658537028776,797.4774117796152,807.7658537028776,23672594
2024-10-14,819.2433471679688,821.1603374358971,802.6944587482099,803.689357680797,18527508
2024-10-15,817.3021240234375,824.0478752509669,813.1285129464045,822.1066552857113,19651130
2024-10-16,824.92138671875,828.8765747113987,815.3608435545054,815.3608435545054,20470682
2024-10-17,811.988037109375,823.8780090897097,808.1298269832027,822.5676501021808,14695732
2024-10-18,816.2101440429688,820.6506963237373,802.7429312558701,807.1106759435778,24809724
2024-10-21,838.9466552734375,848.3858722296796,830.3810701774502,832.2980010606213,46548354
2024-10-22,832.07958984375,844.4305765922039,830.211118473748,839.6018162444277,38875280
2024-10-23,842.3923950195312,847.5851345291038,827.4692671141377,827.4692671141377,38036090
2024-10-24,849.1138916015625,858.3346864549975,843.5085952441257,843.5085952441257,30832258
2024-10-25,846.0807495117188,853.0933830706845,838.9467304613248,851.7102756678665,26130478
2024-10-28,841.6158447265625,849.7689918168825,839.043763962605,845.4012471416386,22012142
2024-10-29,850.1815185546875,856.0779859182065,837.1996103215174,837.7092042477628,35794926
2024-10-30,841.8099975585938,851.5889046504595,836.7628139716957,845.4012662208864,32715724
2024-10-31,842.3438110351562,843.8968224808245,834.4333755848933,838.6069864702176,22895912
2024-11-01,843.120361328125,846.4203996311912,837.6849100339031,841.0335262277963,1759692
2024-11-04,831.8612060546875,846.8571409139798,830.3082539054162,846.8571409139798,28089248
2024-11-05,853.0933227539062,855.447039991069,823.999313734677,826.4743572133567,44232406
2024-11-06,851.83154296875,859.7177486791857,847.0270119492034,859.7177486791857,27787910
2024-11-07,847.609375,854.5977188117542,843.4599940256105,846.5174388742477,18895456
2024-11-08,851.4432983398438,855.0103373353861,847.2696873607207,850.2543248355499,19902986
2024-11-11,857.1942138671875,865.2017460745226,849.8660612419557,851.4918803256005,24565362
2024-11-12,833.8509521484375,861.4162973605047,829.2163253609564,859.9603824917264,31395406
2024-11-13,815.967529296875,839.2864576545572,811.9152444974701,833.1473377113161,35728500
2024-11-14,821.5,827.3721783747438,811.4784403744485,811.9637453515568,27146470
2024-11-18,827.4934692382812,834.190701332557,822.5919010273279,825.0184258091194,27081968
2024-11-19,845.5225219726562,851.1035287183504,826.3286881202827,831.812657575625,50981272
2024-11-21,845.0130004882812,853.6514527573436,841.6158656563873,848.9925368361551,35716512
2024-11-22,847.1483764648438,851.370565411524,839.3592669406547,846.1535367827626,24773612
2024-11-25,866.5604858398438,875.2717450257129,856.5146973151911,866.2936036686173,427737274
2024-11-26,866.5362548828125,878.4019369086114,858.8927021168951,878.4019369086114,30935566
2024-11-27,879.5182495117188,881.9690041453489,866.3422072982357,868.6474059809165,32714976
2024-11-28,870.224609375,891.0684339141281,867.725276958314,882.7697308653094,35722392
2024-11-29,871.632080078125,875.7814023363161,865.2503073983569,874.1799313606635,27669536
2024-12-02,875.8298950195312,877.5042327860683,861.4163604593637,875.2475527258944,15110876
2024-12-03,886.3125,891.6993733770357,881.3623537076274,884.5653546960274,43410242
2024-12-04,902.7157592773438,905.0937654692016,888.6662041479593,891.9905313310416,44669084
2024-12-05,905.457763671875,912.349070670313,890.6316728815866,902.6672600453907,39682714
2024-12-06,900.6531982421875,904.7054828102569,894.9023463139778,901.2113107944992,17783156
2024-12-09,907.520263671875,912.3733132102273,897.3288596413352,899.5855395249345,26947912
2024-12-10,906.5982055664062,911.2571214453396,901.9635786325839,911.2571214453396,13325480
2024-12-11,904.1716918945312,908.4423993938311,901.0900171351183,903.492253077643,14045426
2024-12-12,902.3032836914062,906.8651623497835,897.183292457994,898.299517608064,17293790
2024-12-13,908.36962890625,909.9468701478396,887.7441665162323,903.8805576801874,19009002
2024-12-16,905.1907958984375,907.4959944793276,900.3620351992098,905.1422772502634,13107082
2024-12-17,889.6853637695312,903.8077269850552,886.4095551207139,900.8958970749953,21079532
2024-12-18,878.74169921875,891.0199388482123,877.0189020931173,888.0353013877913,23422312
2024-12-19,870.3944091796875,874.0827148724125,863.3574875554302,873.3547574630064,25380770
2024-12-20,859.7177734375,872.3599918831414,857.5581899695972,864.9105130352275,25692348
2024-12-23,874.0343017578125,876.4608267488114,864.4738169898098,864.8135067920166,11044592
2024-12-24,872.6268310546875,877.7710517489787,868.4775092184595,874.5438211790217,14485834
2024-12-26,869.0598754882812,879.3726061062491,864.2068257857081,872.8452779528201,10481678
2024-12-27,872.6996459960938,876.4364704987394,868.2590937552997,871.0253675774094,7259330
2024-12-30,862.82373046875,880.8285332674382,859.4751142791366,869.7635560951499,22222218
2024-12-31,860.3729248046875,864.7164399349241,856.8544636879918,859.1354326463724,14117236
2025-01-01,865.1774291992188,870.637110073425,854.6705648241472,860.6640693133434,7313806
2025-01-02,870.5157470703125,875.2231813509705,860.4456694386978,862.4354078694503,18558576
2025-01-03,848.8954467773438,871.2437647886038,847.4881097293069,869.181218624921,24426194
2025-01-06,830.1141357421875,852.7778537230372,827.8332261221516,844.4791507386858,18816348
2025-01-07,831.5215454101562,835.209851324859,825.0184469798143,832.2980215119891,13527906
2025-01-08,822.252197265625,830.6722262669281,816.9380725391129,829.0221775951162,19738190
2025-01-09,809.3916625976562,819.6801043914131,804.6841687860751,817.3263871062876,40420222
2025-01-10,804.0289916992188,812.8372885629307,802.6944030605147,810.9445873725031,17453280
2025-01-13,791.4596557617188,799.1760171914914,788.2809435229427,795.9002084068898,21669066
2025-01-14,799.1031494140625,803.7620652641559,794.4442335639691,795.8516298211142,26661432
2025-01-15,797.3803100585938,806.9165047926833,794.1045016943054,803.9076378434971,14022892
2025-01-16,801.7481079101562,805.873200199019,797.2832665938832,802.1363163454865,21212454
2025-01-17,794.3229370117188,800.9958805790999,790.31917087129,797.5987456720695,23112076
2025-01-20,801.3598022460938,806.0672365854673,789.1058522041777,789.1058522041777,17557618
2025-01-21,797.0648803710938,806.115829748555,792.5272908307279,804.756952160241,31158144
2025-01-22,808.5423583984375,811.3813805875693,788.8389294808721,797.0648841596673,30619306
2025-01-23,807.9842529296875,818.7094808723397,801.359828269384,818.7094808723397,34909158
2025-01-24,800.6561889648438,810.6049411699597,798.0840488445496,805.6062761215885,24236200
2025-01-27,790.9500122070312,797.6471848113616,789.1058297447998,796.4339224655055,22804166
2025-01-28,810.6534423828125,817.3991933860295,799.2972941154203,799.2972941154203,30179312
2025-01-29,814.0020141601562,815.8704263644069,809.9011517987993,812.8857890816031,12619890
2025-01-30,820.8933715820312,823.9993352943973,811.696865930955,815.7976693049923,25744846
2025-01-31,824.4118041992188,827.2993450265934,817.2292670650723,818.830797136207,15821686
2025-02-01,820.6264038085938,831.3274019434516,813.3954072501344,823.8051750140157,5587528
2025-02-03,814.341796875,818.6125046075882,807.2805853688532,810.4593568422229,20276540
2025-02-04,835.161376953125,837.5393832746403,815.3366797744094,819.5345205841194,28616502
2025-02-05,843.363037109375,846.4689416589049,834.1907609306318,841.0335494558958,23675506
2025-02-06,846.299072265625,848.7984047453597,836.6657803207547,842.2467875560731,26760716
2025-02-07,840.9122314453125,857.5339275509261,837.1511177279839,849.2837426225924,23509600
2025-02-10,832.6619873046875,836.3988118099606,829.1435263354559,833.4142336911924,17195950
2025-02-11,825.6979370117188,830.3568531530897,819.5345279806279,826.4744131617251,22724704
2025-02-12,828.3185424804688,830.8421046157138,815.8946879155817,821.6213102303759,22809570
2025-02-13,823.9022216796875,831.9340426083429,821.8882534526111,824.5331418355402,12602434
2025-02-14,822.5191040039062,825.9405276867242,815.3123371576534,825.9405276867242,19959892
2025-02-17,833.4384765625,834.7245465784594,815.918979031997,817.8359099627821,12938946
2025-02-18,836.2047119140625,840.329803960056,828.003046468469,831.3516624481879,16350910
2025-02-19,838.2186889648438,843.4114874933574,831.0604409265417,833.2686021535318,11884112
2025-02-20,818.758056640625,832.152462841255,817.884543182236,830.3568580312333,26390510
2025-02-21,821.378662109375,822.5676355898997,813.9777613134116,815.7491363030065,15680940
2025-02-24,813.9049072265625,817.3505604700815,806.1400281464854,815.8461269965818,20693646
2025-02-25,816.4527587890625,819.1947435645432,810.9930781817751,810.9930781817751,24138708
2025-02-27,825.3580932617188,830.235431637752,816.5498559350805,816.5498559350805,35786800
2025-02-28,840.7423095703125,843.0960267361039,817.7388430279666,817.7388430279666,54516728
2025-03-03,825.7706909179688,845.9108470636534,822.1551333662954,844.3336059197142,21205364
2025-03-04,829.8714599609375,831.9582949310542,821.7426020928991,824.0478005927906,19920958
2025-03-05,820.1654052734375,830.2597724194886,819.316121569752,825.9647760106438,21583872
2025-03-06,820.7477416992188,824.9699304836942,811.5512362127743,818.7094845214233,32966088
2025-03-07,819.8014526367188,825.576593853863,814.1476376668198,816.2829914666041,13372914
2025-03-10,818.9521484375,824.969941998729,816.7925649870414,819.6801059027778,15604050
2025-03-11,817.9815063476562,822.1065984888339,810.4835684463997,816.4770728267864,19898430
2025-03-12,830.4296875,833.9966675086949,820.9177210630354,820.9177210630354,18784106
2025-03-13,828.2214965820312,835.112863088808,825.0427843943695,832.8076643515269,15736264
2025-03-17,830.0656127929688,836.6657483797172,827.4449541690359,827.4449541690359,18950652
2025-03-18,830.0656127929688,830.0656127929688,830.0656127929688,830.0656127929688,0
2025-03-19,846.42041015625,849.7690263917825,840.6452690024086,842.004146653194,15221406
2025-03-20,858.3831787109375,860.9310298420936,848.9440205977578,851.2249302948321,17833978
2025-03-21,859.1596069335938,860.9795004972574,851.9771292137973,851.9771292137973,33508264
2025-03-24,873.5489501953125,875.6843039218336,860.7611760226637,863.3575457763671,17393736
2025-03-25,883.9586791992188,894.7567143577081,874.2768691244298,875.9269178059026,39101416
2025-03-26,876.7277221679688,886.8948376499686,874.5195608455505,885.681575218163,24478442
2025-03-27,885.8513793945312,893.4464137168152,872.626819495681,873.5489107497378,41658100
2025-03-28,887.2345581054688,891.0199607200933,876.3880034384333,887.6228257936006,28773648
2025-04-01,857.9464111328125,878.3535095734435,856.7331486628899,874.5195883202217,28511006
2025-04-02,872.0444946289062,873.16066049231,859.3294691298255,859.3294691298255,11573564
2025-04-03,871.0496215820312,875.490173946712,862.3869396359797,864.3766781830471,11250038
2025-04-04,881.9447021484375,893.9074216754443,878.9357759381479,879.8578671839032,33540454
2025-04-07,853.0205688476562,863.7700863708694,843.5571214137302,855.4956717234414,37995450
2025-04-08,858.5773315429688,864.8134887917699,849.4293443655757,856.5633039940931,35563872
2025-04-09,856.5632934570312,861.4163432783175,850.982286162552,856.5632934570312,22454608
2025-04-11,876.82470703125,882.9638264173292,861.2949488328275,861.2949488328275,32775766
2025-04-15,905.0452270507812,910.8203678930464,900.240696123474,905.0937456982635,49298344
2025-04-16,911.4027709960938,914.2175636339349,902.9099336731801,914.2175636339349,19136820
2025-04-17,925.3309326171875,931.6398970227459,910.7717839889756,913.3439239431574,35703084
2025-04-21,935.231201171875,946.6843866809207,926.9324979858176,933.7267676045618,34247298
2025-04-22,952.0227661132812,956.3419923313835,939.0651467003056,939.0651467003056,45961750
2025-04-23,933.6782836914062,960.3700581866361,932.0282348743439,960.3700581866361,30570642
2025-04-24,930.2325439453125,933.6781972127433,924.5544405338061,926.9324466168475,25931754
2025-04-25,927.5148315429688,938.094503546439,918.099962552793,934.1150265036636,18500878
2025-04-28,931.882568359375,936.4929655182809,926.156005327847,927.5148236825167,13920492
2025-04-29,926.3501586914062,936.0562581779409,922.1764885191324,931.2032084346736,18918308
2025-04-30,934.2120361328125,939.9871769317172,927.0780770079656,928.3883766867898,31936870
2025-05-02,932.7076416015625,942.4137410838799,931.7855503024763,936.5415627453439,17840404
2025-05-05,939.9386596679688,947.3152712805899,937.754787372496,941.0063068714467,15068024
2025-05-06,937.463623046875,941.5401968005327,933.872413523286,936.6386282625547,17490156
2025-05-07,944.2094116210938,945.7138452974749,932.9503591331654,938.5798853771296,21420778
2025-05-08,935.91064453125,948.6741890736062,931.348765916796,948.6741890736062,34803430
2025-05-09,917.080810546875,931.3002703673066,915.6734734771652,926.9810441332826,17188796
2025-05-12,949.8388671875,951.149226156264,928.0487213449755,930.6208021509265,18618972
2025-05-13,933.04736328125,952.0227765695508,931.7855821536832,946.3447318748346,24242102
2025-05-14,927.2236938476562,936.7356597192896,923.5353878045329,932.8047011833116,15445308
2025-05-15,938.4827270507812,943.8210814498384,920.6234813646776,928.6310129632633,32241458
2025-05-16,938.9194946289062,943.3358172154161,935.8621088859327,938.4827675522878,15868010
2025-05-19,940.8607177734375,943.9181627683963,937.1238932163359,940.0357230243618,10202964
2025-05-20,929.3104858398438,938.8709699179398,928.3883945615378,935.7164876572758,23879090
2025-05-21,935.0856323242188,944.8402502940019,932.3193584728106,935.1826696209016,15132040
2025-05-22,931.7369995117188,933.8237752836327,924.6029810935157,929.4560306672615,21306670
2025-05-23,938.3856811523438,940.0357299039,929.1163680438908,931.8340640363383,9566072
2025-05-26,941.588623046875,946.2961165204464,935.1341028748952,939.0650610496285,10802860
2025-05-27,934.8429565429688,945.3740503477449,929.989907003196,937.415037254252,26162148
2025-05-28,933.484130859375,938.8224856498367,930.6693382733266,931.8826007257043,18157594
2025-05-29,935.4253540039062,941.8799339693113,925.6222170514742,935.6680064952172,28917794
2025-05-30,943.86962890625,945.7623300992254,934.406182182701,937.560664423884,28748078
2025-06-02,937.6577758789062,939.5504772215758,925.9619372617597,936.6871658817765,14668822
2025-06-03,934.0179443359375,947.3153125176999,931.7855532960983,940.5210428582492,24377584
2025-06-04,942.0740356445312,943.0932235303936,932.2223797589662,932.2708984103567,12961542
2025-06-05,946.1505126953125,950.6638723983343,941.5886343458625,945.3740366284826,22255418
2025-06-06,960.27294921875,968.8143643397722,942.8019697752012,943.4328899516395,30127008
2025-06-09,960.3700561523438,968.1834546397668,958.9141411829606,968.1834546397668,13202588
2025-06-10,953.7698974609375,962.2627345803987,951.7315810074685,962.2627345803987,15533126
2025-06-11,946.5388793945312,954.8861016587219,944.8888305540286,954.8861016587219,11096394
2025-06-12,943.1417236328125,951.6830795561876,939.2107650861756,946.3447246989118,16349130
2025-06-13,930.620849609375,938.0945584051007,928.3884584733355,931.7855934494534,12117762
2025-06-16,939.2592163085938,940.957783641244,931.8340268436207,933.7267280054107,16513746
2025-06-17,936.4444580078125,942.268117646221,931.3487558242051,940.0357266330969,16978736
2025-06-18,938.5313110351562,939.6960548333931,930.329645039179,930.329645039179,18433816
2025-06-19,939.210693359375,944.7917002839463,934.5031997999406,938.5312545811619,16876220
2025-06-20,953.4786987304688,956.0023202459611,937.415115265286,937.415115265286,32900408
2025-06-23,945.5681762695312,950.1785732937573,942.3651754483343,945.5681762695312,11739518
2025-06-24,951.634521484375,960.4185295373859,949.0623814631601,953.6242600004867,22625322
2025-06-25,961.0009155273438,961.8744882040819,953.0904797513926,954.1096083800328,18405932
2025-06-26,981.1896362304688,983.7617170900772,960.9038642878594,961.5833031108746,50084830
2025-06-27,988.5983276367188,991.0024945345428,978.0494846238399,987.666092322087,28213384
2025-06-30,982.023681640625,988.0586250503452,979.0798184930638,986.9301202198938,13649020
2025-07-01,987.2244873046875,989.138010315157,983.250284063281,983.740927917604,14389386
2025-07-02,974.418701171875,991.0515399227539,970.4444979040134,991.0515399227539,18878250
2025-07-03,974.9583740234375,985.2128423794024,973.584607191008,978.7854199779471,16860506
2025-07-04,976.037841796875,983.0049605598704,971.4748300017685,974.9583893832662,7863944
2025-07-07,975.1055908203125,980.5026731224453,973.3392849545877,975.8906089947405,11349426
2025-07-08,981.974609375,983.740915249207,970.0028875050783,970.0028875050783,15224316
2025-07-09,986.7828979492188,988.058619887602,980.3554754225707,984.7222177139129,13861428
2025-07-10,984.3296508789062,989.6286283244265,981.2876830187669,989.1379844829171,17030310
2025-07-11,973.2901611328125,983.6427940678678,971.9163943170895,980.3063919997392,12516922
2025-07-14,972.94677734375,975.7434233970494,966.8627814826074,972.94677734375,13088850
2025-07-15,979.079833984375,983.0540373178538,968.0403470063502,968.0403470063502,14498168
2025-07-16,979.4723510742188,992.4253009235872,977.6569328760377,990.1192987637652,17994612
2025-07-17,974.8602905273438,983.6428275379242,972.7995503940688,983.2502884954769,22529158
2025-07-18,960.3862915039062,979.8157761377424,958.2274465683581,974.8602851924708,16129446
2025-07-21,981.5330200195312,982.2689857931025,969.7575676423911,970.5916382285527,22309078
2025-07-22,984.771240234375,990.1192700741381,982.7596124670459,987.7151032772119,14836814
2025-07-23,993.2103881835938,995.9089294093236,982.7596500249109,986.6848008986999,13634916
2025-07-24,988.2548217773438,999.7849522880986,985.4091233743482,999.7849522880986,19107176
2025-07-25,985.9922485351562,991.1076548914018,983.237817433207,991.1076548914018,9306598
2025-07-28,987.9105224609375,994.2555908496133,983.9756037755068,985.205265864704,12059580
2025-07-29,994.3539428710938,996.7640925817828,981.9097985152405,983.6804999207345,19895696
2025-07-30,996.4197998046875,999.764444634085,992.091365270063,997.5018784172968,15154036
2025-07-31,992.6815795898438,999.1742313953042,987.664582321978,990.9108782036614,22183032
2025-08-01,989.7304077148438,997.6494796779898,988.3040477115343,990.6157884442932,11317258
2025-08-04,979.7947387695312,992.8291567300697,977.8764539291843,988.6974801605747,13933946
2025-08-05,972.7118530273438,980.975205994727,966.7603007320947,977.0894619202779,23978058
2025-08-06,976.499267578125,977.8272785976125,968.9737116887809,969.5147509914575,14080204
2025-08-07,981.4671020507812,984.5166400056098,972.3184281442016,973.9415460716062,13081186
2025-08-08,970.8920288085938,980.1882863803764,968.9737439061473,977.3846207407715,13895264
2025-08-11,981.5654296875,982.5491593344192,970.4984711596596,971.8757166821836,9105854
2025-08-12,968.924560546875,981.7622208654035,967.7440729221851,979.7455870293594,12937802
2025-08-13,974.0399169921875,980.7784409396806,968.5309950398891,980.7784409396806,13577396
2025-08-14,979.35205078125,981.7622004561191,969.5639286580633,972.908633518138,17511716
2025-08-18,985.5003662109375,996.8132573563983,981.5654475516468,988.6483131467888,19284796
2025-08-19,979.35205078125,986.7300232295675,977.1878335213248,982.8935135816985,12352438
2025-08-20,977.9256591796875,979.7947696044055,973.4005266300795,977.3354453835109,9950228
2025-08-21,979.4012451171875,982.5000176251586,975.4663263982883,982.5000176251586,12439850
2025-08-22,966.317626953125,981.7621945267439,962.6286407512459,978.7618310909676,19833502
2025-08-25,966.0717163085938,972.6135426708398,962.5794879672083,964.1534314319724,17518044
2025-08-26,957.5625,969.6623631247153,952.2503356808104,963.5632270654481,16917731
2025-08-28,942.2162475585938,956.3819785474136,939.4618165446824,951.2665723546679,25438255
2025-08-29,936.1171264648438,947.6267755693488,934.6415319653455,938.4781016808785,14823813
2025-09-01,935.1333618164062,941.8719458039564,930.9525108908947,934.1496321868741,20178344
2025-09-02,929.1326904296875,939.2650942089082,928.6408255856272,935.5269334024698,14196320
2025-09-03,938.9207763671875,940.740652202688,924.7058709175366,929.6245191670979,16083481
2025-09-04,945.610107421875,949.9877162864987,940.6914592688354,944.5772033181551,17597657
2025-09-05,947.7251586914062,951.7584261964354,938.5272505370174,951.7584261964354,11602111
2025-09-08,950.2828369140625,957.3165278914954,944.823149393627,953.2340258485783,11711307
2025-09-09,949.4467163085938,958.5462157684692,947.0365666053971,958.1526998830964,13985539
2025-09-10,950.1845092773438,958.0543466125587,946.0528326679372,958.0543466125587,18091100
2025-09-11,952.0535278320312,953.4799478098324,944.2820997482355,944.6755555766032,15113633
2025-09-12,951.5617065429688,954.9555859441327,946.5938836721522,954.1194397337725,14363519
2025-09-15,951.3157348632812,956.5294899386951,949.2991011128589,953.824233432933,14486377
2025-09-16,951.1190185546875,953.5783427584718,945.560981879392,945.560981879392,18661794
2025-09-17,950.7747192382812,958.5462075924,948.6596764461077,949.4467082101403,17361476
2025-09-18,961.0055541992188,963.7108108355188,953.4799980850369,957.4640913046234,17791598
2025-09-19,951.168212890625,960.8087513537787,946.4462625851606,959.0380500102757,31243267
2025-09-22,948.5121459960938,955.3982535857159,946.298754270858,948.315388056543,10854415
2025-09-23,941.6260375976562,952.447063800625,939.9536851760515,951.2665762064279,21022298
2025-09-24,935.5761108398438,940.8882751893465,927.6570988338277,936.7074240016012,15117220
2025-09-25,934.3955688476562,942.4129893816753,931.9854792780051,937.0024763946197,31413279
2025-09-26,929.6737060546875,935.9695999150294,925.9847198182591,929.7228805294212,14874656
2025-09-29,934.8382568359375,941.232499440892,923.8204729543667,930.6574059019287,32398179
2025-09-30,935.5269165039062,944.3804835370663,930.9033750448373,942.4621986714628,28296687
2025-10-01,949.5450439453125,953.8242439027433,930.6082481971154,937.1992488555558,25350832
2025-10-03,949.4467163085938,951.0206597658967,936.5106471136629,936.5106471136629,26658296
2025-10-06,957.6116333007812,961.4973774003239,946.3479168763192,956.0868643620497,18542683
2025-10-07,966.514404296875,973.7447933808842,955.201513050652,958.1527020714059,25535736
2025-10-08,962.7762451171875,969.8591107869768,958.6937429483099,960.1201629857547,15939710
2025-10-09,961.2022094726562,963.0713198098597,954.3653364923583,958.6445364195181,15370950
2025-10-10,964.9404296875,970.1541847807785,962.1859386567031,963.0713193511867,13757080
2025-10-13,961.1038818359375,965.0388004923793,956.1852335153851,958.4477997344204,18634254
2025-10-14,961.25146484375,964.4977607253469,951.2665847409552,954.2177737318785,22934382
2025-10-15,962.3335571289062,968.8753835018975,957.5132576917447,959.1364356766506,23310447
2025-10-16,978.1715698242188,980.384961573746,965.5306676270898,966.6619807603523,22936566
2025-10-17,986.2381591796875,992.5832274986775,969.9574453059425,977.7781081157631,25210511
2025-10-20,986.6316528320312,1003.4042311581684,980.7784494751901,980.7784494751901,22195202
2025-10-21,991.3043823242188,993.5669485153896,987.664570603417,989.6320299074079,3471600
2025-10-23,992.386474609375,1003.8961237048558,989.6320435542233,999.4693402098319,43526526
2025-10-24,978.5650634765625,995.4852253636408,975.1711841959709,994.5506701933195,17707768
2025-10-27,986.6316528320312,992.6323796093756,979.9914777728962,980.286584655995,15700796
2025-10-28,987.2218627929688,991.5994716753507,978.8109864255694,981.4178939740924,33904289
2025-10-29,991.451904296875,996.0262711888014,983.729650556841,988.5499498614066,17769445
2025-10-30,981.9097900390625,993.0750977302371,980.8768258561881,983.7296659041476,19962917
2025-10-31,971.2362670898438,988.1072545286754,965.1863657946757,977.8272677237645,23221330
2025-11-03,976.499267578125,978.3683179002891,967.3013592642496,968.9737116887809,16607180
2025-11-04,969.2196655273438,980.7784892471573,967.6948965344255,970.9411924643373,20024544
2025-11-06,968.6294555664062,974.9252895070431,958.1527104344483,965.0388182096445,22279516
2025-11-07,966.317626953125,968.8753600783504,958.8904800750938,964.0550607577244,15004568
2025-11-10,968.4818725585938,974.8269410200376,964.2518469316628,966.3176552483678,15988262
2025-11-11,975.564697265625,977.3353986115102,962.0875891716729,967.4981021987119,10200530
2025-11-12,973.4005126953125,982.7459446009269,971.629811290036,982.549186657653,13137263
2025-11-13,970.596923828125,973.9907432290495,966.6127705451346,967.990016129637,14124839
2025-11-14,973.4988403320312,975.5155341538173,960.169315545859,960.169315545859,21386965
2025-11-17,980.3357543945312,981.7129998984626,969.5639028977658,975.121999344663,18396408
2025-11-18,976.302490234375,982.7459073482096,973.8923406153428,981.4178963551165,20002640
2025-11-19,978.41748046875,980.3357652840727,967.9899702531849,973.8923481205824,19813847
2025-11-20,992.4356689453125,995.1409255797437,976.3025381325072,979.106143718625,19850865
2025-11-21,981.8114013671875,991.8946306513916,980.3358068377918,986.7792242744008,17499897
2025-11-24,982.8934936523438,994.9933562138265,977.4337461176169,983.7296398293618,32204053
2025-11-25,973.6956176757812,989.7303993265384,972.3184321597589,987.6645910314578,24989383
2025-11-26,987.5662231445312,990.566586579224,965.3338969506472,965.3338969506472,19494356
2025-11-27,993.0750732421875,1000.2562876177888,984.7133712881919,985.7954498771661,25536848
2025-11-28,991.2059936523438,995.583602701878,987.8613487922537,990.615779865885,15988807
2025-12-01,985.7954711914062,1000.9449320171519,983.0410401436599,1000.9449320171519,16746566
2025-12-02,973.6956176757812,978.2208101938114,968.9737272569581,971.9249162739843,27316662
2025-12-03,984.2214965820312,985.9921979107919,969.957416921422,969.957416921422,15448777
2025-12-04,980.9752197265625,988.3531921071142,976.8435431850351,983.7296507402166,14528169
2025-12-05,986.9759521484375,991.5994935414243,974.0891176678615,975.8598190407668,12843366
2025-12-08,986.7791748046875,990.1238795871441,981.2703128546212,983.7296369469886,12901022
2025-12-09,980.8768310546875,986.4841021884776,977.82729309106,978.7126738119038,15294322
2025-12-10,973.6956176757812,982.2540778335763,969.2688341502419,981.2703481612342,15322830
2025-12-11,984.0247802734375,986.3857555063869,972.4167821359742,973.892376646044,11844809
2025-12-12,985.2052612304688,988.3532081724247,981.9589653386773,986.6808557305643,11988618
2025-12-15,979.89306640625,985.5003373398883,975.8597989154725,975.8597989154725,9790060
2025-12-16,978.1223754882812,982.4508099496376,973.9906989646398,973.9906989646398,20049088
2025-12-17,967.989990234375,979.7947462128429,964.8420432983647,979.7947462128429,19080922
2025-12-18,963.7599487304688,971.334679033018,957.464054962666,957.464054962666,14912404
2025-12-19,969.465576171875,971.9249003123414,962.7762265182249,970.9411706561548,25952384
2025-12-22,971.6298217773438,976.745228147207,967.8916609831689,971.9249286743926,13540411
2025-12-23,980.3849487304688,982.647574967353,971.6297908389565,974.3842218605324,17927849
2025-12-24,980.9752197265625,983.1394369666097,976.8435431850351,976.8435431850351,13699996
2025-12-26,975.9581909179688,980.9752483081762,971.6298163538564,979.7947606844748,9360853
2025-12-29,975.564697265625,981.1719682293385,971.1379138798658,976.9418827381613,13545749
2025-12-30,974.7777709960938,978.8110386964976,966.219310709625,974.0891482066822,33155849
