Price,Close,High,Low,Open,Volume
Ticker,HDFCLIFE.NS,HDFCLIFE.NS,HDFCLIFE.NS,HDFCLIFE.NS,HDFCLIFE.NS
Date,,,,,
2021-01-01,665.80029296875,668.1556825077911,662.4634162448158,663.9355571698043,1264311
2021-01-04,682.926025390625,684.6435228201926,667.7139053001682,667.7139053001682,5031655
2021-01-05,700.49365234375,701.7204363233362,677.4301135275284,678.2643026730225,6955494
2021-01-06,705.6951293945312,707.1182106398356,692.29868570294,699.7575075450421,3582162
2021-01-07,691.2191162109375,710.3569452606739,689.4525593558889,706.6275341441138,3284785
2021-01-08,703.6832885742188,708.5413650990811,694.9485627052113,702.1130290456957,2841346
2021-01-11,711.6328125,717.4232567269567,702.4074331013557,707.5108663333506,3216546
2021-01-12,705.0573120117188,713.4975618223071,700.9353058640698,713.4975618223071,1607350
2021-01-13,700.0029907226562,711.2403447902802,695.3902706366347,705.1064244369446,2639680
2021-01-14,693.7708740234375,705.2044643425554,689.5016299939841,699.7575556582066,1995368
2021-01-15,691.7588500976562,703.6832130237433,689.1581042889198,695.2429641363817,2417123
2021-01-18,681.0613403320312,696.1262221862356,676.2032642615969,689.9432435063899,2381523
2021-01-19,685.5759887695312,688.5202704991848,680.8160906005506,682.0919340364209,2016585
2021-01-20,689.8941650390625,698.6288299477252,686.9989432265825,686.9989432265825,2495461
2021-01-21,687.48974609375,698.6780400122174,686.0176053098234,696.8133043919522,2254977
2021-01-22,674.633056640625,695.6355620138465,671.3942990774739,689.6488802727715,2644349
2021-01-25,667.7631225585938,686.5083590083456,653.2870706709982,682.0919363985707,3532317
2021-01-27,670.16748046875,682.091843857969,660.5495067371073,672.277572723322,3629780
2021-01-28,659.3228149414062,670.363871510131,657.6543766351525,666.8798167509799,1964058
2021-01-29,665.3585205078125,672.2285102706159,655.7405468201993,661.1383959195447,4598451
2021-02-01,686.0667114257812,700.0520498258054,656.0841207309551,665.7020958608339,8383807
2021-02-02,668.4009399414062,698.7761218240412,661.9726041717918,697.3039811179511,6702065
2021-02-03,676.3995971679688,682.0918626021788,666.3890283552222,672.2775911978309,2902411
2021-02-04,667.7631225585938,677.8227518364145,665.5549112537063,672.5230207440584,3379697
2021-02-05,668.8916625976562,672.2285388707517,659.9116401094401,669.9221491256077,2759333
2021-02-08,671.3452758789062,678.5588018655504,664.6715827829195,673.1118328893787,3887493
2021-02-09,691.8080444335938,697.009596516988,675.1728417212389,675.9089121076124,7331068
2021-02-10,705.6951293945312,710.4550866700974,696.8132263071246,696.862285680779,8514545
2021-02-11,700.935302734375,712.9577856687594,697.107712778314,707.608995566619,3044979
2021-02-12,697.7456665039062,706.6275705140835,695.0958011341662,700.6899480477149,1760221
2021-02-15,682.3372192382812,704.0267350765301,681.3067327213615,700.2482645473049,3871100
2021-02-16,682.4353637695312,690.9247328137335,674.1914114212132,683.465910226937,3066134
2021-02-17,690.0413818359375,698.2853935773757,680.128991917247,683.0732732675382,3533494
2021-02-18,700.19921875,702.6527866481347,688.961865796231,690.4340065351117,2949918
2021-02-19,697.4512329101562,710.0134885363369,690.0414099553911,702.0148332481415,3787638
2021-02-22,677.7735595703125,700.3955030901523,675.2709323412355,697.7946972060462,3110151
2021-02-23,692.5932006835938,699.6103693610889,677.332019402838,680.619776627073,4693570
2021-02-24,705.4498291015625,708.099694408142,684.0547290401594,698.8251957858938,2362499
2021-02-25,719.8768310546875,730.1818163663088,707.6089913979955,710.5532729156016,5635556
2021-02-26,687.636962890625,717.3251344493669,681.0613889452362,712.4670580321699,13122512
2021-03-01,692.1514892578125,700.2482631484569,687.1462348133103,698.0891114639733,2210665
2021-03-02,707.4126586914062,714.2826485564202,693.1329060237247,701.6713339791249,2446910
2021-03-03,713.98828125,717.9139900128866,707.7071232687567,710.5532860824743,1714037
2021-03-04,707.1182861328125,714.9697036054878,699.7575822521795,707.6089997248547,2122634
2021-03-05,703.9285888671875,711.2892921317451,698.0890856303272,709.5717947033484,2140241
2021-03-08,709.5227661132812,723.2627461366045,701.7204083340108,708.4922795918438,3203722
2021-03-09,726.452392578125,732.1446581004708,718.4046779216417,718.4046779216417,5412952
2021-03-10,717.7667236328125,732.1446553698004,711.6328039329985,729.347611947309,2422642
2021-03-12,697.5984497070312,726.0598388304597,696.8133199184217,726.0598388304597,3271450
2021-03-15,691.0719604492188,701.7204212019388,682.582591532795,698.7761397143782,2394116
2021-03-16,689.992431640625,697.4021955643556,686.9990904411591,694.5560924163252,1619213
2021-03-17,676.9883422851562,693.9670176472533,674.7310721332389,693.3781853994666,2100094
2021-03-18,668.2047119140625,686.262997077735,662.5615052881104,682.1900500740306,2124421
2021-03-19,675.6636352539062,677.1848355854148,661.334760762897,667.3215032213323,3146999
2021-03-22,667.2232666015625,681.8465560315951,665.6530070218488,676.6450037845348,2585880
2021-03-23,670.8546142578125,676.6450592480718,668.0085110485953,671.1490304654462,2207365
2021-03-24,663.9354858398438,674.0932331703389,662.5124044515969,666.585351200448,1735370
2021-03-25,654.6119384765625,664.9659833941927,649.7048025059736,663.9354968206815,2743208
2021-03-26,659.224609375,664.2298637331396,654.1702357395479,659.9116203402398,1761492
2021-03-30,674.9765014648438,680.423409997989,662.4633056906863,662.9540192504572,3467882
2021-03-31,683.2695922851562,684.8398517610274,668.3518876581428,675.221877692808,2368424
2021-04-01,678.1661987304688,691.2682279580516,669.6277700657059,686.8027461551172,3443437
2021-04-05,669.4805297851562,685.0361255816525,663.5428478241269,684.9380068308741,2074674
2021-04-06,684.2019653320312,688.0294952970676,667.9102386118293,673.7006827891803,1427470
2021-04-07,686.8517456054688,691.9061192313992,682.2881454408346,691.3663462959983,2890361
2021-04-08,688.4220581054688,692.8875394744616,684.3491116394366,686.9989768160384,1817393
2021-04-09,681.944580078125,690.1395321070245,677.6753962563931,686.9989534822233,1586783
2021-04-12,674.5348510742188,677.1847162921954,666.9778502309363,672.2775806668897,3457470
2021-04-13,692.9857788085938,697.5003802398874,672.2776871504266,676.3506343251765,4171978
2021-04-15,681.5521850585938,700.4446601565229,675.2219671363767,699.9048871340384,2566125
2021-04-16,677.8226318359375,688.274794221034,676.3013719517505,681.601102105852,2784995
2021-04-19,653.5814208984375,671.7378231283126,649.2631174885462,669.382374013543,4936620
2021-04-20,672.473876953125,676.2032880418395,657.6542914484286,657.6542914484286,5373233
2021-04-22,666.4381713867188,670.1185236253261,659.51912115845,659.51912115845,2526780
2021-04-23,673.6025390625,678.5587943754117,663.7882669998043,666.3890730570438,3140377
2021-04-26,691.3663330078125,694.9976252603955,674.4367155222218,680.1289807254715,3274660
2021-04-27,666.1436157226562,705.6460548133921,664.4261183708852,697.8436977207497,10860187
2021-04-28,660.10791015625,669.8240633879975,658.6848886388002,669.8240633879975,4011121
2021-04-29,662.1198120117188,668.695325611177,659.6662442801131,665.407568811448,3939217
2021-04-30,652.7471313476562,665.4075647256244,648.4288881074793,657.5561480326967,2742166
2021-05-03,659.4208984375,661.9725849600442,644.944848581072,647.7418918808438,4908079
2021-05-04,655.4461059570312,668.2046590586701,653.1397760877437,664.4261884468858,4118750
2021-05-05,661.87451171875,663.2484738247608,654.6119266528318,657.6052675605123,2249063
2021-05-06,659.3228149414062,667.2724116118275,656.57483062017,659.51911237183,2269126
2021-05-07,660.156982421875,667.8611614255286,658.5866630742086,665.4075936025105,1913550
2021-05-10,667.4194946289062,673.2099385424655,657.8015209246793,657.8015209246793,4342679
2021-05-11,658.7830200195312,668.8426490030697,657.4581172359833,665.407653740398,2430724
2021-05-12,656.3784790039062,661.4328528876297,652.747186496319,658.7829875495762,2428984
2021-05-14,658.14501953125,667.2723399017583,654.0230734431536,667.2723399017583,1580599
2021-05-17,653.9248657226562,662.7577096357985,650.5389302423071,659.1264173800843,2453864
2021-05-18,654.3175048828125,660.3041866469599,653.6304938849037,657.1636077290626,1809231
2021-05-19,653.7777099609375,659.1264399256048,652.6490447950295,655.5933262001198,2252486
2021-05-20,655.1027221679688,666.3891361079412,653.3361650098519,656.5748631166608,4316905
2021-05-21,658.2431640625,662.3651698384654,654.6118718336364,656.5747260220431,1629616
2021-05-24,657.8015747070312,660.7949156589925,654.9554118927691,658.2432289232529,1785392
2021-05-25,646.90771484375,661.4818837218045,644.895741311777,661.187467563961,3425396
2021-05-26,646.269775390625,654.023073801645,644.944872704662,651.176911118724,1938680
2021-05-27,651.7166748046875,654.6118968234235,645.1411010421915,648.7723934096796,3565457
2021-05-28,656.5257568359375,661.8745472144313,650.4408960356757,652.6491073009797,3030073
2021-05-31,653.5324096679688,658.2432483430025,650.1464737791257,658.2432483430025,3123672
2021-06-01,652.8944702148438,658.4886174529163,651.3242105943441,656.1822275021993,1731330
2021-06-02,663.3466796875,665.358593501299,650.588125871182,651.6676718488604,4979822
2021-06-03,665.8493041992188,670.6092022184913,664.0336279154332,667.1251475949613,2861563
2021-06-04,668.2537841796875,675.9579635054778,665.0150265966341,666.1436918030389,2532605
2021-06-07,667.468505859375,671.7868087954527,662.4632519166261,669.6276573274139,1746210
2021-06-08,676.890380859375,679.147651535901,668.351951872758,671.3452929808619,3425861
2021-06-09,672.1795043945312,683.9566306395405,668.8426279978206,682.0918950234561,3041695
2021-06-10,676.4486083984375,678.8531167016736,671.541473045529,676.203251630792,2217208
2021-06-11,669.9221801757812,677.3320034284549,668.8916936000679,676.4486949912364,1716481
2021-06-14,669.0388793945312,672.277576908817,661.7762947490538,669.9221278612141,1151855
2021-06-15,679.6873779296875,681.1104593134644,667.6648950383475,668.6953815915788,2613877
2021-06-16,679.2948608398438,685.1343047620255,677.1847683979787,683.2696290218672,3092360
2021-06-17,687.2933959960938,690.7774502706962,669.6277079430089,673.2099408699518,3796926
2021-06-18,696.0281982421875,697.7947552625394,679.7364704062308,690.9247647043991,6580504
2021-06-21,705.4007568359375,706.6275407608696,691.5135388450831,694.1143447265625,6100487
2021-06-22,703.4379272460938,710.5532742604421,700.0029321357187,706.6275655628706,2451368
2021-06-23,704.4193725585938,710.2098169972344,703.0453505184397,707.6090109575007,1893116
2021-06-24,706.2349243164062,709.0320275205277,698.8251616170462,701.7203835715338,1652982
2021-06-25,712.4671020507812,717.9140111392626,704.9591598601962,708.5904525530384,2833717
2021-06-28,683.2695922851562,714.4789636051805,681.3067379895376,714.4789636051805,7428147
2021-06-29,673.749755859375,689.4525906645462,667.4195385982282,667.615836013605,30820343
2021-06-30,675.5411376953125,684.7445975362763,674.2615292904278,679.1831462925478,3432606
2021-07-01,674.9998168945312,681.742408606146,672.0960506537981,678.6910298924962,2556547
2021-07-02,676.722412109375,679.2324250404401,668.2079897293178,678.5433865688065,7942326
2021-07-05,667.2728881835938,680.1675012969632,666.1408921891749,679.1831778508026,6776797
2021-07-06,669.3892211914062,676.2302819105364,664.4183992570772,667.9619400217782,6442552
2021-07-07,674.45849609375,675.0490661815714,667.3713546481896,669.3400017120485,3025732
2021-07-08,670.6195068359375,678.4940938766139,667.7650050806911,674.5568003562757,3568036
2021-07-09,672.5390625,673.2281009975563,666.3870403402854,669.3400109769484,2570371
2021-07-12,672.2437133789062,675.8857221659973,669.4383554944567,673.7694027134303,1383135
2021-07-13,682.5299072265625,683.6618431519788,672.8342851549389,675.7380513607213,3119430
2021-07-14,677.7066650390625,686.122618144796,677.2145033360566,685.0890905841503,2303846
2021-07-15,682.7760620117188,688.5343308113271,677.3130181863531,679.1832569832962,2774718
2021-07-16,687.0577392578125,690.9950328925278,681.2994713483747,685.0398882856875,2000951
2021-07-19,668.0603637695312,685.5813098520201,666.3870018231408,685.5813098520201,2866929
2021-07-20,653.0494384765625,670.8164656463936,651.5729532256901,668.0603718604326,3629414
2021-07-22,651.7205200195312,658.9061291327521,650.7361965879486,653.590758570872,4062964
2021-07-23,654.9195556640625,657.4788325725758,651.4252195803548,651.7205045871706,2796725
2021-07-26,652.7048950195312,654.9688871537107,649.9980053688151,654.5751337186344,2503714
2021-07-27,658.266357421875,664.2215027331638,652.5080888312776,655.5594677278037,3512513
2021-07-28,654.4274291992188,663.8769704744875,650.7854804551598,663.8769704744875,2686658
2021-07-29,652.261962890625,659.4475121119197,650.6378051550457,655.6086265978248,1981009
2021-07-30,653.6400756835938,661.4654603326625,650.982389943374,654.0830333200212,2640763
2021-08-02,659.8412475585938,660.9240394775287,654.9688941975763,658.5124348380144,2613866
2021-08-03,663.2371215820312,664.4183217252097,656.1499808012953,661.465351406431,2936646
2021-08-04,664.7135620117188,668.9954047328164,662.1051411193237,665.4026003887343,3077649
2021-08-05,659.0045166015625,667.3712655053912,657.7249081966435,667.3712655053912,1985164
2021-08-06,662.843505859375,664.9105612931984,658.5124581867501,659.5459859036619,1749643
2021-08-09,656.5437622070312,667.3221163458877,655.5594387254615,663.5816991315901,1468932
2021-08-10,659.7919311523438,663.975305400388,652.9016676849768,661.3176203330233,2024406
2021-08-11,656.19921875,661.3669166008558,650.9822566664701,659.1029247178149,1361893
2021-08-12,664.369140625,665.3042599407323,654.9688634663298,656.0515952561229,1822952
2021-08-13,659.9888305664062,667.5681326571827,658.1185921009555,664.418285805107,1358720
2021-08-16,662.9910888671875,664.9105317294467,655.5594583742583,659.4967524185481,1058059
2021-08-17,658.9061279296875,665.9440044056525,657.626459408299,662.4496682455812,2151413
2021-08-18,660.5302124023438,664.5659744311838,658.0201997219879,658.4631572722467,1968944
2021-08-20,657.38037109375,664.2214308688227,645.7161626144415,653.590749963398,4035337
2021-08-23,658.3155517578125,662.25284579952,651.917448940038,659.4967519859925,2173978
2021-08-24,660.5794067382812,664.8612495560269,657.6264365515597,660.4809984300567,3051984
2021-08-25,676.7715454101562,681.1517965801315,662.4496518763417,664.5167069964801,7608915
2021-08-26,687.8944702148438,690.9951133445205,679.1832310651271,682.5299550756246,7671524
2021-08-27,693.0621337890625,695.9166958940788,687.8944355522252,689.3709207627502,3396769
2021-08-30,701.1828002929688,702.0195112900315,695.0307786013468,697.8853406975942,3023655
2021-08-31,706.4981689453125,707.7285732799438,693.0621295798037,701.1827981883705,3854510
2021-09-01,707.2855834960938,713.2407281888622,696.2119449886728,708.7128644749392,4991772
2021-09-02,747.1016235351562,763.4906357507638,708.713002562994,711.1246074346067,16281725
2021-09-03,722.88720703125,736.0279018085321,715.8000657704849,727.3658669690811,15600504
2021-09-06,724.51123046875,732.0905327053662,717.2764774709948,728.3993199354231,8084343
2021-09-07,722.7395629882812,731.7461474572655,719.1467580173367,725.446452737301,2891731
2021-09-08,731.9921264648438,735.2895858506453,722.3457090027981,727.4149985858459,3070612
2021-09-09,725.7908935546875,734.4529882366793,723.4777574092717,730.9093876635907,2867987
2021-09-13,723.3793334960938,731.0570444547429,712.1088178835133,725.3971845698302,2883674
2021-09-14,727.6119384765625,732.3366792301215,724.5604995994341,726.2338615542028,1974670
2021-09-15,734.6005859375,740.2112416732973,728.399360157234,729.2852753022732,3172198
2021-09-16,743.3118896484375,744.3454172724418,731.8444972340807,735.2896293663191,3209102
2021-09-17,736.0278930664062,747.6921024457522,728.3993859834712,747.1015323803441,11661592
2021-09-20,718.7037963867188,735.1912142966725,715.6031534648557,727.464239109782,1447672
2021-09-21,724.2651977539062,726.1354363796446,712.896273682541,718.2608486137345,1850978
2021-09-22,721.5582885742188,728.4485526818911,719.5404375297818,721.9028378266034,1150957
2021-09-23,713.2900390625,724.3144140569594,710.8784345030853,722.2473587650827,2336977
2021-09-24,714.4219970703125,719.8357764172027,709.4511753220177,717.4734360219272,2219394
2021-09-27,709.697265625,718.8022582838505,707.0395800764782,717.9656073141032,1906863
2021-09-28,714.4219970703125,721.8536276126484,710.18941796023,710.6815797190382,2407512
2021-09-29,723.231689453125,726.4307408185182,709.6972413687691,713.3392503234999,5200234
2021-09-30,711.0753173828125,728.3993868772053,709.4019554243188,728.3993868772053,3235673
2021-10-01,718.0147705078125,719.0482981403961,703.1022458374263,708.7129016578853,1852758
2021-10-04,715.2587280273438,721.8536477163713,713.6345701467078,714.0283235960563,1615207
2021-10-05,721.6567993164062,724.4128931055509,710.7307724003253,712.847091960356,2236948
2021-10-06,714.2744140625,730.0727951564577,712.6502561600801,724.462138858866,1939154
2021-10-07,713.97900390625,720.8692681863398,708.0238589369826,718.5561320665015,2453970
2021-10-08,710.7799682617188,719.9834289423458,709.0081979949774,717.5718243756216,1573419
2021-10-11,706.05517578125,713.5360698057443,703.692835624831,713.5360698057443,3007329
2021-10-12,692.3731689453125,706.6950637515077,688.0421215451664,705.6615360996183,3241303
2021-10-13,689.912353515625,698.6727964704917,689.0264383492695,693.2590173120332,3092746
2021-10-14,682.9236450195312,691.6841483642331,682.1361982205146,691.487271644894,4077281
2021-10-18,692.5699462890625,694.9815507255438,678.2480522954035,689.0264059469549,4597120
2021-10-19,691.7825317382812,697.9345535061557,687.5991569361265,696.9010258648203,2137420
2021-10-20,692.3731689453125,698.3775182207377,684.4001126057261,692.3731689453125,2606119
2021-10-21,683.661865234375,699.853998595897,680.1675288744934,695.8675004929803,3427729
2021-10-22,679.9214477539062,690.9950869681393,667.3713233111089,689.02643999672,3533890
2021-10-25,672.5390625,682.6775830035414,665.8948785675083,679.9214890916575,2786630
2021-10-26,679.2324829101562,684.1048967081349,673.3757455197918,674.2616607842768,2616174
2021-10-27,682.972900390625,688.9773103498229,677.5591206337311,679.0848702642585,2103049
2021-10-28,672.391357421875,684.7938695431138,669.536855324808,682.9728350248936,1471621
2021-10-29,669.7828979492188,678.1988513604484,664.9104848969273,671.8007489891235,2021722
2021-11-01,678.9862670898438,682.5790715194589,669.6843989745149,669.7828673611933,1575508
2021-11-02,681.791748046875,686.713365920372,680.4136710109585,683.1205608413819,1898373
2021-11-03,681.4470825195312,687.5498996574255,675.0489803752603,684.1539718882613,1256308
2021-11-04,685.4828491210938,688.9279810679838,684.1047723110045,688.9279810679838,409164
2021-11-08,692.2255249023438,693.8988869248857,681.1518851509732,691.4872822522524,2429656
2021-11-09,695.3753051757812,698.8204372106887,687.845206839578,698.5743563510525,2647708
2021-11-10,695.4244995117188,696.9009846486863,689.6169672749794,694.4401760870737,2077910
2021-11-11,691.5856323242188,695.8182712242469,689.1740879330429,694.9323560874187,1102633
2021-11-12,709.3035278320312,710.6816048367356,693.7512277196935,697.7377260912672,5345270
2021-11-15,703.3975830078125,712.6010442238854,700.0509189933381,712.6010442238854,1917369
2021-11-16,702.4132080078125,708.122332227751,700.1000718719781,706.7442553308686,1900114
2021-11-17,699.9031982421875,711.075305784059,697.2947770679209,703.0038412346535,2453920
2021-11-18,693.4559326171875,703.791329767621,691.2904088176189,699.9032397763135,1708655
2021-11-22,678.05126953125,698.623656247436,673.5726092877769,695.8183580944757,2109072
2021-11-23,684.4985961914062,688.4358902504231,675.245931121381,678.0020249470248,2081366
2021-11-24,676.4271240234375,693.4067044689177,672.1452807336609,687.4515592848663,2093430
2021-11-25,678.001953125,683.6126085804195,674.7536978860728,679.1831532332461,1943112
2021-11-26,660.1366577148438,678.198972053881,656.6422608121218,674.2616775862242,2236662
2021-11-29,672.9328002929688,675.245936539867,648.472324708041,659.103006737024,4901166
2021-11-30,670.12744140625,678.937148939142,662.1052407532119,671.308641647691,11535239
2021-12-01,682.972900390625,684.1048965529496,667.4205996501261,669.3400426705118,3209799
2021-12-02,694.2433471679688,695.6706282476039,683.1205037196138,685.0891507043966,2331496
2021-12-03,680.1182861328125,696.1627460298882,677.3621925438365,696.1627460298882,1878712
2021-12-06,673.4741821289062,682.874459976701,671.800820085187,680.167570225442,1393577
2021-12-07,683.5142822265625,685.2860525622069,673.1296209381419,677.2145876127819,2459318
2021-12-08,675.6396484375,687.8944274783519,673.9662865362114,687.1561848817543,3678237
2021-12-09,672.4405517578125,679.478427989587,670.5211091206623,679.0847346783332,1650779
2021-12-10,674.0155029296875,675.2459072796869,669.5860472696895,674.1631754830224,1011025
2021-12-13,663.8277587890625,677.6082870906761,662.4496819275669,674.26156332895,2026297
2021-12-14,659.0045166015625,667.3712655053912,655.2148955411614,667.3712655053912,2093071
2021-12-15,662.3021240234375,664.7137289093366,654.6736159645469,659.4968257363452,1981529
2021-12-16,659.0045166015625,666.8298996508099,657.4788273465308,663.630848599346,1404782
2021-12-17,646.3067626953125,659.447516992087,644.1412991362963,656.5437507564325,2377387
2021-12-20,623.6673583984375,643.7475822428532,617.17084719613,643.7475822428532,2473370
2021-12-21,628.7366333007812,633.8551274975276,623.0767731967037,629.9670376712329,1640601
2021-12-22,629.8685913085938,633.2152549470792,626.0297058733197,630.016203777129,1212183
2021-12-23,630.4591674804688,634.4948695797668,626.8171587127678,631.0005333603743,2150523
2021-12-24,627.3584594726562,632.9199103994105,624.2086728334873,631.1481403952956,1183083
2021-12-27,629.720947265625,632.2801642860925,620.222201638177,625.0454107286782,1185438
2021-12-28,632.2308959960938,633.5597686082738,628.9826408524283,631.6895301518714,1217603
2021-12-29,634.642578125,636.611225129653,629.0811263055199,634.8886590005816,1505964
2021-12-30,630.8529663085938,635.2331578981826,630.0654594320325,634.6425878191013,1280995
2021-12-31,639.3673095703125,644.7318845952074,632.0833518066213,635.2331389053321,1592842
2022-01-03,640.3023681640625,644.3873342828372,636.1681978912261,643.7475000450376,1892087
2022-01-04,642.910888671875,644.7318630323113,638.8751264593277,642.1726460806166,2293391
2022-01-05,643.3046264648438,647.9309590387833,640.4501242950419,644.7319075889146,3326875
2022-01-06,636.7588500976562,641.7296713972389,634.7902032401317,640.794552124248,2548339
2022-01-07,649.9487915039062,652.5572727960728,635.8729775460317,636.857301040685,2168995
2022-01-10,652.5573120117188,659.2014959999129,649.653545512321,655.5594868351603,1480419
2022-01-11,647.83251953125,655.4610264675478,645.9622808961776,652.5572601987088,1484964
2022-01-12,662.6957397460938,663.680063161981,647.9800926629126,647.9800926629126,2091488
2022-01-13,659.8412475585938,665.796452916886,657.921864757388,663.3356441170429,1807858
2022-01-14,660.9240112304688,664.2706750082193,655.7563129716592,657.528083216155,1292789
2022-01-17,663.5816650390625,664.9596817954599,657.5280519070872,660.481022200083,1255654
2022-01-18,658.6107788085938,668.1587280347632,656.2976427940839,667.3712813114195,979679
2022-01-19,645.7654418945312,656.9375500425657,642.0250244843038,654.5751495317164,1945857
2022-01-20,639.2689208984375,650.2440920791538,637.3986821825573,644.3381509700667,1429228
2022-01-21,631.3943481445312,636.8081276264999,623.4212914059001,634.8886847035882,2963518
2022-01-24,617.7614135742188,629.8193766249964,609.3946637022506,629.8193766249964,2628472
2022-01-25,620.9112548828125,623.5689403617426,607.3276025306949,617.3677142964649,1827902
2022-01-27,611.7570190429688,616.0880662179699,607.4752361027229,615.9895978267946,1914985
2022-01-28,610.7235107421875,622.9783499947719,609.34543384887,611.6093658207456,1317526
2022-01-31,612.692138671875,617.6629600397952,605.8018745758136,615.6943131552061,4374943
2022-02-01,614.1194458007812,628.5397487967701,607.9181597878827,616.4325819572298,4159628
2022-02-02,634.052001953125,635.6760996693309,614.3162678587354,614.3162678587354,2989002
2022-02-03,624.454833984375,637.1525707122693,621.1573143097836,635.9221663736165,2076930
2022-02-04,614.5623779296875,627.0140947372023,612.3476499655451,627.0140947372023,1909456
2022-02-07,593.7931518554688,613.9225794624242,590.5941004778803,610.3789788125538,3030728
2022-02-08,591.0370483398438,598.3210060788332,584.688149848548,596.8937850888427,1954492
2022-02-09,590.791015625,597.2383229589501,586.7552529622026,597.2383229589501,2644690
2022-02-10,596.7461547851562,601.9138534451514,581.1938546431248,590.7910092974016,6231536
2022-02-11,586.0169677734375,592.0705812892767,583.7038315952469,591.2831345102121,2557745
2022-02-14,548.5634765625,580.5539904307765,546.2995445197975,578.7822201398935,7168038
2022-02-15,564.60791015625,565.4938252977114,542.9527941309243,555.1584290128968,4282324
2022-02-16,577.1580200195312,583.6053865584215,567.2655815487801,567.9546199664861,6991082
2022-02-17,583.31005859375,586.0662123455014,572.1380113496969,576.9119561012373,3542326
2022-02-18,581.6859741210938,588.133280917154,578.2408419316208,580.750854796855,2613689
2022-02-21,572.876220703125,580.1602379186559,567.5116461396372,574.4019099625269,2415405
2022-02-22,563.771240234375,567.9546147799814,556.1427337100338,567.9546147799814,2952243
2022-02-23,560.1292724609375,568.938979751301,556.6349360715583,563.771281405809,1929381
2022-02-24,524.59521484375,551.2211531733299,520.7563292099577,550.2368296855203,5515851
2022-02-25,530.4519653320312,536.9976806482669,525.481083527351,531.5346971652914,5087685
2022-02-28,514.998046875,524.1522430477727,512.0942806490211,523.6600813172114,10669560
2022-03-02,552.0086059570312,554.1741296694535,501.0698649083737,509.8795722358382,41081069
2022-03-03,523.4140014648438,554.6662714159652,521.9375162703026,551.9593818926396,5811568
2022-03-04,513.32470703125,520.6087249878611,506.1883616314867,520.6087249878611,4687979
2022-03-07,495.6068420410156,511.84817847334284,490.1930632302399,497.08332717122715,9156126
2022-03-08,505.0071716308594,506.87741035653005,489.2579952575148,492.1617616670182,7443036
2022-03-09,506.6313171386719,514.8011901677311,500.03633767726075,508.89524917154296,4515965
2022-03-10,513.1278076171875,521.4453528687988,507.7632327452014,515.7854929745173,5059007
2022-03-11,510.6669921875,515.9823628315888,506.6804942436011,510.4209113257984,2924919
2022-03-14,504.4165954589844,512.9802220242802,502.05419500016507,511.8482259547753,4517379
2022-03-15,496.7880859375,511.6513468600373,494.86864308341814,504.41659311581225,4513513
2022-03-16,509.1905822753906,513.1770808084918,499.10126545442915,499.10126545442915,6339842
2022-03-17,521.839111328125,524.5460008689458,512.3403658171826,514.8011744906561,11303983
2022-03-21,514.1613159179688,525.9239928372331,512.0942607612225,524.4475077028903,4064003
2022-03-22,521.00244140625,522.1836416783066,508.40311202044364,515.2933768493751,3457606
2022-03-23,517.6064453125,525.6287052003557,515.9331435646039,523.561650053935,2654149
2022-03-24,514.1613159179688,517.7541204428697,510.86385648260347,515.7854735970794,3192575
2022-03-25,511.40521240234375,519.7227571796928,509.7318506003032,515.883871873737,2874297
2022-03-28,504.5641784667969,512.5372344908465,497.1817826012906,508.00931055564484,4968964
2022-03-29,514.8012084960938,517.4588940546671,506.3360501315096,508.8952672896376,3428962
2022-03-30,533.7987060546875,534.832233876698,517.7542424949435,517.7542424949435,6695548
2022-03-31,529.7628784179688,541.6239636526693,525.5302997135874,534.438414678487,5976662
2022-04-01,541.722412109375,542.7559998430692,527.9911473998773,529.5660409624824,3675121
2022-04-04,562.8361206054688,588.1824487184352,545.1182990119388,551.2211162431547,23976331
2022-04-05,560.7199096679688,566.6258507086425,558.1114283436689,563.0330458775637,4898169
2022-04-06,547.1361694335938,559.0957234651061,545.0691142056381,558.1114000083013,5626902
2022-04-07,550.23681640625,551.7625057598666,544.1832030709827,551.2211398703041,3159512
2022-04-08,555.9459228515625,557.9637740909895,545.1183639217828,550.1876541793342,3232920
2022-04-11,558.5051879882812,562.7377670988292,551.8117400050821,556.093583354188,3034500
2022-04-12,553.485107421875,563.8205044592113,551.6641329275852,557.6192782524776,4518691
2022-04-13,555.9951171875,559.8340029533734,553.1898191820586,556.1427897470874,2313264
2022-04-18,565.2969970703125,567.8070100819284,546.5456456468585,551.7133442324433,5765896
2022-04-19,538.1297607421875,570.809318500898,533.5034274918102,567.8563475000209,2958108
2022-04-20,550.5321655273438,551.9594467320654,532.5190560535843,539.4093211041852,3278202
2022-04-21,561.9994506835938,566.6749867790007,548.3173315520172,551.7132592580318,3111307
2022-04-22,545.3644409179688,559.9816814159514,543.3465896929295,559.9816814159514,2703271
2022-04-25,531.53466796875,543.3465494791667,527.5973741319444,543.3465494791667,3225681
2022-04-26,541.2302856445312,547.2838995722155,529.5168713229946,532.6174544911916,4153518
2022-04-27,539.0648193359375,549.6955017223319,528.8278303248366,543.3466027720982,4744055
2022-04-28,562.4424438476562,566.3304734158496,537.9327658901294,542.2638131052086,14954957
2022-04-29,573.27001953125,584.6881478828117,564.214231487768,566.3304909255264,8916828
2022-05-02,570.7599487304688,576.5674813231467,565.6907188298585,568.3976084135353,3025011
2022-05-04,558.7020263671875,571.4490284333508,555.5522390505882,561.3597119841174,3587834
2022-05-05,560.8182983398438,568.3483969342321,554.6662766380026,561.5565409440647,3860357
2022-05-06,557.077880859375,564.7555919234512,546.2995268279136,546.2995268279136,3969111
2022-05-09,555.0108032226562,560.080093477914,548.7603727837206,549.4002071151637,2774773
2022-05-10,550.4337768554688,563.9190223802674,549.2525765032335,552.2055473446488,3953646
2022-05-11,554.7154541015625,566.6750077457509,550.7289562462777,550.7289562462777,4283207
2022-05-12,538.6710205078125,555.79827296644,535.767254247288,551.3195531023806,3079554
2022-05-13,542.1161499023438,556.9794102351043,539.4584645235601,546.2995246405825,3154166
2022-05-16,541.0825805664062,549.0063718558762,535.668801910723,543.4449206600689,1260662
2022-05-17,546.15185546875,548.120502416574,533.9954845972713,541.2302380991899,2057634
2022-05-18,541.3779296875,549.7938836697015,538.9663250759515,546.2995472301137,2377852
2022-05-19,520.411865234375,538.8187273638881,517.163609582894,533.9955180086031,3998270
2022-05-20,536.1610717773438,538.7694932452416,523.6601501619442,525.6287973430042,2607708
2022-05-23,542.5098876953125,547.4807090489699,534.1431384598162,535.471951071767,3094798
2022-05-24,544.2324829101562,547.2838617048734,537.0961375911629,542.5099167986751,3835802
2022-05-25,560.178466796875,562.590071331483,547.8744233328922,548.957215204725,5339885
2022-05-26,568.98828125,571.8920480708488,554.3218947216982,559.1942487897435,3444955
2022-05-27,588.7237548828125,594.8265714951469,568.3483101791768,572.8761734292452,8795852
2022-05-30,599.3545532226562,603.7840086034429,589.9050123633114,596.1555021143104,5399271
2022-05-31,591.211181640625,599.6506979325901,588.3979693789422,599.1571582635098,5609885
2022-06-01,599.3052368164062,601.1313094706976,588.9409038944976,591.2111742947504,4893225
2022-06-02,600.0455322265625,601.6741769281389,583.5612958217081,596.1958988473101,5252011
2022-06-03,594.9126586914062,609.4720772047147,592.5436444618134,605.0795626208842,3679222
2022-06-06,598.268798828125,606.5602898671566,593.2840599192092,594.1724554757288,3348790
2022-06-07,597.4790649414062,599.305197723118,585.3873439879349,599.157111735277,1652408
2022-06-08,592.1982421875,601.0326140330191,588.3486087922112,594.5178544599563,2129427
2022-06-09,597.0842895507812,599.0584481404727,584.3509425486561,587.8057200806161,2320898
2022-06-10,585.4367065429688,595.9984670627958,583.9067456829957,594.0243084701754,1988641
2022-06-13,574.4801635742188,582.3767981250671,572.0618071937133,574.0359658314254,2280937
2022-06-14,565.0042114257812,577.0959327653301,562.7832830164763,572.5059899541511,4065780
2022-06-15,572.25927734375,574.677633902748,563.7704186736638,569.5448090165481,2601467
2022-06-16,563.1780395507812,578.2803396379766,560.3155459473389,574.4801087218497,2366283
2022-06-17,543.6832885742188,564.6093826373593,540.3272549652085,556.7127479151585,5050203
2022-06-20,546.0029296875,551.234437839984,538.7972027217638,543.8806851296673,1278783
2022-06-21,557.156982421875,558.4895155205336,547.8290699916273,548.2239258524017,982122
2022-06-22,544.6703491210938,556.5646427116976,543.2390720777715,553.7514907875958,1215189
2022-06-23,550.8889770507812,552.764451968578,542.5482044995621,545.9535801582047,1592871
2022-06-24,554.1957397460938,557.9959713276478,550.9383897838268,550.9383897838268,1021604
2022-06-27,550.790283203125,565.1029339315216,549.4083479996971,556.9595292067443,2738127
2022-06-28,558.6375732421875,561.6481532268718,542.2520197944973,552.7150971097425,2194297
2022-06-29,534.2567138671875,554.2944132109575,531.789015419764,551.2838331544096,4268386
2022-06-30,542.8936157226562,548.8160915305398,530.6538082877479,533.516362360174,6228299
2022-07-01,558.14404296875,559.9701157084046,533.5657425063619,542.8443127021458,2052291
2022-07-04,566.879638671875,568.0641458994269,555.8243382922914,558.144010830943,1488372
2022-07-05,557.5517578125,573.6905416531707,555.9724549197786,573.4931137299446,2528269
2022-07-06,550.2473754882812,564.5106836209926,547.8290191203339,555.9724234586092,3309296
2022-07-07,547.4341430664062,558.3414172772924,544.0781096716657,556.5152844664499,4548159
2022-07-08,538.3036499023438,551.6292199014506,536.4282354577989,550.7902266297513,3509988
2022-07-11,539.5869750976562,542.0052714169256,533.220300953874,535.9841112091425,1848324
2022-07-12,532.7760620117188,539.5869334060845,530.5057916291103,539.4881893263379,2088278
2022-07-13,532.5293579101562,538.6986044105056,531.5916203927935,535.4412543076307,1169625
2022-07-14,530.2096557617188,536.4282431343186,525.7183968708888,533.8124589614091,1770641
2022-07-15,532.9242553710938,534.7009864525305,527.10046212169,530.1603845260227,1079168
2022-07-18,535.7373046875,538.895970582962,533.4670342848851,537.3660096755394,1543573
2022-07-19,528.975830078125,537.7607998514876,528.0874345942102,534.0099104962013,4654412
2022-07-20,518.4141235351562,534.1086501683116,515.2554573412264,533.022886904717,9053768
2022-07-21,522.263671875,525.4716798355258,512.3435362309901,518.5127823089246,5528757
2022-07-22,528.0874633789062,530.0122802012783,521.7207893879266,523.1520665248978,2944287
2022-07-25,519.9440307617188,529.0745144533104,519.2037212732113,527.1003558172906,3800562
2022-07-26,515.7982788085938,524.1391109856393,513.3799224618945,518.216635155293,7812371
2022-07-27,514.51513671875,525.6691218779241,513.330629390664,518.216684464928,8672870
2022-07-28,524.7313842773438,529.0745577304657,512.9358336595071,517.2296049454552,11504269
2022-07-29,548.3226318359375,552.764489339559,527.297851701439,533.0229004345747,14236016
2022-08-01,538.9946899414062,552.9618874365422,537.3660450925661,552.7644595088371,4482787
2022-08-02,531.542236328125,537.9582521798108,527.7420048838206,537.9582521798108,5856552
2022-08-03,528.432861328125,533.5656855642617,519.6972339164632,533.0228040168853,4152018
2022-08-04,527.98876953125,532.4306266156524,522.5598330947581,529.3706444762497,4868831
2022-08-05,532.282470703125,538.5010577552176,529.6173447532183,530.653765887478,5466554
2022-08-08,529.8148193359375,536.3789208422553,528.8770819426721,534.0099064010102,2560379
2022-08-10,533.9111938476562,536.9217735301562,530.0615606493535,531.4434957068305,3597072
2022-08-11,534.5528564453125,538.4518322663029,532.2825857921243,536.625759408565,2333537
2022-08-12,537.9088745117188,541.2649079708642,533.1709059392823,534.9969785386306,2904816
2022-08-16,563.2274780273438,565.4978088304152,538.9453490374608,540.6233960563003,9780995
2022-08-17,581.7351684570312,584.0548409882688,562.6352078675133,564.6093664916099,8775717
2022-08-18,579.1687622070312,591.211141361453,575.467214941115,582.5741977409817,7123366
2022-08-19,569.1993408203125,586.7199995765947,566.3861284777158,578.9220484822235,3992396
2022-08-22,559.3284912109375,569.1992838891749,558.2920097824928,569.1992838891749,2575136
2022-08-23,558.5388793945312,563.9184744146594,552.7644887446572,552.7644887446572,2725513
2022-08-24,559.3284912109375,566.830269547783,555.8737137735544,560.5623402957171,3475352
2022-08-25,563.6716918945312,572.2592949154042,561.0065654057711,562.1417308397114,2146845
2022-08-26,559.5753784179688,573.9867146528511,557.0582775597403,567.4720142171482,4009744
2022-08-29,553.7021484375,557.6998075752358,546.9406190472924,547.8290145208068,2582228
2022-08-30,567.76806640625,569.0512575395978,554.88669266043,556.2192257130328,3057037
2022-09-01,568.162841796875,573.4930943107724,561.6974841943148,569.3966909670788,3491926
2022-09-02,567.4225463867188,578.5271891943381,563.8690847868977,567.5706323894375,3282784
2022-09-05,566.2380981445312,571.3708626118812,562.6845763057395,566.583551821415,1218242
2022-09-06,566.0900268554688,573.2956943110333,564.2639540932624,568.9525811683513,3339197
2022-09-07,569.4954223632812,571.0253832509463,561.5494459334707,562.6352090804485,3210212
2022-09-08,576.7998046875,578.4285097435865,570.5318747982816,572.357947530766,2397242
2022-09-09,568.50830078125,581.2909889987639,567.5705634531942,578.4284351018639,1230807
2022-09-12,571.0747680664062,576.4543627820891,565.3990615835347,570.5318864521362,2014300
2022-09-13,579.4649658203125,598.0714491751947,577.4414650434014,597.1830535918938,10170913
2022-09-14,568.9031372070312,578.6259045753259,567.6199461511127,572.5060007933988,3032306
2022-09-15,559.4271850585938,575.8620792608273,558.7855594244016,570.9266828333143,2651988
2022-09-16,539.6856079101562,561.500036367214,537.8595353016228,560.6610430598422,7125860
2022-09-19,541.0181884765625,549.8032191285814,535.9841076962651,542.8936634124233,4657454
2022-09-20,552.5176391601562,557.2556077592963,540.1298059723762,543.6832673600964,8499419
2022-09-21,544.2755737304688,554.5411627478886,542.4000988804909,550.7902732944748,2075187
2022-09-22,538.7478637695312,544.3248858497818,533.1214997741491,538.056896218074,3493307
2022-09-23,532.47998046875,537.9582589463258,530.1603077914222,535.7373303543457,2118150
2022-09-26,515.9956665039062,529.5186639785667,513.2811986265542,528.087387048474,3974804
2022-09-27,514.1203002929688,520.0921790797606,508.5926795483644,518.6115599253258,2994372
2022-09-28,507.802978515625,513.528026638354,503.41046340328796,511.65255179372514,3564554
2022-09-29,521.1778564453125,522.9052451740612,510.31998443603516,511.3070637096058,5428542
2022-09-30,523.5962524414062,525.5210692202172,514.7618802233557,519.2037372914383,3216079
2022-10-03,511.998046875,523.6949125251492,511.35642122898355,523.6949125251492,2951085
2022-10-04,525.0768432617188,526.2119483035581,515.4528201311219,515.4528201311219,2257640
2022-10-06,522.8065795898438,532.2331749320986,521.9675260301054,528.087429789119,3033739
2022-10-07,520.0427856445312,526.6068881047185,519.1051083615462,523.1027680963491,2762228
2022-10-10,526.3106689453125,527.593859922946,513.2812107762992,519.0062583856507,2979552
2022-10-11,515.7982788085938,528.0874282058701,514.5644296772716,527.1003489008124,2358152
2022-10-12,519.7958984375,521.7700568975688,513.3798834422764,513.3798834422764,1768526
2022-10-13,513.9229125976562,519.2037632776223,511.3071280946927,518.2166838797561,1463375
2022-10-14,516.2424926757812,527.4952212036596,515.0579854233928,527.4952212036596,2214367
2022-10-17,516.9827880859375,519.1050326988919,511.8993055459992,515.2553992951969,1486039
2022-10-18,524.3859252929688,525.5210906886914,516.9828298770681,519.302442342099,2757284
2022-10-19,524.6819458007812,528.482236934541,522.4610175623038,526.3106506076118,2135162
2022-10-20,530.2590942382812,531.0487457514272,520.190871767662,524.1391895799402,2285817
2022-10-21,534.9475708007812,541.2154994617808,529.7654051333853,532.9240705418663,4221644
2022-10-24,534.5528564453125,539.9324514201057,532.7267835875747,539.7350234836225,389166
2022-10-25,526.5574951171875,537.7608217221423,524.6326783214503,537.3166239621194,2362781
2022-10-27,526.11328125,530.9993359675774,522.8065896034241,526.11328125,4849578
2022-10-28,523.250732421875,529.5680642770114,521.4740016646621,525.8171748458861,1207153
2022-10-31,533.467041015625,534.3060343554788,525.2248923839018,525.915859970774,1625350
2022-11-01,537.5140380859375,543.7820279908337,532.9241553409619,536.0334190882277,2726938
2022-11-02,535.2437744140625,541.0675666436945,533.1709318897756,538.7972359547092,1479779
2022-11-03,538.3530883789062,541.215582275743,531.1967632670029,533.4176917500073,1782757
2022-11-04,532.3319091796875,539.8337487790154,529.5680989047963,538.3531296767653,1514523
2022-11-07,529.0745849609375,536.4776808325925,527.791393725827,533.0229027591535,2976001
2022-11-09,524.87939453125,531.2460677836162,524.0404012620197,529.8147908126911,2253327
2022-11-10,521.4246215820312,527.5938669864566,520.1907725011462,524.8793990085095,1377280
2022-11-11,535.638671875,545.8549197831732,525.5704497320409,528.0874902061439,6425663
2022-11-14,531.8876953125,538.1556854703745,529.4199968833865,537.9582575467366,2050388
2022-11-15,526.0146484375,533.9606257406545,523.3001800251676,532.8254603059695,2529334
2022-11-16,521.276611328125,525.2743311282368,518.8089128078318,520.2895319200077,2993826
2022-11-17,524.3366088867188,528.6303803382555,518.2660462516726,521.7208242805335,2836626
2022-11-18,524.6819458007812,527.8406113448117,521.2271685409274,526.1132227148847,1947066
2022-11-21,525.4716186523438,527.9887189562979,521.7207295230023,524.6326253820502,2063314
2022-11-22,532.9735107421875,533.6150761761683,525.4223295642101,526.9029485993789,2913409
2022-11-23,540.5740356445312,542.0052525194078,534.0099338014052,535.6386388441485,5516902
2022-11-24,565.1522827148438,566.1393620874123,542.99233875137,544.7691298192284,10593189
2022-11-25,579.020751953125,582.3768460118113,566.5835756114909,567.5706550115109,9556330
2022-11-28,578.4285278320312,585.3380836252467,574.6282962443809,577.1453366626004,5799007
2022-11-29,577.2933349609375,579.9091193425464,575.0230645004794,575.9608019342567,3215187
2022-11-30,582.968994140625,585.3380084928367,577.4907162284903,578.625881490287,3502958
2022-12-01,588.7434692382812,593.135984237528,581.4884001280989,582.9690190999883,3187533
2022-12-02,582.2286987304688,587.262839288714,579.3662049195817,587.262839288714,2788220
2022-12-05,581.291015625,586.1276679784851,577.2439544044701,584.252253483005,2199625
2022-12-06,579.2182006835938,587.7071199765512,577.5401535939878,580.4027080554655,2751347
2022-12-07,574.2828369140625,583.2652964472917,572.6047897268394,583.2652964472917,2831232
2022-12-08,570.0383911132812,573.2957412989044,566.0900732527564,572.5060897761093,3171602
2022-12-09,572.1112060546875,574.3815369112632,564.165228796312,573.4931413372512,3243513
2022-12-12,569.05126953125,570.5318886193626,564.1652144911696,567.7680783708614,1747003
2022-12-13,574.8256225585938,576.256899633493,569.840884001533,570.7292794953439,3212182
2022-12-14,572.8515014648438,577.9843263562825,571.6176522239472,575.4672859541625,2800824
2022-12-15,572.7034912109375,579.662389068711,568.7058316114972,575.3686176927466,1991517
2022-12-16,567.76806640625,578.1323998046295,566.1887032642851,571.7163838913469,2787126
2022-12-19,576.8984985351562,579.1687688349245,566.780935892535,567.5212453541902,1960076
2022-12-20,572.30859375,577.4414184073739,571.0747445653689,575.4672597119642,2166279
2022-12-21,567.9655151367188,582.2781665445262,563.9184534183078,577.4414533494764,2694392
2022-12-22,570.3837280273438,575.2697824285133,566.5834969633992,568.9525112932199,3424491
2022-12-23,558.14404296875,571.4696144912762,556.8608518344081,567.5212970031203,3234932
2022-12-26,561.9442749023438,563.3755520422548,555.2321472164141,555.2321472164141,1962030
2022-12-27,562.4378051757812,566.7809784421597,560.1181927870713,564.6093918089705,1511387
2022-12-28,560.8585205078125,564.3626402871338,559.0323874914446,562.3391395903324,1452719
2022-12-29,563.6222534179688,565.7938398237026,551.9253883694679,558.6868571533631,3393061
2022-12-30,558.9337158203125,565.5965018367135,557.8972944892927,564.658764348059,1690896
2023-01-02,562.931396484375,564.0172200238295,553.9983395397694,557.6998874654249,841928
2023-01-03,587.9044799804688,592.2476535383688,562.1417311501684,562.6352708614504,10096217
2023-01-04,590.86572265625,602.0197684116736,587.3122608071283,591.26057852684,7722662
2023-01-05,601.5755615234375,604.4874578470083,590.2734901723336,592.2476490023414,5704967
2023-01-06,603.7471313476562,612.5814436668578,597.8246550237876,600.1442674853516,5415866
2023-01-09,600.5884399414062,610.0643775615241,593.9749962758975,607.1031395244195,3969535
2023-01-10,592.4450073242188,605.1289522180766,591.8033816812367,600.6377534568198,4073524
2023-01-11,592.0995483398438,597.7259129154497,586.6706116916624,592.2476343470485,3576811
2023-01-12,590.6683349609375,597.9726863470698,586.9173850570221,594.6659944674312,2358813
2023-01-13,596.689453125,599.7493749398451,588.6447325119606,591.7047145733466,3272285
2023-01-16,596.3933715820312,604.6848022002004,592.0995401445198,597.1830230342554,2170216
2023-01-17,601.5755615234375,602.7106667027642,593.4321563496553,599.1572049073687,1807515
2023-01-18,593.2839965820312,602.1677102126478,590.7176145206909,602.1183682973409,3291651
2023-01-19,597.4298095703125,603.105516146156,592.9879522500871,593.3828081105032,3615736
2023-01-20,582.919677734375,600.5390796644323,580.649407357974,600.144223839606,4255202
2023-01-23,581.587158203125,588.7434834061378,577.6388408497386,587.3122063162269,3884783
2023-01-24,581.9326171875,587.0654418430868,580.5507422491196,583.3638942904822,2219052
2023-01-25,577.49072265625,584.1041659037925,572.6046681545153,582.3767771579849,1443501
2023-01-27,580.1065063476562,586.22640994818,570.5811671733577,578.8726572445885,3632289
2023-01-30,580.3533325195312,584.6964456361154,575.7633893118286,579.2181671358711,2843943
2023-01-31,571.370849609375,581.8832686375763,565.5471176742436,580.3533077159121,3073978
2023-02-01,509.036865234375,577.0960027967932,495.8593490487341,575.3686138243793,22671272
2023-02-02,486.333984375,498.7218175716581,476.8086450075737,492.5525719312368,17269387
2023-02-03,482.5830383300781,492.55254475968735,474.78511829541003,489.5913070156411,10593983
2023-02-06,475.8215637207031,483.42208636731226,467.57947567808947,480.7076182968475,7441590
2023-02-07,476.7099914550781,485.1495079779184,475.772254008864,477.6476987780205,7117626
2023-02-08,501.97918701171875,503.7065758591414,477.2528615593484,478.5360526538397,10571918
2023-02-09,511.94873046875,515.9463897985971,495.71126306459973,501.9791928567575,9516815
2023-02-10,515.7982788085938,521.572728891105,511.6031917620985,513.0838107196851,7239045
2023-02-13,507.8523254394531,519.2037379614234,505.5327130661892,515.7983021555239,3063664
2023-02-14,505.4339904785156,510.76424329239626,501.09084717962276,508.7407425886889,2233957
2023-02-15,512.3928833007812,513.2812788435513,503.0650012111454,504.1507945564304,2497424
2023-02-16,507.9510192871094,515.2554307177408,506.0756046335724,512.2941926101676,1983991
2023-02-17,497.7347412109375,507.9016460371331,495.0202731131089,507.9016460371331,4312084
2023-02-20,501.386962890625,515.9957250758899,493.78643992197783,499.75825788072143,6129396
2023-02-21,494.57611083984375,508.1484523022244,493.5890314607615,504.2988487484581,2669387
2023-02-22,488.0614013671875,495.2670686424224,486.1365845668022,494.1319334036212,2728046
2023-02-23,480.5596008300781,488.55494981031217,479.8686332167069,488.06141012169616,4158416
2023-02-24,476.61126708984375,483.66887837204695,475.77224362311557,482.1882593566223,2436219
2023-02-27,482.38568115234375,484.5572376067765,471.82392026038667,476.61126104082086,2587409
2023-02-28,482.4843444824219,485.3468985195439,478.28925750357604,484.5572170142702,3271808
2023-03-01,483.422119140625,484.5079124670755,478.14123851178005,482.5830956554918,1591916
2023-03-02,476.5618896484375,484.9027220567887,475.42675444079583,483.66887289124986,2618651
2023-03-03,483.61956787109375,486.1859502325971,475.37744879181747,479.0296245264885,2983486
2023-03-06,483.8169250488281,490.3316546174687,482.6817898499088,485.6430278244481,3007451
2023-03-08,488.80169677734375,489.93683198337874,481.69471354459074,483.6688722066587,5589817
2023-03-09,484.9027404785156,490.18362113229983,483.6688912661021,488.60428811575616,2336282
2023-03-10,483.9156494140625,484.80401480087727,477.94383141960736,481.2505231303472,2383642
2023-03-13,472.76165771484375,489.0978085964565,471.13295271979104,483.6688722750024,2849642
2023-03-14,464.4701843261719,479.07897703908316,462.69345351398687,474.24229416300466,8530038
2023-03-15,460.669921875,472.2681036629835,459.0905889685781,466.93785133840083,6095528
2023-03-16,455.4383850097656,462.9401937476003,451.88489348939447,460.6699233968667,6790599
2023-03-17,465.1611328125,471.1329506910764,458.0048076923077,458.05414960934564,7640040
2023-03-20,459.2386779785156,465.30921009371696,452.18106649098,463.92730499710336,3937830
2023-03-21,476.5125427246094,477.74639187718475,460.4725037411295,460.96604340215964,4363583
2023-03-22,491.02264404296875,492.0590653308665,476.7593351149619,476.7593351149619,5604187
2023-03-23,492.1083679199219,498.4750413889499,487.76522506910766,491.0226047996703,4489138
2023-03-24,485.8898010253906,495.41511055156434,475.3774121675249,488.11072952169764,6424544
2023-03-27,486.5807800292969,492.99679583591,480.3621620196937,480.3621620196937,2412510
2023-03-28,483.37274169921875,492.05902742593554,480.5595596902842,489.0484476324166,2494157
2023-03-29,489.5420227050781,491.56552335230003,480.41153858658663,484.95207956311106,3137010
2023-03-31,492.7500305175781,494.72418924541574,488.6042851398105,490.5784438676481,3459342
2023-04-03,497.1918640136719,501.9298326858825,494.77350763775536,495.5631590420337,2394944
2023-04-05,501.1895446777344,505.3352900360464,497.19188532193255,497.19188532193255,4270479
2023-04-06,508.00042724609375,510.2213558521014,498.72185697126645,499.56088046930154,2416882
2023-04-10,507.06268310546875,513.5773828319841,505.0391523282448,508.00042055384955,2375216
2023-04-11,506.91461181640625,516.0450962303053,506.12496034883753,510.12261985372214,3671457
2023-04-12,510.36932373046875,511.75125880498877,502.96622921669194,507.3587440108403,1950603
2023-04-13,524.9781494140625,526.606854505998,511.80066365765686,512.9358290546476,4153200
2023-04-17,526.5081176757812,535.4905151211332,522.46105643662,535.4905151211332,3417617
2023-04-18,525.42236328125,533.0228868654932,522.6585529542197,530.0616486051293,2514020
2023-04-19,518.0192260742188,526.0639468014688,516.5879489805523,525.6197490487389,1622301
2023-04-20,523.3988037109375,524.731336679761,516.0450508079822,518.2166373375619,1561641
2023-04-21,506.6678161621094,534.2566959271963,504.7923714296981,529.0745293616208,4452849
2023-04-24,540.4752197265625,548.3718535576409,525.1261497667109,543.880655115522,23496385
2023-04-25,522.9052734375,539.7843058292682,521.1778846153846,539.0933984976548,6700461
2023-04-26,524.7313842773438,529.9629532879596,521.7701460810911,522.1650019392096,4165761
2023-04-27,511.1590270996094,523.2507493689504,509.38229628485163,523.2507493689504,7978904
2023-04-28,522.9052734375,524.1391225961538,509.77713043873126,510.41869585330664,4031679
2023-05-02,537.4647216796875,538.7972547422592,522.7078729194304,523.1520706891356,4239067
2023-05-03,531.7396850585938,540.771425424561,528.1861630691343,536.9711938315405,2875460
2023-05-04,539.4389038085938,542.646911928224,529.6174515161088,532.825459635739,2312821
2023-05-05,532.7267456054688,541.6598018138649,530.5551589520771,535.9840954622845,2159574
2023-05-08,542.4494018554688,543.8806788491161,533.022806857573,534.9969654014899,1970280
2023-05-09,544.9171752929688,550.2474281963118,542.4988186933678,545.361373076005,1927306
2023-05-10,555.3802490234375,556.219242415597,544.0288359129152,546.2497645649738,3191516
2023-05-11,560.0687866210938,562.0429451072498,553.8007972796267,554.7878765227048,1620276
2023-05-12,553.4060668945312,561.6481554461342,551.4319081759156,560.0688525698589,1433810
2023-05-15,552.073486328125,555.7750340107915,549.1122481819918,552.6657701052783,1984609
2023-05-16,552.2709350585938,556.2192527355095,546.8419982528345,554.9360615398213,3027008
2023-05-17,552.8631591796875,555.4789437419511,545.2626958410509,554.7386341767685,1395385
2023-05-18,554.2943725585938,561.4506975312717,552.0734441187972,556.7127289090135,1745334
2023-05-19,550.3954467773438,557.6011745610119,547.7797225274564,557.6011745610119,1484899
2023-05-22,559.6740112304688,561.8455979265273,547.3355189193915,549.8032173816068,1975841
2023-05-23,555.4295654296875,566.3367802594498,553.8996044778594,560.3649622075476,3425506
2023-05-24,558.6868896484375,564.5600235942264,551.6786506436897,555.3307958946896,1529396
2023-05-25,564.6587524414062,566.2874575319124,555.7750379401975,558.686934187125,1307797
2023-05-26,569.7421875,571.3708322070548,561.9935787996023,564.6093630592444,1467444
2023-05-29,571.5682983398438,580.8468685357897,567.5706389323249,569.8409094387454,2794717
2023-05-30,577.5895385742188,581.3897701890604,563.6223408793777,568.5577379098452,2653926
2023-05-31,584.6964111328125,595.8997975633007,576.7010927390263,595.2088299899577,10027475
2023-06-01,574.6775512695312,586.7692720793007,573.4930441204915,585.7821928295235,1659264
2023-06-02,568.9525146484375,578.4284515305275,565.5470791216892,577.7374839930436,3192761
2023-06-05,566.7316284179688,573.4437558955638,565.5964630758316,570.5812017045912,2230529
2023-06-06,572.2098999023438,575.2204798108615,560.5623758525218,566.7316216677391,3334157
2023-06-07,586.7693481445312,587.8057694418453,575.1711654561321,575.4672772201442,3440284
2023-06-08,586.2263793945312,589.6811567030608,582.1793183994755,586.7692609222788,1675907
2023-06-09,574.18408203125,586.0290344805937,569.2980270965869,580.3533280986165,3023579
2023-06-12,576.8491821289062,583.36388158094,573.9372860683226,578.3791430346749,3327440
2023-06-13,577.2440185546875,579.4156052745313,573.4931289003454,574.7269781449675,3288950
2023-06-14,577.49072265625,581.8338956014672,574.2827149854645,577.2439528354204,5344073
2023-06-15,570.679931640625,577.490742784995,566.5835283734551,577.490742784995,2074065
2023-06-16,603.6580200195312,609.055351893642,571.0265057436724,572.214918519331,11422524
2023-06-19,620.4937133789062,622.9200436028034,596.2800366378999,604.0541942758894,7087287
2023-06-20,637.4779663085938,638.6168140671965,618.1664545682157,620.9393774983097,10400684
2023-06-21,636.28955078125,653.5708899693267,633.8632205608291,638.7653856091927,7689046
2023-06-22,632.8233642578125,649.4609617455068,631.090279926903,636.2895329196315,4577233
2023-06-23,620.84033203125,636.7846832821706,617.7702607436507,636.2400117385397,4159293
2023-06-26,624.157958984375,626.237636057974,610.7884509379029,613.9575316009186,3749962
2023-06-27,660.7507934570312,667.485051921505,630.9417066515862,634.8040330588794,30050877
2023-06-28,645.6482543945312,665.454934118605,635.3487567599371,660.7508476841375,21909643
2023-06-30,644.9054565429688,651.1445481088147,632.3282037528185,645.6977115847104,8681796
2023-07-03,644.4102783203125,650.6493697770833,637.8245337327752,644.7073664001236,2795761
2023-07-04,640.74609375,650.89701718267,638.369267987689,648.074589479467,3340982
2023-07-05,667.0889282226562,669.4162492851099,638.8149058831889,640.7460691853818,5871642
2023-07-06,654.75927734375,671.1492911790752,653.1252022427038,668.029715238963,4788193
2023-07-07,651.7387084960938,672.4367109645336,650.3522773179162,654.2145432198217,5425784
2023-07-10,661.7906494140625,668.2278199657892,652.6795651595043,653.6203944830247,3676990
2023-07-11,666.049072265625,678.1806629032648,664.2664832813764,664.5140667637772,5004622
2023-07-12,665.207275390625,670.9511997719609,663.2761122468942,669.3666897513106,2912240
2023-07-13,674.0213012695312,684.1722248455494,669.4657890134921,669.4657890134921,3997060
2023-07-14,663.5732421875,678.1806677536204,654.1650697889818,677.2398384247313,6273380
2023-07-17,660.7012939453125,668.3268167159091,655.700059330715,666.4452185491481,2439405
2023-07-18,650.2037353515625,660.5527370998097,647.034654658748,660.5527370998097,5855926
2023-07-19,652.6796264648438,654.0661182765984,642.7762862242871,651.6397878286236,4866371
2023-07-20,654.6602783203125,656.4428674304829,645.2521053244894,653.6204397098122,2754328
2023-07-21,641.0430908203125,656.0961774717188,627.525069996872,656.0961774717188,5964750
2023-07-24,646.8366088867188,653.81845077027,639.8052019521791,647.282210784141,7781836
2023-07-25,645.4996337890625,653.6203839821198,643.7170448308756,646.8366208415916,4754351
2023-07-26,652.2339477539062,653.6204395309875,641.736431539515,645.6977675366725,1841832
2023-07-27,656.0467529296875,661.7906778877865,650.8474995680551,652.2339308640437,3364659
2023-07-28,652.9271240234375,658.0273677540354,648.1735334227429,656.5913715191422,1664766
2023-07-31,640.5974731445312,648.6687187853546,638.2207079992994,645.6977170199256,3738008
2023-08-01,636.537109375,640.5479495504031,631.8330233858421,634.9525993251467,3370855
2023-08-02,636.6361694335938,638.6664024314246,630.8427398780949,636.5371602145141,2536221
2023-08-03,626.5842895507812,634.7545444726389,623.0190511359498,630.941722575327,2670399
2023-08-04,635.9924926757812,638.0226652413726,629.0106502208506,629.8029053141071,2032172
2023-08-07,642.5286254882812,643.4694547870877,633.0709487843721,638.7653687382402,1676683
2023-08-08,639.2110595703125,648.5201624252452,635.8934045735351,643.7170669499245,3542734
2023-08-09,639.5576782226562,645.6977610455631,636.9333294180359,639.7557571095609,2176168
2023-08-10,633.813720703125,645.2025609970093,631.9320620417129,638.7653903961182,1472754
2023-08-11,627.4755249023438,635.6953444980225,625.8910148655676,633.8136859398153,1288176
2023-08-14,626.6337890625,631.8330421523114,619.5528773430636,625.9900478352109,1927044
2023-08-16,619.1072387695312,623.7122549663911,613.6604025218259,621.0383414466629,1800138
2023-08-17,622.3258666992188,624.8512061353707,616.1857842352116,619.1072814220167,1800092
2023-08-18,619.8995361328125,621.3850370291551,610.7884518795405,616.9780389476348,2392364
2023-08-21,619.1072387695312,623.266592638906,616.9779967855372,618.9586645119755,1207075
2023-08-22,629.7037963867188,647.7278857491367,618.1664425310339,618.9586975748928,8186967
2023-08-23,627.0794677734375,632.3282256072164,624.0093962684514,631.8330586333658,1544136
2023-08-24,624.405517578125,631.3378548073825,622.424849798337,628.8620200826476,1518585
2023-08-25,622.226806640625,629.7038158493895,619.7014671655041,623.9103864391013,1938963
2023-08-28,621.2859497070312,626.1386100085401,618.6120965257759,622.9200248246292,2531965
2023-08-29,628.7630004882812,629.8523435711015,619.9985094403473,622.3258303102747,3656025
2023-08-30,630.8922729492188,633.7642657743575,628.0203405692714,630.3476013293315,1858995
2023-08-31,638.517822265625,641.6373984253004,625.1978183821358,628.8620661321006,4473826
2023-09-01,635.150634765625,641.7363795049771,632.3777118814925,638.5177942682624,1271599
2023-09-04,633.8632202148438,639.6071449234981,627.8717120235303,638.7653852605316,1384829
2023-09-05,634.7545776367188,641.8354293385044,629.8524123384431,637.7750841917568,3759460
2023-09-06,641.2907104492188,644.9054533938198,633.1204557029588,637.2798702082736,2898323
2023-09-07,650.4017944335938,651.3921283421337,636.8342077975599,641.7363727338694,2349089
2023-09-08,651.0950927734375,654.4126874565567,646.6385898255634,652.8281772531662,1693851
2023-09-11,662.1868286132812,671.00076461787,650.0552375651525,651.6397477280574,4083029
2023-09-12,654.5612182617188,663.8208162603819,650.1542202169082,662.1868015551279,4061914
2023-09-13,643.9151000976562,652.5805215373293,636.4875960065079,649.6590245057744,4423644
2023-09-14,639.2110595703125,649.0648944534296,636.7847293058484,644.0141550456332,3735579
2023-09-15,638.6663818359375,640.5974846620378,634.1108094465955,635.0021341703238,6827895
2023-09-18,653.5708618164062,659.1167074140329,638.3692003605468,638.4682700165087,4012209
2023-09-20,641.9345092773438,652.9766970825061,639.5081788943975,652.9766970825061,1596867
2023-09-21,638.022705078125,647.5794527393281,635.2002772430509,639.8052942605503,2420603
2023-09-22,643.1724243164062,649.6590998862939,636.0420074725187,637.1809157433831,1925717
2023-09-25,635.8933715820312,646.6880352458317,633.8631991806333,645.89578021665,2079256
2023-09-26,638.022705078125,642.5782174826778,631.9816916140188,633.8632900223373,1968753
2023-09-27,641.9345092773438,643.271435995911,633.6156795201535,641.6374211671277,1452570
2023-09-28,628.56494140625,644.3607792753555,627.2279543677854,638.9634474056681,2418577
2023-09-29,631.2388916015625,633.2195595257027,624.5541373575892,629.4067375046199,1830734
2023-10-03,627.426025390625,631.3378563543278,622.4743559290224,628.317350071787,3454441
2023-10-04,619.453857421875,625.8910278027578,618.2159400409361,624.9006938980066,2357914
2023-10-05,618.3150024414062,621.6821621852806,613.908064542322,619.9490777028843,4050085
2023-10-06,624.8016967773438,630.050454485067,616.7304511193454,618.513040093359,3713370
2023-10-09,609.2039184570312,623.4646902491211,607.4212690934842,618.9586831250078,3308557
2023-10-10,615.2449951171875,618.7111641037632,609.2039819186602,610.1447508588643,4054232
2023-10-11,615.4924926757812,620.939328894151,613.0166580310678,620.8898242902931,3102088
2023-10-12,618.6121215820312,620.2461363206287,613.0167106268295,616.0372170634978,2810053
2023-10-13,619.206298828125,626.8813868983657,608.5602089242428,617.2256309390307,5462771
2023-10-16,623.9598999023438,628.8620650972576,613.6604629773125,626.8813971756915,3399593
2023-10-17,635.5963134765625,639.6567189160321,624.4550566011917,626.3862198819601,4443295
2023-10-18,638.765380859375,642.1820449855669,631.5854599117308,635.4477863926758,2187089
2023-10-19,632.8233642578125,638.022617250541,623.0685994876243,632.8233642578125,3371397
2023-10-20,633.7642211914062,635.7448890845303,623.9103863340766,630.7932193517202,1853937
2023-10-23,619.206298828125,638.468306138605,615.7896346303999,631.8330566211016,2502483
2023-10-25,610.4913940429688,621.8802348126503,601.825971718211,619.2063209776873,2821496
2023-10-26,599.9937744140625,609.0058492504371,596.874258868736,605.9357778663243,2011512
2023-10-27,602.7667846679688,609.6495572851281,600.1918801230714,600.1918801230714,1348147
2023-10-30,601.7268676757812,612.0263646571474,594.9431044786105,603.9056143962839,1882245
2023-10-31,612.3729858398438,614.9973950369982,598.6073799314106,601.2317286833764,2661284
2023-11-01,614.0565795898438,617.9189063363377,610.9370637824661,615.7896640756724,1947740
2023-11-02,613.313720703125,620.7412243297053,612.0262988302203,615.9876340977298,1651263
2023-11-03,616.0867309570312,618.9587236126691,613.6108960625805,615.9877217393283,1450553
2023-11-06,615.7896118164062,620.2461144017625,613.4128467046605,616.0866998997263,1789823
2023-11-07,616.433349609375,617.968355068987,608.7582618661304,617.3741789056484,2747838
2023-11-08,612.7691040039062,618.8101166491435,611.5311866220801,617.9683570075757,1332249
2023-11-09,615.3439331054688,618.9586759510964,607.2727482381764,612.7690891915854,2235630
2023-11-10,620.6917724609375,625.3958584907571,614.0565232351024,614.8487782668773,2449660
2023-11-13,615.0469360351562,622.1278485138337,611.0360953105678,619.1073418173012,2047300
2023-11-15,630.0009765625,633.2195619515581,620.9393965967685,626.8318957826973,2033627
2023-11-16,628.8125610351562,633.5166473529672,625.8910637592676,630.7437243494005,1753550
2023-11-17,645.4996337890625,653.6203839821198,625.8910343586359,626.7327940084176,4306473
2023-11-20,646.0938720703125,648.86679495077,641.2412116956228,648.6192114713509,2178344
2023-11-21,661.444091796875,665.5539415615297,647.9260087432242,648.6687592308931,5077816
2023-11-22,662.0382080078125,668.8219710022947,658.8691274586038,663.2761253750672,2664154
2023-11-23,658.5720825195312,670.4560900236431,653.1252457468133,661.5925890044555,2184014
2023-11-24,661.5430908203125,665.7520101855615,656.6409255882201,659.6119274931017,1511079
2023-11-28,666.7918090820312,670.1589685519241,661.5925560578992,661.5925560578992,1900825
2023-11-29,669.1192016601562,673.8727928448751,664.8112124261991,670.4561284028239,1829510
2023-11-30,684.0731811523438,686.3014325567488,668.02975895159,670.357080018859,4637116
2023-12-01,675.5562744140625,688.2820404808513,673.4765370174425,687.3412112141791,2106753
2023-12-04,668.4259033203125,683.1323381166574,665.7519895995625,683.1323381166574,4817286
2023-12-05,666.2471313476562,674.7144741051783,661.2459572407724,672.4367182237958,4028068
2023-12-06,670.8026733398438,675.2096714832913,668.5249173558152,670.4560806372347,1627777
2023-12-07,671.7434692382812,679.0719642431603,669.020051025617,674.3183736337287,3853936
2023-12-08,664.76171875,677.3884776536313,660.5527991154562,673.8728039302862,2713075
2023-12-11,665.9995727539062,667.9802406282673,660.8003195837085,664.5635764559572,1897948
2023-12-12,700.5126953125,703.7312806498073,668.8220089143966,670.3570748929548,10749420
2023-12-13,691.451171875,700.1660984942359,682.5381663779023,699.670931522175,4757264
2023-12-14,677.93310546875,697.1951132286649,672.5357732559961,695.2144452933562,6251731
2023-12-15,666.59375,681.3497498655703,656.8389848813074,681.3497498655703,8720610
2023-12-18,665.7520141601562,668.2773537053445,660.3546819116945,667.2870197311382,2050286
2023-12-19,659.6119384765625,667.5346103548371,657.87885400319,666.4947717598515,3794818
2023-12-20,637.8740234375,667.4850304190285,634.1107668090406,665.4053534637485,3772684
2023-12-21,637.97314453125,642.4296473191885,630.9913022525172,634.8040637930118,2755102
2023-12-22,633.6651611328125,642.7267410592578,630.9417427384935,639.7557391745463,2854029
2023-12-26,631.8330078125,639.6566695481258,627.8716723403213,634.804009416634,2202221
2023-12-27,637.5769653320312,639.7557120441289,632.2291984334486,636.78471028541,2353373
2023-12-28,641.8353881835938,644.6578761174706,638.022626776739,640.7460450516883,3566880
2023-12-29,640.4489135742188,643.5684289379717,636.7846662362336,641.8353446986041,1653662
2024-01-01,642.4296264648438,646.044309008387,638.1216376425685,640.7460467105702,1343888
2024-01-02,639.2605590820312,647.9754856760642,636.3885664743084,643.2218948470633,3005450
2024-01-03,631.0408325195312,642.182089942386,629.9514288599604,637.7750915838633,1893956
2024-01-04,641.6868286132812,642.7266670641794,631.8329947410577,631.8329947410577,4412550
2024-01-05,640.4984741210938,648.2230667450747,636.2400502785954,642.231558511835,1394951
2024-01-08,639.607177734375,647.826998136471,635.4973279785163,640.7460859911057,2064691
2024-01-09,634.7050170898438,644.5092863771514,632.4272007766095,640.7460296675226,3648496
2024-01-10,638.7158813476562,644.0636483117974,635.249712586659,635.7943841600642,3288472
2024-01-11,637.7750244140625,646.7870386244485,633.714679647885,639.7556921917459,2800658
2024-01-12,631.4369506835938,642.3306249675937,615.2945181517958,640.597540422412,7076942
2024-01-15,608.5107421875,630.8427619378634,605.9358375043126,630.8427619378634,12433539
2024-01-16,605.3416137695312,610.8874595908178,603.162867037888,609.7981164475891,8761562
2024-01-17,600.7365112304688,612.5215086550994,599.2510104010707,605.0940045081095,10183042
2024-01-18,601.9249877929688,606.3814907535957,594.7945709669277,602.1230666802568,3658639
2024-01-19,609.9466552734375,612.4224899507202,603.9055823937582,608.5601636760862,2563065
2024-01-23,580.4841918945312,607.817381107186,577.1665373354333,594.4478745573741,5994679
2024-01-24,576.0277709960938,585.2873693276867,571.1256058137025,584.2970353694335,6144401
2024-01-25,573.4033203125,580.8803290669165,571.7197406163282,578.5035640063063,3725167
2024-01-29,572.9577026367188,578.3550348281768,569.4915337636047,569.4915337636047,4399011
2024-01-30,569.4420166015625,577.9588643239633,566.0253524129157,577.3646881368886,5895638
2024-01-31,571.0264892578125,572.4129808635829,565.777731799138,567.9564784174131,4068280
2024-02-01,581.4249877929688,585.6834717673661,561.7173801523559,571.6207187994524,8911872
2024-02-02,573.2052612304688,584.2475086247014,570.927505301823,584.2475086247014,3006965
2024-02-05,557.9046020507812,576.3248496391976,556.1220130442085,573.2052735438052,3750294
2024-02-06,587.0203857421875,589.2981414932307,556.8152035150483,558.5482877411957,15915028
2024-02-07,599.3005981445312,608.0650291917782,590.2390185640062,591.2293524877713,7560296
2024-02-08,585.9805297851562,610.0951339760225,584.3959594157777,599.3005316714082,7782663
2024-02-09,578.35498046875,588.4068934340795,576.6218961950851,585.9805633619121,2453771
2024-02-12,571.6207275390625,580.8308205326407,566.8671370048141,578.3549858330131,2799522
2024-02-13,583.8513793945312,588.258377646069,569.144944131455,571.6702836636251,5011128
2024-02-14,579.6919555664062,581.2765261592917,572.8091829449803,576.7705187594125,1572158
2024-02-15,579.4442749023438,583.6531934993217,576.3742643390897,581.1773590305111,1737411
2024-02-16,586.723388671875,588.2583942783443,578.057966197236,582.8115572942856,2973324
2024-02-19,579.54345703125,588.5554720687828,578.7512019364981,588.5554720687828,2785107
2024-02-20,582.266845703125,583.8018512041921,570.6799266436229,574.5917577526034,3523966
2024-02-21,571.868408203125,585.5350059787921,568.9469106719935,582.2669157088794,3321288
2024-02-22,569.095458984375,573.7995454984791,561.5688842946942,572.4130537162458,4195869
2024-02-23,575.0869750976562,577.7113239725645,570.1848096301219,571.620806042154,2561028
2024-02-26,570.7789306640625,575.334502963574,561.7669161693451,563.2524170494756,4199991
2024-02-27,575.9782104492188,586.2777078737244,567.3127882466932,570.4818690269402,6321068
2024-02-28,574.9878540039062,585.188341811096,572.5615842382055,576.3743456801803,3434747
2024-02-29,576.3743286132812,580.2366549934027,569.9866628823962,575.3839947153203,2750947
2024-03-01,584.2474975585938,591.0312606090419,577.3646648508376,579.246323442662,3460443
2024-03-04,604.4007568359375,614.5021745337481,581.9201655979628,589.2486605118132,7272987
2024-03-05,601.8258666992188,609.6494675086633,597.9140360719072,605.8862111304969,4342310
2024-03-06,608.0155639648438,612.1254137475461,598.8549745766994,605.3416501084556,4896598
2024-03-07,615.9381713867188,618.1169180210644,605.6386748126395,605.6386748126395,3682063
2024-03-11,614.8488159179688,622.9200618835655,612.917713048884,618.9587260369292,3777242
2024-03-12,615.5420532226562,623.7123082927576,609.1048825613643,612.2739632836532,4975736
2024-03-13,604.1532592773438,620.6423449557078,598.2112551330961,617.225680483727,2840155
2024-03-14,616.2353515625,618.4636031350442,592.4178301761217,597.1714214418441,3750622
2024-03-15,626.2376098632812,628.6639399777806,605.3910936110979,614.007010525247,4896049
2024-03-18,627.970703125,630.3970332741103,622.1772739759598,628.8125232088709,2911589
2024-03-19,626.3861694335938,630.3475048924623,617.324590393359,627.8716702306695,3861068
2024-03-20,620.34521484375,626.3862278033835,613.4128771447403,623.91039291088,1712459
2024-03-21,616.2353515625,632.8234466025513,614.0070999899558,622.9201062801326,7197320
2024-03-22,617.81982421875,622.5734756402288,610.0457267170706,617.8693892734981,3636733
2024-03-26,620.84033203125,636.5866044176184,619.4538404245687,632.6747735121518,13822598
2024-03-27,620.2955932617188,632.2291647122199,618.0178374572268,621.4345013865559,13848953
2024-03-28,627.2279663085938,632.5757936738916,620.2956288436743,620.2956288436743,6878964
2024-04-01,628.6144409179688,631.8330260821805,621.9296871153751,631.8330260821805,3874744
2024-04-02,625.7919921875,635.4477473514372,624.99967674098,624.99967674098,5179918
2024-04-03,618.0673217773438,623.9103155774908,614.403134946763,623.7617413242812,3822465
2024-04-04,616.3838500976562,620.4441949527929,612.1253659261898,618.9586940869841,3858229
2024-04-05,623.3162231445312,624.3560617210716,610.3428119068739,614.9973936418321,3860995
2024-04-08,628.4658813476562,629.753363799587,620.4937053820414,623.9103694945007,3403360
2024-04-09,627.8222045898438,632.9719530950088,626.534782574849,632.8233788280075,2873703
2024-04-10,615.4924926757812,630.9416766807209,614.0069918889532,629.8523336151196,6753666
2024-04-12,612.521484375,617.9683205335489,610.29323321923,614.9973189925222,5081775
2024-04-15,607.0252075195312,610.5408809574997,598.2607157836858,604.1532148827754,2594888
2024-04-16,598.755859375,605.1930298068474,594.7945237246323,603.1628573750711,4970256
2024-04-18,599.7957763671875,617.9683800313817,598.3102754536505,612.0263763772339,11984298
2024-04-19,595.7353515625,598.5578394735422,575.4830110108682,594.2003460908024,10243493
2024-04-22,600.0928344726562,602.9647664948644,592.3186771465289,596.0324292447855,3076888
2024-04-23,595.3392944335938,603.2619662493538,592.2197182280626,600.1918946536333,4527775
2024-04-24,588.4564208984375,595.2896886043741,587.2680081184357,594.2498500888169,4095087
2024-04-25,588.9515991210938,590.6351788878752,579.9395241084101,589.6943495671574,6150372
2024-04-26,582.1677856445312,597.5675268521592,581.3260259689882,591.2293654233151,3094364
2024-04-29,569.541015625,586.2281785147542,565.4806707138853,584.2970152735418,8879207
2024-04-30,578.0084228515625,582.8115182375528,570.4818487108647,570.9770156762322,9926485
2024-05-02,570.7789306640625,580.8803487379869,567.8574939559543,578.6520974177912,8292342
2024-05-03,560.4300537109375,576.1763285757755,559.786312411114,576.1763285757755,8574215
2024-05-06,549.6848754882812,564.3913716788677,544.8817797586916,564.3913716788677,8759027
2024-05-07,547.0109252929688,556.5181673443153,544.2875069693598,554.0918371124264,7783593
2024-05-08,545.1293334960938,548.5955023123798,542.7030032356561,546.7633482423735,6715043
2024-05-09,534.3346557617188,546.5653159709242,532.7996502709789,545.7234958697416,13570152
2024-05-10,543.2476196289062,548.4468723251404,534.3346150067907,537.5532000092213,7524779
2024-05-13,554.2404174804688,562.9553441228904,541.8612431460099,548.4469276248296,7867089
2024-05-14,556.1220092773438,562.5096752490507,554.5870037666697,560.5290073784555,5348599
2024-05-15,550.576171875,556.5676801865472,549.6353425329781,556.1220178197802,2415161
2024-05-16,561.56884765625,562.7077558634351,545.3769119421892,551.6160036648004,4543902
2024-05-17,564.6884155273438,566.471004501423,556.0229936927502,561.5688394888158,3992575
2024-05-21,560.1328125,564.4903057045643,557.6074732214108,563.8961295608431,5583840
2024-05-22,554.983154296875,561.3212551331902,554.2404038550671,560.1328423372606,3820060
2024-05-23,560.1824340820312,563.6981075850717,552.6558596459619,558.5483588541166,7106820
2024-05-24,559.6376953125,566.27294491806,558.0036805494243,559.5386860948062,3433290
2024-05-27,558.7959594726562,563.7971340833735,556.6667171946843,559.7367888616483,2624929
2024-05-28,572.858642578125,574.3441433919095,558.2017133044881,561.5193076105336,5797999
2024-05-29,556.4190673828125,572.8586460899165,555.4782985511281,572.8586460899165,6259646
2024-05-30,545.4263916015625,558.3997414225456,542.950556868918,547.407059387678,6312875
2024-05-31,544.53515625,550.9228229971475,541.2670659558203,546.5653894199726,9707990
2024-06-03,544.78271484375,563.7476353175326,541.7622082016184,563.4505472035049,9263670
2024-06-04,529.2839965820312,549.6353473544981,506.4567806889773,549.6353473544981,9783762
2024-06-05,546.6148071289062,548.9420676112976,530.9179785773824,534.78030495793,3234914
2024-06-06,549.8829345703125,553.3491034509898,545.079839013735,549.6353510788355,3970217
2024-06-07,557.5084838867188,558.1521646578325,548.1498163958023,549.6848218594546,3382962
2024-06-10,563.6981201171875,568.9963827942602,555.8744574053406,557.805620778031,3863289
2024-06-11,566.1739501953125,571.3236989961794,560.7271132885703,565.9758713096658,6417670
2024-06-12,567.164306640625,572.1654813640287,564.0942349044861,566.1739726183592,4304369
2024-06-13,587.76318359375,592.6158439969454,559.5386667741681,559.5386667741681,24352341
2024-06-14,592.5662841796875,595.982948334964,588.3078603600787,593.3585996816312,7308942
2024-06-18,595.3887939453125,599.1520509365373,586.0796304634297,591.0808049152672,5120280
2024-06-19,590.4371337890625,599.3006350414939,586.6243116807125,596.2800680318954,4453729
2024-06-20,584.3960571289062,591.7245527553325,577.0676219476692,590.4371306710115,6133067
2024-06-21,577.2910766601562,588.8676663163133,576.3470478137606,584.2966622663641,7263396
2024-06-24,575.8502197265625,578.781652302257,572.0244918799636,576.3470706495362,3226301
2024-06-25,587.2280883789062,588.519888583343,573.3162632372148,575.3533397885278,6593288
2024-06-26,585.340087890625,595.2274338552656,583.5017636490348,587.9237492026506,3672989
2024-06-27,589.5136108398438,591.2525890429112,582.9054694078891,585.3400510223328,4772196
2024-06-28,591.3023071289062,596.0223911831547,586.2841246329608,590.258932257591,3646272
2024-07-01,596.9663696289062,599.251871689596,585.8865700521496,586.4331545749035,3342913
2024-07-02,586.0853271484375,599.9474798057762,582.8061232398968,599.8978068444302,6477279
2024-07-03,592.3953857421875,595.0783322329136,586.7809459952277,588.6690037820147,2134587
2024-07-04,600.146240234375,603.4751171482613,590.5569931887367,592.2462984520547,5028421
2024-07-05,603.5247802734375,604.9656600525107,596.8670265541793,602.3820595630146,3493050
2024-07-08,616.9894409179688,618.132161540177,604.7668608707378,605.1643658310877,6800857
2024-07-09,619.72216796875,625.3862198556543,616.9894879475871,618.0825356957538,5000797
2024-07-10,628.7648315429688,636.7144461654005,611.7228209358319,620.0699405496839,6186968
2024-07-11,630.2554321289062,632.590607341216,625.3365955777264,631.9447374945617,3573349
2024-07-12,631.5471801757812,632.3918631140378,623.1503876585891,630.006954483455,2643647
2024-07-15,634.0314331054688,643.9187783287837,626.5289965066328,631.5471785594472,6951688
2024-07-16,642.6766357421875,650.8746755487172,629.3610074324962,637.9565522172159,9167071
2024-07-18,644.8131103515625,647.297364805605,637.0621879343552,642.6766272607886,3975243
2024-07-19,631.89501953125,641.9313837789504,630.1560413244184,640.5899105654075,2496778
2024-07-22,633.3855590820312,636.9628613441025,624.9887666424319,627.9201991173003,3854108
2024-07-23,639.894287109375,645.6080724671365,619.3246476912844,637.9565564665938,9082995
2024-07-24,668.5625610351562,670.7487171322548,635.2735506293333,635.571649040132,12377638
2024-07-25,678.847412109375,681.2819330101803,661.3582239570255,661.8054018992685,9386864
2024-07-26,698.920166015625,705.3295550239712,677.7543289201013,678.8474373362886,8933046
2024-07-29,692.4611206054688,705.5283243950569,689.3806690831982,699.118935233431,4676765
2024-07-30,692.8089599609375,703.8886994860262,679.592737142508,691.7158515070715,6134510
2024-07-31,710.99365234375,714.4716087144043,688.7347073112644,692.8089211644783,6683204
2024-08-01,709.1055908203125,717.9495612328212,705.577961507726,710.4967976214078,4074648
2024-08-02,702.9447021484375,708.2609827039453,694.6472554379923,703.0440480716118,2710858
2024-08-05,706.4226684570312,709.4037740029452,685.703948522481,688.6353811061126,9327217
2024-08-06,675.3197631835938,714.4716409243072,673.0342610242776,707.167956476966,6106310
2024-08-07,691.8649291992188,693.3058090454747,677.80402343347,677.80402343347,5154327
2024-08-08,705.8760986328125,708.7081853509106,685.3561914211745,686.7473376478158,5953315
2024-08-09,697.9761962890625,710.4968152058173,697.0321674114368,709.7018658644078,2848313
2024-08-12,698.02587890625,709.1553517921719,687.8404349110118,694.2000903810044,3723417
2024-08-13,680.685791015625,702.8453309141589,673.2330268804175,693.703261444821,5741391
2024-08-14,682.0272216796875,686.2504544257281,672.1399370654364,681.6794503020767,2962358
2024-08-16,685.05810546875,686.2504992130907,660.4639837543474,660.4639837543474,4584181
2024-08-19,681.38134765625,685.0580565071904,674.2266824478044,685.0580565071904,2352893
2024-08-20,706.12451171875,708.509420423673,679.7417396802481,682.6731722735811,6828474
2024-08-21,719.9866333007812,723.0174116869034,704.1868109342732,709.8508627227742,6186935
2024-08-22,721.4275512695312,725.3030127887165,715.5150130649274,721.4275512695312,3889249
2024-08-23,724.4086303710938,725.8991831084828,718.8935973729034,720.4338230713895,3898989
2024-08-26,721.0797729492188,729.377159150647,714.7200568380148,729.377159150647,2131814
2024-08-27,734.8921508789062,737.7739103467305,714.7696895160053,719.4401000859386,5627130
2024-08-28,737.4260864257812,741.8480715953496,729.4267990127111,735.2896639320145,2995930
2024-08-29,732.2589111328125,743.7858282318855,727.2406683135226,735.3393625806216,3962913
2024-08-30,734.0475463867188,738.022353665758,728.8802847938185,732.2588952413003,6227807
2024-09-02,740.60595703125,749.2511750270965,735.1902699622444,738.4695345008644,3073926
2024-09-03,753.9712524414062,756.4058340193069,736.9789756582145,749.2511688182146,6268050
2024-09-04,754.0209350585938,754.66686550718,743.6864724364389,746.9656763391347,3031650
2024-09-05,747.1146850585938,753.8719059185777,745.6738659479972,753.2259754787792,1759438
2024-09-06,733.7494506835938,749.3505207909028,731.4142150080773,745.2763675751239,2765612
2024-09-09,731.1658325195312,744.2827094898222,726.6445010873598,730.4702290721011,2635184
2024-09-10,698.4730224609375,727.5388002349717,696.7837172635797,725.4023170955568,7366304
2024-09-11,695.7403564453125,699.8641826251253,691.6164696147537,696.5849787355494,4604184
2024-09-12,710.0496215820312,711.4408283868639,693.901967047257,698.7214572526985,3487862
2024-09-13,700.9573364257812,709.2547229346644,698.7215071766002,707.5157446297458,1886832
2024-09-16,696.9327392578125,704.7333348464019,693.6038624590307,704.3855028229167,2754818
2024-09-17,694.4982299804688,698.4730372817718,687.1944851738767,696.9327509319199,2985585
2024-09-18,694.3988647460938,700.7585810670805,689.0329109603391,694.4982713249918,1527865
2024-09-19,697.081787109375,703.640194488311,693.3554054961745,695.9390058210298,2202499
2024-09-20,706.621337890625,716.459010140368,697.578675615171,697.578675615171,7891171
2024-09-23,722.9180908203125,725.4023454279425,709.552788901114,714.322545617614,2943802
2024-09-24,716.160888671875,724.3589283991807,710.6458558945635,722.9180486805964,3212859
2024-09-25,712.0370483398438,718.5457833258458,705.627659278522,717.4527355513713,1096265
2024-09-26,724.9551391601562,727.3897207107168,709.8011866453496,712.0370157049113,2797065
2024-09-27,725.60107421875,735.9852702695042,721.7752858575536,724.8557978608119,4567661
2024-09-30,713.4779052734375,731.7123093721469,711.4905016375783,730.3708361782403,2488795
2024-10-01,705.72705078125,718.7941934365103,702.1496878079466,711.4905092568123,1987048
2024-10-03,697.8271484375,707.4660688479544,692.1133626012371,692.1630355653156,2542774
2024-10-04,704.3358764648438,709.0062874048081,697.1315378752364,697.8271413174863,2616851
2024-10-07,701.4044189453125,714.7697208128218,698.4730470402438,707.1679381333219,3474485
2024-10-08,705.6276245117188,708.0622060539104,695.3925080932805,696.0881114840131,3767320
2024-10-09,712.7822875976562,720.8809815119087,699.3176403644819,705.3791970721746,1743202
2024-10-10,719.0924072265625,721.6263349520939,708.8075561277573,716.4590729201616,2249443
2024-10-11,719.2910766601562,720.9307090112464,712.484243088992,716.9559015184208,1984588
2024-10-14,735.935546875,736.9292486993793,721.7256229165255,723.4149281481194,3985624
2024-10-15,709.7515869140625,741.7488004423685,706.8201541589259,738.1217642223393,6665822
2024-10-16,722.2224731445312,727.8369127072539,710.3477242242989,718.8935962963126,5375005
2024-10-17,721.52685546875,726.8928694694926,711.4408185507685,725.4023167638135,4310887
2024-10-18,737.77392578125,739.3141514666564,715.5646537923083,721.4275187698825,3703858
2024-10-21,741.1524658203125,750.6920395235888,737.7739160791323,744.1335712305718,4508689
2024-10-22,723.6137084960938,745.0279715055843,719.7879199345256,741.1028370180528,3346783
2024-10-23,719.1917114257812,727.3897516596502,713.6766783076915,720.4338387339432,1668266
2024-10-24,710.3477783203125,730.3708958477308,706.5717232338349,720.4338768566053,1806714
2024-10-25,704.9818115234375,715.1672558025004,695.591316618932,713.4779504748474,2852838
2024-10-28,713.7263793945312,717.2540089585693,701.2554328593121,705.7767643090369,1448334
2024-10-29,737.7243041992188,740.4072507699915,703.6900146142134,713.4779539279953,4585180
2024-10-30,722.470947265625,740.3079083279724,719.9866925396922,739.5626319101926,1645358
2024-10-31,715.6143798828125,722.1727875424043,708.6584672405052,718.545751690046,2028752
2024-11-01,719.1420288085938,721.4275308947778,715.6143994309243,717.4030506005141,198743
2024-11-04,706.3729248046875,723.0174305328137,701.6528410907413,715.6640733478508,2047984
2024-11-05,712.732666015625,722.0237542366724,681.0832857271652,706.3232768261504,5036300
2024-11-06,704.2365112304688,713.4779262791438,699.9138718047636,712.4842244319584,2878220
2024-11-07,707.2175903320312,709.2049939521012,698.8704708674394,704.2364849019264,1935062
2024-11-08,704.0377197265625,715.3162108069797,702.5471670383622,705.0314215186959,1272302
2024-11-11,700.9075317382812,707.1181679117996,691.4176917952941,699.6654045035776,1888427
2024-11-12,695.59130859375,715.3162664414303,691.7158470427139,703.0937455777186,2502158
2024-11-13,680.7354736328125,694.4485477059014,678.8474764155706,690.6228196558777,2080391
2024-11-14,689.6290893554688,692.3120965018429,677.2078161322074,677.2078161322074,1715862
2024-11-18,686.151123046875,689.5794065376497,678.2015082975992,682.6731665940669,1666040
2024-11-19,676.11474609375,688.6353648303673,664.0909176189625,683.7165286657155,6438490
2024-11-21,670.1525268554688,676.6612615995758,664.6374332734798,676.11473773265,2194259
2024-11-22,683.8656005859375,686.946051949314,669.9041022281415,675.7172335802617,1788502
2024-11-25,680.4869995117188,691.4177196169474,677.1084496878232,685.6542611461579,4622983
2024-11-26,678.1021728515625,689.0328933007182,670.7487548345584,679.6920715656859,1767673
2024-11-27,676.2637329101562,684.9586234679443,675.0216056876151,677.5555330914505,2422336
2024-11-28,653.5576782226562,685.8033133795678,634.6276712877872,677.7046195455224,13625371
2024-11-29,653.6073608398438,669.8543610565226,647.1979720811627,665.7802079250404,5934406
2024-12-02,636.1679077148438,659.8179985445756,635.0747993388561,645.9061732740576,4977558
2024-12-03,630.0069580078125,642.7263292570008,628.317652772595,642.7263292570008,8256858
2024-12-04,646.1546630859375,646.899939513949,631.0007090497045,631.0007090497045,7392523
2024-12-05,639.099365234375,649.3841550595643,635.3232497065447,646.1049511044856,6163444
2024-12-06,632.4912109375,643.372258039787,631.1994106965279,640.9376764409859,6455327
2024-12-09,637.7578125,642.2791436264217,630.7025538764184,633.8824118133866,4027169
2024-12-10,629.3113403320312,640.3911397067352,626.3799078801336,637.7578056658833,6158405
2024-12-11,630.6528930664062,636.5653704567777,628.8145082834722,630.8019119510246,2396993
2024-12-12,622.6038818359375,632.7893257959604,615.9958009254931,631.9943764463032,3807072
2024-12-13,628.5660400390625,629.9075738137914,617.2378762955598,621.0636038348856,2573194
2024-12-16,630.9509887695312,632.3918685524518,624.5912728004492,628.5660801184389,2175242
2024-12-17,622.8026123046875,632.3421254646126,621.6598309575917,630.9509793146108,3179067
2024-12-18,620.616455078125,625.833389595527,616.3932223735615,619.2253089305984,4331195
2024-12-19,619.6227416992188,621.0636214310878,611.4247018963284,614.1573818306251,3779968
2024-12-20,619.8712158203125,622.5542230057143,614.3065095956448,615.7970624041182,3996244
2024-12-23,618.6290283203125,622.5044895057673,609.7353852978152,621.113282759516,2924609
2024-12-24,618.579345703125,624.094378341896,615.1013895425452,618.6290186609849,1445089
2024-12-26,622.454833984375,625.4856123549579,615.3001688688918,615.9957722615038,3523864
2024-12-27,617.983154296875,625.4359175631145,616.6912934767993,622.4548122566188,726298
2024-12-30,613.5115356445312,619.9705975557679,610.4806965348153,616.4429075298029,1564417
2024-12-31,613.1636962890625,615.2505065028313,607.2014853652877,613.3127758224553,2645522
2025-01-01,613.3128051757812,615.5983073424638,608.7914738056757,611.2259948621372,1386549
2025-01-02,616.2442016601562,617.1881698589502,610.1329112690686,613.114016698722,2449967
2025-01-03,619.0762329101562,620.1196076894063,611.7725488046606,615.1014256362548,2956679
2025-01-06,602.1336059570312,623.0510163040768,599.5499449375731,623.0510163040768,5743310
2025-01-07,615.946044921875,616.7907278539128,601.686448156499,602.1832990633169,2813892
2025-01-08,614.1077270507812,619.3246616252418,611.2259675017332,616.1448036592309,1861556
2025-01-09,608.3442993164062,617.188209603444,606.0587971366436,612.2197002340691,2141675
2025-01-10,604.816650390625,611.0272869030945,599.2022107230538,606.2077965789699,1966939
2025-01-13,595.97265625,604.6178740648093,593.5380747029064,603.1769943205502,2105862
2025-01-14,596.6682739257812,604.2203835478157,591.1035073062461,601.1896051067655,3122102
2025-01-15,590.4576416015625,600.6927583565622,580.6199691895187,600.6927583565622,5633587
2025-01-16,637.3604125976562,659.4205458997712,624.9888120128757,626.1315327889178,24198675
2025-01-17,638.1553344726562,645.8565237410374,629.4107704012889,635.9691782921276,3671715
2025-01-20,630.056640625,639.9936590423985,626.5786841789105,637.9565823969812,1956252
2025-01-21,620.0699462890625,633.0377431317853,618.9768985286594,631.9943683330829,1820019
2025-01-22,614.3064575195312,625.0384247006173,609.0398501728704,625.0384247006173,2296057
2025-01-23,617.0888671875,621.2624272116716,608.7417471391567,614.107761548913,1673008
2025-01-24,617.1881713867188,621.0636327151594,609.4373093805826,616.6416475200784,1793560
2025-01-27,606.3568725585938,615.846712963829,602.5808177113126,614.1077347505386,1730503
2025-01-28,607.6983032226562,610.132884680929,596.3204058651517,607.1021064230046,2662789
2025-01-29,624.3925170898438,625.7340509432065,601.3386832847889,608.145516521504,2005819
2025-01-30,630.156005859375,632.0936758030526,620.069908567097,620.7655119408305,2899445
2025-01-31,634.0314331054688,636.9628655999234,626.1812251304881,633.9817601446974,1012392
2025-02-01,621.5604858398438,663.3456350679127,591.5010059091398,635.0251333150181,10039413
2025-02-03,617.486328125,626.3799107913834,606.1581032466498,611.6234631939557,3293387
2025-02-04,621.9579467773438,624.0446961826261,611.5240784494496,623.9950232254987,3244955
2025-02-05,623.8956909179688,634.9754909594861,620.7655664374909,622.0573667302634,4467504
2025-02-06,627.9698486328125,634.3792372095822,619.2252851458658,622.5044888721279,4837012
2025-02-07,631.6962280273438,633.4848790852004,620.616429019125,627.9698463856661,2538330
2025-02-10,631.6962280273438,636.7640827997282,622.8025850457245,631.9943264285293,3394573
2025-02-11,614.7039184570312,630.8515729496866,609.0895395931092,628.26797249116,2327875
2025-02-12,625.1875,632.8886888055038,604.3197625915382,614.2070467954289,3378279
2025-02-13,625.6346435546875,635.969166775081,623.6969735202665,625.1875262548956,2808139
2025-02-14,622.256103515625,629.9076198036603,618.5793945823356,626.0321583724842,1693078
2025-02-17,619.32470703125,623.0510891433514,610.0832915233887,622.2561397562532,1860572
2025-02-18,615.0517578125,622.0573435611141,607.4995875385627,620.0699399075643,1887686
2025-02-19,618.9271850585938,620.0699664686352,609.9341952712097,613.1140533832498,2007325
2025-02-20,616.0951538085938,626.0321724184098,612.4184447928121,619.0762593915385,2881981
2025-02-21,618.9271850585938,619.9706205420007,609.5864238772399,613.9090027485727,1627631
2025-02-24,613.114013671875,617.5856717942793,610.6297591594282,612.1203118668963,983443
2025-02-25,618.2316284179688,619.3743491516564,609.2385781813426,613.163712607438,1606709
2025-02-27,614.5052490234375,623.8956829963898,611.1266384691625,621.0636569808562,1831493
2025-02-28,604.6675415039062,613.0643337913402,596.5688476244519,610.1329013695948,5013148
2025-03-03,614.1077270507812,616.2442102320492,603.1770069900068,604.667559725567,3624490
2025-03-04,612.6171264648438,616.890031842885,605.4624617628433,609.2385162678393,3262295
2025-03-05,617.28759765625,621.0636525335043,608.1455285608074,609.139230404861,2661830
2025-03-06,614.356201171875,624.0447947204813,608.7417611628952,617.2876339141676,2491123
2025-03-07,621.2623901367188,629.0132522043483,614.2568044342603,614.405823316847,3169440
2025-03-10,621.9579467773438,629.0132049101948,619.0761874550574,621.1132639032123,2316148
2025-03-11,632.9383544921875,633.5345512938532,610.7788171527176,619.0762026714032,2677293
2025-03-12,628.0195922851562,635.7207819057417,623.1504287808733,632.9384287536157,2704337
2025-03-13,618.4800415039062,628.3176532026483,615.5486089835439,627.0258529574494,2211232
2025-03-17,625.8334350585938,627.3736608502326,618.4800774998587,618.4800774998587,1075106
2025-03-18,625.8334350585938,625.8334350585938,625.8334350585938,625.8334350585938,0
2025-03-19,660.364501953125,661.7060357388194,636.6150659388004,637.9565390737516,2470532
2025-03-20,670.102783203125,674.077590395019,654.9488307840293,660.8116956523708,4425855
2025-03-21,675.3197631835938,676.8103159810714,664.8362206381503,673.5311119567702,3725271
2025-03-24,675.6178588867188,683.1202951334337,671.3448927475134,675.3196998345935,1401023
2025-03-25,668.8606567382812,681.6794342074361,667.1216785897929,678.6983288100275,2019661
2025-03-26,664.1903076171875,676.1147292214405,660.6626177053337,668.8606575582576,2231203
2025-03-27,677.6052856445312,680.2882319996318,662.8487774377536,664.1903112660489,5951034
2025-03-28,681.38134765625,683.9152751579976,673.6801585789169,679.592696516825,3116601
2025-04-01,688.5360107421875,693.6535386905795,675.717233089457,678.6983385295575,4620146
2025-04-02,691.7655639648438,697.3302700390208,685.8530258543135,688.9334773148852,3047499
2025-04-03,688.5360107421875,693.4051132372377,670.7487240226227,684.1636985030752,1353987
2025-04-04,684.7102661132812,690.6228044106881,679.8411633071663,682.6731893958888,3867188
2025-04-07,661.7557373046875,675.7172357064136,647.5954864093693,659.5695811766647,3861746
2025-04-08,681.4310302734375,685.4058375954845,664.090921200858,670.2518846801802,3279965
2025-04-09,680.4869995117188,687.2441598102563,674.87262057539,681.1826029212916,3054715
2025-04-11,681.2322998046875,686.0517902289546,677.8537498621507,679.0958771904543,3264303
2025-04-15,700.2616577148438,703.0440105735373,685.9523277976433,686.7970107025593,2306442
2025-04-16,711.5402221679688,716.8068300249427,695.7900715611153,695.7900715611153,3452538
2025-04-17,715.5150146484375,719.1917236733595,705.0811450821919,711.5402071946297,3105731
2025-04-21,707.7144775390625,720.4338492297975,699.1686051439566,720.4338492297975,6168127
2025-04-22,708.0621948242188,717.3036092952567,704.0873876839233,713.4778816830199,2669384
2025-04-23,704.6339111328125,711.3911317880473,700.659103994789,710.8942808957944,2091384
2025-04-24,703.9384155273438,711.4905253348446,700.5598049735552,708.5094197817657,3814638
2025-04-25,700.1126098632812,728.8802898760646,688.2875945161351,706.9691767277309,3714671
2025-04-28,706.3729248046875,709.9999607609659,693.7032264146213,698.2742912438383,1944250
2025-04-29,710.5465087890625,714.4716432989492,702.5472208794952,711.3911917675564,2545118
2025-04-30,739.0160522460938,745.0776090597599,707.6150384888805,707.6150384888805,8732964
2025-05-02,724.5577392578125,744.6304684138917,722.7690273798859,739.0160892660621,2512684
2025-05-05,734.2462768554688,736.6807977202548,722.7192997015849,725.5016525833003,2761798
2025-05-06,718.0489501953125,737.9727212980251,714.2728952026679,734.2463392689516,1498360
2025-05-07,719.3407592773438,724.2595346804037,713.4778943807694,714.471596183528,1657343
2025-05-08,718.396728515625,721.6262593659643,710.9936379746983,713.9747433750115,3057761
2025-05-09,709.1055908203125,712.4842012511181,703.9383899036623,704.5345867322771,3210705
2025-05-12,729.9733276367188,732.3582362484366,715.4653054258811,715.4653054258811,1488045
2025-05-13,730.4204711914062,737.7242155641842,727.538772459571,730.7683032000581,1445358
2025-05-14,737.0286254882812,745.2763381671826,729.526189147547,735.3393203249535,2058831
2025-05-15,746.4688720703125,748.8537202164125,729.3771874282205,738.3701774046447,3338741
2025-05-16,745.8228759765625,749.2511593264412,742.3449196666918,745.2763521151603,1426234
2025-05-19,746.2203979492188,751.2385800375745,741.649333161717,742.2952636085557,1187450
2025-05-20,742.3449096679688,752.8781850264361,741.0531094718508,743.8354623521227,2191829
2025-05-21,754.915283203125,756.2070834362704,741.3015561674871,743.2889598033249,1928533
2025-05-22,751.0894775390625,757.25044079861,747.4625023775244,754.9152658405067,2391952
2025-05-23,775.4849243164062,776.4288925244787,747.3134413388359,751.0398231625294,4511523
2025-05-26,775.0874633789062,781.1987541773858,772.8019611939644,779.3603693161016,2343463
2025-05-27,770.9138793945312,776.2798936190391,764.8523223989646,775.087439274621,3472288
2025-05-28,784.4779052734375,785.7697054950349,771.1622767720601,774.8886585559442,4163057
2025-05-29,775.9817504882812,786.117460205009,773.7459214653423,783.0370089225908,2916417
2025-05-30,771.9572143554688,781.7948863756893,770.4666616645713,775.9817551414872,3184086
2025-06-02,761.8712158203125,777.5716928232067,757.6976559459362,766.8893980016738,3456222
2025-06-03,753.1266479492188,763.6598631810726,742.2952736451025,743.6864804798365,3357675
2025-06-04,754.0209350585938,761.5731053428666,749.2511784136956,749.2511784136956,2322495
2025-06-05,756.8032836914062,763.3120791488251,750.7417268349697,754.2196832134241,1638871
2025-06-06,750.34423828125,759.585713952737,745.822907020373,759.585713952737,1215092
2025-06-09,755.6109008789062,761.0265273682659,740.3575412952761,750.344232623855,3151657
2025-06-10,757.64794921875,760.7780734969755,745.4751021739138,759.3372544081824,2167862
2025-06-11,759.386962890625,767.3862506212735,755.4618284685312,757.3995591985013,1530367
2025-06-12,749.748046875,764.156723720179,747.9097227102246,760.2812622394524,1600355
2025-06-13,748.1083984375,749.201506840922,735.5877796400948,739.2148155798076,1490695
2025-06-16,765.6969604492188,768.4296405797661,745.3757451664533,746.1210215656935,2304692
2025-06-17,769.0755615234375,772.9509623610188,761.5731246608624,769.0258885609201,1899985
2025-06-18,761.3743896484375,769.5724301268059,760.1819352668886,769.1252521523814,1059077
2025-06-19,757.0516967773438,763.113314185484,748.95306344743,761.1755835332855,3059158
2025-06-20,776.18359375,778.425602940024,755.3079849058756,758.0980286231161,5256299
2025-06-23,771.400634765625,781.2156282162408,766.268900635573,767.21553887936,1848140
2025-06-24,776.930908203125,784.2547803563256,774.5394074739547,776.7316063392958,1965197
2025-06-25,782.3117065429688,784.8526989165955,775.7849809188484,777.2796536946802,2733266
2025-06-26,796.6107788085938,799.3012019672576,782.8099303617995,786.1978796458045,4290163
2025-06-27,804.0841674804688,808.3190738068785,791.1801466280828,798.1552864598165,17236651
2025-06-30,811.4080200195312,817.8351251558015,798.7033013527796,806.1268550119323,2971593
2025-07-01,807.023681640625,815.9917183313515,803.1873183430017,811.4080186428343,2596888
2025-07-02,786.8953857421875,809.714019701892,785.2014111433019,805.6286052149234,3248677
2025-07-03,783.0590209960938,786.2476683255603,774.4397780546047,786.1480478039852,3442861
2025-07-04,782.3117065429688,785.9985782203652,777.4291452996197,781.1160169770161,1536851
2025-07-07,786.6463012695312,789.9345692427196,778.2761093210597,778.2761093210597,2169992
2025-07-08,791.32958984375,793.6712194595582,780.3187854137366,782.2120618653523,5033587
2025-07-09,783.5074462890625,795.1160956844262,781.2156268942497,789.1872149237829,2165913
2025-07-10,768.5109252929688,785.2014380951175,760.6888286951393,780.2191954676105,2602721
2025-07-11,756.304443359375,774.6391208590805,754.1620546667708,762.2831346112278,3508424
2025-07-14,762.0339965820312,764.7244197176236,750.3257266116633,752.5179254931975,1794592
2025-07-15,754.1620483398438,767.5642932806561,749.4787888865625,766.2689223506338,2842400
2025-07-16,753.2652587890625,774.1408671122773,752.119318682066,762.2831055869027,6273181
2025-07-17,749.1300048828125,757.9984212715074,743.649537878615,756.9521624616573,4378210
2025-07-18,736.8736572265625,754.3115057748585,733.7846912396486,752.3186087979103,3450063
2025-07-21,749.6282348632812,750.8239852915251,730.2472983281094,735.3790327075587,2073697
2025-07-22,760.589111328125,765.8204658392372,748.8808417080166,749.3292556869326,4334529
2025-07-23,759.7919921875,765.5713814070185,755.4075943970289,762.2831134733607,1312711
2025-07-24,754.6104736328125,763.6283208332674,753.315102683411,759.2937939745493,1258684
2025-07-25,759.6425170898438,763.7778028415875,748.4324710598792,750.1762559978736,1708286
2025-07-28,758.4966430664062,767.0660762085231,753.8631330142756,759.2937897370974,1509806
2025-07-29,753.663818359375,762.2831224371649,752.418257701798,759.29377685898,1129341
2025-07-30,754.7599487304688,759.2937773633828,747.3363950426997,749.6282144904856,2011152
2025-07-31,752.8168334960938,758.5464123082745,743.3505728498822,743.3505728498822,1783473
2025-08-01,739.0658569335938,753.6637908158638,737.4715028591277,749.8772987188895,1697685
2025-08-04,737.172607421875,744.8950834989067,729.5498126884851,738.86658207987,2555375
2025-08-05,735.8772583007812,739.6139403842313,729.0516100223696,733.1868350370185,1988095
2025-08-06,749.8773193359375,752.3186303663675,731.4928320328428,731.4928320328428,1797969
2025-08-07,753.0161743164062,754.9592611343097,744.3968701126154,744.3968701126154,1423219
2025-08-08,758.8453369140625,761.7848721291215,753.3150599471758,753.3150599471758,2210684
2025-08-11,762.0339965820312,763.1300656136032,751.0232527310229,760.7884359468857,1719052
2025-08-12,763.4788818359375,770.2049094661746,755.6567243230708,762.0340192924303,1996036
2025-08-13,773.8419189453125,780.9167401353386,760.888087806316,763.1300970419115,1720968
2025-08-14,785.9487915039062,787.9416885980525,775.1871593591953,775.9843060331752,2861621
2025-08-18,788.1907958984375,812.1055608814495,786.2975193432587,806.1268696356965,3954373
2025-08-19,790.9310302734375,793.272660019961,782.4114074023596,788.9879434527094,1531303
2025-08-20,793.7210693359375,799.0022344140493,789.7850854543211,790.2334994592836,1097339
2025-08-21,792.625,804.1339684253084,788.5893955935143,789.6854646555847,2142925
2025-08-22,785.9487915039062,792.1765949231132,783.806402800342,790.9808445029469,1331814
2025-08-25,784.2049560546875,789.1373882087983,782.560791730521,785.9487408997901,2326398
2025-08-26,773.8419189453125,789.1872509296348,767.7636071228328,783.2583698984924,5054056
2025-08-28,772.5963134765625,786.0982391896903,768.2617868663455,772.7458050776277,2892634
2025-08-29,769.3080444335938,775.6853390960606,763.9272590793773,773.244028132223,1865283
2025-09-01,779.0234375,782.2120849142842,768.7600299507901,769.3080644708099,2218344
2025-09-02,779.9700927734375,792.92392376169,774.4896258168691,777.2298592951533,2957512
2025-09-03,773.6924438476562,784.7031875215828,767.9628650181336,780.2191693071737,1879623
2025-09-04,751.5712890625,800.1481539505304,747.3861931546224,800.1481539505304,10041489
2025-09-05,756.8524780273438,770.2547230829573,750.7243559841487,761.2866862035955,3234619
2025-09-08,751.0730590820312,760.4895095983795,745.8417044416589,759.5926816183882,3455695
2025-09-09,758.3969116210938,760.19056753465,749.6779874461511,752.3186002379176,2393107
2025-09-10,774.8383178710938,775.8846374354093,757.3008488565092,760.2901943125217,2301647
2025-09-11,771.500244140625,776.532296856392,768.4610884068164,775.1871157209258,1238513
2025-09-12,776.881103515625,778.6746986661763,767.4148426905258,772.9451197457215,2259316
2025-09-15,774.4398193359375,777.2298630910474,768.8596710073252,772.2476203789253,1362719
2025-09-16,771.5999145507812,778.8241665774701,767.3650081903085,774.0910359392947,1758601
2025-09-17,765.322265625,774.1906816876849,760.0909109496656,772.2974051921125,2329049
2025-09-18,781.8134765625,786.8455901923511,763.478860470851,763.478860470851,4824420
2025-09-19,779.4220581054688,790.8314060221943,777.7280834282375,784.0056970500784,3634175
2025-09-22,785.0021362304688,794.0698543036143,780.7174197344684,784.0056877049622,1976223
2025-09-23,772.2974243164062,788.6890148687014,771.2511655191091,784.6534104686169,2220802
2025-09-24,767.5144653320312,772.8454405366793,765.3222664449121,768.5109138426863,1102305
2025-09-25,762.3329467773438,767.215568972567,756.0553331109086,765.2724821471866,2080916
2025-09-26,761.6852416992188,772.6959852288418,759.4930428816712,763.8773796983777,2956314
2025-09-29,753.9129028320312,766.21907816845,751.720764809832,759.2937490027133,3463773
2025-09-30,753.7634887695312,758.9450331935708,747.9342284855902,754.3115232872375,3435577
2025-10-01,761.2866821289062,764.0269156051555,746.2901438134746,750.5250500949509,1540724
2025-10-03,756.5037231445312,764.42550098563,752.2688169647781,753.9627916003575,5421803
2025-10-06,760.3400268554688,761.9841912318147,749.9769987952955,752.5179303436922,1323764
2025-10-07,752.91650390625,767.2653874270482,750.4253825184999,764.276041761748,3289846
2025-10-08,744.6459350585938,754.3613077140428,740.0622963895321,752.9164452580163,2259319
2025-10-09,751.6708984375,754.7599252653417,739.3647838424114,743.450198347608,4476278
2025-10-10,744.6459350585938,757.0019205067255,740.9590635282327,752.2189799784898,2771300
2025-10-13,743.8986206054688,747.3363801176881,739.5142836664792,739.5640939281423,1676403
2025-10-14,740.9093017578125,745.493001545249,737.0231889323343,744.2972511303354,3412592
2025-10-15,758.4468383789062,760.9877700184616,740.9093074028054,742.0552475629936,2764842
2025-10-16,740.2117309570312,757.2510365001788,723.4215983529176,757.2510365001788,10209104
2025-10-17,743.30078125,746.8381613113455,733.4359166331409,738.1192368130477,4205888
2025-10-20,739.6138916015625,751.2225408358339,734.9305715355238,749.2296438561059,2361964
2025-10-21,741.0587768554688,743.7492000244822,737.9697499509009,737.9697499509009,119115
2025-10-23,741.0089721679688,749.877327576055,740.0623339026988,742.3541533534002,3312072
2025-10-24,732.33984375,742.8523633547901,731.1939036374554,740.9590868606008,2349228
2025-10-27,734.6316528320312,740.9092661859414,729.6992206188198,732.3398334575421,3739804
2025-10-28,744.3470458984375,746.2403224175035,732.9376981584044,733.3861121569612,3859058
2025-10-29,758.5962524414062,760.6888308418996,746.3399477068283,747.5356981044828,2270288
2025-10-30,743.9484252929688,758.4966098746224,741.4074937832851,755.3079625130005,1517376
2025-10-31,729.2507934570312,745.941305444308,727.4571983623747,742.3541152549949,2584942
2025-11-03,733.3861083984375,735.3291951699648,725.8629342599306,727.4074172973633,2222765
2025-11-04,739.813232421875,745.9912255480436,731.5925319475937,733.386127160122,2311438
2025-11-06,733.4359130859375,744.1477345606108,731.9910505838151,736.2259567482208,1640119
2025-11-07,746.5890502929688,747.8346109374348,728.4536751458644,728.4536751458644,1709430
2025-11-10,748.033935546875,757.1015929869178,746.5392627280728,747.3364094010888,2046515
2025-11-11,761.1870727539062,762.2831418331065,744.6958005732599,751.7208115154559,2303525
2025-11-12,780.3187866210938,783.2085115636334,761.7350588110309,762.28309331575,3996339
2025-11-13,779.4220581054688,783.7067746525416,775.5358844823141,780.119584245316,2068084
2025-11-14,770.9522094726562,777.5287451843845,766.7671136477431,776.233374310061,1373199
2025-11-17,767.5144653320312,775.2369412896077,762.3827311748016,767.9628793255041,2639170
2025-11-18,759.094482421875,766.3685445696623,757.8489217521035,763.7279924407819,1363326
2025-11-19,758.3969116210938,759.2937395778719,752.9663160754117,757.8986873825256,950947
2025-11-20,759.4930419921875,762.4325771655663,747.4359789189909,757.9983692753904,2612081
2025-11-21,761.2866821289062,763.4788810735841,755.9058357027325,757.3008879816344,2712721
2025-11-24,758.9450073242188,763.2795338746108,756.9521103689326,762.7813096357893,5837946
2025-11-25,763.8275756835938,767.7137491109486,754.9592206387317,761.1371526045319,1858955
2025-11-26,784.7529907226562,785.6996289453043,760.041080504795,760.888037388097,3006211
2025-11-27,775.0376586914062,785.0021440456758,773.0945718836452,784.753031911819,1165637
2025-11-28,761.5855712890625,777.6284285227223,758.7457174104254,777.6284285227223,2441514
2025-12-01,764.0269165039062,765.5215893108914,755.407612322935,762.2831315624236,908996
2025-12-02,756.304443359375,763.6781868973504,751.2723903860774,759.2937889853014,2054726
2025-12-03,749.2794799804688,756.2048093877493,743.3505990974476,752.617558209381,2877041
2025-12-04,758.0980224609375,763.2795669327757,742.5534498638145,752.318633203976,2649259
2025-12-05,765.5714111328125,769.2582829427191,752.5179594154164,754.5108565214856,1693258
2025-12-08,761.3364868164062,777.1302325003401,759.2937794945677,765.2724706716903,3775906
2025-12-09,760.1906127929688,762.5820527894383,750.8239722228844,761.1870613294291,1965538
2025-12-10,768.3116455078125,773.144457486439,756.3044525940753,756.3044525940753,1667376
2025-12-11,772.4468994140625,774.3899861780221,760.3400256541828,768.3116137579019,2133427
2025-12-12,774.7387084960938,777.0803381429704,767.3151550098487,776.3330017682154,1290971
2025-12-15,769.955810546875,772.7458543369597,763.7778173427204,769.7565086722133,1510988
2025-12-16,761.6353759765625,779.4220179433922,759.4432379619878,770.1550591869072,2125078
2025-12-17,750.823974609375,761.6354169369772,746.3399561810509,761.6354169369772,1809434
2025-12-18,754.3115234375,755.6068943391703,746.4395558668726,752.3684366757992,731537
2025-12-19,763.7279663085938,771.1016487303034,750.4253423195695,750.4253423195695,3098157
2025-12-22,759.094482421875,766.3187343065498,757.25107695797,763.2795784359857,767829
2025-12-23,761.2368774414062,762.2831362490499,755.1086945677333,757.2510832649406,1246811
2025-12-24,752.6673583984375,765.2226461271034,751.9698930955037,761.1870418215428,1132272
2025-12-26,745.7919311523438,752.3186570064028,743.0018873695085,750.3257599017501,1655497
2025-12-29,743.7990112304688,748.7812538392623,739.5641050129942,745.3434942755165,2912215
2025-12-30,740.3612670898438,748.3328554299767,733.1370151565983,743.7990267252046,13786783
