Price,Close,High,Low,Open,Volume
Ticker,HEROMOTOCO.NS,HEROMOTOCO.NS,HEROMOTOCO.NS,HEROMOTOCO.NS,HEROMOTOCO.NS
Date,,,,,
2021-01-01,2560.681396484375,2575.6610892982167,2552.7171316825793,2570.874188551967,408952
2021-01-04,2512.152587890625,2578.260657553411,2506.70539046778,2568.3981151158882,1599835
2021-01-05,2531.424072265625,2537.325237243101,2501.547497777446,2518.879235637336,1150326
2021-01-06,2544.918212890625,2577.972354083692,2513.9273738757224,2543.061240930277,1370394
2021-01-07,2521.561279296875,2570.6678650486674,2504.023212956949,2553.5424590932107,880259
2021-01-08,2608.921875,2612.9245603109907,2528.0404299804113,2533.7350633687433,1576465
2021-01-11,2639.12841796875,2661.5771045876277,2597.325997890611,2608.8391833455125,1596027
2021-01-12,2680.84814453125,2719.43188985776,2624.8913569994997,2632.7732105147966,1586336
2021-01-13,2687.904296875,2738.413879673187,2654.8088586597723,2690.5452826204305,1424073
2021-01-14,2695.9931640625,2719.4321955600276,2672.4302135410994,2694.672570107281,803208
2021-01-15,2643.502685546875,2699.500785880598,2619.5683808697413,2682.2927655408503,1199320
2021-01-18,2610.613037109375,2655.5106031487016,2543.8446744709236,2641.0261848672094,1280163
2021-01-19,2668.178955078125,2674.657802550801,2616.6790289245746,2616.6790289245746,770832
2021-01-20,2703.42041015625,2717.3682485869645,2666.033344295966,2673.2135936744653,841752
2021-01-21,2680.064208984375,2761.523329665172,2657.2852748604146,2703.4208273554245,1300181
2021-01-22,2785.375,2875.3762707173028,2689.637790201388,2694.672327521288,3813020
2021-01-25,2867.94873046875,2905.253193670274,2770.6434800333823,2820.9054406563055,2266967
2021-01-27,2771.881103515625,2875.4175534820647,2748.276848971399,2847.3566473918268,1333633
2021-01-28,2803.9443359375,2858.99338527767,2744.31491811956,2755.7043835518125,1986409
2021-01-29,2687.2861328125,2876.2433108858877,2662.815247448807,2822.5148401766173,1718833
2021-02-01,2757.107666015625,2773.7379999229374,2655.2631666866664,2723.5584583311834,1285163
2021-02-02,2718.482666015625,2806.090377649517,2691.3708004456103,2806.090377649517,1751516
2021-02-03,2790.244384765625,2824.2475587923736,2697.148165439356,2720.711112752692,1077971
2021-02-04,2839.68115234375,2901.0025262704667,2809.4745328530084,2839.9287888752992,2425660
2021-02-05,2830.190185546875,2938.142191768007,2778.0299487334582,2888.6229413449505,2719249
2021-02-08,2884.496337890625,2894.317575296005,2818.800718381272,2870.465883600456,1004959
2021-02-09,2888.168701171875,2919.984856855643,2852.5974972153117,2856.4351581620635,1543021
2021-02-10,2920.7685546875,2945.363151035639,2876.448874857292,2880.3691480530665,1477082
2021-02-11,2922.87353515625,2933.1900448807883,2866.7930285925245,2908.430421541896,757116
2021-02-12,2901.621826171875,2954.64869165763,2891.0163724769836,2918.2932673175537,566161
2021-02-15,2918.16845703125,2952.4835052147505,2906.88457250168,2937.9996486940945,809861
2021-02-16,2914.9267578125,2934.926327231259,2890.043041902361,2922.0423529723753,759332
2021-02-17,3018.040283203125,3027.303241661617,2911.3057391473226,2916.5266382518457,1946207
2021-02-18,2966.546875,3055.9764915152414,2952.3576239220592,3014.3772618814673,1701157
2021-02-19,2854.422119140625,2966.5461209008454,2837.833047192959,2966.5461209008454,995322
2021-02-22,2875.01123046875,2890.842507085256,2821.117662812659,2863.095781729844,921345
2021-02-23,2867.685302734375,2930.0840353620224,2843.770112754197,2875.011418950385,1069537
2021-02-24,2898.126953125,2947.3047559608235,2821.9180730065846,2896.7795315729236,823330
2021-02-25,2892.063720703125,2913.621231704559,2864.9907039210507,2905.200361092696,897962
2021-02-26,2714.888916015625,2883.0115298359256,2694.5104485203883,2867.306687045038,1880371
2021-03-01,2821.159912109375,2831.980812623633,2736.782833259938,2740.99326838803,1176879
2021-03-02,2927.431640625,2938.884107922463,2822.255039456199,2822.6760830246694,1402320
2021-03-03,2883.600830078125,2956.4832987283935,2858.0434062462527,2955.7255026294483,965062
2021-03-04,2879.8115234375,2913.621236767819,2836.359748769713,2861.4118388835404,934953
2021-03-05,2915.052490234375,2940.14672363728,2858.04324216667,2875.727068944955,1017875
2021-03-08,2916.94775390625,2938.463121793185,2882.211658828454,2915.0109123358907,749107
2021-03-09,2904.232177734375,2938.883979672233,2876.9905778080756,2917.8739476399614,564852
2021-03-10,2879.390380859375,2926.2524420487775,2869.706379972019,2904.358179173017,787897
2021-03-12,2821.455078125,2879.0959011292234,2787.308403842565,2825.202324740727,1098158
2021-03-15,2748.698486328125,2837.3281523487663,2730.8884266502555,2829.4126159558614,781236
2021-03-16,2741.035888671875,2778.887665912755,2735.0991329953417,2778.003433265154,523881
2021-03-17,2686.720703125,2761.118965783715,2673.6262092346838,2742.6773428275164,991815
2021-03-18,2616.53271484375,2709.583329395025,2587.143960446778,2709.583329395025,1472097
2021-03-19,2626.595947265625,2637.4589944213685,2556.5764857618615,2597.8387544714565,1554560
2021-03-22,2606.975341796875,2647.4796065719065,2594.5964973792147,2637.079954594438,619756
2021-03-23,2583.059814453125,2637.4165732602955,2577.2494961915404,2617.122193638397,944310
2021-03-24,2554.765625,2598.6382325926033,2545.6288991803904,2583.5228126647166,975533
2021-03-25,2477.125244140625,2568.0287040341527,2464.873042252152,2554.1342679573936,1075251
2021-03-26,2473.883544921875,2511.777464750044,2468.1573114747503,2502.682882873749,611318
2021-03-30,2495.820068359375,2506.3461576778473,2456.03145073555,2471.4836265024583,899455
2021-03-31,2453.505126953125,2494.2620615235023,2443.736834078732,2488.8727861644643,1212659
2021-04-01,2489.29345703125,2530.429283531101,2469.8411651423257,2483.3145571103714,1067722
2021-04-05,2431.02099609375,2503.4826270793733,2413.9267936339243,2493.419728058337,1152927
2021-04-06,2431.9052734375,2465.630901164194,2415.1056777796816,2442.052463584755,788062
2021-04-07,2477.083251953125,2483.230322708372,2421.042319842687,2425.210609460167,649751
2021-04-08,2465.630859375,2518.1350686872593,2453.336306324748,2500.156428102587,953450
2021-04-09,2452.915283203125,2482.472620862982,2443.020760375737,2465.6308798801933,557093
2021-04-12,2346.138671875,2433.5892834328993,2308.2447568921216,2420.1580369064973,859305
2021-04-13,2412.874267578125,2424.3686738453134,2335.3179662179627,2357.001708264339,714921
2021-04-15,2410.5166015625,2433.631852609018,2374.6857523728136,2401.6325410522213,683426
2021-04-16,2437.7158203125,2463.0625175952136,2390.0536102382785,2390.0536102382785,709663
2021-04-19,2345.675537109375,2376.8327568152495,2309.928984267058,2325.297072365225,740714
2021-04-20,2377.80126953125,2398.979883149395,2358.559702920921,2392.579939044819,740095
2021-04-22,2400.916259765625,2427.357914829565,2315.739242236248,2318.518170444461,1436707
2021-04-23,2411.779541015625,2419.9898900402604,2367.9910128842375,2373.0013898894304,682515
2021-04-26,2412.200439453125,2423.8632214493477,2383.1062914907166,2408.411047823546,831133
2021-04-27,2446.683837890625,2474.8937530753906,2417.0002704200883,2421.0001837671816,811184
2021-04-28,2464.1572265625,2533.8399298510253,2454.725892733428,2465.6308788979068,1389833
2021-04-29,2408.453369140625,2495.7777592849725,2399.9903527657925,2495.7777592849725,1009327
2021-04-30,2373.9697265625,2408.369066265024,2362.054276529158,2387.1485128126697,670258
2021-05-03,2352.15966796875,2398.263934261165,2329.7600700555445,2340.959869012147,668727
2021-05-04,2338.26513671875,2374.4748786396667,2329.844266504583,2352.7911378381873,642256
2021-05-05,2347.90673828125,2357.843405177739,2330.896623404279,2346.811984154177,365152
2021-05-06,2453.25244140625,2460.578558213581,2359.6543349100994,2373.00149796231,2249529
2021-05-07,2409.042724609375,2522.0507679873,2374.6855311266063,2483.2726173987107,2287493
2021-05-10,2388.411865234375,2424.3689460326395,2383.1066749817196,2409.043000759835,781259
2021-05-11,2390.1376953125,2394.600591898741,2358.769954869237,2383.5272301920836,684120
2021-05-12,2391.6533203125,2406.68465555725,2370.4749144134566,2391.3587132139182,486996
2021-05-14,2368.24365234375,2401.548031475162,2360.159534240801,2391.6535084077,518143
2021-05-17,2403.947998046875,2428.915796761839,2368.790863825505,2387.316778864311,926624
2021-05-18,2447.9052734375,2458.6418849239644,2405.464162031965,2422.011092793675,1288013
2021-05-19,2454.68359375,2479.0619711707427,2436.9997668310466,2454.68359375,717841
2021-05-20,2412.66357421875,2456.199431511592,2409.84250050062,2451.6100984253208,637388
2021-05-21,2428.91552734375,2433.7155874505934,2387.3165140604315,2420.1579052591464,1658538
2021-05-24,2442.431640625,2495.693653026598,2435.3160453031137,2458.894485575758,1587246
2021-05-25,2467.062255859375,2479.8199973295864,2448.283674542308,2463.02019712042,501532
2021-05-26,2496.535400390625,2515.103460695681,2459.3151944293086,2477.4200657459423,817054
2021-05-27,2518.93505859375,2550.2185105743247,2471.6517469179194,2500.9985631345457,2097924
2021-05-28,2519.145751953125,2554.386974390652,2489.672702905225,2547.313524854226,1077246
2021-05-31,2532.576904296875,2538.8925574247974,2492.5777678200334,2516.9982932479998,662303
2021-06-01,2506.682373046875,2572.5756780576817,2497.629938173186,2540.1553299054,971553
2021-06-02,2503.18798828125,2520.366481462774,2477.504333859394,2502.6826538280534,793261
2021-06-03,2533.29296875,2538.050678928977,2494.2621469766523,2512.7880643410977,851280
2021-06-04,2567.018310546875,2572.5761678089634,2530.3455807099526,2530.4718115436776,1023321
2021-06-07,2570.26025390625,2590.765156251928,2560.5762526219773,2581.2073857928194,612460
2021-06-08,2573.3759765625,2591.944037834108,2560.2395414387474,2575.1022961977587,555729
2021-06-09,2546.050537109375,2602.0493334440116,2535.187694942693,2573.3762244288146,845692
2021-06-10,2533.83984375,2563.228598519551,2525.418973548106,2559.060308887143,567660
2021-06-11,2529.9248046875,2558.260957215522,2522.0512069981855,2542.2613001427453,467264
2021-06-14,2514.17724609375,2540.534613212889,2478.2623138250333,2534.6821490361367,489598
2021-06-15,2532.19775390625,2547.3131744353705,2502.935230662736,2513.6296944428364,454939
2021-06-16,2505.5458984375,2538.7663993119986,2500.9987102902232,2532.998020388213,444814
2021-06-17,2453.92578125,2491.6932594213213,2443.736446429897,2481.6303610023797,782315
2021-06-18,2434.7685546875,2479.9464441774317,2401.6323459402497,2453.926035707886,904203
2021-06-21,2437.7158203125,2452.9996182944083,2412.579439208198,2416.789874529678,577938
2021-06-22,2447.989013671875,2477.4620581807076,2439.147100319225,2442.894346289248,522538
2021-06-23,2465.925537109375,2522.0505531608515,2459.7361154533714,2491.693275835827,1911546
2021-06-24,2447.9052734375,2475.736295702304,2436.579242045788,2475.736295702304,844653
2021-06-25,2475.06201171875,2483.5671724559998,2443.694271698285,2448.7889390473247,631005
2021-06-28,2478.809814453125,2491.2306002041996,2466.8100722868326,2490.0517604018846,407079
2021-06-29,2465.209716796875,2490.5144725138057,2454.683629193131,2478.809339745853,470337
2021-06-30,2444.242431640625,2467.315539088489,2439.863413653995,2463.1051030149592,758083
2021-07-01,2460.999267578125,2481.6303991626123,2446.262745017777,2446.262745017777,634751
2021-07-02,2458.76806640625,2500.1144190790633,2448.073395917322,2492.5777807581558,928741
2021-07-05,2474.093994140625,2485.7567768819886,2463.1890075385318,2473.125470643039,480881
2021-07-06,2458.262451171875,2487.524974141207,2452.494073042143,2473.2094952785123,452807
2021-07-07,2453.294189453125,2460.5781596070487,2434.6418394628613,2458.0518986628936,668763
2021-07-08,2442.38916015625,2471.399223054309,2433.757768026023,2451.315364984523,524837
2021-07-09,2439.358154296875,2458.599722771847,2421.884845525655,2442.3895447551727,328728
2021-07-12,2440.53662109375,2463.946681950938,2437.92627461926,2453.841637459,392467
2021-07-13,2445.505126953125,2458.05214198272,2438.9368067306027,2458.05214198272,317264
2021-07-14,2442.641845703125,2458.8941667584777,2438.684077716627,2458.8941667584777,429264
2021-07-15,2429.12646484375,2453.3364689095865,2426.9371617417028,2450.4734550116514,349469
2021-07-16,2446.01025390625,2449.336456691821,2425.210744541086,2431.1053539896234,459445
2021-07-19,2431.189453125,2437.336523737664,2416.8739741650993,2430.2630751925362,338468
2021-07-20,2390.685302734375,2441.210529280364,2381.4223445342773,2431.947571080266,481836
2021-07-22,2419.88671875,2427.346952622655,2392.5609061913924,2417.15844627877,613062
2021-07-23,2417.11572265625,2441.8410686728394,2405.1793487172067,2429.94736627149,430659
2021-07-26,2396.013916015625,2416.135315323054,2394.0955702061647,2412.852729231997,313614
2021-07-27,2382.03125,2409.6553447731962,2379.174963145371,2405.8613249146247,427442
2021-07-28,2368.26171875,2392.3476152581748,2354.023372002483,2384.1201267921374,415048
2021-07-29,2340.978759765625,2374.315431559998,2336.1189918148825,2374.315431559998,611448
2021-07-30,2355.984619140625,2388.980127450009,2340.9788077409244,2356.5813962426214,745920
2021-08-02,2372.09814453125,2384.546158753153,2357.646649875819,2361.78183349062,464874
2021-08-03,2403.5595703125,2406.032021729563,2373.8891125385026,2373.8891125385026,530085
2021-08-04,2391.9638671875,2416.5187330474578,2388.1271759016886,2414.3872378886736,308031
2021-08-05,2403.303466796875,2414.3018985717586,2374.4856105745766,2392.39016993618,316844
2021-08-06,2416.092529296875,2430.7998464724838,2397.2500280886197,2412.852614896989,445529
2021-08-09,2418.224365234375,2443.4611475728398,2408.589963748608,2429.904919180012,422204
2021-08-10,2384.759521484375,2424.661153596952,2378.7486633387207,2424.661153596952,574570
2021-08-11,2371.5869140625,2399.9358003596426,2345.710478947787,2395.800616390107,551805
2021-08-12,2372.738037109375,2388.340625261263,2365.9599232842497,2387.274877548072,410605
2021-08-13,2363.572509765625,2399.5521094554424,2346.3500690581036,2384.589178699457,1083905
2021-08-16,2342.3857421875,2368.43245060943,2337.6537805585344,2365.9599990971415,396756
2021-08-17,2372.439697265625,2378.748840318911,2313.098782718712,2348.0553068954414,877329
2021-08-18,2356.239990234375,2383.0114850156,2346.7760688749336,2379.174793894824,613650
2021-08-20,2299.88330078125,2336.9713169384268,2285.9859105674504,2285.9859105674504,809463
2021-08-23,2285.474609375,2311.3081659516974,2264.926911370745,2302.8675278043975,758426
2021-08-24,2281.424560546875,2297.7517298368784,2261.0900139248242,2285.8153572143488,567946
2021-08-25,2279.804931640625,2308.835942189997,2276.4372103571977,2287.52098703684,407780
2021-08-26,2257.2958984375,2284.9626621752404,2252.9902368649523,2280.6996721338687,445529
2021-08-27,2279.889892578125,2284.877466355654,2247.4484946419257,2257.6796714005386,517155
2021-08-30,2324.395751953125,2326.740396911537,2284.963086743466,2284.963086743466,518747
2021-08-31,2337.696044921875,2341.234243565225,2302.9526744101186,2325.034880627228,708031
2021-09-01,2336.84375,2356.581314141637,2328.1046188603646,2352.318323341815,442282
2021-09-02,2327.8916015625,2335.1386863338876,2304.2320012794407,2323.3301178860243,422436
2021-09-03,2386.8056640625,2399.1683362775966,2329.2979649409713,2329.2979649409713,981491
2021-09-06,2401.939453125,2412.8527510147755,2388.1274048029636,2408.419282290323,580935
2021-09-07,2385.356201171875,2408.5894981004544,2379.601164318007,2402.834461246586,311022
2021-09-08,2385.86767578125,2395.629881165462,2370.2224193559928,2386.4217812149004,341207
2021-09-09,2384.461181640625,2392.6462070637835,2355.728665891537,2372.780628728247,403669
2021-09-13,2378.578125,2398.2730154227206,2361.6966416706505,2361.6966416706505,279930
2021-09-14,2431.35400390625,2439.283208009751,2387.274722973542,2387.274722973542,880592
2021-09-15,2451.1767578125,2459.7454099701977,2438.4304584106635,2438.4304584106635,681873
2021-09-16,2489.927490234375,2494.70212301364,2457.102462299985,2463.155992271499,1118060
2021-09-17,2499.90283203125,2518.9582736049724,2469.6780645587414,2507.490871434041,1024040
2021-09-20,2463.582275390625,2489.5865181313807,2449.9833769651614,2489.5865181313807,442234
2021-09-21,2430.288330078125,2468.271618901313,2399.552125455511,2464.008628195093,580932
2021-09-22,2427.517333984375,2438.4306315886865,2408.6750403598567,2429.9046503593554,561230
2021-09-23,2432.505126953125,2457.1878010897226,2427.560016187617,2429.904661035985,448036
2021-09-24,2415.794189453125,2440.3917293723666,2402.067484113577,2429.9047304837204,603710
2021-09-27,2483.57568359375,2496.4073270936296,2422.231289710725,2422.231289710725,1187306
2021-09-28,2490.0556640625,2505.786058902211,2464.861346133478,2496.364807352805,788979
2021-09-29,2460.725830078125,2490.055328502248,2443.1197632398807,2485.323367595272,613787
2021-09-30,2414.984375,2454.5023843979056,2410.465562958814,2436.12885175875,920513
2021-10-01,2428.15673828125,2430.757204139525,2389.1930464047646,2410.4653275531214,329726
2021-10-04,2434.636474609375,2446.956475161916,2429.90451366253,2439.7520630591907,386779
2021-10-05,2425.25830078125,2438.132408970852,2421.378937261555,2432.4627140870484,316991
2021-10-06,2385.697509765625,2429.9048085797485,2371.075534266765,2421.378826795258,468624
2021-10-07,2422.785400390625,2437.876553861648,2395.8007527537075,2404.326734080233,552458
2021-10-08,2423.169189453125,2448.6617898674385,2421.378650147467,2445.0382478733795,300133
2021-10-11,2436.554931640625,2454.2463425048227,2424.106915915607,2425.641634151461,658779
2021-10-12,2486.73046875,2495.981242526115,2434.381022279313,2450.281895524384,956819
2021-10-13,2494.02001953125,2512.478894021585,2478.54544666326,2494.702139669105,754779
2021-10-14,2496.23681640625,2510.1766707705833,2472.5345470486027,2501.5228831174486,572466
2021-10-18,2476.030517578125,2515.164691723397,2469.2948669011953,2505.786111516971,440831
2021-10-19,2452.114990234375,2498.1126195332363,2443.1200379769584,2476.030410355898,447221
2021-10-20,2400.916015625,2452.0718966397376,2388.979643388228,2440.9881224198775,424722
2021-10-21,2350.52734375,2417.115330834513,2323.3295508021333,2417.115330834513,737326
2021-10-22,2339.657470703125,2387.275167575056,2325.419121155863,2365.1076124475735,387942
2021-10-25,2290.7607421875,2348.780087701284,2284.153106550566,2339.4866430099346,326076
2021-10-26,2302.44140625,2308.835892658767,2289.2261343385485,2299.3719695122504,282346
2021-10-27,2293.61669921875,2327.038711316683,2286.668107953876,2313.9085756628283,444512
2021-10-28,2274.518798828125,2313.7809867192404,2267.911162921118,2313.7809867192404,366561
2021-10-29,2265.4384765625,2304.4448393239763,2250.0063678150063,2285.8154877271813,614962
2021-11-01,2285.5595703125,2295.8760900661814,2252.56406712952,2280.699803017209,502481
2021-11-02,2288.62890625,2303.3362220920003,2282.0212715963476,2297.751663431377,813089
2021-11-03,2252.095458984375,2299.4573303144293,2250.859233233257,2299.4573303144293,504184
2021-11-04,2282.831298828125,2289.225784259016,2259.3848522481912,2259.3848522481912,93301
2021-11-08,2287.435546875,2310.285219460207,2276.863412829263,2308.5800231203234,644351
2021-11-09,2314.24951171875,2344.6445477765833,2288.032122684521,2297.7089852894205,723569
2021-11-10,2318.0439453125,2329.2555279820376,2303.59244796747,2313.951432467344,390217
2021-11-11,2302.7822265625,2323.32992494002,2289.737641580406,2323.32992494002,264937
2021-11-12,2287.5634765625,2319.066936141447,2284.9630106099553,2319.066936141447,352693
2021-11-15,2296.259765625,2374.3151610264767,2290.0784295808967,2331.8557352582848,2023708
2021-11-16,2345.412109375,2360.8442187686096,2302.867546007228,2312.416603419511,1246961
2021-11-17,2344.0908203125,2364.8087889524027,2329.1703526025353,2345.4121809294484,570038
2021-11-18,2289.097900390625,2355.7283530654227,2274.006748761073,2353.170558979575,559569
2021-11-22,2246.255126953125,2300.4802433797245,2232.698691731094,2289.225989642418,636253
2021-11-23,2244.208984375,2256.742136529763,2216.7553634279343,2238.027647303903,626376
2021-11-24,2234.702392578125,2266.1205090899934,2227.8389359323332,2256.4009735724917,564230
2021-11-25,2212.236328125,2250.859065076975,2200.6411184396347,2250.859065076975,625134
2021-11-26,2156.56201171875,2207.973729765795,2135.886503375557,2199.703568059293,685448
2021-11-29,2123.651123046875,2156.177653225221,2085.5824977590437,2152.809932782916,594113
2021-11-30,2088.268798828125,2142.280769542088,2066.740694423098,2111.033128984056,1527406
2021-12-01,2087.33056640625,2114.4432268326927,2077.824181127787,2114.4432268326927,769987
2021-12-02,2108.219482421875,2117.1717633304174,2053.8236767944372,2070.108385327708,921229
2021-12-03,2099.480224609375,2129.321159173896,2089.7606891841815,2118.7063540809986,499760
2021-12-06,2063.287353515625,2110.521203884162,2056.168076286385,2109.967098393716,347297
2021-12-07,2098.926025390625,2110.1802785789464,2071.8987074937336,2076.0763548847412,347226
2021-12-08,2123.523193359375,2131.495068175879,2097.5189535276295,2097.5189535276295,308181
2021-12-09,2149.357421875,2156.135536032669,2115.6371209444983,2140.021513080183,402958
2021-12-10,2154.387451171875,2169.6915444339584,2142.493541932651,2149.143848307939,327197
2021-12-13,2127.232421875,2175.830517284569,2122.9694310495993,2174.125320954409,332491
2021-12-14,2117.68310546875,2121.2639756940607,2097.3912299868925,2114.4431912062983,365318
2021-12-15,2137.591064453125,2151.9574244986457,2111.16052556269,2117.938846414096,470021
2021-12-16,2106.855224609375,2152.810178423901,2096.7945255111226,2142.5790013383225,496003
2021-12-17,2084.303955078125,2105.0648030027305,2064.1400923732726,2105.0648030027305,492339
2021-12-20,2009.275634765625,2076.07679264896,1969.5020086320728,2076.07679264896,687713
2021-12-21,2001.3887939453125,2037.709558032023,1989.154135508012,2037.709558032023,401977
2021-12-22,2002.5826416015625,2017.2472886286164,1992.777762557087,2007.868708673031,367785
2021-12-23,2040.01123046875,2048.793031660939,2005.7368318694794,2016.3943070653852,472868
2021-12-24,2039.79833984375,2057.3192729202333,2026.28478447257,2057.3192729202333,343453
2021-12-27,2047.9403076171875,2054.9315692847044,2021.5097707578482,2037.7091320587335,223494
2021-12-28,2061.411865234375,2067.5505303328414,2042.7398407073085,2049.6459690392376,265463
2021-12-29,2074.584228515625,2082.726581615546,2054.761323629983,2064.1399022855558,270407
2021-12-30,2073.43359375,2078.506719843069,2056.765464543182,2067.5507491068724,366389
2021-12-31,2099.181884765625,2117.5127440858546,2073.5185984557693,2073.5185984557693,253608
2022-01-03,2111.54443359375,2128.5110516855325,2099.949016744028,2099.949016744028,234912
2022-01-04,2118.620849609375,2128.5964134983606,2104.552981529223,2124.6743791356976,181575
2022-01-05,2136.61083984375,2142.536355011433,2112.695421494062,2118.663608197536,294097
2022-01-06,2128.085205078125,2139.1689821879067,2100.8020614232773,2122.969615642841,406402
2022-01-07,2130.727783203125,2144.7103073918993,2116.1482738806176,2139.1684202926954,308537
2022-01-10,2198.083251953125,2203.1134974977977,2122.37249879844,2122.37249879844,783876
2022-01-11,2189.68505859375,2210.062069813047,2183.3332444135463,2203.6675840973053,372092
2022-01-12,2208.6552734375,2212.491964705776,2184.3562287384193,2195.4400035134386,410716
2022-01-13,2211.298583984375,2216.7551287320257,2191.177184938964,2215.9025306055905,243121
2022-01-14,2190.921630859375,2212.3219297023124,2178.3884785042333,2208.229416565935,267065
2022-01-17,2303.2939453125,2322.8610315902706,2209.4654755189904,2215.902633302679,2357848
2022-01-18,2295.918701171875,2325.0348407974893,2263.8182602707743,2304.572487963188,1082632
2022-01-19,2301.844482421875,2336.1188857573275,2280.742678618045,2297.751969750364,763040
2022-01-20,2310.072265625,2352.531699715991,2298.647532441428,2302.0152538672382,1022978
2022-01-21,2344.72998046875,2367.6647847512654,2265.566168268023,2305.1693060581074,1170753
2022-01-24,2307.30126953125,2361.185435595932,2274.348431472711,2336.1191311004145,593277
2022-01-25,2371.970947265625,2377.8964633330106,2261.8152975867442,2305.5109568717266,971148
2022-01-27,2314.803955078125,2361.696852878971,2292.6364033904524,2330.1507216311293,559824
2022-01-28,2278.27001953125,2348.9078581644467,2270.511501407476,2319.2374014831803,466238
2022-01-31,2322.733154296875,2331.0459861613886,2285.090821525772,2285.090821525772,442531
2022-02-01,2324.822021484375,2361.5264137248087,2283.257861386323,2342.9397322963464,414159
2022-02-02,2304.061279296875,2339.0178052977985,2300.309930499782,2304.5729214755042,283071
2022-02-03,2371.501708984375,2402.578869328254,2288.373390945196,2305.6811746907883,1436881
2022-02-04,2320.55908203125,2370.2229257084136,2312.8856984588124,2357.4339530876846,585251
2022-02-07,2257.72265625,2331.0034283223404,2238.0702265348,2320.559100598511,688838
2022-02-08,2278.09912109375,2294.895259595729,2259.3846371451386,2268.3795874256657,625615
2022-02-09,2326.613037109375,2333.220674169793,2279.0380086435903,2285.304481479524,359950
2022-02-10,2331.088134765625,2345.4969568369106,2302.9097309307726,2340.722325062747,448648
2022-02-11,2317.87353515625,2342.0872406219237,2263.6482067168577,2276.4371796361615,1235994
2022-02-14,2258.106201171875,2304.700606826343,2242.9725840033643,2285.8156410578804,576694
2022-02-15,2369.072021484375,2376.9160918325865,2242.3333760933456,2259.3853409305575,1131545
2022-02-16,2376.02099609375,2425.301219713891,2358.4573877633234,2358.4573877633234,1127829
2022-02-17,2381.690185546875,2448.9176308206024,2370.6917530194787,2387.274744884426,1166885
2022-02-18,2365.1494140625,2402.6210527974063,2343.749121991465,2370.222330296944,662754
2022-02-21,2364.539794921875,2394.7353355020327,2339.8341978977282,2370.2912150175825,522214
2022-02-22,2379.920654296875,2398.2210328176493,2305.8913084984656,2331.076030027229,644900
2022-02-23,2327.3291015625,2407.327953143554,2322.405512688475,2392.1212504052023,631227
2022-02-24,2170.2509765625,2287.1993046835114,2126.3301439374914,2281.970624001698,1934361
2022-02-25,2229.509033203125,2258.789725862818,2182.7123904614714,2252.428122741188,715496
2022-02-28,2209.509521484375,2219.531158663735,2169.0744791846537,2202.1458393254325,1008620
2022-03-02,2114.39111328125,2177.3095207597007,2109.7724033457016,2176.873797421546,855090
2022-03-03,2106.635009765625,2150.730294586671,2095.8291565968166,2127.2012354481617,831912
2022-03-04,2014.17431640625,2094.608870044974,2005.2856047526484,2091.4715775764134,1266961
2022-03-07,1916.0498046875,1995.438683660384,1891.126556877585,1995.438683660384,1284637
2022-03-08,1962.192626953125,1968.8157061315064,1870.865194633433,1900.625010544568,1081826
2022-03-09,1996.0487060546875,2013.5648701753296,1947.814045148004,1974.698261479992,670764
2022-03-10,2022.4097900390625,2100.57851110597,2014.8282468211967,2047.8996042623276,716132
2022-03-11,2031.5164794921875,2043.5424863553226,1993.0858081483814,2020.0134257448349,467988
2022-03-14,2040.8408203125,2048.771069913313,1988.9027277332216,2030.4706903011565,382149
2022-03-15,2020.36181640625,2074.0430148335654,2004.3272832425212,2043.5423822624834,612285
2022-03-16,2064.892578125,2070.992703909712,2034.8276724717766,2048.0736173389078,493507
2022-03-17,2108.8134765625,2116.9615871209485,2069.6856105432757,2076.657183126158,781757
2022-03-21,2084.1083984375,2133.2579072271074,2074.04314649897,2121.7548533354484,516893
2022-03-22,2112.08154296875,2121.9725473367803,2043.5859653979703,2095.829148396286,470208
2022-03-23,2086.809814453125,2126.1557617314193,2028.0307754161076,2111.515414203578,1137046
2022-03-24,2102.06005859375,2115.218988780148,2033.0851378408015,2057.4856452816684,692836
2022-03-25,2072.648681640625,2124.5869884456115,2062.4964130039584,2108.900948334036,467568
2022-03-28,2072.256591796875,2089.5985083959386,2047.0282529419924,2065.328633236493,493636
2022-03-29,1926.463623046875,2092.3435927288247,1877.139865923673,2078.4004450888156,2475877
2022-03-30,1979.6217041015625,1987.76981540898,1940.188743054979,1960.754969167122,3115035
2022-03-31,1999.229248046875,2019.054659344803,1986.8983630451007,1986.8983630451007,1338490
2022-04-01,1952.1712646484375,1957.269313010277,1873.61042874982,1904.111063636445,3541517
2022-04-04,2014.56689453125,2020.8848830617362,1960.7550611853844,1960.7550611853844,1417392
2022-04-05,2032.4315185546875,2050.2089457168163,2017.3990633311614,2030.3835337553546,715666
2022-04-06,2045.197998046875,2047.1587529521055,2010.0352543997224,2028.7277419451484,812337
2022-04-07,2048.42236328125,2063.7596950408406,2036.4399731149256,2047.8994102445165,853476
2022-04-08,2058.7490234375,2074.0429541589783,2030.9499613810233,2052.2567886741153,694946
2022-04-11,2035.1767578125,2058.139465938963,2031.473108937623,2054.827925570313,408871
2022-04-12,2002.4970703125,2026.9411901556455,1991.6912175030743,2026.0697435498687,502227
2022-04-13,1982.0185546875,2014.0442251994032,1977.2255971959225,1996.963995246397,426929
2022-04-18,1991.60400390625,1999.9263616100761,1960.0140641904206,1978.0965814070678,422209
2022-04-19,1972.3016357421875,2028.292083150311,1954.1318879402186,2011.298873431114,484466
2022-04-20,1982.410400390625,2017.398896583373,1970.90713496595,1978.1837992415794,424461
2022-04-21,2019.708251953125,2023.2812683356974,1984.2840305805462,1988.6412638492782,341987
2022-04-22,1999.316650390625,2008.6847026916817,1981.3647627394041,1999.970235434885,598737
2022-04-25,1994.392578125,2033.0411033885775,1974.6978017957126,1976.7021713300999,596296
2022-04-26,2097.790283203125,2102.8011022407895,2005.4605384428364,2013.9135297465664,1311255
2022-04-27,2178.61669921875,2203.5401593600272,2065.328630859375,2082.757564453125,2082863
2022-04-28,2193.69287109375,2215.173947642338,2176.917521731558,2213.300422296312,1182758
2022-04-29,2184.411376953125,2223.9315625098006,2171.1654321413143,2186.1108679047425,839920
2022-05-02,2167.54931640625,2183.496832809143,2133.388649941507,2143.9330268568556,667551
2022-05-04,2099.750732421875,2196.0455885881406,2090.4262956881034,2126.3298556170885,1263034
2022-05-05,2180.05419921875,2211.8619986222297,2117.702368126746,2117.702368126746,1675043
2022-05-06,2233.82275390625,2264.8897404652917,2097.7898529184586,2100.186331097096,2491483
2022-05-09,2172.298583984375,2230.90336977234,2166.4163192398582,2226.5461366282534,996952
2022-05-10,2152.255615234375,2195.479459225401,2142.5390690541335,2165.5451781991787,644415
2022-05-11,2152.73486328125,2195.522769347653,2098.3564605951083,2148.5518764968474,575504
2022-05-12,2092.517578125,2142.887235233442,2066.199932793205,2142.887235233442,966472
2022-05-13,2134.3037109375,2178.6168630338293,2104.500274802308,2104.500274802308,691344
2022-05-16,2175.043701171875,2189.03046305056,2126.3299164665173,2135.0879982227434,473407
2022-05-17,2199.095703125,2212.4724948025937,2180.4032143378745,2191.6884063243015,517525
2022-05-18,2212.602783203125,2225.84872816864,2188.8994796718607,2200.7076229367867,332168
2022-05-19,2192.1240234375,2221.3174858843918,2179.09593871753,2187.4182966826,556405
2022-05-20,2257.177734375,2277.4388714917095,2217.831998366709,2217.831998366709,751633
2022-05-23,2287.286376953125,2352.8627487547383,2274.955489816244,2278.877000422321,744827
2022-05-24,2298.0048828125,2312.8194762928993,2277.4386561727906,2291.861141200404,616849
2022-05-25,2261.142822265625,2326.1092195290676,2251.5132932011506,2300.793649085358,525893
2022-05-26,2297.525390625,2307.02428640273,2243.9750385664315,2272.7327769247586,362813
2022-05-27,2370.16064453125,2376.3477881015733,2298.876265910589,2305.107024364579,654718
2022-05-30,2414.38671875,2429.1140830090144,2373.820831952421,2373.820831952421,924244
2022-05-31,2417.305908203125,2448.721604187543,2398.351942539478,2418.177354900304,1859231
2022-06-01,2403.101318359375,2439.963340701654,2380.3564761538823,2439.963340701654,430807
2022-06-02,2320.749755859375,2381.6637941419085,2300.967745871914,2379.5724071965788,1093645
2022-06-03,2251.600341796875,2343.058627594711,2244.105815305419,2331.1198507234217,753558
2022-06-06,2214.12841796875,2260.9250677505793,2200.490360892008,2235.2610024952646,965347
2022-06-07,2240.3583984375,2246.6327709071184,2178.6163266383683,2200.402489904752,550257
2022-06-08,2253.517333984375,2280.6194088428642,2225.108301957471,2251.818055634362,539786
2022-06-09,2264.105712890625,2268.8550547633067,2230.903509156048,2248.288827936059,327503
2022-06-10,2267.46044921875,2278.3099168898007,2244.3671142077387,2248.3322388079027,324452
2022-06-13,2264.715576171875,2276.480105840907,2210.4680226980054,2230.9034039053295,625967
2022-06-14,2228.812255859375,2278.7459836000335,2204.760240856898,2262.232110513105,509259
2022-06-15,2270.380126953125,2290.161924464937,2228.812161971137,2237.0036758377064,673444
2022-06-16,2195.218017578125,2286.8941747740773,2188.246443452873,2283.6262494028656,493824
2022-06-17,2150.20751953125,2194.30280800319,2139.96802072504,2194.30280800319,725864
2022-06-20,2137.266357421875,2179.8800101831916,2121.0137510128475,2139.488588757272,377385
2022-06-21,2177.919677734375,2200.2724145527695,2148.1162413987367,2148.1162413987367,381831
2022-06-22,2199.923095703125,2225.2386593246692,2161.1873409536634,2174.259038580399,873408
2022-06-23,2330.3359375,2341.2724244690253,2241.8404737563387,2241.8404737563387,1846048
2022-06-24,2405.148681640625,2411.902391893523,2344.365289364543,2365.9772047249144,1354569
2022-06-27,2401.271240234375,2447.8936359348063,2379.5723037862927,2429.2011478733093,1005184
2022-06-28,2411.03173828125,2433.689354322614,2379.049684343206,2394.735726217996,714029
2022-06-29,2398.569580078125,2426.760963199729,2379.0492609876146,2387.80734202697,653929
2022-06-30,2370.073486328125,2416.5216367915987,2365.1062828173094,2392.1211298207495,643735
2022-07-01,2408.50439453125,2413.907321436064,2338.396551158339,2365.9777536819183,393346
2022-07-04,2405.5849609375,2439.179273221617,2386.805242309963,2396.4783856232393,499627
2022-07-05,2385.366943359375,2414.6476309994755,2379.048956204619,2408.0681673423896,401190
2022-07-06,2467.7626953125,2476.6514086968996,2382.6223991480233,2385.585232690979,739745
2022-07-07,2474.428955078125,2499.9623824856385,2461.967226402562,2489.7228851456102,382303
2022-07-08,2483.012939453125,2509.7226937114756,2456.6516787465353,2482.2285098283737,532145
2022-07-11,2499.396240234375,2505.757630621444,2447.0658259683055,2453.1223376789644,428940
2022-07-12,2505.844970703125,2513.7316058415618,2469.679932871729,2487.5445901137437,422887
2022-07-13,2477.827880859375,2520.049427878472,2470.551216336913,2514.123548194707,539917
2022-07-14,2433.776123046875,2497.565972035549,2415.693605977881,2473.165467074978,620757
2022-07-15,2440.0947265625,2454.3863694000534,2425.018653928567,2440.0074967777114,816619
2022-07-18,2455.693115234375,2471.292138370001,2444.6257850131205,2466.1504753342438,369313
2022-07-19,2441.096435546875,2480.878104762806,2425.628256735566,2453.1224424695924,661056
2022-07-20,2463.36181640625,2473.819176199962,2448.765085027527,2457.4795515222872,201509
2022-07-21,2481.70556640625,2487.1084925495447,2453.1656914479468,2457.479309386726,314132
2022-07-22,2502.4462890625,2512.729189343774,2475.1699663247537,2484.538017826555,576270
2022-07-25,2473.90673828125,2506.1066537536212,2467.457904555553,2505.4094537892815,421977
2022-07-26,2440.704345703125,2481.618725728384,2427.545415427252,2474.9086286876286,347002
2022-07-27,2455.52978515625,2460.295061902161,2409.464653303465,2440.042312560184,498259
2022-07-28,2453.8974609375,2481.5189633272803,2430.6883322378467,2469.1643169949252,294368
2022-07-29,2486.857666015625,2512.2288115450247,2461.75130596394,2470.9289559067165,400652
2022-08-01,2506.93359375,2566.2358368489563,2488.578081125879,2501.771031764259,961562
2022-08-02,2445.734619140625,2496.4769176046916,2419.7899474964343,2493.9619938191486,1137765
2022-08-03,2472.60546875,2477.8121981022828,2426.2755527523623,2458.5742089413034,600314
2022-08-04,2477.106201171875,2495.5940009446217,2452.5291973929156,2488.49003732799,396416
2022-08-05,2445.072265625,2479.665225928647,2436.512305323908,2477.9886104127254,512072
2022-08-08,2416.259765625,2465.016490180827,2409.1558015820347,2444.4547876858005,675310
2022-08-10,2449.264404296875,2457.692080913471,2411.7150620895627,2457.692080913471,895054
2022-08-11,2457.95654296875,2486.8134192580696,2442.1601183825082,2462.4130827819827,422152
2022-08-12,2437.306640625,2466.5166376109346,2428.4379427836907,2462.060097555365,435760
2022-08-16,2485.93115234375,2511.213965530805,2454.6033014711184,2475.341456274128,1213957
2022-08-17,2571.0458984375,2584.76842325519,2478.0331502666886,2484.1663064060635,2510869
2022-08-18,2566.412841796875,2593.240201552028,2561.956301537675,2583.8417168661645,805655
2022-08-19,2505.03662109375,2591.739756911679,2499.9184403961644,2569.766223936989,510610
2022-08-22,2453.764892578125,2502.3891157600883,2440.5277730361895,2501.8155934257684,570304
2022-08-23,2473.92919921875,2479.753617738506,2432.2322745076667,2448.8670068414067,396875
2022-08-24,2476.532470703125,2492.1080598983367,2453.2791807781077,2454.470607566631,324008
2022-08-25,2470.752197265625,2489.5047807631036,2463.7805193084223,2478.076778850687,363945
2022-08-26,2494.53515625,2507.022086064801,2485.9751954426592,2501.815571935527,475372
2022-08-29,2494.7998046875,2499.1238439507038,2436.6006492212055,2461.1332701889432,339203
2022-08-30,2504.1982421875,2527.407368303049,2498.771109332075,2507.9929262280957,918526
2022-09-01,2538.5703125,2543.4680893120217,2464.663069391044,2488.57821572844,838699
2022-09-02,2493.123046875,2549.4691366453003,2488.666722473177,2548.851447510702,776170
2022-09-05,2508.03759765625,2513.288279729718,2478.033453867342,2495.6387833833014,930716
2022-09-06,2529.65771484375,2532.4815905937535,2495.4618226456464,2508.0370862281748,481401
2022-09-07,2519.24462890625,2537.114741432864,2498.2858549552825,2506.2281271893335,551689
2022-09-08,2521.494873046875,2535.790919358233,2511.522866362809,2531.863950235829,519141
2022-09-09,2504.8603515625,2539.9828888679976,2499.786121870503,2534.1145180990347,522672
2022-09-12,2522.0244140625,2532.6141106939076,2507.419629816694,2512.4055258014764,313906
2022-09-13,2532.702392578125,2561.8240577192673,2499.168353930749,2502.698252735736,766550
2022-09-14,2516.37646484375,2532.4374603865213,2497.4032598659696,2497.4032598659696,519643
2022-09-15,2462.369140625,2519.465209283451,2441.410366992607,2519.465209283451,1010823
2022-09-16,2369.62109375,2474.723919910401,2356.207520989757,2474.723919910401,1906557
2022-09-19,2386.564208984375,2404.6991050045904,2351.662511103929,2381.489980062178,534862
2022-09-20,2445.822509765625,2491.4464032917117,2395.6095759817704,2398.5217852383075,1009201
2022-09-21,2450.3232421875,2477.9447428528956,2442.3370186652905,2457.691991969161,447919
2022-09-22,2450.587646484375,2470.3552055759187,2411.8029332921415,2450.3228610310994,328914
2022-09-23,2437.439453125,2481.7396429724618,2420.0986948280884,2462.898720673644,408930
2022-09-26,2401.522216796875,2431.0851143939108,2356.3835140329656,2417.9802810709944,610918
2022-09-27,2328.188720703125,2413.5681421863155,2320.9083049177366,2413.5681421863155,740040
2022-09-28,2286.80078125,2316.4959671834913,2272.4605681198163,2294.434100829363,923391
2022-09-29,2238.220458984375,2298.272900962748,2228.2484525231057,2294.478216944117,1057406
2022-09-30,2249.6044921875,2287.5067379689917,2215.011526575194,2249.428040334729,706844
2022-10-03,2228.734130859375,2271.4458222526337,2224.233423489717,2240.1621356946434,658511
2022-10-04,2313.672119140625,2319.0550853268724,2260.1059500796637,2276.7846350643404,391128
2022-10-06,2335.1162109375,2350.6034683775592,2321.128901835008,2342.087674354191,463669
2022-10-07,2316.451904296875,2413.4799537862505,2303.1706170661955,2369.3562190982284,1065099
2022-10-10,2268.40087890625,2294.2574268594553,2233.8960370899663,2294.2574268594553,1076512
2022-10-11,2248.677490234375,2272.813255912349,2236.0141094187225,2272.3720186271785,407068
2022-10-12,2250.354736328125,2263.062286306139,2220.394762227677,2250.3105695018817,401910
2022-10-13,2247.177490234375,2271.75449498766,2234.425774853721,2252.957742180707,239037
2022-10-14,2237.867431640625,2281.1970241587455,2231.8226094140227,2272.8135147856283,250851
2022-10-17,2253.575439453125,2267.9598191388013,2225.203966027109,2227.36598580013,257635
2022-10-18,2260.900146484375,2291.5661418357927,2236.8085444568424,2264.8712825730477,454003
2022-10-19,2242.54443359375,2271.4896438623064,2234.602162111714,2271.4896438623064,375698
2022-10-20,2264.032958984375,2267.959928221868,2208.613505975595,2238.352859610166,364460
2022-10-21,2267.827880859375,2274.1374893051616,2248.501554067993,2268.8426406688286,360297
2022-10-24,2278.46142578125,2285.6095572940453,2272.372436305856,2282.079658363861,35097
2022-10-25,2281.7265625,2296.1990607158145,2264.4741398420106,2282.167799829115,410336
2022-10-27,2303.920654296875,2312.083544674064,2274.181302174428,2292.6691026958847,473043
2022-10-28,2338.425537109375,2360.046166030933,2311.2011079820445,2315.481196213028,717856
2022-10-31,2362.25244140625,2377.5190810640624,2344.293995427739,2354.4424542824045,511816
2022-11-01,2358.98681640625,2374.6067886919022,2329.115181407169,2374.0772177694453,368266
2022-11-02,2333.21875,2344.9115388229493,2321.2172243259433,2338.513597768883,565598
2022-11-03,2335.337158203125,2354.7955542269337,2319.1436602410636,2328.8508825632293,311401
2022-11-04,2284.638671875,2327.262243109363,2271.0044808064727,2312.9661960137432,855256
2022-11-07,2313.01025390625,2316.4959857285253,2285.609372585478,2293.5516445365474,314060
2022-11-09,2339.8818359375,2344.3383765837484,2313.892997236268,2320.908628518056,459177
2022-11-10,2393.71240234375,2402.095911218318,2317.687300149856,2339.83728380234,706321
2022-11-11,2354.8837890625,2410.8767669270137,2347.4269207720677,2405.7144190865283,474615
2022-11-14,2372.444580078125,2389.741168064545,2343.7641561630226,2356.648371239427,352558
2022-11-15,2409.817626953125,2430.379329186901,2375.6217345995833,2377.827921203038,1012827
2022-11-16,2417.4951171875,2431.217640972955,2390.667974224894,2409.6411790455536,647740
2022-11-17,2421.5107421875,2440.131045808424,2406.685123125336,2418.863317906683,517393
2022-11-18,2403.110595703125,2417.186237784383,2384.9759152209167,2413.5680057830264,469583
2022-11-21,2362.781982421875,2402.5375131020023,2351.7952148454865,2395.9189524598482,467604
2022-11-22,2369.841552734375,2374.607045207597,2353.559938208679,2356.0309103672475,361527
2022-11-23,2346.36767578125,2380.4752328832533,2337.454596144399,2374.7391479847392,264132
2022-11-24,2358.943359375,2365.605871432731,2334.8517554166656,2351.795227663339,498023
2022-11-25,2389.87353515625,2397.462903001303,2350.4711298956368,2358.85463871261,423634
2022-11-28,2456.3681640625,2474.458894209179,2393.315394031096,2400.286857518213,1223958
2022-11-29,2495.859130859375,2504.4190925675744,2447.1907361521703,2456.0594347441092,731879
2022-11-30,2516.729248046875,2524.7598531577855,2488.666727874467,2499.1239227091583,1379225
2022-12-01,2534.290771484375,2545.056919245971,2494.402959944999,2519.4651541079224,782249
2022-12-02,2488.975341796875,2528.2896267261212,2482.400949382401,2528.2896267261212,526214
2022-12-05,2495.329345703125,2499.962337592992,2458.2654105841902,2479.7537543858803,397713
2022-12-06,2469.8701171875,2492.99091014957,2451.5587680244544,2490.34348617419,339117
2022-12-07,2435.23291015625,2472.6939151386296,2427.6877089744357,2464.79581028371,340800
2022-12-08,2434.04150390625,2452.220567631681,2422.6135004315524,2426.805254962852,190468
2022-12-09,2428.129150390625,2455.2652475647164,2410.170703967788,2437.3951347915345,254995
2022-12-12,2445.734619140625,2448.779113958881,2414.4950989610534,2427.6880534721226,166357
2022-12-13,2435.144775390625,2484.2104550422264,2424.952149484375,2456.721238783071,440848
2022-12-14,2424.467041015625,2455.8388453782777,2407.0381650595145,2437.7922801993855,438317
2022-12-15,2445.205078125,2456.633082257639,2413.2153706496633,2416.6569357574963,299314
2022-12-16,2404.611083984375,2442.3808258253857,2397.8158569686916,2422.481195258594,271086
2022-12-19,2453.80908203125,2457.6918842868654,2390.66797814428,2404.611120613299,276490
2022-12-20,2446.705322265625,2462.6340340137117,2420.981054969426,2444.4549686453365,234062
2022-12-21,2433.379638671875,2469.208195024393,2415.333075479558,2446.705091836695,328455
2022-12-22,2407.1259765625,2467.8844402952955,2397.948326698702,2433.1589778382036,483991
2022-12-23,2326.95361328125,2400.33130201477,2319.7171480271218,2395.918928297831,328855
2022-12-26,2370.591796875,2380.91670763245,2304.6709807873626,2334.1455491800707,175951
2022-12-27,2384.755615234375,2398.786876923533,2369.8858302136105,2378.2251731212395,181947
2022-12-28,2379.68115234375,2406.2876760232475,2369.4443605473252,2371.73888074415,225857
2022-12-29,2402.2724609375,2422.39292614589,2357.4868722300666,2375.2688657836384,243791
2022-12-30,2416.965576171875,2439.9099151242863,2402.8899343408307,2414.3181524465967,211762
2023-01-02,2396.712646484375,2426.4522124473033,2391.506132596258,2416.965610629809,131296
2023-01-03,2400.683837890625,2417.8920927499694,2384.44639127943,2384.6228431114837,136701
2023-01-04,2390.888671875,2407.3909051513733,2380.6960463240903,2388.858937039871,178937
2023-01-05,2441.939697265625,2445.425644570965,2384.4465586859505,2389.6530730605386,258988
2023-01-06,2420.23095703125,2449.1761693893195,2412.465136820853,2441.807419692108,162618
2023-01-09,2428.879150390625,2446.5725944827636,2418.2011211166664,2432.982571268552,110658
2023-01-10,2393.315673828125,2433.9095120737225,2371.8273276211185,2426.805547291156,206381
2023-01-11,2377.166259765625,2400.33122099768,2368.6062981332702,2393.3597569393946,150551
2023-01-12,2377.607421875,2382.946436812907,2350.0300879477127,2373.856904460889,163626
2023-01-13,2407.7880859375,2422.3047518667695,2367.9444388521533,2367.9444388521533,196440
2023-01-16,2434.39453125,2440.0422825421847,2391.50617927281,2410.9206205805604,362194
2023-01-17,2441.6748046875,2443.572038798491,2408.8907457541354,2440.0421405842644,254062
2023-01-18,2444.41064453125,2458.883358242672,2424.5549646556315,2441.719053725194,159791
2023-01-19,2444.057861328125,2453.0590602258785,2428.2174834694038,2437.3951342185,140565
2023-01-20,2423.67236328125,2442.248497016612,2408.582176633467,2442.248497016612,300399
2023-01-23,2448.51416015625,2481.518624675114,2426.8493652047296,2428.0847434902,434312
2023-01-24,2446.131103515625,2459.4565553156144,2437.6153103410675,2450.6318098713527,129633
2023-01-25,2457.692138671875,2464.751936556749,2440.9251186952984,2452.397290258219,356744
2023-01-27,2414.583251953125,2479.8424334501888,2395.566093047932,2460.339654884731,464092
2023-01-30,2384.711181640625,2439.998129776759,2366.002762998613,2403.022529797726,459196
2023-01-31,2438.498046875,2446.2196999683347,2369.0915026780785,2404.2579877829753,579601
2023-02-01,2406.728759765625,2491.093414441837,2360.663630516853,2449.3523243866653,408279
2023-02-02,2348.220947265625,2394.3302491112286,2324.9678688093686,2372.974405030217,453723
2023-02-03,2342.308349609375,2368.6942555761343,2313.0102341957904,2360.0020095058403,328028
2023-02-06,2378.26904296875,2386.917337123671,2334.233646682552,2340.3668020525756,252416
2023-02-07,2340.852294921875,2378.0926813010947,2307.715329402116,2370.3268614502463,421543
2023-02-08,2307.3623046875,2371.1652662784736,2287.4185064578905,2346.5443092185146,793670
2023-02-09,2258.42919921875,2306.7888556556686,2249.5163340567,2306.7888556556686,1266011
2023-02-10,2279.69677734375,2285.300362030996,2250.5751142653667,2258.4290523709788,283858
2023-02-13,2260.5029296875,2296.1989853517534,2254.7668445972668,2289.0950214965756,327921
2023-02-14,2243.69140625,2274.2251099930636,2237.9994888399438,2271.842256495383,409279
2023-02-15,2269.724853515625,2272.372277528279,2238.838240034658,2245.898037401736,643367
2023-02-16,2256.22314453125,2285.609596721543,2247.221945193594,2285.609596721543,433077
2023-02-17,2295.928955078125,2299.143508030925,2257.354761780957,2257.354761780957,705628
2023-02-20,2288.5947265625,2304.0334701932443,2276.1894815084565,2299.958740141812,182493
2023-02-21,2282.3466796875,2304.485999992445,2278.679378774455,2299.95852258578,203273
2023-02-22,2263.240478515625,2295.1138730185276,2259.211068118796,2270.0770131358004,310260
2023-02-23,2259.663818359375,2275.14787845324,2248.164070750472,2264.236614439464,294710
2023-02-24,2250.744384765625,2271.480360520464,2246.896029602561,2260.1163498841297,255112
2023-02-27,2207.190185546875,2252.8723807253555,2200.3536515926908,2250.7443782728747,293892
2023-02-28,2190.48388671875,2238.384502243195,2182.560802416716,2216.607294890822,542868
2023-03-01,2201.35009765625,2212.985581657407,2186.1377297393237,2186.771532346648,293122
2023-03-02,2230.55224609375,2248.616835629044,2210.223696925207,2212.578073460126,525446
2023-03-03,2228.92236328125,2244.542159752545,2224.8023147809736,2241.73503543766,197868
2023-03-06,2245.35693359375,2256.2681975446917,2228.605268436902,2238.3846631204888,203422
2023-03-08,2243.863037109375,2246.5342044649246,2209.9522768259576,2224.802313732495,286894
2023-03-09,2212.849853515625,2255.634514080941,2209.40892654752,2251.061717785711,244591
2023-03-10,2209.6806640625,2212.8498982425067,2177.9883222624303,2188.582575164807,224485
2023-03-13,2161.462646484375,2211.128932114777,2155.07886026868,2211.128932114777,249618
2023-03-14,2149.14794921875,2183.602092381222,2144.5751533706384,2168.6160997417423,302570
2023-03-15,2154.5810546875,2180.2972575164135,2146.069486080738,2173.1890299702645,217071
2023-03-16,2146.884521484375,2167.756237069979,2141.496867447995,2145.4809592392076,577586
2023-03-17,2132.5771484375,2151.0493850344405,2108.717480135208,2150.551318410224,628419
2023-03-20,2118.270751953125,2133.7545906488044,2086.261401142854,2132.57740241542,352432
2023-03-21,2127.053955078125,2133.664115529952,2110.7097193440372,2123.3413356129568,291142
2023-03-22,2130.811767578125,2145.345013210797,2124.2922448000545,2127.0540500310212,166790
2023-03-23,2139.23291015625,2158.565325623467,2134.252685391865,2141.496648685516,371585
2023-03-24,2094.727783203125,2153.901772443285,2086.351951108251,2139.6855394796803,272040
2023-03-27,2090.427001953125,2110.6193747700354,2079.5157369528597,2100.7042432481257,238881
2023-03-28,2036.911865234375,2090.4267308278518,2033.7426313920455,2083.5448774857955,456838
2023-03-29,2086.397216796875,2096.6746784048564,2037.3647274501955,2037.3647274501955,712847
2023-03-31,2125.514892578125,2134.1621975134904,2095.9956516532,2095.9956516532,302919
2023-04-03,2201.35009765625,2204.4286937879565,2147.880546616489,2159.606668590789,787785
2023-04-05,2202.345947265625,2210.8124179889132,2190.4840897378303,2210.133296414368,289012
2023-04-06,2197.13916015625,2207.7787305786146,2182.515498598749,2202.3457584480457,211340
2023-04-10,2228.107177734375,2234.6269214986505,2188.7181276549113,2200.353832025211,261131
2023-04-11,2236.43798828125,2244.587447195227,2216.6981435870844,2240.19570590874,575155
2023-04-12,2243.18359375,2250.1558634795374,2217.7390869067167,2241.1009103065817,464883
2023-04-13,2215.79248046875,2243.183715301188,2207.597703189537,2243.183715301188,458472
2023-04-17,2232.90625,2235.66805507552,2190.8460345302638,2200.353735858045,656224
2023-04-18,2209.137451171875,2241.056169339002,2195.8267107881697,2237.43418713564,397381
2023-04-19,2214.796630859375,2220.3655607168153,2192.2952007637236,2204.8814995412035,247426
2023-04-20,2217.15087890625,2229.5561220811783,2202.0291494418534,2218.463803065849,315314
2023-04-21,2226.930419921875,2242.368941159052,2217.1510244242945,2219.3241251712084,699932
2023-04-24,2264.689208984375,2285.470283233575,2212.48726896294,2227.4732613491306,686216
2023-04-25,2261.701171875,2294.5253806550895,2258.1698281852564,2268.175375662269,538138
2023-04-26,2268.4013671875,2285.470041303588,2256.5395118961264,2272.7931076355017,560280
2023-04-27,2271.571044921875,2288.0512387684425,2261.067430469013,2263.7385978007733,685268
2023-04-28,2316.80078125,2324.4068547158186,2277.4568265078433,2281.8485679329424,721370
2023-05-02,2260.026123046875,2299.913243912406,2232.9518961077374,2299.913243912406,997629
2023-05-03,2266.13818359375,2280.037627694239,2244.63266585835,2254.6837541535565,863935
2023-05-04,2276.8681640625,2293.393454972876,2267.6321552741783,2270.937125028969,684323
2023-05-05,2306.523193359375,2319.879250716152,2275.102546706566,2297.2418653656823,1527593
2023-05-08,2332.873291015625,2347.0442063807186,2323.5013246809117,2323.5013246809117,855245
2023-05-09,2346.63671875,2357.9100926058427,2331.877099071888,2342.9240990709136,556418
2023-05-10,2341.656494140625,2358.045828734928,2329.0248771425827,2354.2881111386673,549062
2023-05-11,2341.11328125,2357.910266880944,2331.6962165376776,2354.2882849041684,506829
2023-05-12,2359.630615234375,2366.9652171501607,2341.7923982476173,2349.76080279444,718178
2023-05-15,2437.5029296875,2462.94743834177,2359.720964823034,2378.736367839643,1383562
2023-05-16,2432.16064453125,2460.7290686164342,2427.2257388146263,2444.792261148289,602177
2023-05-17,2465.61865234375,2504.9623832142693,2428.900769702886,2434.8318087796188,1169727
2023-05-18,2476.665771484375,2498.3976621075144,2466.7959595869884,2485.630309007354,610410
2023-05-19,2456.60888671875,2484.724561574711,2415.1371554384978,2481.645744741073,458137
2023-05-22,2437.729248046875,2464.758373003976,2427.723701160918,2454.3904953326437,241924
2023-05-23,2454.300048828125,2461.272319439112,2421.3401035389747,2437.7294382130844,224454
2023-05-24,2479.88037109375,2485.358662838198,2450.270713777271,2454.798191075455,402069
2023-05-25,2474.537841796875,2498.2617767608826,2453.0323263209525,2480.1065500086197,208718
2023-05-26,2485.720703125,2490.0218064380697,2457.1524990264506,2476.031946191308,167210
2023-05-29,2514.47021484375,2530.6787159634023,2477.48085852627,2499.16743023806,462628
2023-05-30,2516.507568359375,2530.85975953753,2499.3484739528994,2514.425105698055,399817
2023-05-31,2499.076904296875,2523.6159204037313,2480.1974560478197,2516.4172755010486,773286
2023-06-01,2535.7490234375,2546.841341185087,2487.2599255668883,2498.125869482892,552629
2023-06-02,2619.28125,2637.391158481339,2567.9850226538942,2567.9850226538942,2090599
2023-06-05,2599.31494140625,2643.8652667204337,2594.244079211579,2635.0366873932735,620625
2023-06-06,2630.283203125,2636.8027260912513,2590.5771395812612,2598.7719175418583,729992
2023-06-07,2678.45556640625,2697.470971035909,2632.3659359930816,2642.190429077469,996180
2023-06-08,2684.613037109375,2740.029316143576,2669.5817237488427,2696.1581044526765,1150017
2023-06-09,2625.302978515625,2739.123711331525,2614.4370332144754,2705.5297420148477,826404
2023-06-12,2653.4638671875,2660.572095135533,2606.106630419832,2631.6415587520282,617327
2023-06-13,2673.429931640625,2676.5538466529447,2629.604041361636,2641.3301629382045,973087
2023-06-14,2654.550537109375,2687.1030541694786,2647.3516714612965,2673.429984511769,304861
2023-06-15,2574.368896484375,2681.5341508982715,2544.4422274953836,2662.0659986238406,951322
2023-06-16,2564.408203125,2576.0436859718016,2539.914509188172,2574.3233331985643,1029235
2023-06-19,2519.6318359375,2560.4695498475226,2514.6062917602644,2553.497278796371,671364
2023-06-20,2536.02099609375,2544.0800380283354,2485.630264050046,2512.749807852686,872568
2023-06-21,2556.711669921875,2562.552071241626,2535.387208295602,2536.2927037271356,407191
2023-06-22,2558.06982421875,2591.5278350381823,2550.599487168063,2562.5519822355195,578572
2023-06-23,2514.017333984375,2571.3805558613712,2503.6947748769053,2558.2508725934813,381689
2023-06-26,2581.793701171875,2588.811290364012,2512.7496784750383,2514.017283579238,583691
2023-06-27,2575.319580078125,2595.964698540047,2560.2429488837042,2587.905877830631,415101
2023-06-28,2561.419921875,2590.939158142535,2530.8594544023417,2580.6616976911178,781032
2023-06-30,2635.082275390625,2644.046591503024,2567.0794818188606,2571.56163987506,962194
2023-07-03,2624.804931640625,2636.667010444626,2591.890083656582,2603.2994147362815,818522
2023-07-04,2743.47021484375,2752.615586435225,2640.153093454251,2672.207765682061,2177103
2023-07-05,2859.7353515625,2872.231231524893,2743.8319475160984,2761.760799543166,3069147
2023-07-06,2872.322021484375,2903.7879863574035,2823.9684349090676,2842.3500355809106,1676341
2023-07-07,2850.6806640625,2872.231499476504,2830.578709761523,2852.3106000476,931135
2023-07-10,2828.49609375,2885.2255163494533,2794.268321516691,2858.1510697458734,570281
2023-07-11,2809.390380859375,2832.3898777565755,2792.729131290455,2806.130508685303,663715
2023-07-12,2787.884765625,2819.079039786547,2768.507030277849,2806.9452680678883,739038
2023-07-13,2782.677978515625,2835.060754319464,2766.7411711837963,2787.884577021371,665215
2023-07-14,2839.9052734375,2845.5193007161215,2782.6780082461282,2787.92970472303,811153
2023-07-17,2799.4296875,2859.0111084003074,2777.15441207013,2847.4660419660413,909246
2023-07-18,2821.8857421875,2825.1456140155715,2794.2681328197195,2806.1302108443124,578275
2023-07-19,2804.002685546875,2846.560976079156,2791.190012037328,2829.6735726250286,486164
2023-07-20,2795.400146484375,2807.2169061364,2762.666574904195,2803.368550533862,735511
2023-07-21,2808.891845703125,2829.3108097032245,2761.3080216766934,2788.06545301627,749722
2023-07-24,2837.867919921875,2856.838004454132,2798.0261220784573,2834.1099813479877,784541
2023-07-25,2843.52734375,2878.569972686073,2832.5254416318307,2878.569972686073,748386
2023-07-26,2848.4169921875,2888.4398468545273,2830.6694140125715,2865.8477795959375,509747
2023-07-27,2872.45361328125,2892.5986524039113,2836.604689901104,2845.532604966829,524436
2023-07-28,2905.006103515625,2907.295312423045,2867.4172485446816,2881.610343770684,445865
2023-07-31,2933.575439453125,2957.657962309357,2905.4639982686035,2920.801698227948,933273
2023-08-01,2840.542236328125,2970.477652094623,2776.581646289741,2953.0338344881934,3043469
2023-08-02,2741.052734375,2813.8954016708517,2721.274104864951,2802.9071996467546,2692656
2023-08-03,2703.464111328125,2766.7837649987487,2685.7457681939777,2721.411598912762,1250490
2023-08-04,2696.413330078125,2733.315422197803,2675.1236873424136,2725.989953729601,642027
2023-08-07,2704.97509765625,2714.9559591580464,2682.6322843902453,2701.2665344825436,444210
2023-08-08,2808.31005859375,2828.3178354965466,2728.7372399124915,2751.629330851355,2020469
2023-08-09,2801.717041015625,2821.5417249107,2750.8051674467683,2820.1681995230506,548711
2023-08-10,2779.923828125,2804.647286003644,2758.954762531638,2794.116924314592,476401
2023-08-11,2745.40234375,2814.2160958850827,2728.736948040194,2788.1647203387142,816082
2023-08-14,2756.802490234375,2769.9426381217327,2703.2808333923554,2756.115727596824,526850
2023-08-16,2730.33935546875,2762.479936674973,2706.7605046585477,2751.628997462428,753515
2023-08-17,2738.85546875,2744.6699254602263,2711.1102110373063,2744.6699254602263,565973
2023-08-18,2680.251708984375,2737.6191967359996,2673.7960949344647,2737.6191967359996,560922
2023-08-21,2684.326171875,2696.0927942355056,2666.8365276573504,2682.0369631321423,328451
2023-08-22,2707.447509765625,2715.551399124075,2673.7961371491083,2692.1098093213623,255764
2023-08-23,2702.869140625,2724.158784910435,2687.348347889314,2718.664683159355,325912
2023-08-24,2680.892822265625,2720.908153298001,2673.7962739358295,2705.845201876841,273751
2023-08-25,2665.463134765625,2696.6880329908986,2646.3254381472652,2684.601054939537,429528
2023-08-28,2684.55517578125,2702.3651756404297,2666.333163046721,2678.374311984363,303029
2023-08-29,2736.19970703125,2740.640861665325,2690.324095367913,2699.4351019677174,590653
2023-08-30,2702.960693359375,2754.3762374927405,2694.0783836958817,2754.3762374927405,415898
2023-08-31,2670.087646484375,2715.0019734201983,2646.3715297981453,2715.0019734201983,920121
2023-09-01,2680.572265625,2698.657017969122,2662.8080919851586,2685.6543546657304,331811
2023-09-04,2694.719482421875,2714.955955178219,2676.3141532493096,2701.266530522783,643279
2023-09-05,2687.851806640625,2723.1512287632786,2681.3045351035375,2715.0017345640435,306742
2023-09-06,2690.278076171875,2705.8446954009155,2670.9114599061954,2705.8446954009155,275916
2023-09-07,2711.247314453125,2718.1607699174724,2683.5022819302726,2692.109617816717,242002
2023-09-08,2755.06298828125,2771.7742137191003,2710.5606765971324,2719.397157331854,569352
2023-09-11,2796.818115234375,2801.0759542813953,2764.494441498703,2773.5137902518286,486566
2023-09-12,2765.410400390625,2810.507819313231,2756.2077351683997,2810.507819313231,429664
2023-09-13,2741.9228515625,2779.008036945175,2733.407173022781,2765.4102697715325,290774
2023-09-14,2745.58544921875,2773.559626202233,2725.074227253045,2753.277325122554,311245
2023-09-15,2806.432861328125,2841.3660998822174,2751.583281695936,2760.419762224328,949607
2023-09-18,2852.03369140625,2864.258156271639,2781.8466364300634,2808.172538601678,897322
2023-09-20,2803.685791015625,2868.699323622752,2791.2324052066856,2851.988098692047,575906
2023-09-21,2747.92041015625,2804.692788303762,2737.893720339694,2799.244516079747,585566
2023-09-22,2767.8369140625,2783.6782858609163,2738.031366652446,2756.207776460973,323540
2023-09-25,2723.8837890625,2767.836599100868,2718.114938033854,2760.9689725323733,408884
2023-09-26,2778.504638671875,2782.7624780166034,2719.6261381080244,2724.1587272456054,372568
2023-09-27,2752.865478515625,2778.184040617151,2747.05079823713,2778.184040617151,222370
2023-09-28,2719.580322265625,2763.7162275656906,2710.4693150553435,2753.0027740375763,331995
2023-09-29,2799.473388671875,2811.1483533314763,2721.5486331687102,2733.3610844870445,375842
2023-10-03,2761.335693359375,2806.4787182800346,2739.2676280600763,2800.1605905424412,387906
2023-10-04,2737.02392578125,2765.364286589994,2725.1200397793723,2761.6557235475298,307263
2023-10-05,2762.296630859375,2791.781819364553,2741.006988790674,2765.364260106547,537209
2023-10-06,2781.8466796875,2788.2564646637384,2767.653584382972,2783.6780468235684,180660
2023-10-09,2705.936767578125,2792.7892252092183,2677.413088547974,2766.3718867816337,976306
2023-10-10,2725.806884765625,2749.8894072694784,2715.917457538863,2724.1586096352385,467743
2023-10-11,2839.3974609375,2848.691559663972,2735.650468714358,2747.050684343271,1048795
2023-10-12,2827.859619140625,2868.012430751564,2806.5241485002753,2854.1396913466488,927642
2023-10-13,2837.199951171875,2856.017294827752,2820.351461490281,2823.968367184606,374642
2023-10-16,2894.47607421875,2906.654711712881,2838.4821073491526,2842.282105148687,966651
2023-10-17,2905.418212890625,2918.7872827761375,2899.512098424464,2913.7968519033525,416816
2023-10-18,2887.28759765625,2915.5365255880192,2883.487600212523,2902.7169554378206,344063
2023-10-19,2990.4853515625,2998.8637670160592,2873.460943668287,2883.945476096818,1129769
2023-10-20,2940.48876953125,2989.7067598348094,2933.438050980269,2985.1283421321527,458086
2023-10-23,2884.26611328125,2960.1761952569977,2874.7428695877284,2935.269645733794,313646
2023-10-25,2876.02490234375,2903.6326732490097,2829.4623022199435,2884.4033177970296,391029
2023-10-26,2849.5615234375,2866.135485956495,2824.883895222761,2865.17397346905,461475
2023-10-27,2849.79052734375,2887.058806095984,2842.327795237077,2861.694414445065,314423
2023-10-30,2848.096435546875,2864.761831541623,2797.4132613406255,2849.83614487966,265215
2023-10-31,2827.95166015625,2874.880446725168,2820.442875460762,2852.4003686429905,207132
2023-11-01,2831.705810546875,2879.504451552414,2816.2308465474293,2834.91070326734,473455
2023-11-02,2794.75830078125,2884.3578163911807,2785.0519641716983,2874.3311246210624,1268028
2023-11-03,2828.91259765625,2847.9588597206425,2813.0256226030665,2824.883679561429,411691
2023-11-06,2899.878173828125,2907.5242209686653,2834.6815491327425,2847.775868738697,850503
2023-11-07,2866.318359375,2912.972390347991,2858.123036522367,2907.249368306271,355269
2023-11-08,2868.012451171875,2899.4202171593433,2863.2051126771958,2893.8346818036157,459324
2023-11-09,2906.288330078125,2926.5250287416575,2870.668324500969,2879.8251612617373,604807
2023-11-10,2843.380859375,2911.0041871608673,2834.1781938709987,2906.242676834869,820659
2023-11-13,2855.833740234375,2872.45330631227,2840.541870518384,2840.541870518384,386501
2023-11-15,2909.905029296875,2913.3388425745725,2866.181140227531,2879.778906673881,570652
2023-11-16,3003.488037109375,3020.8401966195224,2910.134138793704,2917.367949812003,963718
2023-11-17,3053.575927734375,3084.7549994608144,3003.488078826156,3012.3243362673024,947293
2023-11-20,3064.19775390625,3084.022213451135,3036.040484588072,3073.949694345445,677714
2023-11-21,3091.8056640625,3108.7458106003814,3049.2722057095816,3072.0726378437466,742294
2023-11-22,3125.777587890625,3138.688592358296,3084.754918404675,3101.42031500834,775145
2023-11-23,3267.158935546875,3274.4844040122266,3131.5919400488483,3131.5919400488483,1726414
2023-11-24,3249.39453125,3277.9638115079015,3234.88085847013,3267.1587015841556,514405
2023-11-28,3316.60595703125,3322.1000585613956,3255.3009855018213,3259.8335745530785,659645
2023-11-29,3430.974609375,3468.7465558708727,3319.9938076546014,3328.5097093938725,1561256
2023-11-30,3497.041259765625,3556.9727026038577,3463.298231975287,3479.597443659328,2909100
2023-12-01,3442.969970703125,3539.116738502016,3424.976879294407,3534.5383209877828,1060628
2023-12-04,3476.94189453125,3552.851966980867,3464.94635130299,3552.851966980867,1018705
2023-12-05,3485.778564453125,3502.4897902497414,3460.4600021889714,3477.766332906802,713163
2023-12-06,3443.931884765625,3502.489806891295,3415.087851061814,3466.045554516319,672675
2023-12-07,3454.5537109375,3490.5401218246807,3444.1608360098157,3461.2840749499087,500651
2023-12-08,3402.451416015625,3481.5207861410627,3381.070114034972,3468.609557657858,779332
2023-12-11,3392.287109375,3414.2635154514537,3372.4626491490912,3402.451286607585,451738
2023-12-12,3431.20361328125,3474.057649235446,3401.9933967065854,3413.668362269605,598126
2023-12-13,3537.560302734375,3543.6953378070643,3419.8949665823834,3424.6564763303413,1355603
2023-12-14,3556.194580078125,3576.5685405010217,3514.8515543051267,3551.0210570783593,1067427
2023-12-15,3568.006591796875,3607.7929952183135,3558.4833492497755,3606.8773117169894,924599
2023-12-18,3561.7802734375,3615.6683425735378,3556.8356714331408,3571.166030312038,725829
2023-12-19,3499.605712890625,3584.718465045264,3479.55210644571,3582.8870977108745,560186
2023-12-20,3493.79052734375,3576.5682294748976,3469.295992785646,3529.4563563163088,595832
2023-12-21,3525.51904296875,3541.772426499246,3435.690617984246,3456.7513403054522,410786
2023-12-22,3603.85595703125,3611.4561757430406,3525.519179096298,3543.6955882671314,573168
2023-12-26,3724.4970703125,3735.073260195285,3603.3064846647985,3616.9042514664725,1149831
2023-12-27,3721.613037109375,3751.510241882634,3682.8795746932565,3721.3382873081537,683058
2023-12-28,3821.376708984375,3835.798726157203,3712.318699226666,3721.613022204722,1714818
2023-12-29,3790.517822265625,3839.8274729589493,3764.8786817718315,3823.8946679314604,383687
2024-01-01,3771.288330078125,3828.839130985162,3740.567325623993,3790.5176847508556,392408
2024-01-02,3743.49755859375,3771.655052170745,3685.809493183984,3767.1678449499764,507848
2024-01-03,3653.4404296875,3719.4610854417765,3636.8206376282146,3662.7345291329448,896596
2024-01-04,3614.1572265625,3668.365649265315,3598.499171628637,3660.4450757968216,630734
2024-01-05,3653.852294921875,3696.6146741099283,3620.384014803599,3626.107037274044,593042
2024-01-08,3671.433349609375,3708.5185349589647,3656.8282410778716,3676.377951567095,508360
2024-01-09,3765.748779296875,3798.9423095703123,3691.212224187851,3706.6413586091994,1043602
2024-01-10,3789.14453125,3824.8105880945295,3741.575034122508,3748.9919375193426,511944
2024-01-11,3976.08154296875,4024.42945864453,3811.075177901828,3822.979064810219,2133475
2024-01-12,4013.578369140625,4024.429308917952,3884.9248269556483,3884.9248269556483,905401
2024-01-15,4003.734619140625,4041.4149073730932,3971.456774369598,4013.5782171913643,490217
2024-01-16,4014.95166015625,4074.7916676642803,3974.1581381480037,3974.1581381480037,972808
2024-01-17,4002.315673828125,4056.478268281487,3974.9824294830555,3979.5608473930797,443836
2024-01-18,4023.513671875,4039.675397725555,3934.6007063628654,3968.572656783398,570816
2024-01-19,4028.779052734375,4066.4137393649416,4005.2001992522655,4024.4295554901023,383901
2024-01-23,4069.4814453125,4175.517432855014,4030.5188378423018,4030.5188378423018,1399043
2024-01-24,4059.820556640625,4078.0886235432163,3947.420393275403,4055.562717267347,596736
2024-01-25,4067.603759765625,4102.308078317966,4009.320588829509,4073.739018647796,664356
2024-01-29,4206.19287109375,4235.0369062389445,4053.136437515368,4072.960899232611,418127
2024-01-30,4201.4765625,4268.916564230849,4193.876121028043,4236.867641075963,709726
2024-01-31,4231.876953125,4245.932784446739,4137.195367471618,4182.384438179917,645505
2024-02-01,4199.9658203125,4320.057625690144,4189.252144181302,4232.014743819898,660378
2024-02-02,4319.55419921875,4367.16974787143,4203.033457563874,4210.313321250426,994506
2024-02-05,4346.4296875,4371.794303330705,4303.713134849733,4322.026807763988,425966
2024-02-06,4380.12646484375,4387.955380009975,4333.930052918868,4346.337385635186,261001
2024-02-07,4389.19189453125,4411.076642256764,4331.320514526261,4386.124265174093,265821
2024-02-08,4402.5146484375,4417.898399637667,4362.682415841793,4391.572498784183,444060
2024-02-09,4494.95361328125,4508.826130658265,4388.047550983453,4431.908706820878,718094
2024-02-12,4292.2666015625,4531.763453040975,4237.371194395141,4531.763453040975,1321957
2024-02-13,4344.7353515625,4422.6145097425815,4309.4815330831825,4329.352045979614,938269
2024-02-14,4408.146484375,4418.173398704597,4268.092945111761,4310.122733202599,735284
2024-02-15,4410.80224609375,4445.460512273766,4383.422949073787,4422.935053656845,530347
2024-02-16,4481.6298828125,4505.163129222192,4422.751608565689,4422.751608565689,848705
2024-02-19,4443.44677734375,4527.140177447959,4435.434545031317,4513.359316715046,524294
2024-02-20,4270.15283203125,4470.366944239075,4260.6754181778815,4443.445938175708,1153742
2024-02-21,4243.484375,4323.116761283708,4218.359405614483,4299.4420210863855,1112050
2024-02-22,4206.3349609375,4284.610328022381,4155.336604853409,4266.971812592064,1441798
2024-02-23,4228.88671875,4309.080648661226,4196.930958730507,4243.624776131272,819122
2024-02-26,4207.22412109375,4238.945943060679,4182.941234749036,4233.28484040364,605090
2024-02-27,4145.41748046875,4228.652593119037,4124.784383816932,4212.557516661777,830187
2024-02-28,4093.951416015625,4172.69511637039,4069.621924565639,4154.728539920639,569688
2024-02-29,4142.095703125,4167.828817738337,4070.510857018807,4097.647596065599,1548190
2024-03-01,4217.51708984375,4234.266916207836,4164.085696602182,4173.349526208332,510674
2024-03-04,4315.396484375,4332.520518780674,4269.825297450587,4295.043931182024,570306
2024-03-05,4295.09033203125,4346.322618671492,4278.106569485726,4315.349217923638,442519
2024-03-06,4337.48046875,4350.300422601947,4244.654371219341,4285.733692303058,353334
2024-03-07,4353.94873046875,4401.765621007312,4323.911080321161,4351.235148317177,684934
2024-03-11,4371.54150390625,4421.416773850861,4304.962555636321,4398.023034306677,644170
2024-03-12,4359.56396484375,4395.216117987383,4335.328140224728,4366.488420890755,312738
2024-03-13,4222.19580078125,4385.624374687594,4188.929628834585,4347.4925790363395,700123
2024-03-14,4374.90966796875,4381.3196437381785,4168.764225827764,4168.764225827764,708629
2024-03-15,4290.6923828125,4380.103529668678,4211.4812719444935,4355.914311551414,1278695
2024-03-18,4261.5908203125,4288.072350043454,4236.652729061672,4267.485859765014,232124
2024-03-19,4249.94091796875,4302.2026266277135,4219.856658491808,4261.403851033123,388757
2024-03-20,4220.65234375,4294.108693922916,4192.158583116768,4250.175063508116,418716
2024-03-21,4229.49462890625,4252.982035821408,4159.594406225276,4236.8869595449105,633619
2024-03-22,4383.05126953125,4432.037854072734,4227.342622388285,4247.180240410704,902115
2024-03-26,4371.02685546875,4420.995795045454,4335.8425774944435,4383.051329768468,551123
2024-03-27,4278.76171875,4396.15169070013,4267.018243846869,4390.537193010858,693528
2024-03-28,4418.89013671875,4444.810583304985,4288.727733374836,4308.1911422181365,1086607
2024-04-01,4380.009765625,4472.648972332659,4362.558127662371,4435.452927215189,664163
2024-04-02,4267.7666015625,4384.408154965992,4231.459699772539,4351.235648815194,1342779
2024-04-03,4264.3984375,4307.489525611193,4235.670740819869,4290.318428354203,681469
2024-04-04,4232.34912109375,4295.090953235247,4176.016808616688,4290.412204920176,1378250
2024-04-05,4234.1728515625,4272.258039249462,4181.256399721223,4192.625664846048,605460
2024-04-08,4299.86328125,4312.729838857166,4234.360806158974,4248.30338447512,711580
2024-04-09,4231.17919921875,4372.991870015491,4215.5519979499895,4318.484455169634,945922
2024-04-10,4206.1005859375,4259.251434839098,4188.321344381722,4259.251434839098,515061
2024-04-12,4155.47607421875,4232.207530954597,4146.305912152913,4219.294370999207,438331
2024-04-15,4099.70654296875,4155.242919082686,4088.2436097740742,4145.37094305414,645166
2024-04-16,4045.15185546875,4160.763992723022,4012.5408905188065,4064.8962634154796,719918
2024-04-18,3978.152099609375,4116.034894824742,3959.718106598191,4077.9967648910683,1103254
2024-04-19,3942.968017578125,3978.105230024759,3900.344351906112,3978.105230024759,674079
2024-04-22,4034.85791015625,4056.4738135548982,3936.6042191704914,3967.4373459148223,619635
2024-04-23,4065.87841796875,4088.1961362196153,4011.464672770391,4059.2815663748097,547228
2024-04-24,4111.07568359375,4122.304679031524,4056.5682682395563,4079.8683423911384,658601
2024-04-25,4209.28173828125,4224.9089374913565,4086.324346963952,4118.233495880279,1103462
2024-04-26,4203.0126953125,4249.051298207247,4179.478685930897,4220.464332727421,497777
2024-04-29,4171.291015625,4238.945526361622,4159.968354514956,4238.945526361622,590104
2024-04-30,4251.15673828125,4293.406195274535,4178.121669905718,4178.121669905718,828084
2024-05-02,4268.42138671875,4327.841480559951,4258.876558960209,4327.841480559951,808478
2024-05-03,4260.23388671875,4285.686457976931,4226.640568285992,4283.393688749674,347594
2024-05-06,4219.9970703125,4288.260191438389,4178.590147453954,4278.200882495352,241049
2024-05-07,4189.1171875,4243.110124319278,4147.4297239346515,4237.963501315704,456294
2024-05-08,4317.455078125,4362.464726205747,4131.00696643549,4203.995436758109,1313834
2024-05-09,4458.7529296875,4605.759275053632,4336.123134191072,4355.91414574861,3589872
2024-05-10,4564.02490234375,4636.03101516581,4468.016904217329,4480.930522544739,1520297
2024-05-13,4571.6513671875,4594.4840234125295,4426.657237905458,4592.659128892343,624906
2024-05-14,4719.40625,4726.470976337851,4589.898146772345,4599.115371220249,1335266
2024-05-15,4732.36572265625,4775.12965719996,4698.164261490632,4733.020930064157,882851
2024-05-16,4811.0166015625,4823.742888309033,4717.769239407876,4739.5254189836105,1296732
2024-05-17,4762.216796875,4836.515219829537,4746.9172003370495,4805.073943539676,609690
2024-05-21,4729.13818359375,4793.6578440443645,4706.118652167549,4748.92919615257,480490
2024-05-22,4674.95849609375,4742.3324687235345,4645.9968625955435,4725.535580283484,422368
2024-05-23,4814.619140625,4824.2105742559725,4644.1719813532545,4678.74811266948,644911
2024-05-24,4789.44677734375,4864.166470891217,4753.654356769711,4777.095157330244,458258
2024-05-27,4757.25732421875,4799.272390090334,4725.535503999442,4796.652473960622,380940
2024-05-28,4850.87890625,4889.291241276739,4720.856327701656,4758.239703783704,727224
2024-05-29,4813.26171875,4867.909400758245,4777.983778164425,4838.80749854717,409279
2024-05-30,4806.01025390625,4853.686881848306,4767.363975710679,4799.460006286051,457454
2024-05-31,4790.6640625,4856.494142624706,4682.023435325005,4842.5045024096935,1905070
2024-06-03,4829.029296875,4972.573188774735,4823.414799484588,4940.757703562402,962485
2024-06-04,4969.4853515625,5005.324376806333,4604.121754530073,4833.146458441711,1945233
2024-06-05,5294.939453125,5404.141621252163,4973.509444792679,4973.509444792679,2058534
2024-06-06,5178.67236328125,5366.945370635748,5120.749552862966,5291.757796868866,1498100
2024-06-07,5223.21435546875,5275.195066561128,5182.18164130414,5225.132459517111,637134
2024-06-10,5354.546875,5413.311770750332,5222.465445265113,5226.161839177286,1018162
2024-06-11,5414.80859375,5470.766235692045,5338.451336883595,5361.845076309027,1015127
2024-06-12,5418.17724609375,5482.556632594978,5405.450960787518,5427.347408952188,668529
2024-06-13,5442.31982421875,5464.777815240285,5362.781106017479,5446.250155411118,547596
2024-06-14,5431.27783203125,5487.937285679771,5391.414809003613,5448.869741167706,573273
2024-06-18,5385.0986328125,5515.822576715866,5368.114869093474,5449.805625740449,527069
2024-06-19,5284.83349609375,5408.445659682981,5263.591796214755,5403.766911419679,447054
2024-06-20,5150.92724609375,5304.764386161042,5142.879708297952,5304.764386161042,840321
2024-06-21,5101.70654296875,5254.233719510185,5082.991551982071,5128.843279899435,669719
2024-06-24,5169.50244140625,5178.438667981136,5043.690715652027,5043.690715652027,464982
2024-06-25,5155.97998046875,5221.342177410567,5121.778517445376,5208.288288525834,1118588
2024-06-26,5102.64208984375,5187.795295450898,5079.248352039588,5173.7590527684015,384494
2024-06-27,5132.77392578125,5155.980333265383,5072.6986182634555,5109.099186584747,874237
2024-06-28,5221.10888671875,5245.110774081014,5101.800805242397,5146.623122509358,539635
2024-07-01,5243.0986328125,5360.254207641273,5226.161473807442,5235.5189697318965,1018344
2024-07-02,5209.412109375,5309.443658294874,5146.623214772965,5305.700659593221,689851
2024-07-03,5221.24853515625,5266.351846087678,5196.2638394864125,5240.10379714753,329072
2024-07-04,5201.22412109375,5243.894396209009,5175.257068492797,5234.583504494794,676316
2024-07-05,5200.94287109375,5237.390500704303,5036.76587824815,5201.223870118577,613329
2024-07-08,5148.40087890625,5268.270499776755,5134.972780122709,5208.054918757186,478557
2024-07-09,5230.044921875,5239.683417151795,5151.348287080536,5170.063279568684,570084
2024-07-10,5154.810546875,5286.985176282051,5119.111791447032,5235.518948902314,354244
2024-07-11,5171.18603515625,5203.235457767261,5149.429857763374,5174.695096026069,491353
2024-07-12,5190.50927734375,5240.197671647777,5151.441732202447,5178.344532748853,265681
2024-07-15,5246.14013671875,5276.692271380676,5173.385601499766,5190.60330366175,249438
2024-07-16,5219.705078125,5295.407131456907,5204.639417770511,5256.105647180323,336316
2024-07-18,5148.68212890625,5219.611772669776,5069.049738877224,5189.199907733998,841644
2024-07-19,5078.96875,5172.5903232568035,5025.911560076395,5165.291658474594,370397
2024-07-22,5112.140625,5137.265594562861,5043.690629270277,5073.634618163904,415035
2024-07-23,5159.30224609375,5296.202692603932,4987.26504026576,5132.586776628955,908996
2024-07-24,5069.6572265625,5158.787372994151,5057.726419559838,5158.787372994151,723617
2024-07-25,5056.0419921875,5100.115429078145,5009.0671834924215,5053.983160478717,438831
2024-07-26,5126.87841796875,5189.854640512414,5050.568220466683,5062.405361584709,517306
2024-07-29,5075.83349609375,5177.174996247057,5050.521194959416,5151.535548275918,418301
2024-07-30,5094.501953125,5191.539380620105,5062.967462106958,5104.514657765441,412385
2024-07-31,5135.81494140625,5180.449922020818,5057.913789230864,5102.548769845431,870466
2024-08-01,5063.6103515625,5172.577251325622,5019.825494289752,5172.577251325622,868140
2024-08-02,4971.5634765625,5065.731063573277,4935.979593833317,5019.4483584874115,402666
2024-08-05,4886.44482421875,4945.924202950711,4829.039392360681,4882.8156473211375,439371
2024-08-06,4876.923828125,4953.559057739724,4862.030626441708,4901.8562941360005,552856
2024-08-07,4940.40966796875,5009.786549149306,4923.489925582688,4929.899553516321,515480
2024-08-08,4862.87939453125,4950.637357486829,4851.567961117343,4934.612826817128,243559
2024-08-09,4908.408203125,4945.594264413247,4892.90192900718,4906.287309354299,333635
2024-08-12,5007.05322265625,5019.448576383747,4887.481853248775,4915.5717287821435,569618
2024-08-13,4944.51025390625,5097.025894618741,4916.702980530931,5043.01398501543,1042924
2024-08-14,4781.39013671875,4993.620810436242,4704.613599639905,4977.0306163291325,2185163
2024-08-16,4833.84716796875,4844.074681634449,4731.996854457144,4826.211857937687,679493
2024-08-19,4891.158203125,4924.244239435762,4814.476015192128,4853.547777345854,714915
2024-08-20,4943.47314453125,5043.013846335903,4892.194740651091,4900.678315345861,962948
2024-08-21,4981.4609375,5000.784635239624,4915.760181079927,4943.473099444077,612911
2024-08-22,5024.1142578125,5074.120030913164,4961.4300701744305,4981.743333341273,761731
2024-08-23,5075.91162109375,5131.431817236635,5010.022610517057,5024.161902926795,757678
2024-08-26,5037.12255859375,5113.710386970029,5021.333683205409,5099.571095577485,553070
2024-08-27,5049.18798828125,5087.270181951346,5020.391148431562,5046.784492809347,672259
2024-08-28,5006.62890625,5074.309259615209,4963.834074831856,5057.153401343127,688591
2024-08-29,5066.1083984375,5078.1737436837,4987.305317807391,4995.8832471334545,516725
2024-08-30,5142.36572265625,5201.373788459847,5076.806728257181,5090.144700558748,1569946
2024-09-02,5258.1201171875,5306.051949076663,5200.431621457484,5217.398771935323,1054947
2024-09-03,5322.5009765625,5371.988500031823,5231.443841326261,5280.554409050407,805935
2024-09-04,5357.61279296875,5362.844146316844,5283.381518291593,5283.381518291593,532554
2024-09-05,5405.1689453125,5466.250505081814,5325.800198950206,5363.504979119765,817503
2024-09-06,5414.17041015625,5439.196772190547,5325.517235902489,5391.783198449401,683920
2024-09-09,5415.630859375,5439.24375065132,5359.875015928767,5414.216930326,469914
2024-09-10,5344.36962890625,5527.6617030562575,5333.576452201111,5464.364899643854,775935
2024-09-11,5329.99462890625,5381.131733068538,5280.884064469144,5371.0455210454575,592210
2024-09-12,5470.16162109375,5484.159611088098,5330.512650516191,5372.930523066718,855863
2024-09-13,5463.2333984375,5511.590050382212,5438.914001737856,5492.548954173721,332581
2024-09-16,5447.822265625,5488.401849596083,5398.381690448564,5448.3405222267675,333195
2024-09-17,5619.1435546875,5641.530767841114,5432.881849196743,5467.193106987913,1250736
2024-09-18,5622.48974609375,5793.292586134777,5587.942832958569,5641.860393000946,1446956
2024-09-19,5661.4189453125,5712.273444988329,5636.9582485501505,5655.7162821666625,532623
2024-09-20,5668.20654296875,5742.4378264275765,5642.284507475191,5701.669534242253,993542
2024-09-23,5835.33251953125,5853.666651522616,5659.769650957001,5702.847542948764,887240
2024-09-24,5774.76953125,5887.8369218840835,5759.687619582976,5835.757195658893,631130
2024-09-25,5738.94970703125,5814.453615630427,5687.624355087454,5791.453793529116,341785
2024-09-26,5704.21484375,5716.987153615199,5565.319771139163,5660.995648483259,1255943
2024-09-27,5615.513671875,5739.892023270765,5599.630443222998,5719.9087685145,718197
2024-09-30,5384.619140625,5552.028443468862,5363.97586715782,5552.028443468862,1346723
2024-10-01,5420.15625,5461.537152248963,5339.939241886499,5384.619312246072,742940
2024-10-03,5337.818359375,5404.367385456532,5299.406616291775,5404.367385456532,1219791
2024-10-04,5204.06103515625,5325.753306448487,5169.325414017758,5323.01934164754,943922
2024-10-07,5185.86767578125,5286.634059791485,5124.1735110218,5250.343212192965,682783
2024-10-08,5212.5439453125,5226.824537071661,5100.513538339903,5148.5871274094525,473756
2024-10-09,5235.8740234375,5267.357420620455,5212.685493205282,5223.101253891951,439340
2024-10-10,5143.02587890625,5273.908676646986,5132.562711353843,5267.35728761162,579335
2024-10-11,5162.06689453125,5173.425735467998,5127.849991377974,5147.173690794013,303034
2024-10-14,5236.5810546875,5255.1034348311305,5184.265675201737,5188.177453867362,407147
2024-10-15,5189.73291015625,5267.027708441853,5150.472900396796,5245.677469016869,302887
2024-10-16,5088.44873046875,5202.316981101015,5077.891208043335,5189.732918818632,504211
2024-10-17,4918.06982421875,5055.314842087548,4807.358990422203,5055.314842087548,1947589
2024-10-18,4916.8916015625,4985.184102367538,4850.766481054213,4918.0698758372255,427617
2024-10-21,4941.4462890625,4952.380765578545,4793.266343091428,4916.8912390927635,740720
2024-10-22,4878.8095703125,4971.751940232487,4859.203269837335,4961.006170543917,531833
2024-10-23,4850.43701171875,4977.030617758266,4826.729764713219,4878.809488506996,411524
2024-10-24,4820.17919921875,4931.031345206576,4801.326809093726,4863.963599126059,349453
2024-10-25,4687.92919921875,4849.494543662916,4595.2698899533625,4826.211658781787,709797
2024-10-28,4645.0400390625,4728.037959534427,4615.111870897075,4687.92922493736,419927
2024-10-29,4512.74365234375,4675.345506832282,4472.729272742516,4645.08733055304,953917
2024-10-30,4627.6015625,4748.445562203272,4468.110624936003,4472.729368268889,1039340
2024-10-31,4703.24658203125,4739.019173422812,4637.640638064892,4653.712115204063,897452
2024-11-01,4732.4208984375,4753.6298358371305,4722.66469518099,4750.519375790544,49631
2024-11-04,4530.2763671875,4833.281596478235,4455.291168357752,4833.281596478235,1676556
2024-11-05,4544.08544921875,4598.379957534395,4487.716533889284,4541.54019277623,673746
2024-11-06,4612.04833984375,4637.68777342823,4563.220835602858,4579.245366527305,602657
2024-11-07,4539.6552734375,4634.812891067262,4513.308875691653,4634.812891067262,373373
2024-11-08,4495.25732421875,4554.7366972307045,4464.198292807691,4552.85145853152,333494
2024-11-11,4484.51171875,4511.517672045132,4446.853890259142,4489.696125361272,424955
2024-11-12,4453.123046875,4520.991648144932,4432.950622175709,4484.51209085698,310558
2024-11-13,4260.26318359375,4427.248135940237,4234.246793345088,4422.440684438295,1304908
2024-11-14,4339.81982421875,4364.3279292208545,4210.6809632461245,4260.262836956906,889483
2024-11-18,4461.41796875,4562.231305561432,4443.60255275084,4556.763836456257,1783519
2024-11-19,4501.76171875,4575.42779589077,4462.831720145043,4486.8215688987675,704072
2024-11-21,4494.2685546875,4543.426070430026,4469.147836620486,4524.526733225831,572418
2024-11-22,4519.01220703125,4532.49148168648,4469.90163935428,4504.212896874032,394712
2024-11-25,4579.52783203125,4626.988812792424,4538.712594466742,4571.704274800352,1174601
2024-11-26,4561.052734375,4601.16100626278,4525.562745291402,4581.13034375152,384827
2024-11-27,4591.7353515625,4612.614281944939,4534.565569543386,4564.1637305138565,296689
2024-11-28,4509.02001953125,4628.214429929013,4486.962817038714,4613.17946599476,778790
2024-11-29,4488.47119140625,4528.768172644487,4460.569563806159,4523.44200457421,462448
2024-12-02,4475.9814453125,4504.778284979083,4425.221296627445,4461.889100637893,510429
2024-12-03,4427.48388671875,4509.491784982436,4420.885550076844,4477.44272129318,664696
2024-12-04,4369.8427734375,4453.877211200372,4350.660374242395,4435.071767758818,586762
2024-12-05,4377.8544921875,4409.620489735061,4325.114752775692,4388.8359161191,796988
2024-12-06,4363.951171875,4449.163879549278,4350.188835618627,4389.7319063229515,733835
2024-12-09,4332.2314453125,4392.22907294256,4326.622676256462,4372.764076048672,329145
2024-12-10,4325.0205078125,4350.141683607635,4299.947199409866,4336.049339150041,384707
2024-12-11,4383.60498046875,4387.281104417919,4323.088625255955,4323.088625255955,571443
2024-12-12,4295.28076171875,4392.747511332116,4281.3771261812835,4383.60437971295,821540
2024-12-13,4312.908203125,4320.024795630382,4241.787383883203,4295.281035891063,552194
2024-12-16,4278.5498046875,4326.6233979985955,4256.586954986033,4326.6233979985955,835965
2024-12-17,4161.75927734375,4296.9777629646005,4143.378197840868,4254.324232323297,778939
2024-12-18,4137.58154296875,4175.710227378866,4121.321355829042,4146.065118867728,738092
2024-12-19,4154.0771484375,4202.292043331703,4076.8292970731377,4081.1180316502387,691740
2024-12-20,4090.92138671875,4205.54354140295,4076.829042109453,4154.076888642758,800108
2024-12-23,4027.435791015625,4124.431236439727,4014.0034643971203,4114.533732615566,931177
2024-12-24,4014.710693359375,4067.403029897954,4006.1327640941613,4027.436056257086,561434
2024-12-26,4029.697998046875,4060.6631378740176,4011.4112734534447,4024.9849009731356,375676
2024-12-27,3994.7744140625,4099.122114462986,3985.91342272936,4034.882688878233,744900
2024-12-30,3947.31298828125,4028.755210259083,3929.0732113154945,4008.72454853283,1819173
2024-12-31,3921.862548828125,3975.4505562458207,3911.870690673965,3923.55907972113,492605
2025-01-01,3944.25,3956.1740446317535,3893.018538081759,3935.247707609817,329310
2025-01-02,4064.103759765625,4074.1425648581385,3908.100240748761,3944.862399308626,1062633
2025-01-03,3999.628662109375,4053.074908522618,3923.606495866217,4020.6962987734873,1269643
2025-01-06,3961.640625,4053.2634146647497,3947.454387154025,4014.616019315621,813031
2025-01-07,3923.22900390625,3982.425780108045,3916.866322770973,3959.095949278697,396158
2025-01-08,3900.653564453125,3956.17375695722,3864.7396720335005,3956.17375695722,438731
2025-01-09,3903.62255859375,3925.4441054741133,3876.3809502073404,3911.2578677245074,340998
2025-01-10,3885.666015625,3925.0673238677864,3851.9199637238153,3907.1575546186295,355269
2025-01-13,3811.623046875,3885.430425966787,3768.1212513109203,3864.7397449342775,801718
2025-01-14,3867.237548828125,3897.0244151491024,3824.9140280755328,3833.633257885082,242769
2025-01-15,3875.956787109375,3918.657723941565,3848.8564781826235,3886.608662949929,281045
2025-01-16,3840.326171875,3935.436386749998,3825.1027289705803,3930.723289280836,349664
2025-01-17,3862.854248046875,3888.3049714966714,3817.608517469459,3842.116621532226,211342
2025-01-20,3857.29296875,3881.235409643271,3813.4139893128795,3881.235409643271,254936
2025-01-21,3793.854736328125,3882.649440805271,3779.903922706758,3858.0469815748747,287082
2025-01-22,3822.981689453125,3838.3464326435346,3795.928557037209,3795.928557037209,272889
2025-01-23,3865.06982421875,3878.8791073599496,3794.043355315625,3822.9817269310697,282745
2025-01-24,3819.399658203125,3888.3052320652528,3809.2195522463517,3869.4997899284485,216273
2025-01-27,3785.5126953125,3840.985944358621,3770.4779604714627,3812.895837526766,328160
2025-01-28,3795.315673828125,3829.2027948798677,3770.4775608433943,3789.329948647611,444089
2025-01-29,3838.770263671875,3878.6900564982693,3801.6311520014565,3804.4118331574323,479893
2025-01-30,3938.075439453125,3946.7477226864376,3827.082226941811,3845.1332977478446,807120
2025-01-31,4090.1669921875,4121.886043834551,3936.3787248163776,3947.690157933666,1056018
2025-02-01,4149.55224609375,4263.4209552784105,3992.9830586294784,4081.542342758438,1141242
2025-02-03,4040.6796875,4175.804281529489,3985.5838552482533,4166.378086763058,846135
2025-02-04,3993.972900390625,4100.394542557425,3977.854015998237,4075.8864372455873,554233
2025-02-05,4025.36181640625,4043.837248803108,3970.878598884372,3994.821039726707,408928
2025-02-06,3987.3271484375,4085.925233181514,3974.9317949462875,4042.894748117946,576470
2025-02-07,4029.3681640625,4072.0691015617103,3973.706669311441,4072.0691015617103,1344288
2025-02-10,3955.655517578125,4073.01163739782,3930.8174033788673,4059.201894445267,779450
2025-02-11,3851.11865234375,3995.7635501167565,3837.4034943442593,3959.001394312427,593081
2025-02-12,3880.30029296875,3929.4352363374946,3821.6477278649922,3871.8454271121914,619474
2025-02-13,3823.096923828125,3889.3348021738557,3812.033175723601,3869.912674165892,557075
2025-02-14,3732.12255859375,3846.819039495804,3720.1409004455645,3826.4790011576524,475952
2025-02-17,3745.69873046875,3755.0715058812425,3630.905763274472,3715.357935197997,913565
2025-02-18,3710.96142578125,3760.627629371038,3681.490178941951,3749.129106114113,482022
2025-02-19,3748.307861328125,3767.3917024079715,3686.321707322262,3711.34801721146,453662
2025-02-20,3777.24755859375,3805.1726776350806,3725.455372936022,3734.151806175919,438563
2025-02-21,3722.6533203125,3784.7361915597867,3699.510956235717,3768.4544414695583,426337
2025-02-24,3753.8154296875,3759.8546193205057,3671.9240182639423,3710.3332643298586,272543
2025-02-25,3699.124755859375,3752.317989956256,3688.35093497903,3746.2304390953564,661184
2025-02-27,3632.741943359375,3681.7801663464465,3599.5988213317687,3679.7025434350053,877741
2025-02-28,3556.93798828125,3620.566751226765,3538.626975865343,3619.2624277579744,995134
2025-03-03,3508.2861328125,3589.6944111818325,3494.9999152744786,3521.137575866811,691809
2025-03-04,3396.29541015625,3517.127327848641,3377.1148494814065,3502.7299940973103,946922
2025-03-05,3467.702880859375,3487.8497129621346,3394.991033618785,3396.4404392116207,611959
2025-03-06,3525.678955078125,3534.616955854959,3461.85675099859,3507.078250758768,654829
2025-03-07,3529.302734375,3607.7638458608358,3502.730297634326,3540.4148442847363,621576
2025-03-10,3462.001953125,3542.1056739074234,3455.0929783090487,3529.785726463566,675889
2025-03-11,3527.514892578125,3539.9315614086263,3432.9171160896676,3458.281713738631,618870
2025-03-12,3488.4775390625,3545.6806967321027,3475.6744568957306,3527.514766929404,385877
2025-03-13,3410.113037109375,3503.26164382832,3405.4751279830007,3502.730147935048,359751
2025-03-17,3375.279052734375,3429.293470917625,3344.8415367203133,3368.418438889502,673556
2025-03-18,3375.279052734375,3375.279052734375,3375.279052734375,3375.279052734375,0
2025-03-19,3417.698486328125,3467.7997021256174,3395.6191127990846,3464.0794666345287,674188
2025-03-20,3475.8193359375,3511.426493115277,3441.1303243276775,3458.2816232414903,771668
2025-03-21,3506.59521484375,3586.6989351164443,3489.9270507610677,3506.59521484375,1195882
2025-03-24,3504.034912109375,3562.977409078109,3462.002147877573,3534.617277239821,663262
2025-03-25,3505.58056640625,3551.7199768994487,3493.06741220759,3529.302551338374,544164
2025-03-26,3522.9736328125,3545.536141752077,3483.7913196310406,3526.887075241544,755658
2025-03-27,3644.8203125,3661.1985486123035,3488.5744358726183,3511.4266364890764,1525094
2025-03-28,3597.376220703125,3680.282265489547,3582.3025445002263,3651.5357220308497,509889
2025-04-01,3635.157470703125,3687.8675662497135,3582.3025289642515,3582.3025289642515,506307
2025-04-02,3656.31884765625,3661.971623881409,3606.990696355983,3642.839422703017,321687
2025-04-03,3626.7509765625,3678.6880087919108,3609.647802340878,3652.5019874822765,339509
2025-04-04,3535.776611328125,3618.6342983818995,3510.025599451599,3618.6342983818995,330498
2025-04-07,3407.93896484375,3425.428553371403,3231.2082038008384,3361.6063465427897,605866
2025-04-08,3453.59521484375,3500.7008962851546,3391.850631378282,3478.573398749894,450859
2025-04-09,3489.10546875,3554.6670055386503,3418.6644554796453,3468.9105130502903,584571
2025-04-11,3542.347412109375,3579.1624100181944,3498.333746646264,3498.333746646264,436704
2025-04-15,3675.595947265625,3687.28791368131,3562.155894598048,3622.547795700008,604277
2025-04-16,3654.337890625,3687.8676618555846,3615.7837964575046,3680.5239125351777,491227
2025-04-17,3644.57861328125,3669.50843590263,3540.7045489470443,3654.3378024333256,970749
2025-04-21,3784.881103515625,3799.858294504773,3629.3115713057664,3666.0298459888386,1031160
2025-04-22,3704.294189453125,3771.25653745366,3692.3122953065445,3769.4207181106917,927543
2025-04-23,3807.58837890625,3820.8262357451317,3693.665197066827,3731.8328765407005,800615
2025-04-24,3821.1162109375,3853.486268610128,3792.5145133778515,3807.685147041647,1227984
2025-04-25,3764.106201171875,3859.3805533793047,3710.381474596685,3826.430639620235,652719
2025-04-28,3779.760009765625,3802.2741580606007,3716.7592246455147,3763.62334069785,521342
2025-04-29,3722.749755859375,3820.536268770531,3716.662205431351,3802.7569885706293,428581
2025-04-30,3698.30322265625,3737.0507599334824,3678.1082657238007,3722.7499108784864,892342
2025-05-02,3611.3388671875,3781.982312705647,3599.3572086940558,3675.306155835822,881303
2025-05-05,3640.520263671875,3666.512841714894,3616.073576644774,3641.872947799034,640182
2025-05-06,3741.978759765625,3776.1846367804656,3653.4682987888796,3657.3333803004252,1210118
2025-05-07,3737.533935546875,3763.4300296444526,3684.968919750546,3691.152955995104,448141
2025-05-08,3672.310546875,3744.2976895515394,3648.3469944807,3738.5000673225563,739365
2025-05-09,3723.909423828125,3764.686223691566,3609.019966901425,3609.019966901425,859973
2025-05-12,3850.49072265625,3864.5983644924227,3778.1171659370852,3797.3458520356517,547435
2025-05-13,3926.536376953125,3960.1623971648933,3824.0149961494803,3864.115216576569,1197629
2025-05-14,3930.0146484375,3969.2450823862537,3800.3412170211013,3932.720252549169,1199813
2025-05-15,4179.119140625,4200.377087698699,3930.014604552936,3945.2817228143062,2629014
2025-05-16,4198.73486328125,4215.838039238248,4149.455069561069,4183.951113889896,765257
2025-05-19,4239.70458984375,4304.347981689417,4177.28343107129,4177.28343107129,753807
2025-05-20,4098.53271484375,4287.535303681332,4088.6765678182023,4260.286289066039,842529
2025-05-21,4119.9833984375,4144.236878990039,4069.9307821959533,4097.952622814111,396931
2025-05-22,4132.0615234375,4139.501993523077,4061.137377294561,4106.648803098291,394809
2025-05-23,4163.4658203125,4188.782294183121,4132.158752891332,4144.237133209046,461297
2025-05-26,4212.359375,4269.272611083455,4154.963003683559,4164.5289869343405,765160
2025-05-27,4191.87451171875,4227.336352935315,4154.96279306497,4223.084857462896,411809
2025-05-28,4215.06494140625,4235.549590866292,4165.1085728379885,4220.669121019912,424160
2025-05-29,4209.65380859375,4236.129523754872,4185.980183289919,4236.129523754872,369150
2025-05-30,4163.94873046875,4232.26423457806,4144.623323004924,4195.159546609853,914311
2025-06-02,4089.5458984375,4173.032035859174,4054.47047272937,4164.722016314405,771163
2025-06-03,4066.6455078125,4136.120251930193,4059.301758756861,4106.649006121556,417447
2025-06-04,4058.915283203125,4097.662818186449,4049.9286859571293,4070.896941052763,353642
2025-06-05,4037.947265625,4085.197793652133,4032.0529218439287,4085.197793652133,394746
2025-06-06,4124.0419921875,4151.967111877224,4017.8489715213964,4047.7066319759692,551467
2025-06-09,4202.6962890625,4212.938849434936,4130.805867278521,4159.697257227671,495256
2025-06-10,4231.2978515625,4243.859366079584,4183.660912157004,4222.698139832373,469185
2025-06-11,4261.54248046875,4335.365922092105,4218.640165808542,4227.433321479571,1241569
2025-06-12,4215.64404296875,4275.7462467322375,4193.613267981449,4261.541884035367,813687
2025-06-13,4187.62255859375,4200.37751686586,4108.001970326754,4122.206334229253,521000
2025-06-16,4217.287109375,4265.214214992928,4167.041049187694,4170.422995546454,360242
2025-06-17,4223.56787109375,4241.927008488117,4187.622423891671,4221.635330315396,331648
2025-06-18,4210.90966796875,4282.510398735953,4203.2762261961625,4205.208766989816,370443
2025-06-19,4236.41943359375,4255.455150580585,4203.566237608342,4227.3365855366055,425692
2025-06-20,4192.1640625,4234.583238010598,4063.070244788574,4232.747418642676,1159015
2025-06-23,4109.64501953125,4178.8300793639855,4101.818134382445,4174.288419442206,580717
2025-06-24,4147.7158203125,4183.95096143346,4118.244572200786,4138.63297263386,469217
2025-06-25,4155.7353515625,4210.90948316219,4145.299820459449,4156.411929535272,412213
2025-06-26,4133.70458984375,4179.02257525319,4104.813200513633,4160.663438458652,795726
2025-06-27,4174.57763671875,4203.179333662652,4140.4684818242,4153.996266828994,543489
2025-06-30,4094.184326171875,4197.478535550403,4068.9645748625107,4197.478535550403,871009
2025-07-01,4083.458740234375,4120.177015702644,4048.769726983275,4114.669085657715,480538
2025-07-02,4100.56201171875,4178.733195128211,4087.4206395109572,4139.888935125067,808159
2025-07-03,4165.205078125,4203.2760356719655,4095.0537561328256,4100.851378250994,650625
2025-07-04,4198.44482421875,4227.143243387462,4161.823270977436,4179.119416512334,437195
2025-07-07,4161.7265625,4212.552479288045,4148.198777063501,4193.613485314604,353771
2025-07-08,4155.34912109375,4182.984548811605,4096.986483474522,4159.890780684553,467771
2025-07-09,4186.9462890625,4197.478541870136,4145.493384012727,4154.962645037197,276485
2025-07-10,4175.5439453125,4202.213101785646,4164.625278897612,4184.047407623257,368728
2025-07-11,4076.4052734375,4193.613688494934,4048.673123224371,4155.059592495311,556464
2025-07-14,4108.2919921875,4115.345577286293,4055.6302561081147,4076.694761815184,293675
2025-07-15,4303.76806640625,4314.397040077212,4116.408343059523,4131.578504211976,1756329
2025-07-16,4275.26318359375,4319.228484724616,4223.567719626688,4303.768159052223,791606
2025-07-17,4293.71923828125,4313.334338651341,4263.184999318169,4287.3417592871065,414759
2025-07-18,4248.4013671875,4332.756586582489,4239.22179814813,4299.903392125797,370997
2025-07-21,4259.51318359375,4272.847525818028,4199.604421359305,4261.252281514587,269975
2025-07-22,4195.93212890625,4282.220351275194,4173.128055069628,4268.982259211636,463290
2025-07-23,4216.51416015625,4229.365367224141,4179.988857448241,4212.938771098299,376802
2025-07-24,4219.65283203125,4237.406877933998,4173.747782431995,4227.598065716558,584473
2025-07-25,4149.814453125,4208.765032484859,4114.796801283032,4196.209944192804,630896
2025-07-28,4209.0595703125,4224.655486185809,4134.90485303373,4134.90485303373,462891
2025-07-29,4242.5078125,4251.531632714169,4184.047193681376,4207.98060060894,422393
2025-07-30,4170.02001953125,4243.09566832754,4135.101032256451,4228.578818265829,547169
2025-07-31,4179.24072265625,4220.731805860108,4120.681923406533,4129.509854211261,446590
2025-08-01,4229.16748046875,4239.368549166226,4158.936290713744,4173.747692632588,473918
2025-08-04,4449.17919921875,4463.00972073593,4227.696402897742,4233.385322611738,1454995
2025-08-05,4459.87060546875,4493.907375884438,4429.5614711117305,4449.277279714463,803505
2025-08-06,4389.34521484375,4462.911305325653,4376.790126979866,4462.617232542087,574216
2025-08-07,4571.59326171875,4585.521487577974,4337.750797346443,4345.30377426608,2121194
2025-08-08,4511.857421875,4621.91249067183,4500.381398516567,4570.906665222989,972461
2025-08-11,4474.9765625,4536.281639695783,4452.219926266559,4514.996325315041,455558
2025-08-12,4556.3896484375,4580.32305448836,4483.608070116058,4501.263932129204,723767
2025-08-13,4677.5283203125,4701.853982235643,4561.293899347667,4579.04746572229,1342794
2025-08-14,4618.0869140625,4682.236449316643,4600.823309001721,4678.803365086496,373862
2025-08-18,4888.7119140625,5021.1308764217365,4806.317893038974,4806.317893038974,3698091
2025-08-19,5020.34619140625,5040.748328145747,4888.711746930999,4888.711746930999,1509894
2025-08-20,5037.80615234375,5066.251708889305,5013.382304754166,5022.112052180685,916240
2025-08-21,4999.64990234375,5060.26817185994,4943.641487323186,5037.806087081723,819430
2025-08-22,4902.34619140625,5025.348601552422,4886.750275677314,4999.649800758037,1357460
2025-08-25,4966.986328125,4982.778612185291,4880.865145156597,4914.215107965143,693190
2025-08-26,4976.40283203125,5044.672262739089,4944.622375358303,4966.986276253286,1662083
2025-08-28,4994.35302734375,5145.702805826195,4981.307019938564,5130.008706532786,1584393
2025-08-29,4990.4296875,5049.8707076203555,4964.632223462689,5002.003894579548,783364
2025-09-01,5143.7412109375,5158.944870123147,5011.812684455598,5015.736209406733,659443
2025-09-02,5210.44091796875,5245.752641057394,5108.429273490446,5188.861531636801,962257
2025-09-03,5246.7333984375,5260.956175457008,5156.001889864782,5223.192250267281,659989
2025-09-04,5248.6953125,5413.483354454775,5238.886500478882,5399.75101762521,1187848
2025-09-05,5260.4658203125,5315.885607530038,5246.243043061982,5257.523176743427,517415
2025-09-08,5338.9365234375,5418.878343511017,5233.00135082474,5267.332193801098,726543
2025-09-09,5319.80908203125,5383.075918168618,5287.930443667459,5361.006091609071,608443
2025-09-10,5248.205078125,5353.649811495421,5215.8359971833825,5345.80276157018,536616
2025-09-11,5200.63232421875,5260.466079740693,5184.938224409716,5248.205064264886,765635
2025-09-12,5200.1416015625,5286.459145830632,5184.937943197091,5204.555566894393,537933
2025-09-15,5187.39013671875,5253.599616576652,5167.282072465609,5222.211418718091,588879
2025-09-16,5214.36474609375,5246.733827474693,5182.976545966774,5205.536814808038,925160
2025-09-17,5247.71435546875,5284.987840610397,5208.969548545196,5241.8290683411215,616629
2025-09-18,5267.33203125,5284.007011609637,5237.905595321229,5257.523219273743,420977
2025-09-19,5304.60546875,5331.0892608462,5269.293745955067,5286.949607352533,579031
2025-09-22,5325.6943359375,5393.865577552318,5296.758341295239,5305.586271864065,672445
2025-09-23,5267.82275390625,5408.579213302125,5248.695569528413,5345.802813292815,507377
2025-09-24,5176.1103515625,5273.217595224559,5164.339776573159,5267.332307729889,410267
2025-09-25,5252.12841796875,5271.255601487359,5130.989589017561,5169.243956054779,640474
2025-09-26,5226.13525390625,5349.726290316195,5207.008069699949,5252.128606801993,689941
2025-09-29,5199.16064453125,5325.203874947676,5168.2628876587405,5226.134876721536,8318930
2025-09-30,5367.87255859375,5378.662252178863,5221.2308139597135,5221.2308139597135,1141788
2025-10-01,5328.63720703125,5413.483432232944,5306.567379666648,5367.872455679432,701001
2025-10-03,5444.38134765625,5477.240869347356,5267.822723644336,5360.516001250591,1634394
2025-10-06,5474.78857421875,5488.030470797081,5421.330547291415,5421.330547291415,844413
2025-10-07,5507.64794921875,5540.997910086682,5465.960498133835,5474.788428951817,858678
2025-10-08,5407.10791015625,5550.807013800311,5387.490285085388,5504.705594883787,789561
2025-10-09,5406.6171875,5431.139217559416,5361.4966521906745,5409.55983110713,872880
2025-10-10,5394.8466796875,5461.056161665483,5371.795971147018,5406.617254261364,835407
2025-10-13,5452.71875,5474.298137030041,5379.643098466451,5394.846757510344,417645
2025-10-14,5464.9794921875,5484.106675189862,5434.081735029839,5475.769185163191,375269
2025-10-15,5431.6298828125,5501.762891683126,5342.860130325903,5473.317335637697,484777
2025-10-16,5472.82666015625,5504.705299183955,5445.361986532381,5470.374457154118,294066
2025-10-17,5485.578125,5517.456764081359,5444.3811144948595,5475.278872373715,435204
2025-10-20,5533.15087890625,5585.137582785355,5499.310477324569,5512.552373595661,368799
2025-10-21,5538.5458984375,5559.634845009076,5523.342239281247,5558.653963773189,40575
2025-10-23,5481.65478515625,5607.6980239309805,5455.170991795023,5605.736261459778,489097
2025-10-24,5434.572265625,5517.456726674601,5379.642918657218,5507.647914716068,546761
2025-10-27,5538.5458984375,5553.749557593753,5443.8908591743775,5463.508483892123,424721
2025-10-28,5502.2529296875,5556.691834687528,5468.412529282077,5532.169805408236,539756
2025-10-29,5445.36181640625,5530.698478214292,5421.330227736169,5529.717597044085,432099
2025-10-30,5409.56005859375,5480.673948756587,5387.980671233992,5463.998967614956,402078
2025-10-31,5438.00537109375,5517.456748268821,5395.827479506984,5409.069375702829,424188
2025-11-03,5433.10107421875,5472.826763604173,5377.190844713339,5472.826763604173,223771
2025-11-04,5207.49853515625,5370.324821996698,5152.078744755736,5370.324821996698,2003141
2025-11-06,5224.17333984375,5305.0960399070445,5203.574834373093,5250.166691985293,815323
2025-11-07,5194.7470703125,5222.211745155541,5157.473583025514,5203.575001512049,436406
2025-11-10,5257.03271484375,5306.567214722398,5199.160724886518,5208.479096150819,347961
2025-11-11,5313.923828125,5326.184842956853,5229.077605488578,5272.726818289974,348232
2025-11-12,5428.19677734375,5450.757045843733,5317.847637941659,5335.993940865558,534031
2025-11-13,5403.18408203125,5487.539865103718,5380.623814465358,5447.8141765637765,585663
2025-11-14,5432.61083984375,5521.871034197055,5358.063864339891,5415.935858481044,938647
2025-11-17,5687.6396484375,5698.9197822578035,5464.489175035839,5482.145036667619,1770568
2025-11-18,5688.62060546875,5769.543305693109,5678.811793320343,5708.728670372984,1182455
2025-11-19,5764.1484375,5803.383685947205,5723.441867236024,5739.1359666149065,935374
2025-11-20,5884.796875,5926.4843268189015,5808.288139897075,5836.2432546462205,1276202
2025-11-21,5887.7392578125,5922.560539553831,5843.599604900953,5855.860619598605,703572
2025-11-24,5867.63134765625,5933.350388159923,5857.822535640777,5888.229852888744,1349305
2025-11-25,5965.22900390625,5971.114291092543,5855.370309762125,5885.287186292444,707293
2025-11-26,6019.177734375,6028.496106162918,5936.293269524566,5967.191028610822,452071
2025-11-27,6033.400390625,6081.463570456023,5980.4328046887695,6019.668053530421,352120
2025-11-28,6056.451171875,6119.718011390092,6010.8401945501655,6034.381344137177,504441
2025-12-01,6175.1376953125,6212.411181520407,6091.762791952709,6110.8899756646615,912454
2025-12-02,6150.61572265625,6218.78696780809,6111.8709142606,6208.978155556027,809216
2025-12-03,6092.74365234375,6173.666352386954,6072.63558748453,6173.666352386954,543787
2025-12-04,6218.787109375,6229.576803097891,6120.208543997684,6128.546034601735,883433
2025-12-05,6229.0859375,6266.359422363396,6184.455843781985,6213.882279200457,651633
2025-12-08,6049.09423828125,6229.576375437688,6027.024411726794,6189.360247049568,707514
2025-12-09,5886.26806640625,6046.15170160442,5851.937224492533,6046.15170160442,1186776
2025-12-10,5831.8291015625,5928.936339146335,5802.402665931035,5912.751799549029,820197
2025-12-11,5865.17919921875,5904.414447645667,5792.593989628954,5831.8292380558705,695094
2025-12-12,5846.05224609375,5922.070542917956,5836.733874224977,5888.72058044024,679186
2025-12-15,5845.5615234375,5862.236503871838,5764.14838366985,5825.9438993971025,652031
2025-12-16,5832.81005859375,5871.554866012308,5819.077721787173,5846.542395400327,388048
2025-12-17,5705.7861328125,5856.8418427064535,5671.455289654783,5855.860961473375,538205
2025-12-18,5638.595703125,5674.3978677182085,5407.598175407171,5674.3978677182085,1016539
2025-12-19,5670.47412109375,5686.658660619446,5615.5447748247225,5615.5447748247225,769295
2025-12-22,5590.53271484375,5682.735552846261,5572.386411619852,5682.735552846261,1213460
2025-12-23,5634.181640625,5642.519130866176,5586.1184615876355,5600.831679660298,351302
2025-12-24,5589.5517578125,5640.0671417779895,5581.214267255089,5634.1818543256995,313655
2025-12-26,5529.2275390625,5610.640681823222,5503.724626872395,5589.551735204481,249826
2025-12-29,5459.5849609375,5542.959866018292,5444.381301775708,5529.227528710867,572147
2025-12-30,5601.8125,5632.71025761688,5460.075167440028,5463.508251619681,2980473
