Price,Close,High,Low,Open,Volume
Ticker,HINDUNILVR.NS,HINDUNILVR.NS,HINDUNILVR.NS,HINDUNILVR.NS,HINDUNILVR.NS
Date,,,,,
2021-01-01,2173.49609375,2188.4712372582994,2168.443630261759,2180.642174713243,830096
2021-01-04,2208.954345703125,2212.14055638104,2185.467376826867,2189.3819086816466,1614486
2021-01-05,2230.847900390625,2236.6740244941043,2189.381605572649,2189.381605572649,2356303
2021-01-06,2200.578857421875,2230.3471194224653,2186.2864733927872,2226.523711668218,1641627
2021-01-07,2156.47314453125,2214.5986014881637,2152.968223638307,2213.961403758293,2403881
2021-01-08,2176.818603515625,2184.829690163365,2149.144183007837,2175.7262331210172,2797948
2021-01-11,2211.3212890625,2223.019100391005,2186.7419500462547,2207.588782014623,2787672
2021-01-12,2162.890380859375,2214.962335617503,2159.340121331494,2211.958150188783,2036708
2021-01-13,2159.658935546875,2183.0092162863457,2152.6037556360247,2168.3525600867197,1702740
2021-01-14,2183.510498046875,2190.2925314681383,2140.359963202643,2153.878690545975,2120413
2021-01-15,2140.359619140625,2191.202525256196,2132.7583644214906,2178.0025100438097,2042957
2021-01-18,2123.472900390625,2161.6163040736506,2112.594089262234,2161.6163040736506,1733797
2021-01-19,2151.28369140625,2168.5349229444237,2114.9609811475057,2132.0299657150367,1495269
2021-01-20,2144.7294921875,2161.115719254918,2135.944742688439,2145.685399883585,1380562
2021-01-21,2155.3798828125,2184.7385312984497,2139.3123702940043,2162.981358220661,1521133
2021-01-22,2193.342041015625,2204.8578280539136,2145.6853429905345,2147.5060348386382,2548089
2021-01-25,2184.465576171875,2214.279397103748,2171.174440382217,2203.0365390880356,2124424
2021-01-27,2176.91015625,2207.5887680817254,2125.6576385446715,2207.5887680817254,2460297
2021-01-28,2094.15966796875,2195.3447504490805,2084.6921592904087,2155.608017642157,3867335
2021-01-29,2060.93212890625,2114.096466294964,2049.1887549291305,2107.542019836748,4472694
2021-02-01,2047.0037841796875,2080.140284493412,2026.6119036192053,2072.538807681937,2717591
2021-02-02,2030.4810791015625,2071.0370356120557,2007.3128191316848,2067.441213561149,4215607
2021-02-03,2032.6658935546875,2054.6506577259784,2018.7831188403227,2031.4368377117949,2353429
2021-02-04,2044.2724609375,2056.4710048230168,2026.6116204176078,2038.2640902163498,2908003
2021-02-05,2066.075439453125,2080.140238188647,2040.0850213482527,2044.2727011007091,4036942
2021-02-08,2036.1246337890625,2083.5081722220616,2030.3440719091868,2082.8709746785344,2780672
2021-02-09,2017.553955078125,2052.5567079531966,2012.319466531391,2045.5470894802243,3131481
2021-02-10,2035.077880859375,2040.0847823779286,2014.367515487176,2020.9675220343604,2055520
2021-02-11,2060.1123046875,2064.6640331556564,2033.7578413073488,2040.995045121244,1824480
2021-02-12,2040.585693359375,2068.533265255399,2031.8918464297722,2064.664295565736,1222094
2021-02-15,2016.597412109375,2058.9740417904572,2014.5946963556014,2049.1878271561045,2449407
2021-02-16,1999.2105712890625,2029.2064220139787,1993.7029345529634,2027.3401686072145,2396356
2021-02-17,1969.8970947265625,2004.1717458300025,1966.3468351751158,1999.1192824280345,2447956
2021-02-18,1954.3759765625,1974.130436042084,1951.0530810292792,1969.988318186915,3205806
2021-02-19,1985.5550537109375,1997.2984240947792,1957.2432141311647,1959.8831277050938,3364030
2021-02-22,1973.265869140625,2007.3127170273324,1967.8037937201425,2007.3127170273324,2678023
2021-02-23,1983.87109375,1995.7967126856597,1975.6324197717306,1989.1055821240104,2062144
2021-02-24,1983.5069580078125,1992.291705734842,1962.2958572431378,1992.291705734842,924143
2021-02-25,1969.35107421875,1989.1055332333358,1966.346888688332,1981.8227669789346,2099460
2021-02-26,1940.9027099609375,1986.7384853398162,1929.9329991708346,1964.5261378352175,3413194
2021-03-01,1951.235107421875,1960.884861845377,1937.2158709410223,1943.7703162794419,1229276
2021-03-02,1982.6875,1988.1040128118484,1948.6406575377684,1968.1675296044125,2095135
2021-03-03,1996.8433837890625,2007.3123598153102,1978.6364689608058,2007.3123598153102,2031893
2021-03-04,1999.9383544921875,2005.9467249382176,1979.0915271230701,1989.1053296982097,2290915
2021-03-05,2003.761962890625,2011.818388798127,1980.2294381882016,1988.7412591875539,2129837
2021-03-08,1979.5924072265625,2017.417317820998,1974.5399438326692,2011.8641198110647,1440724
2021-03-09,2001.3953857421875,2007.3126338692398,1968.2133233878922,1980.91260376393,1711842
2021-03-10,2028.1136474609375,2036.35209780052,1996.5700373026903,2012.3190615153035,2696085
2021-03-12,2007.0845947265625,2039.083155788036,2002.7604528397494,2035.5328966134907,2038930
2021-03-15,2012.6380615234375,2018.6462103346607,1987.5579907727815,2008.3139190578895,1632022
2021-03-16,2042.86181640625,2046.0024653954156,2015.7790251512938,2022.1970083697597,2633605
2021-03-17,2026.7030029296875,2059.2023052059317,2020.2850202600634,2051.9195384324357,3703365
2021-03-18,2016.597412109375,2048.186358153052,2007.3119319765483,2037.3533350401428,2597091
2021-03-19,2104.765380859375,2116.781902850185,1995.0231330378156,2006.4935808145685,5382214
2021-03-22,2142.22509765625,2145.2292824130873,2095.615450080597,2102.989337915349,2471516
2021-03-23,2127.7509765625,2160.20471076077,2124.200495102053,2151.1468158048697,1970612
2021-03-24,2110.727783203125,2140.1317736604947,2107.9511841646977,2127.7512045869667,1762743
2021-03-25,2036.4888916015625,2113.822714326827,2031.0268174043356,2110.7276278493455,2495833
2021-03-26,2110.090576171875,2116.5541206671332,2047.1858107112337,2052.8299105825313,1929236
2021-03-30,2183.6923828125,2190.29239105654,2116.5543679162324,2116.5543679162324,3327203
2021-03-31,2213.505615234375,2219.969158738723,2168.1247922518164,2172.0848850294956,2709756
2021-04-01,2184.010498046875,2227.4339442871847,2177.5925162930457,2227.4339442871847,1532653
2021-04-05,2160.4326171875,2200.487832555809,2136.1264286758455,2184.829929180494,2545447
2021-04-06,2192.3857421875,2194.843631293428,2164.210585315483,2168.716752385082,3683538
2021-04-07,2189.609619140625,2216.6924114364087,2173.314515366151,2200.30618416501,1713970
2021-04-08,2193.842529296875,2220.333684295838,2180.824760528319,2190.2922691331637,1814515
2021-04-09,2254.015869140625,2260.388288802977,2206.6778945060078,2206.6778945060078,2604858
2021-04-12,2241.271240234375,2265.167816211691,2219.058892798317,2222.6091523282803,2261945
2021-04-13,2234.352783203125,2281.235594852962,2229.25497975381,2248.5542674776307,1811781
2021-04-15,2240.042236328125,2273.13339406133,2204.0382388256185,2273.13339406133,3352379
2021-04-16,2238.448974609375,2256.701450522447,2221.2435296129115,2248.4627774068103,1225517
2021-04-19,2218.194091796875,2239.177607761559,2197.6204092602025,2221.243839247622,1746316
2021-04-20,2182.5087890625,2235.8095873148095,2170.082656112147,2235.8095873148095,1589508
2021-04-22,2138.766845703125,2175.7269829334327,2122.926913891534,2175.7269829334327,1721265
2021-04-23,2100.850830078125,2139.312945805912,2093.7956490866372,2130.209486462057,1949756
2021-04-26,2149.007568359375,2157.3373651780375,2103.8089915610585,2115.6434861046732,1946867
2021-04-27,2166.486572265625,2172.49472128081,2141.998136541135,2151.1471564135163,1668456
2021-04-28,2190.79296875,2225.7957241330196,2154.1515462975035,2166.6232406693607,1951215
2021-04-29,2191.74853515625,2229.3911988860036,2170.4007493361155,2214.871228501054,3151150
2021-04-30,2142.726318359375,2223.8835534230484,2121.333193141554,2193.933267019052,4010778
2021-05-03,2192.11279296875,2198.4852138785427,2130.2092755593335,2132.940313092102,1692239
2021-05-04,2191.7939453125,2201.398137816454,2159.522231611724,2193.2050257329197,1453111
2021-05-05,2179.959228515625,2215.7814204964966,2156.290240457733,2215.7814204964966,1256857
2021-05-06,2175.72607421875,2199.8957953514414,2163.9371426603784,2184.8295305962342,1377740
2021-05-07,2195.025390625,2206.67785941562,2182.2349897699123,2192.8406499621647,1169518
2021-05-10,2214.779541015625,2227.569940104722,2199.3947905291616,2205.7672092103303,988495
2021-05-11,2186.741943359375,2208.499121150702,2179.595639247761,2207.588775263995,1019077
2021-05-12,2120.149658203125,2174.815964120935,2116.5993987323423,2174.815964120935,2053932
2021-05-14,2163.755859375,2168.8081015937273,2117.4646789332896,2120.104593286362,1388970
2021-05-17,2163.208984375,2180.277966366386,2154.333113739479,2171.1745093043132,811243
2021-05-18,2161.388671875,2192.431554799734,2154.7431026041804,2186.741893138486,1153722
2021-05-19,2148.188720703125,2166.6232250337694,2133.8507728904015,2148.416307176343,1323590
2021-05-20,2133.986572265625,2150.236330301142,2130.208726885975,2148.4156390815815,856235
2021-05-21,2150.464111328125,2154.014370626641,2130.208919677347,2130.208919677347,771492
2021-05-24,2127.068603515625,2148.370607136598,2116.781651137886,2143.8644397074386,1194864
2021-05-25,2133.89599609375,2157.337399116217,2128.3883598651796,2143.8642375887503,1098457
2021-05-26,2142.953857421875,2157.7014138593495,2134.9883322509145,2144.546962456067,811095
2021-05-27,2117.828369140625,2142.0436561949114,2114.642158857292,2142.0436561949114,3755182
2021-05-28,2113.5498046875,2139.3126353423136,2111.4106254035937,2124.15546663542,1215325
2021-05-31,2130.255126953125,2134.761295044417,2112.1391088377486,2116.5543756836964,1178704
2021-06-01,2146.86865234375,2151.147233368017,2121.652116868588,2136.58169983696,1141451
2021-06-02,2147.323974609375,2160.8424780066343,2139.312886159655,2144.77496161368,1113091
2021-06-03,2151.37451171875,2158.4752527486835,2134.760702414247,2156.608999581813,868532
2021-06-04,2132.0751953125,2157.519313226875,2124.701306227106,2157.519313226875,1283795
2021-06-07,2129.572021484375,2142.9540605898305,2122.016106726803,2142.9540605898305,1128300
2021-06-08,2147.506103515625,2150.2371413751193,2125.794263631674,2129.5723326887655,1106664
2021-06-09,2144.774658203125,2159.294628947189,2135.307150989771,2150.236732884457,1072858
2021-06-10,2165.530517578125,2184.7842413165918,2144.0918306851754,2152.057356008812,1944339
2021-06-11,2154.333740234375,2174.4069133441344,2148.416491423252,2167.533756813035,1128097
2021-06-14,2168.17919921875,2177.8069927785837,2142.5050830591936,2162.4940372664264,1761632
2021-06-15,2193.256591796875,2196.0532806215347,2163.960643952744,2163.960643952744,1215463
2021-06-16,2207.88232421875,2217.922917124493,2185.646704577672,2186.8846533596384,2153668
2021-06-17,2216.8681640625,2224.3869674983794,2188.1681255208937,2198.8046344812765,1555777
2021-06-18,2276.652099609375,2289.3058155765816,2205.2231321899267,2218.9771226193857,3937751
2021-06-21,2305.48974609375,2318.922720151847,2262.0728946676973,2268.445531945834,2506277
2021-06-22,2283.3916015625,2323.4615148220328,2275.505890986896,2308.928266190942,1945883
2021-06-23,2274.451171875,2305.168412051502,2254.0035314033216,2287.746693742441,1035668
2021-06-24,2283.2998046875,2296.733002654792,2268.583214383539,2283.162354330843,759681
2021-06-25,2245.247314453125,2283.116682233866,2241.9005994215163,2281.328708122999,1112942
2021-06-28,2255.837890625,2260.2392125655915,2234.8402203445676,2246.577004232633,694906
2021-06-29,2285.50048828125,2290.03926006062,2241.9002966359226,2251.0696230025314,1354397
2021-06-30,2266.015869140625,2296.916456942962,2258.405282814577,2285.5006893841532,1447245
2021-07-01,2272.159423828125,2277.6610204959898,2258.405432158463,2277.6610204959898,735043
2021-07-02,2280.686767578125,2285.638114653202,2248.3189982391996,2272.1592486283594,860231
2021-07-05,2291.460693359375,2304.618543199933,2278.623635645355,2291.414801952578,761700
2021-07-06,2267.1162109375,2290.452104514578,2263.906946331522,2283.162533967391,461782
2021-07-07,2275.505615234375,2283.8956825382875,2242.6796084258544,2253.8202495701357,623145
2021-07-08,2244.23876953125,2264.5946315596802,2235.894592064295,2257.6717446099137,1114426
2021-07-09,2247.814208984375,2259.7802232894096,2235.8940860779994,2237.3153762735483,538094
2021-07-12,2241.12109375,2255.5627845778477,2228.1465848679254,2249.2360381403378,543898
2021-07-13,2234.290283203125,2251.574557375058,2228.146877736212,2251.070199523622,994396
2021-07-14,2214.254638671875,2238.553351035742,2208.89049375679,2237.132060823494,1377829
2021-07-15,2211.962646484375,2223.561755375425,2201.555370992328,2223.561755375425,693792
2021-07-16,2216.59326171875,2228.146704545799,2206.1403173404083,2218.9773765435525,545405
2021-07-19,2208.5703125,2216.2267916637525,2199.2635332252835,2200.6848239746746,463873
2021-07-20,2232.63916015625,2255.654258599167,2203.389098948698,2203.389098948698,1061476
2021-07-22,2180.60302734375,2299.6668070369665,2178.1732456604122,2246.48471979289,3546044
2021-07-23,2162.21875,2193.073440967377,2159.101044993088,2184.1333485457476,1517589
2021-07-26,2153.60009765625,2163.9614834295276,2143.7889611263713,2161.4399181416334,1311535
2021-07-27,2147.822998046875,2163.4567448525454,2138.2869878169404,2153.599718643698,1656945
2021-07-28,2165.244873046875,2171.7092936071863,2148.4651830680446,2154.7919294016497,912373
2021-07-29,2140.808349609375,2174.413839254891,2136.4529198371747,2165.24451341868,1012663
2021-07-30,2139.479248046875,2160.797934660743,2125.450132083706,2145.622652750592,1708251
2021-08-02,2139.020751953125,2157.90943218067,2131.5019482174794,2147.4564884336182,1229936
2021-08-03,2188.580810546875,2194.2198568654876,2132.8771514141636,2136.4530992463797,1733476
2021-08-04,2179.640869140625,2195.8246421852305,2170.884116848791,2188.5809632052687,1588974
2021-08-05,2161.85205078125,2192.385952609774,2158.459444769305,2192.385952609774,921757
2021-08-06,2174.505859375,2182.9874866991486,2161.6688018033155,2161.85214356795,1432661
2021-08-09,2186.42578125,2196.053573534808,2177.577471218161,2181.795226855207,921476
2021-08-10,2183.949951171875,2195.136483298795,2163.135627451539,2195.136483298795,1061370
2021-08-11,2191.881591796875,2196.0536800948353,2165.9782446308295,2191.469016879606,1300594
2021-08-12,2193.578125,2213.0170533085425,2179.961584972414,2196.053798497601,1226064
2021-08-13,2204.764404296875,2209.4865175732757,2189.6350166192296,2201.555140244041,1033159
2021-08-16,2224.84521484375,2234.4273397905654,2193.8987389852377,2204.3060137440793,1146309
2021-08-17,2277.477294921875,2280.8240094533026,2229.1090990343637,2230.89707287801,1921902
2021-08-18,2279.54052734375,2292.331693420935,2250.15279026199,2278.5777032604096,1545643
2021-08-20,2401.813232421875,2411.53280780743,2270.3251833198465,2283.162240091445,5779927
2021-08-23,2415.338134765625,2450.8236086477264,2378.981843468238,2406.9482902694645,2163220
2021-08-24,2414.28369140625,2437.2070078837114,2393.1942402469854,2415.200624065348,1482854
2021-08-25,2425.286865234375,2444.955025853304,2402.9594656075783,2413.3667407549624,1746570
2021-08-26,2444.908935546875,2473.7007528019117,2412.449611841663,2412.449611841663,2117291
2021-08-27,2455.499755859375,2466.5488391115123,2430.880248417264,2447.2932533786716,1176229
2021-08-30,2464.439697265625,2480.990375420833,2449.677216763749,2468.015868711792,1168190
2021-08-31,2497.816162109375,2510.057077889897,2453.3905989617356,2464.6230232078806,2535891
2021-09-01,2505.88525390625,2544.4882096216547,2489.472248332538,2516.9802289770964,1775792
2021-09-02,2568.37451171875,2576.581015019392,2503.363845742332,2519.731184794765,1946183
2021-09-03,2536.877685546875,2575.4347507982197,2527.066550315939,2569.428796771917,1561823
2021-09-06,2549.622802734375,2590.3345194426574,2544.76301532403,2558.2418793787665,1444978
2021-09-07,2546.9638671875,2575.3887803425378,2539.9035303049654,2556.958567742195,1219915
2021-09-08,2568.236572265625,2576.5807489327076,2535.4105624530403,2557.2333804552363,946711
2021-09-09,2577.1767578125,2589.0968827002084,2550.9067259695657,2550.9067259695657,879454
2021-09-13,2554.895263671875,2587.996396528044,2544.4879890194334,2565.1189727141855,1341412
2021-09-14,2533.072265625,2571.0790781240266,2522.5275404472445,2569.2452128757213,1755061
2021-09-15,2544.90087890625,2553.6576311748436,2520.6939445858234,2543.571371231245,1362350
2021-09-16,2538.299560546875,2564.936506694909,2523.3994005689515,2523.3994005689515,1259196
2021-09-17,2496.1201171875,2551.82378037756,2474.801431275255,2539.9954377382032,3095032
2021-09-20,2567.732421875,2575.663799709753,2484.9333592624603,2494.056794307771,2671330
2021-09-21,2578.82763671875,2621.786028411576,2564.3400535486044,2576.5811961063546,2277437
2021-09-22,2553.199462890625,2603.9974520837495,2543.571668184088,2592.9942581334217,1580594
2021-09-23,2551.181884765625,2583.6412126587056,2542.5169155608255,2566.4946160161967,1054473
2021-09-24,2518.492919921875,2549.0727126920774,2504.509697307287,2539.995169194678,1635284
2021-09-27,2484.42919921875,2535.3189650636073,2479.844535629123,2535.3189650636073,1465932
2021-09-28,2497.587158203125,2525.6451637627124,2484.795768288935,2498.641541235954,1078052
2021-09-29,2462.239501953125,2516.475983329204,2454.6289155303275,2489.4264678237337,1503894
2021-09-30,2477.368896484375,2480.5781610417043,2459.167692236451,2462.239506428393,1620199
2021-10-01,2479.431884765625,2486.721454877842,2457.4713916157807,2481.219858738732,956111
2021-10-04,2463.064208984375,2497.724304680453,2457.1041473175533,2475.717923141418,1025005
2021-10-05,2483.650146484375,2489.4268683786636,2462.881706375066,2463.06504817826,562784
2021-10-06,2462.927001953125,2506.8938779743175,2453.7117840011974,2470.2624631907966,862471
2021-10-07,2447.66015625,2479.6153516479353,2444.5426744914103,2473.8845220471962,1082816
2021-10-08,2420.748291015625,2456.050201009896,2407.315092246942,2448.6688477844427,1579941
2021-10-11,2425.378662109375,2444.0839987798045,2416.576019052401,2422.7194230860855,1086252
2021-10-12,2453.849365234375,2464.7609987237042,2406.9483469886904,2406.9483469886904,1174337
2021-10-13,2426.8916015625,2469.849987709411,2423.0864204364584,2464.806857905465,1660007
2021-10-14,2429.458740234375,2454.3992614136923,2402.363337967264,2426.8912842613954,2158809
2021-10-18,2433.53955078125,2456.3710870149,2423.49918180767,2450.7779314820264,1758177
2021-10-19,2335.243896484375,2505.059762399066,2311.128525302652,2448.118160686136,5431133
2021-10-20,2272.7548828125,2369.3538210597335,2264.8235054247452,2355.599832160393,4864654
2021-10-21,2242.58837890625,2296.9166469018323,2226.3128218274046,2295.449464888535,3254632
2021-10-22,2250.24462890625,2290.727118072295,2228.146461289173,2254.737509592624,1845622
2021-10-25,2251.849609375,2258.9099474856775,2209.8081490287163,2250.244976901639,1560381
2021-10-26,2248.15869140625,2277.7267994467798,2229.8918099489006,2277.7267994467798,1595060
2021-10-27,2211.02587890625,2265.088211937894,2205.9977046635736,2264.9037434418915,3083879
2021-10-28,2204.61376953125,2228.923518028085,2184.64026932554,2214.162435127236,2015791
2021-10-29,2207.84228515625,2216.007097487519,2189.252640440417,2214.161962518753,2453400
2021-11-01,2220.71240234375,2224.2179787858063,2184.8705635346764,2207.704110013082,1941114
2021-11-02,2231.5986328125,2239.994087898703,2216.007330779524,2228.0007093391137,1350154
2021-11-03,2224.633544921875,2245.5296116490113,2201.430833883266,2245.5296116490113,1591607
2021-11-04,2235.242919921875,2241.839187931794,2232.613512261293,2240.916620364744,245719
2021-11-08,2243.592041015625,2259.368036962324,2214.2545717250646,2259.368036962324,2555533
2021-11-09,2242.900146484375,2256.7848340096716,2229.3384477158515,2250.880491422469,1696949
2021-11-10,2214.300537109375,2232.6135940809363,2210.471971660299,2224.3566591004865,1794509
2021-11-11,2192.205322265625,2220.5742790221566,2182.979645271631,2216.6533662997094,1282647
2021-11-12,2218.72900390625,2226.709349145272,2192.2051842187666,2203.0915274333993,1651974
2021-11-15,2236.99609375,2241.839574311785,2217.9451603014845,2217.9451603014845,1007999
2021-11-16,2220.297119140625,2246.1290107154628,2214.254481836201,2246.1290107154628,1245209
2021-11-17,2205.997314453125,2223.4339763480716,2202.3532176657022,2217.8523976046927,956809
2021-11-18,2213.608642578125,2220.0206676833723,2186.4852448254173,2204.936597102425,1236943
2021-11-22,2203.598876953125,2223.2955599902784,2193.0814712146957,2222.834276192178,1629290
2021-11-23,2208.811279296875,2214.1622163670077,2155.579174392297,2202.9069368143873,1932539
2021-11-24,2190.867431640625,2219.697669450403,2183.7175326638003,2219.697669450403,999070
2021-11-25,2167.1572265625,2202.1686180698252,2159.7305131551993,2202.1686180698252,1363272
2021-11-26,2154.287841796875,2181.8725248495225,2145.1542867836642,2162.4986039100554,2450902
2021-11-29,2149.029052734375,2160.884137456397,2107.7903226960016,2153.641891110843,1724612
2021-11-30,2138.096435546875,2178.18194989089,2123.7504653319897,2142.201816029922,3931035
2021-12-01,2163.28271484375,2174.261179127797,2143.3551647008185,2158.808171914308,1263139
2021-12-02,2198.75537109375,2203.0913936974166,2163.4209875294982,2174.4917985531033,1673117
2021-12-03,2162.175537109375,2204.8442900196555,2156.8707732340426,2198.7554788001476,1890178
2021-12-06,2127.902587890625,2180.90406188708,2122.8284650927067,2162.498879694613,1079171
2021-12-07,2141.8330078125,2160.330307809702,2132.976268850808,2147.645003442618,895313
2021-12-08,2159.36181640625,2162.913566527393,2138.74234043503,2138.74234043503,839769
2021-12-09,2158.57763671875,2166.7424504311375,2141.786950709996,2159.7308462692995,716666
2021-12-10,2152.165771484375,2165.266186534611,2140.356860997144,2165.266186534611,724539
2021-12-13,2125.919189453125,2169.8794548100154,2122.828497243982,2169.8794548100154,1804894
2021-12-14,2138.78857421875,2144.9235588423635,2125.5958121085027,2126.518379735286,1219031
2021-12-15,2141.2333984375,2144.7853740777527,2122.3669345469166,2136.666733497352,755122
2021-12-16,2130.670166015625,2145.2467811529605,2125.549870082299,2141.233521445047,926493
2021-12-17,2057.556640625,2130.1626745452127,2053.635727847214,2124.6734417035645,2439222
2021-12-20,2093.39794921875,2098.241428466206,2030.7093090555736,2053.635200921345,2175705
2021-12-21,2096.85791015625,2124.3964185364493,2078.3142108560264,2112.6798547820667,1591415
2021-12-22,2101.285888671875,2137.9579487583514,2093.3057694645254,2121.90536349423,1661605
2021-12-23,2122.5048828125,2126.518141634147,2098.4721790146714,2120.936563069817,1423081
2021-12-24,2119.091552734375,2133.898807404988,2106.4985953921687,2131.1311046716482,895503
2021-12-27,2123.197021484375,2129.3784047009017,2101.839671267297,2119.0916406401966,584302
2021-12-28,2130.30078125,2138.880479120769,2119.829549652498,2131.131001935489,783710
2021-12-29,2128.22509765625,2142.0636112628677,2121.029025533564,2135.6515864361554,1410236
2021-12-30,2145.5234375,2149.5826451044118,2118.8149235874967,2129.2861566098636,963711
2021-12-31,2177.397705078125,2186.8080742426982,2149.5823836417967,2158.80805910807,1123597
2022-01-03,2178.459228515625,2193.8660645778978,2170.8018713001657,2193.8660645778978,879278
2022-01-04,2215.3154296875,2221.6351077854724,2172.969667320708,2185.5164514267585,1484275
2022-01-05,2228.73876953125,2232.6135082586693,2206.7816164275773,2217.6679587464964,1202512
2022-01-06,2206.22802734375,2225.23300964332,2184.363220679326,2212.3170634845283,1198901
2022-01-07,2229.0615234375,2234.3662869156815,2203.091336677933,2203.091336677933,1026186
2022-01-10,2220.66650390625,2237.2265481535815,2216.00749223295,2237.2265481535815,919447
2022-01-11,2217.529541015625,2231.0452916154236,2206.7817184762353,2229.9842037244166,1321335
2022-01-12,2226.294189453125,2228.923597533129,2212.778662534441,2220.8049566008226,1487554
2022-01-13,2227.2626953125,2234.366420914234,2217.1606249563256,2230.7684973033997,1586299
2022-01-14,2180.6728515625,2233.536016707784,2177.99749578815,2232.613449166806,1596037
2022-01-17,2204.521240234375,2208.811089064635,2163.420812585561,2180.9495952888133,912205
2022-01-18,2186.02392578125,2222.1885306139893,2174.8607677391096,2222.1885306139893,1667579
2022-01-19,2131.038818359375,2185.1937169025064,2126.564500621768,2180.949815829665,2145255
2022-01-20,2086.663330078125,2145.4770114030516,2069.319015087217,2144.9695542032005,2829711
2022-01-21,2145.338623046875,2153.595783317832,2075.777115579289,2089.4311612090123,4596050
2022-01-24,2107.6982421875,2163.37506733587,2091.184145335836,2157.7934877442076,2231103
2022-01-25,2147.04541015625,2152.9959260266146,2067.3816091725157,2106.6830783507557,1843543
2022-01-27,2117.61572265625,2145.5233937674066,2098.841381086976,2131.131248488314,2620474
2022-01-28,2106.729248046875,2139.1574084769786,2101.655126343169,2116.923664880657,1967721
2022-01-31,2097.6884765625,2132.8383988536148,2095.15141518348,2112.6802028930733,1639875
2022-02-01,2127.117919921875,2140.3568552199918,2101.9779525491404,2124.9500211800946,1270508
2022-02-02,2147.645263671875,2152.350449047192,2118.7229013521496,2144.1396865928214,1246111
2022-02-03,2120.19873046875,2151.381561728838,2112.679894301866,2148.660032239758,1448039
2022-02-04,2127.99462890625,2133.668329852112,2106.2219422991557,2127.4409982224497,1014561
2022-02-07,2082.788330078125,2137.311930311603,2063.7833508342587,2117.52290389018,1207402
2022-02-08,2089.015869140625,2092.3831505185353,2072.5941221184135,2092.3831505185353,1190660
2022-02-09,2101.285888671875,2103.777001244082,2080.9434543977854,2091.9680915652184,1049611
2022-02-10,2106.360107421875,2108.066947561438,2081.174192351152,2103.454109601785,1195100
2022-02-11,2083.15771484375,2102.5316351323763,2074.8546061486245,2102.5316351323763,2100036
2022-02-14,2055.988037109375,2063.091762468393,2036.1066606004442,2048.1000392084215,1661501
2022-02-15,2112.77197265625,2125.733866154016,2050.4524914852373,2073.8856164543167,1533070
2022-02-16,2109.450927734375,2125.3652196667686,2098.841399779446,2112.772261362589,995668
2022-02-17,2128.870849609375,2133.89879783849,2099.763797613663,2105.299203055527,869374
2022-02-18,2133.48388671875,2147.553043530707,2116.370211582203,2116.370211582203,890713
2022-02-21,2117.1083984375,2125.64214964408,2107.836548025262,2120.0605700238766,737919
2022-02-22,2094.182373046875,2103.454222892399,2075.869540502473,2103.454222892399,902667
2022-02-23,2085.3720703125,2097.872908481995,2077.8532331785004,2094.228810884758,1324411
2022-02-24,2003.2630615234375,2068.3964197878718,1993.0226969953872,2029.6485831995174,2997629
2022-02-25,2002.6175537109375,2025.958560313713,1994.7295552526316,2025.0359926632968,2193728
2022-02-28,2003.909423828125,2011.1052718160538,1955.8435557825503,1996.4365352421883,2334036
2022-03-02,1982.6903076171875,1987.9488983895264,1958.6573743067265,1964.1004335693444,2034688
2022-03-03,1929.089111328125,2000.080652659017,1925.0299034360949,1990.8088019834302,2372998
2022-03-04,1863.1253662109375,1917.0494002204007,1822.3017477633841,1914.327870704479,6320118
2022-03-07,1793.4254150390625,1826.8224329713798,1777.787937748566,1826.222741449552,2976453
2022-03-08,1798.084228515625,1806.3873368053328,1754.3084415243552,1775.5274960424974,3211938
2022-03-09,1843.1978759765625,1851.6393922481686,1799.929431946886,1811.9228110423805,2879079
2022-03-10,1939.1910400390625,1950.3080253443052,1890.3411276870772,1893.0164837957482,4879791
2022-03-11,1932.2254638671875,1946.8020767871385,1909.714904841804,1937.391932448207,2481643
2022-03-14,1899.8436279296875,1932.7792483556104,1887.6656672426832,1932.7792483556104,1730325
2022-03-15,1880.37744140625,1919.6789155273043,1868.1995928114707,1886.6509468145468,2391023
2022-03-16,1911.6983642578125,1918.940610019928,1874.703538600609,1900.4892580005055,2808685
2022-03-17,1939.282958984375,1952.7984820718762,1921.108425213526,1935.6388625934694,2995889
2022-03-21,1892.37060546875,1947.4478458328756,1887.5732990228782,1943.3886385101139,1674982
2022-03-22,1839.138427734375,1894.7231231299086,1816.5355225527887,1894.7231231299086,5356303
2022-03-23,1825.34619140625,1860.403760616855,1822.3016732433457,1856.2060329404437,3212162
2022-03-24,1813.675537109375,1837.1548357958966,1800.2521344461686,1817.4580414741008,3054664
2022-03-25,1801.7745361328125,1823.9161586966566,1794.3939952781977,1821.9787892459435,2233647
2022-03-28,1822.1634521484375,1827.4221556393338,1781.7550542286372,1808.1865288900228,1794533
2022-03-29,1833.18798828125,1840.3839479654703,1821.1946095227677,1826.6838416765195,1249125
2022-03-30,1859.8038330078125,1862.663769714561,1840.5683232884667,1845.1349873348797,1476829
2022-03-31,1890.01806640625,1894.9538932724129,1861.7414589209975,1863.0330761138428,2540524
2022-04-01,1917.2337646484375,1924.3377153455756,1880.5618152277048,1895.7840679842056,1714996
2022-04-04,1963.6390380859375,1967.329308626722,1909.8994733357633,1917.095545937541,1693019
2022-04-05,1974.1102294921875,1990.9009150538282,1962.3013189617668,1978.4462522395434,1277652
2022-04-06,1976.1861572265625,1996.8054098709079,1957.0428777383522,1969.6820099917516,1736115
2022-04-07,1997.17431640625,2006.5844605533246,1969.7741046818007,1974.2484222452092,1824732
2022-04-08,2014.0113525390625,2023.6521394302897,1995.9751099418427,2009.0755255191257,1693462
2022-04-11,1995.5599365234375,2024.2057061865446,1973.2797933471386,2018.5779536071311,1380107
2022-04-12,1967.1448974609375,1997.3589883939171,1960.4562819108885,1975.1250176433941,1370233
2022-04-13,1985.5037841796875,1997.3588680173782,1965.714754068055,1972.172727313377,1071601
2022-04-18,2009.029052734375,2013.8725321731515,1969.7278118586003,1981.6750160936738,1828131
2022-04-19,1949.431640625,2035.9685322519292,1938.36082869583,2016.4560910850196,1775996
2022-04-20,1997.3128662109375,2000.7263216009515,1930.6573509157095,1950.6770246491712,1511804
2022-04-21,2027.75732421875,2033.1082611160102,2000.1264708335839,2015.810119359493,2244813
2022-04-22,1962.2550048828125,2019.5003663917314,1955.8432054593286,2013.0423935435165,3520828
2022-04-25,1938.0838623046875,1994.5911271225677,1888.4958544032822,1937.39193661304,2437310
2022-04-26,1981.998046875,1990.8545600378277,1956.7657347878471,1976.3241214131656,1447088
2022-04-27,1978.999755859375,1985.734318833927,1940.6208554083446,1981.4906432150797,2214481
2022-04-28,2068.25830078125,2075.777136759909,1997.358889371201,2057.325784433154,5865359
2022-04-29,2061.80029296875,2112.6798060639644,2050.452666430418,2070.610633368373,2678692
2022-05-02,2057.787109375,2077.622313522753,2035.091855464936,2048.1001492098185,1543544
2022-05-04,2003.40185546875,2076.561516258867,1982.2749208249636,2068.3505289089035,1608395
2022-05-05,1998.8349609375,2031.4475889658502,1986.8415826854189,2009.3521410025294,1101451
2022-05-06,1982.7822265625,2001.9716775512509,1943.1118200488115,1960.4561358508793,1585602
2022-05-09,1952.7525634765625,1973.7409757642536,1946.7558742515077,1957.2271063005157,1341414
2022-05-10,2011.56640625,2027.711340063075,1954.9208428517652,1968.7593575486865,2162232
2022-05-11,1995.97509765625,2020.1463248801338,1952.1531345692745,2015.8103020008812,1858636
2022-05-12,1973.18798828125,1997.2209236975177,1945.8798922396093,1997.2209236975177,1531515
2022-05-13,2024.205810546875,2046.2550877185954,1987.3490520195735,2001.9718396525484,2057239
2022-05-16,2045.5633544921875,2049.899377892837,2004.0939789578993,2029.649060720628,1396818
2022-05-17,2071.16455078125,2100.686718097508,2049.2997406598984,2064.6142298134505,2055096
2022-05-18,2113.971435546875,2123.75074278888,2062.953624390855,2062.953624390855,2137455
2022-05-19,2089.200439453125,2106.9598652076074,2071.5793087399024,2071.7178290173856,1734602
2022-05-20,2145.845947265625,2166.1886067845894,2105.9449007394605,2112.679688899791,2599505
2022-05-23,2195.5263671875,2203.0913762799096,2127.763823630156,2130.208537617383,2363306
2022-05-24,2130.80810546875,2195.7108243415714,2123.7967270537633,2195.7108243415714,3078655
2022-05-25,2120.7060546875,2149.5362916112877,2109.4507752396985,2149.5362916112877,1884260
2022-05-26,2103.638427734375,2118.2150396923926,2083.1574737044525,2112.817929570817,2299127
2022-05-27,2150.13623046875,2154.103091129157,2103.915501640559,2119.1378676905783,1011303
2022-05-30,2167.06494140625,2181.872195220209,2150.5048993904047,2160.8376106165097,939562
2022-05-31,2171.0322265625,2184.54775194411,2125.5034249495284,2177.2595579252097,3123979
2022-06-01,2129.701416015625,2226.8940157694133,2123.7508992470025,2186.4855044376177,2197599
2022-06-02,2107.88232421875,2128.3171047841256,2082.373197034353,2117.292467917809,1460335
2022-06-03,2114.478759765625,2144.923490479133,2089.753903108621,2107.1443924137075,1845303
2022-06-06,2103.91552734375,2123.7045584032867,2073.5631417313366,2096.258170795974,2131405
2022-06-07,2040.3504638671875,2084.864347722556,2036.1527365081945,2075.776967348787,2034730
2022-06-08,2026.9273681640625,2047.1315102792337,2016.7329502438963,2043.4874129872965,1506843
2022-06-09,2027.52685546875,2037.3523359672286,2002.6637026414444,2026.881103168607,1497867
2022-06-10,2029.5562744140625,2037.8134342213623,1995.3291532608412,1995.5136217246213,1641981
2022-06-13,2026.788330078125,2045.3320258194085,1989.0554116674086,2000.1262210087857,1519441
2022-06-14,2002.894287109375,2042.5185210263603,1992.746043369991,2021.2073443153936,1592475
2022-06-15,1997.8218994140625,2009.316067845654,1983.3492678056143,2009.12997070331,1432377
2022-06-16,1997.96142578125,2014.062805111816,1987.1187109042944,1996.379259225899,1353485
2022-06-17,1964.2232666015625,2010.712336954986,1954.4973608935168,2010.3401426333317,3252189
2022-06-20,2043.752685546875,2050.267676864812,1962.0826158113082,1964.7352388806999,2022000
2022-06-21,2052.22216796875,2077.351419005102,2021.6481549845803,2042.9150379552864,1606187
2022-06-22,2050.220947265625,2070.742984376333,2034.584925523086,2037.516580188952,1741378
2022-06-23,2096.524169921875,2100.9450566196474,2040.216034087092,2055.014279722326,1585753
2022-06-24,2144.269775390625,2158.1375366257535,2103.4581431434044,2108.065127447155,1930048
2022-06-27,2159.85888671875,2170.2830533947563,2138.824910673951,2155.391646400277,1450391
2022-06-28,2157.066650390625,2162.9767681643098,2120.024458946331,2159.8587890758627,1404108
2022-06-29,2078.700927734375,2140.546761833503,2070.8364482410825,2137.1031691398257,1682914
2022-06-30,2076.04833984375,2093.17336676102,2060.039895765843,2070.743094395346,2387212
2022-07-01,2124.212890625,2134.124893111263,2050.919242420677,2071.7671225755216,1235612
2022-07-04,2210.62939453125,2213.5146956198773,2118.302713618169,2118.302713618169,2410245
2022-07-05,2235.10693359375,2244.879418625078,2207.278709965896,2219.2848149715996,2463079
2022-07-06,2325.293212890625,2335.2520235331563,2233.71114676327,2233.71114676327,4770394
2022-07-07,2301.606689453125,2355.634625053916,2294.6729229831803,2331.4360868273643,3333262
2022-07-08,2323.850830078125,2330.3192399417867,2282.85287724535,2304.8641486646393,1346970
2022-07-11,2318.033935546875,2350.0503725041167,2308.168286657509,2314.683277789203,1587197
2022-07-12,2279.828125,2318.0339399396685,2275.0813977051125,2303.5147259287196,1116476
2022-07-13,2324.688232421875,2344.7917226993836,2290.85672635887,2293.276670878791,2528792
2022-07-14,2324.734619140625,2348.095375511219,2297.1854276896474,2329.341602336783,1663307
2022-07-15,2390.5361328125,2395.5618916859257,2328.690304780577,2354.703685425589,2996964
2022-07-18,2376.57568359375,2424.5074038620396,2357.542647883643,2402.170291504002,1566888
2022-07-19,2390.024169921875,2396.585741377214,2347.955991867715,2373.2713375549665,1473121
2022-07-20,2424.042236328125,2436.606863009035,2359.916195491061,2396.5862002476183,4012897
2022-07-21,2426.78759765625,2447.68205933035,2412.1288677174807,2435.6759523656815,1990695
2022-07-22,2457.640625,2460.060342254695,2430.13801279636,2435.675709219891,1905780
2022-07-25,2441.818603515625,2470.1121865027353,2431.022242330499,2462.20112637264,1253821
2022-07-26,2370.619140625,2443.1215914391,2362.2427237400657,2443.1215914391,1685576
2022-07-27,2403.05419921875,2411.011840198826,2350.0501434093944,2359.683113104987,1404133
2022-07-28,2438.56103515625,2443.121437616533,2405.8929204719,2443.121437616533,1442054
2022-07-29,2454.662353515625,2461.735863142762,2416.130926547679,2457.08229818408,1463059
2022-08-01,2413.339111328125,2455.221201574853,2401.2398408124036,2454.7558450165557,1559918
2022-08-02,2452.661376953125,2456.2447128108165,2418.923031477534,2419.853744456171,1359934
2022-08-03,2444.378173828125,2479.419427322071,2417.8992072482,2434.0471686576752,1767904
2022-08-04,2445.867431640625,2460.293484607701,2433.8147425098823,2451.498291308233,1189384
2022-08-05,2462.10791015625,2473.5091436229527,2445.4948205825285,2455.2207253193606,1176666
2022-08-08,2466.715087890625,2473.8349508660503,2444.0987184027517,2462.107877139054,1024511
2022-08-10,2459.68798828125,2491.239063299507,2448.8916282309997,2466.71491580901,1098949
2022-08-11,2432.604248046875,2482.909325463082,2425.9963228277325,2472.020030037307,810674
2022-08-12,2415.1533203125,2444.1451625929203,2405.985934863655,2443.028125367328,1473527
2022-08-16,2461.2705078125,2464.853843722323,2411.0585873295126,2427.2529025034546,1584117
2022-08-17,2498.638671875,2507.3409296886975,2461.2706342100078,2467.320268969836,1711381
2022-08-18,2496.218994140625,2526.885943852163,2480.024450651735,2498.964552207388,1465489
2022-08-19,2452.010009765625,2511.947836813186,2444.5177245784657,2502.6872877942105,1324508
2022-08-22,2444.703857421875,2482.0255406158353,2438.561287791541,2464.5280903001526,1410895
2022-08-23,2413.106201171875,2447.4960020805047,2406.125853468167,2421.761877769445,1305045
2022-08-24,2408.917724609375,2429.1607306985293,2383.8350567622633,2397.5164912947935,1242489
2022-08-25,2395.84130859375,2446.2859066842084,2387.6975700156136,2420.9705590634285,1106593
2022-08-26,2393.37548828125,2433.5356705177664,2384.487132097967,2419.761070211332,1048791
2022-08-29,2397.330322265625,2427.206069883653,2373.3178841108324,2373.3178841108324,1450034
2022-08-30,2475.55712890625,2482.2116361409435,2406.4516868427086,2409.3367608835097,2227943
2022-09-01,2425.43798828125,2471.0429235942897,2414.2694326943833,2466.3893587664284,1702269
2022-09-02,2423.20458984375,2441.260332138511,2405.8932362097025,2433.814627732446,937600
2022-09-05,2420.412109375,2440.701469240513,2406.916772042064,2417.06145197482,1274074
2022-09-06,2394.817626953125,2438.467974227799,2385.4173350938354,2411.663395325669,1250776
2022-09-07,2386.90673828125,2416.9685875045343,2383.3699833064925,2393.6078266821864,1344964
2022-09-08,2398.586669921875,2416.130699054169,2385.417173218734,2401.2392925885038,1004533
2022-09-09,2409.336669921875,2463.597282642268,2404.450426728119,2417.992346167213,1785443
2022-09-12,2401.611572265625,2424.507201410725,2395.6551003574687,2411.4772202898994,1595709
2022-09-13,2407.382568359375,2428.230450675686,2400.309057988729,2417.9926066904686,1342130
2022-09-14,2393.235107421875,2425.437865287615,2370.246543782957,2373.3179418585637,1610054
2022-09-15,2382.9970703125,2418.736579788372,2374.248460485623,2401.2391329098027,1199906
2022-09-16,2352.981689453125,2386.2083212293255,2344.1399170451355,2377.971421306689,2516820
2022-09-19,2400.54150390625,2408.685242651691,2334.274783788315,2355.6346016813873,1166725
2022-09-20,2404.54345703125,2439.8639675924364,2400.867186370175,2418.5507321967084,1253333
2022-09-21,2441.818603515625,2463.364517568242,2401.239427723081,2403.1008536360446,1960049
2022-09-22,2506.177490234375,2514.088550922145,2438.5146989733626,2441.3534191357107,2620240
2022-09-23,2496.218994140625,2535.0296830818893,2488.7267086043034,2510.9706597246945,1789791
2022-09-26,2476.208251953125,2539.9155045237885,2459.920776200407,2483.6073740643938,2678551
2022-09-27,2493.612548828125,2525.722144026248,2469.5535293622083,2490.5877318891717,1898501
2022-09-28,2514.87939453125,2521.0685443686107,2468.297168875616,2484.9568387403497,1526197
2022-09-29,2513.43701171875,2538.05432487034,2504.6418194042685,2523.256079212632,2019666
2022-09-30,2509.620849609375,2526.7924578252405,2483.0489498545553,2519.439916524358,1340054
2022-10-03,2440.794677734375,2544.5691702290874,2436.1876941403398,2534.331327920192,1683197
2022-10-04,2483.095458984375,2491.053099797647,2451.637317229616,2466.3892077204423,1327939
2022-10-06,2432.88330078125,2505.75815971174,2424.553466523843,2495.520318736762,1752351
2022-10-07,2419.57470703125,2431.9532362274003,2396.5861397954673,2430.929360967055,1025923
2022-10-10,2425.065673828125,2429.8121733824573,2365.8722412607012,2391.932203005508,1043728
2022-10-11,2373.9228515625,2429.6726925816597,2368.6644143812155,2429.160755023565,1129783
2022-10-12,2411.80322265625,2424.1351699022425,2377.227098382573,2385.8361936297756,882873
2022-10-13,2388.581787109375,2426.5083424119284,2385.3242915619167,2404.031714024407,753331
2022-10-14,2397.330322265625,2443.0281891110585,2392.1182391596076,2410.5463999400217,1001536
2022-10-17,2411.05859375,2429.114334956377,2390.070970275546,2395.283053935558,778918
2022-10-18,2421.947998046875,2458.943841229645,2417.0617546076414,2438.4681544366654,1123374
2022-10-19,2404.031494140625,2436.1410901715394,2399.750123779902,2434.0935671739553,1241979
2022-10-20,2420.691162109375,2429.1607406390854,2390.210313735455,2390.210313735455,1428125
2022-10-21,2470.01904296875,2481.978795439789,2425.437982906568,2425.437982906568,2458302
2022-10-24,2394.817626953125,2457.082233573049,2373.3180665194227,2429.254006741838,719908
2022-10-25,2331.808349609375,2406.823911204295,2326.7825901046936,2406.823911204295,2923789
2022-10-27,2344.46630859375,2354.7041527360807,2315.614202374454,2321.1984809975434,1846329
2022-10-28,2349.352294921875,2374.1557055312574,2337.9510606492026,2351.0742048652405,1164951
2022-10-31,2373.969482421875,2393.7937137544677,2365.9189062729406,2368.664464037761,1324443
2022-11-01,2390.928466796875,2413.4623429904373,2386.993290598174,2407.0440918840513,1280132
2022-11-02,2359.54052734375,2402.3594467722937,2343.7058055970365,2402.3594467722937,1338284
2022-11-03,2385.82177734375,2388.304623172912,2350.170499380562,2357.103893252122,730444
2022-11-04,2361.4609375,2385.493805985923,2356.6823627282374,2384.509954856514,889055
2022-11-07,2373.12646484375,2391.1160066043662,2358.3224877050116,2371.5336825328113,1283685
2022-11-09,2350.639404296875,2384.463438301821,2335.5074009596337,2351.7637077299682,1436444
2022-11-10,2355.136962890625,2377.998639238533,2343.378098022359,2346.1420774835647,1459152
2022-11-11,2345.251953125,2386.2438513881834,2337.709398094688,2384.5572818240403,1162847
2022-11-14,2302.854248046875,2355.276975760466,2300.3711733588425,2348.765166719083,2137131
2022-11-15,2302.57373046875,2313.348744873792,2290.065252681375,2302.854863550947,1558333
2022-11-16,2321.640625,2326.4658654402274,2275.026981501953,2308.2420847371077,1330395
2022-11-17,2304.916015625,2340.520409362297,2299.528508677909,2323.6082765871915,960476
2022-11-18,2327.121337890625,2331.6656733452305,2294.4685056915064,2314.285065664953,1075675
2022-11-21,2343.7060546875,2353.6378984658395,2314.3325660944556,2327.121948047723,1354881
2022-11-22,2357.104248046875,2364.881042072989,2339.583186234649,2347.922017585297,921265
2022-11-23,2349.28076171875,2365.817972083248,2344.267946991005,2362.070141632423,734152
2022-11-24,2388.445068359375,2398.611148515925,2352.840684123592,2358.3219768806966,999929
2022-11-25,2377.483154296875,2394.3014984426877,2359.4467194505132,2393.926806880716,783480
2022-11-28,2366.00537109375,2382.2147839081817,2362.8198066386367,2367.6919405844546,830905
2022-11-29,2468.134033203125,2473.5215402086596,2367.8795550131726,2367.8795550131726,2542932
2022-11-30,2515.1220703125,2527.9114492658455,2457.6396335894415,2467.946166555314,3698270
2022-12-01,2494.97802734375,2513.857634440307,2479.9867033962864,2511.0467612001576,1675569
2022-12-02,2450.238037109375,2492.3073440103817,2442.789040807247,2492.3073440103817,2101890
2022-12-05,2454.6884765625,2459.5137167355674,2422.175864621739,2436.089776576181,1640511
2022-12-06,2487.201171875,2492.26065208458,2439.6974610203633,2442.4614405561424,1484562
2022-12-07,2536.672119140625,2548.3371949096204,2488.7934967481283,2492.353981194533,2368561
2022-12-08,2534.892333984375,2540.139388956596,2516.4343118044335,2525.148064749626,1314703
2022-12-09,2550.6328125,2568.763033459541,2540.326278956975,2552.9283128574275,1883397
2022-12-12,2545.9482421875,2552.272706493238,2519.1511611848982,2531.846983430006,1163204
2022-12-13,2539.436279296875,2548.524722446894,2527.724309065042,2545.713849591254,1265839
2022-12-14,2515.403076171875,2548.524618131547,2502.9417233548033,2548.524618131547,886858
2022-12-15,2495.35205078125,2514.09120069794,2481.4850340930216,2500.1306255097616,990722
2022-12-16,2502.89501953125,2518.2610335119625,2486.029781808769,2499.8030135322433,1793864
2022-12-19,2546.74462890625,2548.5247569057906,2502.8949660154867,2502.8949660154867,1546941
2022-12-20,2505.93994140625,2535.4541051770434,2485.9826992018316,2535.4072115481604,827567
2022-12-21,2498.1162109375,2525.241086660539,2483.031331409457,2518.4950379508336,779092
2022-12-22,2478.5810546875,2519.010686499029,2475.442155004811,2507.767194500521,852567
2022-12-23,2455.859619140625,2482.516016701331,2443.6322768985397,2466.0723653240034,1189702
2022-12-26,2452.43994140625,2471.554016166847,2442.4145395401115,2455.7192934301843,605144
2022-12-27,2429.76513671875,2468.7893266975734,2412.899901025725,2459.5135385661692,870960
2022-12-28,2420.723876953125,2438.994551135019,2415.5706098761807,2429.5311873666774,822651
2022-12-29,2406.154052734375,2420.442656385594,2379.3100797727616,2417.5848899054668,1345863
2022-12-30,2399.59521484375,2423.39384546772,2394.113921595018,2417.303621302198,696432
2023-01-02,2397.112060546875,2417.397328382743,2378.0451120029907,2411.6349023060693,681703
2023-01-03,2381.79345703125,2400.485718102652,2375.187859246769,2389.289118914475,821843
2023-01-04,2376.218017578125,2397.11198691943,2367.7385064163905,2389.710114137013,1672649
2023-01-05,2420.817138671875,2428.5470383395914,2377.5297462825415,2377.5766399091954,2008493
2023-01-06,2414.024169921875,2447.23926843855,2412.5718400080136,2417.350414886035,991782
2023-01-09,2458.62353515625,2463.6830144889013,2407.9809332041573,2426.111153520067,1267078
2023-01-10,2477.175537109375,2486.076634650193,2450.2380050779525,2458.6237301691544,1413088
2023-01-11,2429.76513671875,2480.923109820686,2424.9398968952273,2477.315731797696,1471687
2023-01-12,2426.767333984375,2438.52619885642,2410.557920042191,2423.066396823305,1703829
2023-01-13,2458.57666015625,2472.865263078271,2404.842052094002,2426.9074485857586,1348015
2023-01-16,2433.372314453125,2462.27731488711,2421.098080209278,2462.27731488711,930068
2023-01-17,2499.38134765625,2506.361636182838,2437.7763840753073,2441.1961878922,1892865
2023-01-18,2516.85546875,2523.6953050053735,2492.307225288396,2499.8028861163307,2038075
2023-01-19,2482.703857421875,2510.3910053462414,2447.239914236681,2501.7710395900353,1649842
2023-01-20,2388.070556640625,2440.7744188519187,2376.1712415001334,2389.2417535786535,4569549
2023-01-23,2432.717041015625,2439.838011504436,2391.116207895285,2398.6118699890003,1388360
2023-01-24,2436.55810546875,2445.459202181672,2418.100087508677,2439.8374568893,1462462
2023-01-25,2457.031005859375,2475.442132338579,2430.4681647563493,2436.5583895331097,1591810
2023-01-27,2447.47412109375,2479.7056052849134,2415.6644508941163,2469.3521762878286,1581382
2023-01-30,2406.247314453125,2445.4590773658156,2370.689823043603,2445.4590773658156,2744039
2023-01-31,2414.305419921875,2426.907453495928,2380.996532538842,2406.107041179538,2366794
2023-02-01,2411.963134765625,2438.9006661337953,2386.29058767451,2436.277139068055,2014615
2023-02-02,2468.74267578125,2473.33367624611,2401.422184759458,2407.5124087941585,1980667
2023-02-03,2481.766357421875,2489.9178425109067,2465.275812730749,2473.567978704578,1638238
2023-02-06,2471.3193359375,2478.2527303373595,2435.8554010187336,2465.13532458132,1697446
2023-02-07,2437.214111328125,2478.7682732055678,2431.6861528791146,2478.252900765544,1495745
2023-02-08,2419.97412109375,2443.1169279305927,2415.8047055476436,2429.249909780567,1061956
2023-02-09,2423.628173828125,2435.995968376085,2404.2331972927545,2423.909306857504,1102484
2023-02-10,2415.008056640625,2423.581126622247,2394.2545386526676,2422.035238182741,1523011
2023-02-13,2418.28759765625,2427.422934377346,2389.241911671227,2398.6114877954283,1146525
2023-02-14,2416.975830078125,2437.9635880682663,2408.168291703254,2422.035309437536,1944364
2023-02-15,2387.789794921875,2409.667848626004,2377.061675051212,2389.2421251007454,2009134
2023-02-16,2367.78564453125,2400.3915860402444,2363.8035747277663,2398.6114580984527,1982857
2023-02-17,2356.9169921875,2385.7284402136443,2348.859064817002,2365.8180899516747,1395341
2023-02-20,2353.1220703125,2382.683127733635,2350.076958175208,2359.259188216002,632091
2023-02-21,2357.525634765625,2383.573100260027,2353.918485467913,2368.6286731708738,862797
2023-02-22,2336.8193359375,2364.4595873600997,2326.2316684562447,2357.5259633129067,885515
2023-02-23,2333.633544921875,2357.2917262478927,2323.7488244366887,2334.8985292846232,757215
2023-02-24,2327.58984375,2352.9345906153176,2316.1121140396817,2335.0855039689836,732783
2023-02-27,2312.552001953125,2330.2137456869955,2301.1680576627505,2330.2137456869955,853991
2023-02-28,2305.524658203125,2318.361160496719,2282.1007178854966,2314.0510639785084,1780454
2023-03-01,2310.771728515625,2314.285319587874,2293.6722519640143,2303.0418281566776,967339
2023-03-02,2300.559326171875,2314.285665848075,2289.924764102306,2310.772074250128,827174
2023-03-03,2315.222412109375,2332.930820645566,2300.840020315843,2310.5376237400724,1176008
2023-03-06,2328.19921875,2341.3166253465765,2319.532360820119,2325.48190441963,1214503
2023-03-08,2328.433349609375,2343.70557500677,2311.661671850229,2330.2134774933024,1448340
2023-03-09,2306.227294921875,2334.8513947284646,2302.0109858136857,2328.199133162967,1038910
2023-03-10,2310.022216796875,2314.753898729146,2290.9552656680103,2295.5462667016423,772024
2023-03-13,2300.32421875,2331.6185046076557,2290.8608574505597,2310.536962974675,1314549
2023-03-14,2288.47216796875,2316.1593122939944,2285.9424280620037,2306.7897357879506,1250763
2023-03-15,2254.41357421875,2304.4470141504353,2242.1393392404925,2297.3260455181126,1738040
2023-03-16,2304.306884765625,2313.629567620044,2255.959778594288,2272.0754044015916,1628035
2023-03-17,2293.10986328125,2326.6529900073347,2285.9891230052194,2315.8310843335667,2127178
2023-03-20,2352.8876953125,2357.9940680831646,2272.122002260381,2293.109759358822,1561128
2023-03-21,2307.35205078125,2364.178441995041,2303.744672250196,2356.4485412137237,1595161
2023-03-22,2320.235107421875,2324.9665604311444,2299.668704542479,2316.7215163262267,1063244
2023-03-23,2328.433349609375,2342.4408195364235,2310.5373685156746,2318.9699866489436,1578627
2023-03-24,2324.404296875,2340.4261334621233,2314.2851097545336,2316.346370580144,1449326
2023-03-27,2341.457275390625,2347.079021550026,2308.663756127451,2328.3398676853553,1387736
2023-03-28,2326.2783203125,2355.0428722060337,2316.065345463075,2351.5761749174585,1412387
2023-03-29,2371.29931640625,2379.685041469694,2323.7018229114383,2328.339717443786,2613254
2023-03-31,2398.939697265625,2406.528917254898,2357.900904964468,2397.4873671058185,2146167
2023-04-03,2376.218017578125,2407.9807854664277,2356.49501636752,2407.9807854664277,918048
2023-04-05,2419.92724609375,2425.361645934174,2344.2679197469993,2354.1059745660814,1489612
2023-04-06,2403.530517578125,2422.035430441264,2392.052786814912,2412.6658543080293,797414
2023-04-10,2372.51708984375,2406.997175193752,2365.8179345190356,2403.530477831666,853322
2023-04-11,2387.134033203125,2393.9269766790244,2373.313906821123,2379.872610866819,913184
2023-04-12,2369.518798828125,2394.863546824328,2359.8680901156886,2394.863546824328,1109809
2023-04-13,2376.311767578125,2400.813345533759,2365.817888436723,2365.817888436723,1261711
2023-04-17,2390.9755859375,2416.4138958617837,2381.1841950233493,2410.792149690721,1566977
2023-04-18,2380.856201171875,2398.611502284606,2370.5027737422083,2398.611502284606,1474786
2023-04-19,2372.00244140625,2387.3684577191,2351.998301016237,2387.3684577191,1320243
2023-04-20,2335.460693359375,2372.7514242465463,2323.6549356542655,2359.071980020171,1401364
2023-04-21,2340.473388671875,2351.2952956149684,2328.948763469482,2334.8985362313215,1206288
2023-04-24,2342.15966796875,2346.9849079181486,2319.0637555419476,2344.2678224853735,1735797
2023-04-25,2333.446044921875,2342.159796485265,2321.8278620036335,2333.8209652172677,1701098
2023-04-26,2352.513427734375,2359.25947739244,2325.7163461418977,2333.0246619170675,1245903
2023-04-27,2313.301513671875,2363.0071620979274,2302.1049156521044,2355.464607365137,2743893
2023-04-28,2302.385986328125,2312.2240412567344,2266.500464029124,2282.475637067844,3761927
2023-05-02,2297.138916015625,2321.7809467940324,2295.5461338359078,2315.971855388902,1760370
2023-05-03,2329.27685546875,2333.0246862900995,2298.0292244959724,2302.058188378811,1258140
2023-05-04,2348.718505859375,2351.1546871627665,2323.7953417533013,2330.1666992972782,1150227
2023-05-05,2343.0966796875,2361.1331131910424,2337.4280405507902,2342.3939614990504,1354871
2023-05-08,2357.66650390625,2367.551452542733,2339.7236282415865,2347.781555269767,972810
2023-05-09,2357.197998046875,2365.817962298237,2342.440915707787,2365.817962298237,1651327
2023-05-10,2363.662841796875,2375.187465783101,2347.875243820309,2362.070059660433,2025658
2023-05-11,2428.96875,2435.1527615560435,2364.506251200738,2377.0144977012933,1749356
2023-05-12,2458.014404296875,2473.5679915007713,2423.3469741129625,2430.4679431640157,2170011
2023-05-15,2494.415283203125,2502.3794225240854,2457.6865923198716,2471.647168570969,1561055
2023-05-16,2507.204833984375,2509.547228062521,2483.499988913077,2501.6768754597197,1477905
2023-05-17,2493.947021484375,2505.424752681213,2480.1737897980543,2503.55083738377,839404
2023-05-18,2461.9033203125,2500.9275181261632,2456.562707020694,2497.4608202875834,1434067
2023-05-19,2474.9267578125,2482.000833874107,2436.6988396496045,2462.9336540506897,1174757
2023-05-22,2471.788330078125,2488.0444097797963,2457.687070200414,2468.8836695553387,768232
2023-05-23,2462.605712890625,2482.7503013483833,2459.5137070518767,2466.0724102706818,703864
2023-05-24,2450.09716796875,2471.6940858485823,2443.585358564482,2454.828849478122,628872
2023-05-25,2433.513427734375,2460.5914142253664,2417.8662796280064,2445.459638612655,1072231
2023-05-26,2485.1396484375,2489.215276857039,2438.9944854012556,2439.6034163578033,947073
2023-05-29,2483.218505859375,2510.6245127107513,2478.299478988615,2501.6765228435866,698267
2023-05-30,2489.07470703125,2496.9919528391506,2483.7340945705564,2488.090855821525,948051
2023-05-31,2499.38134765625,2511.046424287853,2471.69420420573,2489.074813825218,3388305
2023-06-01,2527.81787109375,2559.065499215518,2487.154001892024,2498.8659721401505,1541080
2023-06-02,2545.432373046875,2565.5769591270937,2521.9615421198123,2539.154803599661,1509260
2023-06-05,2525.85009765625,2550.398338633854,2514.9344054304634,2545.1981787107875,1000190
2023-06-06,2521.493408203125,2537.187448342108,2501.8172981781318,2529.785574641997,655372
2023-06-07,2544.964599609375,2555.0837890783873,2510.4378437062996,2520.416352262876,1428490
2023-06-08,2510.95263671875,2549.9770588783986,2506.2678486143086,2536.3442797445905,923536
2023-06-09,2470.007568359375,2519.4320815390515,2454.9226883162682,2519.4320815390515,1413808
2023-06-12,2476.80078125,2489.4966038089246,2467.009619054911,2478.2531114319177,775484
2023-06-13,2507.204833984375,2526.9747315036943,2461.856176131241,2463.823878656652,1787924
2023-06-14,2528.6142578125,2531.753157191345,2484.811491141732,2502.613685082793,1536248
2023-06-15,2520.134765625,2546.1822321862073,2509.312859789837,2542.855987016174,1830192
2023-06-16,2544.44873046875,2552.272417668782,2514.044503108003,2520.1347273058177,1748145
2023-06-19,2534.624755859375,2561.2154348328186,2526.8317234412852,2552.336193173216,1068263
2023-06-20,2527.87109375,2531.932732545881,2501.4220118614003,2522.108880091478,1129279
2023-06-21,2528.343505859375,2556.917961609869,2520.644795113001,2537.175471993452,1201840
2023-06-22,2507.32568359375,2529.6656181838885,2501.9884986425827,2520.833422303501,830052
2023-06-23,2495.2822265625,2513.1825425093994,2481.9158547725215,2504.4448987546984,991214
2023-06-26,2505.20068359375,2526.076429642548,2495.8016280600636,2495.8016280600636,758700
2023-06-27,2504.4921875,2514.17444143718,2489.9923296006514,2505.2006451051598,687747
2023-06-28,2513.843505859375,2538.7340730259034,2495.659762322393,2506.003196288723,1397573
2023-06-30,2529.807373046875,2537.128101107674,2504.4920076017515,2518.283176287608,1160181
2023-07-03,2551.439208984375,2555.973383680779,2512.143335772479,2538.167390684016,980665
2023-07-04,2550.447265625,2556.7761071606037,2526.832013165509,2551.4391523518384,721907
2023-07-05,2603.20361328125,2606.5567943547785,2546.7631646422487,2550.399774845032,1717547
2023-07-06,2604.384521484375,2611.8468488053127,2584.122450947951,2607.029245191542,1265020
2023-07-07,2548.65234375,2616.239005034382,2541.945520475291,2600.6058939640993,1178930
2023-07-10,2509.404052734375,2561.1687332755905,2504.161420460869,2559.7988641116162,1518183
2023-07-11,2535.805908203125,2566.269585066433,2499.4384179942144,2509.9236827430877,2476367
2023-07-12,2525.556640625,2555.1229821645047,2496.1321289676907,2555.1229821645047,2395826
2023-07-13,2507.65625,2538.5922290929466,2504.3501148297614,2536.230703971348,1495067
2023-07-14,2528.626708984375,2537.6950582794675,2504.208676033007,2507.9398398406797,1419016
2023-07-17,2533.1611328125,2553.4702521573654,2522.10923957163,2522.10923957163,912701
2023-07-18,2534.199951171875,2551.486361639526,2529.0045957679067,2536.797628873859,1215904
2023-07-19,2523.6201171875,2547.51856520983,2513.5126058978612,2534.152426227333,1166542
2023-07-20,2553.516845703125,2565.8440516662677,2510.962121359329,2521.211231557335,1430764
2023-07-21,2459.7646484375,2528.107279975843,2448.4293274769584,2503.2167121195757,5198952
2023-07-24,2437.329833984375,2461.6062636803936,2432.370631725517,2459.7643203934936,1777469
2023-07-25,2425.900390625,2443.328631856111,2420.374559786347,2437.282988709528,1653775
2023-07-26,2440.211181640625,2454.852637375737,2429.8204711189323,2436.6216173368666,1300033
2023-07-27,2427.506103515625,2439.9276327827215,2411.589332750402,2419.1462127590203,2276136
2023-07-28,2441.43896484375,2450.0820536244105,2423.113393474477,2427.647567350259,966450
2023-07-31,2418.957275390625,2439.833017513151,2412.5338814230513,2432.4179675637956,2003252
2023-08-01,2409.794921875,2431.2375250527625,2404.032708009508,2427.6479605439827,1758897
2023-08-02,2426.65576171875,2430.906506628262,2395.530909004859,2397.420128964642,2082908
2023-08-03,2409.983642578125,2419.193590473485,2396.664548759299,2416.2652071007064,1475310
2023-08-04,2404.9775390625,2417.210194875664,2394.6341036256617,2409.9840191833073,1359318
2023-08-07,2426.89208984375,2431.426264198894,2398.128759998035,2399.3095225583493,803823
2023-08-08,2423.727783203125,2442.005849255998,2413.9982535880167,2426.8920884923928,1002061
2023-08-09,2410.833984375,2426.6562044247025,2400.254396793667,2423.728051323445,1212549
2023-08-10,2396.192138671875,2410.0778595355646,2387.596326050389,2407.8581644082124,1313334
2023-08-11,2363.2255859375,2396.1451094353415,2360.5806315433233,2394.586595022939,1472199
2023-08-14,2392.791748046875,2399.3094649763125,2350.2842968957198,2363.225408122646,1060479
2023-08-16,2411.211669921875,2413.525918386328,2384.5734824149445,2393.6418310067957,1155882
2023-08-17,2402.379638671875,2418.8157621774308,2392.697385139432,2411.211835360745,1532873
2023-08-18,2413.242431640625,2425.5223618143514,2391.8471070850114,2391.8471070850114,1970819
2023-08-21,2420.799560546875,2432.276481141719,2398.4123470528325,2413.2426796633026,977004
2023-08-22,2423.6806640625,2432.371030942716,2411.589608542429,2431.0486690370512,960025
2023-08-23,2431.4736328125,2440.400151982646,2420.563340218901,2432.3709662687493,1136112
2023-08-24,2438.274658203125,2448.193063592426,2424.7666885493973,2441.816945842161,1143934
2023-08-25,2421.55517578125,2437.755146132379,2410.1725783860866,2424.8140343786336,802955
2023-08-28,2414.1396484375,2425.758397164274,2398.364708099724,2422.9245672610446,619841
2023-08-29,2386.2265625,2417.1625413385354,2382.4010763286196,2417.1625413385354,958564
2023-08-30,2391.705322265625,2395.5310390153495,2380.41727851683,2386.226537961375,1227377
2023-08-31,2366.29541015625,2399.120608815014,2353.118146314614,2391.7998810565846,3235414
2023-09-01,2366.059326171875,2375.221997637154,2361.5251517569636,2366.295478687051,813413
2023-09-04,2362.847412109375,2374.7495906101017,2353.968170167213,2374.7495906101017,1143301
2023-09-05,2368.184814453125,2383.676327958066,2363.509040547854,2370.9713681447347,844088
2023-09-06,2383.7236328125,2386.1797113664225,2368.5625942948077,2374.2302550029017,1094146
2023-09-07,2368.562255859375,2382.164777985807,2361.5249576092338,2370.971057439671,1894798
2023-09-08,2374.560546875,2381.408969036846,2362.989074946364,2365.303323208558,1018234
2023-09-11,2395.76708984375,2398.2702140730084,2370.073744210262,2374.56064166783,1121083
2023-09-12,2360.439453125,2407.8115656713194,2350.1903395018608,2407.8115656713194,3946716
2023-09-13,2367.712646484375,2370.026895256559,2353.968522510699,2355.8577428337417,1231305
2023-09-14,2362.28076171875,2374.7495677408706,2355.00731075732,2371.9157377077668,2081195
2023-09-15,2332.903564453125,2352.079195989755,2329.408553136842,2337.721168306451,3750697
2023-09-18,2350.8037109375,2354.865580279929,2325.629945327959,2334.462141550995,1499641
2023-09-20,2330.21142578125,2342.6329558606117,2309.571603660966,2313.9639482061284,1795159
2023-09-21,2336.351318359375,2345.466712934621,2307.587758348168,2329.4083423668044,2223720
2023-09-22,2344.947265625,2352.0791179092685,2321.851595108828,2331.2976959839657,1176741
2023-09-25,2338.713134765625,2361.2419484979387,2323.7409716241323,2344.9474233920378,1122778
2023-09-26,2341.640869140625,2351.134245584821,2324.9213185800086,2336.96509585249,1263548
2023-09-27,2363.178466796875,2366.0595739072196,2332.242484069745,2338.854755186994,1086791
2023-09-28,2324.071533203125,2362.4698412140833,2317.317432671498,2361.5252311216345,1612346
2023-09-29,2329.030517578125,2335.831663481838,2314.7668142739085,2328.9832409544006,1249567
2023-10-03,2332.147705078125,2360.580560377366,2325.441111964675,2352.079069763762,1585626
2023-10-04,2368.9404296875,2371.963135754009,2328.6053956574083,2330.4002931408627,1587335
2023-10-05,2379.9921875,2384.9513900330817,2357.1326714710435,2378.5279958666974,1909928
2023-10-06,2360.958251953125,2380.4173111084674,2355.85744996211,2380.3700344827253,1083342
2023-10-09,2372.19921875,2377.111144791341,2343.5774886657327,2347.355928792562,1468771
2023-10-10,2376.827880859375,2381.2204561827293,2364.6897794788897,2373.049440469926,1092373
2023-10-11,2414.801025390625,2421.932877349777,2376.8750243529425,2378.858797693367,1697398
2023-10-12,2415.36767578125,2425.3333570160435,2398.5535723136,2413.4784558549445,1625010
2023-10-13,2427.12841796875,2433.976841314084,2401.8600973497582,2411.6369043036275,1531977
2023-10-16,2416.595947265625,2438.9831594218304,2411.2117160813764,2418.201738233883,954899
2023-10-17,2414.5654296875,2427.648374067215,2405.4027562669035,2416.5964801220525,1253538
2023-10-18,2407.1025390625,2428.8285700243123,2398.8844778222215,2427.695084097668,1084689
2023-10-19,2406.9609375,2412.911796263609,2385.1403533078123,2385.1403533078123,1272343
2023-10-20,2356.943603515625,2402.6628669388015,2347.403180666586,2380.417254803117,3608160
2023-10-23,2345.939208984375,2370.924100278848,2342.963779383942,2355.8576151427546,922707
2023-10-25,2340.08251953125,2352.079021024989,2328.463769809878,2337.9571469218904,1435836
2023-10-26,2339.23193359375,2352.078720862391,2319.6312775865636,2324.6850329487324,2650560
2023-10-27,2344.569580078125,2356.8022349334974,2327.377722123193,2330.6365808936484,1784812
2023-10-30,2341.593994140625,2353.9684792763614,2326.007926761789,2334.1316662487516,875135
2023-10-31,2346.4111328125,2353.9680124672905,2331.108497635082,2333.375469284453,920414
2023-11-01,2335.312255859375,2355.8102483452603,2330.1641770787037,2347.3560343050044,1267131
2023-11-02,2366.28466796875,2375.0387708224666,2343.923525695381,2355.056473471797,1595123
2023-11-03,2387.646728515625,2390.739227018236,2365.3332088586044,2375.990388005785,1125583
2023-11-06,2376.370849609375,2395.7347403549593,2370.376346204631,2393.1180109195598,1338677
2023-11-07,2375.46728515625,2383.7932436780143,2364.810104710214,2375.0391394655244,1473411
2023-11-08,2397.25732421875,2402.6334209300708,2376.6563873825557,2376.941895240918,745022
2023-11-09,2356.67431640625,2399.779037894486,2353.2012953376957,2397.923585100202,1823094
2023-11-10,2366.047119140625,2367.997818715793,2345.874557796132,2356.9598837849217,771062
2023-11-13,2358.053955078125,2366.6654209997896,2351.250550859455,2357.150040381176,760809
2023-11-15,2365.904296875,2381.7475460135834,2356.008393316218,2380.653137786309,1457029
2023-11-16,2370.4716796875,2384.364228938126,2355.3899401152466,2360.0047605370332,1420578
2023-11-17,2406.249267578125,2410.7214495801054,2345.54109856521,2345.54109856521,1756043
2023-11-20,2384.982421875,2411.6731097766415,2378.8450481126865,2411.6254864138623,944231
2023-11-21,2383.840576171875,2395.0211476797163,2376.9419256670367,2383.6026916717083,1088806
2023-11-22,2399.683837890625,2401.9200453459357,2382.6513988496476,2386.2196667193302,816610
2023-11-23,2397.78076171875,2405.250428716341,2384.7447362298585,2384.7447362298585,1023670
2023-11-24,2393.30810546875,2397.6852727796518,2385.9336866640974,2393.213091063158,735137
2023-11-28,2388.884033203125,2409.0565945439425,2378.8452597451787,2409.0565945439425,1880641
2023-11-29,2402.68115234375,2406.1065498709017,2386.5526291753827,2390.2635345737363,1265214
2023-11-30,2422.187744140625,2430.7039632772917,2394.212385917684,2394.212385917684,3095684
2023-12-01,2439.410400390625,2456.8235929635157,2418.80969477302,2424.0431539867304,1345599
2023-12-04,2476.187255859375,2481.991497973885,2450.210223340399,2452.1132992420225,2188039
2023-12-05,2439.02978515625,2509.205712847764,2432.416642500019,2509.205712847764,3108717
2023-12-06,2443.216796875,2458.489030387733,2438.7922374754853,2445.4530044135768,1573754
2023-12-07,2396.210693359375,2435.747145781318,2377.51306360873,2427.468811211775,3925967
2023-12-08,2400.064697265625,2411.15002367428,2386.743163304061,2396.924574941433,1605805
2023-12-11,2382.318115234375,2407.3436120884426,2377.8935562825754,2400.0644390234593,2012243
2023-12-12,2381.4619140625,2395.9728696870943,2375.990570138473,2378.8451843597045,1677929
2023-12-13,2390.168212890625,2394.735641759348,2376.9895509561466,2386.3146698320634,1513205
2023-12-14,2394.40283203125,2402.4432819810836,2379.9868913870355,2399.160522215659,2166569
2023-12-15,2400.63525390625,2409.2943430866367,2385.505891831832,2397.8758864843303,2543337
2023-12-18,2412.624755859375,2421.188598416162,2393.118225591137,2398.0185536861045,1969036
2023-12-19,2436.603515625,2442.5506286265395,2412.149033424489,2412.196656790322,1656220
2023-12-20,2433.558349609375,2448.2595647317107,2423.5672009599525,2448.2595647317107,1468642
2023-12-21,2429.467041015625,2454.968308668264,2413.100632086325,2419.0477452371683,1945695
2023-12-22,2450.781494140625,2454.7302841239025,2423.3771518428653,2435.17613073748,1174984
2023-12-26,2459.488037109375,2466.053556897237,2442.6458596590815,2450.781556654719,893776
2023-12-27,2481.896728515625,2485.4173728192854,2455.82444670473,2460.67738365646,1073278
2023-12-28,2506.160888671875,2512.060377946143,2480.516985442159,2487.177751595804,1635216
2023-12-29,2534.849853515625,2537.847337890644,2494.2192234523473,2506.1610729677977,1305681
2024-01-01,2526.095703125,2540.0356429919357,2510.157440378096,2534.754792526063,526353
2024-01-02,2487.13037109375,2525.334533481902,2480.6598654508516,2519.672928160282,1310629
2024-01-03,2480.2314453125,2501.2129048853863,2469.7645272072045,2473.0472868784123,1008270
2024-01-04,2466.909912109375,2495.884198026478,2462.6279910681556,2480.231444237614,1376844
2024-01-05,2493.077392578125,2502.4499032792064,2469.2413172160113,2469.2413172160113,1150738
2024-01-08,2453.302978515625,2498.738920423555,2442.1224064230973,2497.739759008787,1189828
2024-01-09,2454.72998046875,2463.5317063411544,2446.927415886918,2457.394333140588,1017205
2024-01-10,2452.494140625,2468.5752734716893,2440.695161423241,2454.968232542675,881278
2024-01-11,2413.29052734375,2463.5317780863525,2409.1514766037876,2454.9679364475815,2399600
2024-01-12,2420.712890625,2431.1798095703125,2390.1210340857506,2410.7217407226562,2979841
2024-01-15,2448.49755859375,2453.778641006157,2408.3427010709,2422.61577120763,1391204
2024-01-16,2444.596435546875,2459.3452749500357,2432.464325715243,2448.4976020680647,1599406
2024-01-17,2438.696533203125,2446.737214774277,2416.668522457147,2425.470248545435,3047652
2024-01-18,2424.518798828125,2445.4526346107855,2414.5752732931774,2445.4526346107855,1273095
2024-01-19,2441.075439453125,2449.2111356388905,2409.2941638644834,2440.694917184992,1323064
2024-01-23,2260.42626953125,2360.29014178768,2250.8156422669326,2332.219769208468,4369332
2024-01-24,2323.322998046875,2327.3670351269743,2252.4334068780736,2272.273069947619,1551469
2024-01-25,2310.61962890625,2348.395638707272,2302.912078659475,2335.835384346178,2364765
2024-01-29,2325.939453125,2330.3166209593796,2293.206638020459,2293.206638020459,1587091
2024-01-30,2339.498779296875,2373.6591324226742,2328.698962527643,2335.074220580043,1793711
2024-01-31,2361.289306640625,2365.428357794056,2323.418045593117,2331.268234546181,1445004
2024-02-01,2353.724609375,2389.8354318488737,2348.7290346210502,2355.151916447557,1727534
2024-02-02,2333.7421875,2366.3797549936667,2323.6557917946216,2356.9596217343483,1956115
2024-02-05,2302.246337890625,2345.3034351378046,2295.8234559808247,2344.5897815922713,1315445
2024-02-06,2308.764404296875,2323.0374748228087,2300.8665921440406,2307.4321116623337,1557511
2024-02-07,2307.907470703125,2321.6571464054637,2294.681187288914,2321.6571464054637,1149076
2024-02-08,2299.914794921875,2323.4653586356526,2282.7394888627414,2323.4653586356526,1758661
2024-02-09,2306.6708984375,2310.762558563017,2289.4958222778605,2299.9151175875504,886474
2024-02-12,2270.036376953125,2312.094539439261,2266.563356421278,2306.623196324474,1292460
2024-02-13,2277.982177734375,2284.59532096982,2264.755891263485,2274.176025390625,957865
2024-02-14,2272.22509765625,2277.98194895984,2255.145037190819,2269.4181070464574,1397975
2024-02-15,2236.92333984375,2269.1327637686886,2233.021940876607,2253.575255883098,2553695
2024-02-16,2260.140625,2266.5635064730027,2243.346072294225,2255.0974271593814,2363302
2024-02-19,2271.4638671875,2278.8859101258126,2258.760974142025,2273.700074434181,576683
2024-02-20,2287.592529296875,2291.7315800858087,2253.4321767481674,2255.240238278743,1032995
2024-02-21,2290.447265625,2305.386366108225,2278.077271339296,2287.592651559068,1127778
2024-02-22,2272.367919921875,2303.0073961054027,2251.1009533608717,2303.0073961054027,2258516
2024-02-23,2278.0771484375,2288.924588379188,2268.4188986500394,2272.796066238622,1210775
2024-02-26,2287.735107421875,2289.9236911602075,2264.6603122237966,2275.2224763514932,831596
2024-02-27,2288.734375,2292.2073957416756,2273.366897068054,2287.544952511881,1120424
2024-02-28,2304.197021484375,2307.4797813093674,2284.6428680098106,2294.2534952803453,629152
2024-02-29,2295.395263671875,2311.0956413545705,2281.0745696873555,2307.4797503355253,2848084
2024-03-01,2292.92138671875,2320.611239241331,2287.4976658364512,2299.82003816522,2326244
2024-03-04,2304.625,2310.2389811886724,2287.8778385379705,2299.1060332243937,1501261
2024-03-05,2283.548583984375,2302.721981943452,2275.222626405034,2288.4489118074393,1587199
2024-03-06,2284.45263671875,2292.112564616578,2260.188416020836,2287.497512070002,1354111
2024-03-07,2302.294189453125,2308.4315640912137,2286.5461865256334,2288.401639466109,1820704
2024-03-11,2274.033203125,2296.0612151038335,2268.038467208084,2292.25506306885,2040761
2024-03-12,2262.900390625,2269.4185199686844,2246.391342873594,2264.66082915114,1012157
2024-03-13,2200.527099609375,2259.902984034686,2192.201141247142,2259.902984034686,2322669
2024-03-14,2221.4609375,2228.216718613334,2190.2980647766744,2193.152679071941,2292515
2024-03-15,2214.895263671875,2223.696991393977,2203.6670672510463,2217.1314712060007,2751403
2024-03-18,2188.489990234375,2212.3260659225875,2185.6829993222295,2208.329652394355,2487402
2024-03-19,2157.0888671875,2192.248147291929,2137.9630941512487,2172.5989819315796,4220638
2024-03-20,2133.300537109375,2155.661679736964,2131.445084502093,2140.96046434362,2995013
2024-03-21,2133.681396484375,2149.6670495560147,2125.735961002828,2125.735961002828,3504486
2024-03-22,2147.193359375,2156.18534801412,2123.8806757799666,2130.541442521405,3507809
2024-03-26,2131.4453125,2149.667173922062,2123.8330078125,2123.928254544735,3027027
2024-03-27,2131.15966796875,2153.3305504113832,2127.6390237383353,2140.960556087323,2168861
2024-03-28,2154.615478515625,2177.024015847475,2131.5406786390135,2136.2031225976516,3186360
2024-04-01,2175.120849609375,2183.7799392419947,2152.379181945704,2159.991486744805,1427873
2024-04-02,2175.882080078125,2186.6345068390233,2166.699830533969,2186.6345068390233,1221495
2024-04-03,2155.423828125,2171.267075188301,2151.4750383541527,2171.267075188301,1175309
2024-04-04,2155.18603515625,2171.409805184411,2140.2469344044857,2159.991348715431,1890255
2024-04-05,2157.0888671875,2169.982252620154,2148.667895879807,2155.1857913246454,1153449
2024-04-08,2158.9921875,2178.022948283286,2157.3269959314625,2166.6521151770908,1127294
2024-04-09,2154.4248046875,2164.368563257449,2146.431977910618,2160.942933319301,1189343
2024-04-10,2151.33251953125,2166.55712999579,2148.2876439001657,2166.55712999579,2308993
2024-04-12,2124.11865234375,2155.0912654952913,2120.5980076611204,2151.332503966756,3388551
2024-04-15,2087.721923828125,2119.7887068675727,2083.8681485983543,2119.741083507388,4909564
2024-04-16,2113.17578125,2123.1193075676006,2066.7883005804556,2077.2075959305644,2821129
2024-04-18,2107.46630859375,2129.2564348333967,2101.994965354063,2107.704193082432,3392171
2024-04-19,2123.452392578125,2135.0134868927034,2089.5775452774938,2112.414458340636,2337694
2024-04-22,2132.87255859375,2144.3386386629995,2121.025956224656,2140.9606320927674,1804108
2024-04-23,2153.092529296875,2163.3215624158415,2139.7233744330624,2143.8150341424634,1991778
2024-04-24,2150.7138671875,2158.4214182791357,2136.8213188005566,2156.232834312824,1404398
2024-04-25,2122.73876953125,2131.3026120529203,2107.752045118327,2129.589797086767,4951866
2024-04-26,2114.935791015625,2145.7181374858937,2111.082248057202,2136.202757718772,2307512
2024-04-29,2118.21875,2125.735806975703,2112.4142755085322,2125.735806975703,1395292
2024-04-30,2122.35791015625,2131.683029125793,2117.172074458158,2123.8804638974716,2119102
2024-05-02,2118.4091796875,2134.4900796001903,2098.188996387385,2098.188996387385,2140383
2024-05-03,2109.607666015625,2127.306135918941,2097.1900469076386,2123.8331146541964,2595307
2024-05-06,2146.860107421875,2151.9033055615523,2104.8021719664616,2117.1721666480007,1619256
2024-05-07,2264.08935546875,2273.7952286210457,2149.524276674114,2156.1850424716877,8277810
2024-05-08,2227.59814453125,2257.2860845113137,2212.325912736349,2251.7194941298253,1813439
2024-05-09,2212.944580078125,2247.6283310925387,2207.045090078051,2227.170261103702,1558987
2024-05-10,2248.05615234375,2256.096601996175,2208.519701911903,2208.519701911903,2610266
2024-05-13,2246.248046875,2266.230344520043,2234.1159375905095,2258.95117187298,1170617
2024-05-14,2235.733642578125,2257.3335074106412,2233.0216665184257,2246.2005599454214,689430
2024-05-15,2210.708251953125,2241.6332365347407,2205.3319229404124,2235.686124115199,812282
2024-05-16,2229.59619140625,2234.306490394986,2189.822088503335,2223.7443255783614,1880021
2024-05-17,2207.9013671875,2237.922206273115,2202.905792515625,2237.922206273115,1264582
2024-05-21,2198.71875,2212.135528356664,2190.2025315947476,2195.1981059581112,1663959
2024-05-22,2252.1953125,2258.9513255632746,2198.718920673421,2199.0044285495906,1914851
2024-05-23,2267.039306640625,2271.130966541499,2240.872011390838,2252.195220775294,1614718
2024-05-24,2254.2412109375,2267.7530044687405,2250.101927593456,2263.23319883726,974100
2024-05-27,2268.942626953125,2283.6438443145053,2248.008788499374,2254.2414095917443,1116934
2024-05-28,2279.837646484375,2292.2552650545235,2263.280976596913,2274.1760412952726,1631747
2024-05-29,2258.38037109375,2278.9336864083803,2254.5742187991223,2265.802414530094,1592495
2024-05-30,2237.4462890625,2257.4762097868,2220.9372446734023,2253.2419122833867,1837380
2024-05-31,2216.1796875,2262.2340350676586,2205.284623556336,2238.9689767771592,5529186
2024-06-03,2241.728271484375,2271.7493417150577,2230.6905701180376,2265.6119681036826,1207445
2024-06-04,2375.324462890625,2388.408110980156,2228.597343141122,2258.951313785197,7826048
2024-06-05,2476.61572265625,2591.9420907889694,2402.633637386238,2410.769334382574,11061076
2024-06-06,2426.04150390625,2473.998928676966,2395.9728086186924,2473.998928676966,4102547
2024-06-07,2452.874755859375,2470.668470382015,2402.6335019120306,2431.4651503967925,3974253
2024-06-10,2441.028076171875,2467.9564154482496,2422.6157231372044,2454.0164768149452,1449122
2024-06-11,2432.46435546875,2451.8280151494614,2427.6590419168024,2441.6466046084306,1402423
2024-06-12,2406.154296875,2443.5497898876715,2395.021347798781,2443.5497898876715,1754677
2024-06-13,2366.85546875,2384.3639068951125,2327.8900350917966,2367.378861098653,3123098
2024-06-14,2382.56494140625,2412.013628887546,2373.5812878627453,2376.0794838583147,1729552
2024-06-18,2388.81005859375,2400.099558116516,2376.2233738075015,2382.7088309801543,1820933
2024-06-19,2360.70654296875,2397.2172668730286,2355.4220960878674,2397.2172668730286,986976
2024-06-20,2384.9189453125,2392.4132989465716,2350.76215431065,2360.706616671376,2163310
2024-06-21,2345.621826171875,2380.88345103012,2331.4499008681246,2378.0010255446114,3646215
2024-06-24,2346.486572265625,2371.1314520893884,2331.9304166962634,2339.568797683873,1945519
2024-06-25,2336.87841796875,2350.8101414046546,2332.7468944491416,2343.7483395788545,833789
2024-06-26,2349.753662109375,2370.3148728114843,2337.070800628534,2341.4906141230595,1738656
2024-06-27,2365.65478515625,2385.879852968175,2340.5297342598874,2353.932967227559,3402726
2024-06-28,2376.12744140625,2392.8935023480167,2366.327241894727,2366.4712693367455,2129791
2024-07-01,2406.92138671875,2424.1197644648755,2354.0769209852706,2364.5977267940966,3312865
2024-07-02,2387.753173828125,2416.4334016689368,2382.1806721302996,2416.4334016689368,1305210
2024-07-03,2411.9658203125,2421.093501473132,2377.3286254147783,2389.1944701801613,1406405
2024-07-04,2398.1298828125,2437.4270904546393,2395.1993700290486,2416.481418640606,1977010
2024-07-05,2447.17919921875,2453.9048585805604,2398.12987938707,2398.12987938707,1754286
2024-07-08,2485.755859375,2493.2983006645486,2436.850795784378,2459.6699998848726,2818809
2024-07-09,2488.63818359375,2511.553561447393,2467.3563679406675,2485.755757930268,1479529
2024-07-10,2508.142578125,2523.0831976684753,2472.160345621092,2479.846813854659,1764036
2024-07-11,2506.60546875,2514.4840519117424,2488.542221172962,2514.4359645699687,1432671
2024-07-12,2519.47998046875,2536.053926378974,2499.062800724271,2499.062800724271,1912642
2024-07-15,2517.606689453125,2526.2058790576393,2511.2171718547897,2525.004868370629,920101
2024-07-16,2583.0859375,2618.2035401549106,2521.690359323134,2523.03539758819,3298003
2024-07-18,2631.077880859375,2643.376276472366,2550.9465464495743,2594.1829285927874,5569762
2024-07-19,2620.124755859375,2635.4976917206695,2609.5077751156914,2631.654457755346,1668862
2024-07-22,2628.099365234375,2642.175115010656,2599.611254327465,2599.6593416638,1911629
2024-07-23,2657.932861328125,2701.121159308212,2624.9289933695,2638.380313247674,3906259
2024-07-24,2610.564697265625,2649.3812655791385,2570.258828910882,2640.3016724627655,3611927
2024-07-25,2601.1005859375,2618.058995803944,2565.358558553034,2610.5646429880785,2166670
2024-07-26,2604.800048828125,2620.1248981828116,2581.9327585778365,2617.2424725522474,2135309
2024-07-29,2605.32861328125,2613.3993114435107,2587.2653652435565,2604.9441491096536,957011
2024-07-30,2585.919921875,2646.403005047723,2580.15507083308,2609.1716754019894,1560399
2024-07-31,2599.611328125,2603.4545619829696,2570.210729854959,2598.9868964520315,1751085
2024-08-01,2609.123779296875,2618.155286095555,2589.571230917644,2607.63447908741,1886392
2024-08-02,2587.02490234375,2651.3509827327557,2576.071545001969,2605.712580239621,1738872
2024-08-05,2609.459716796875,2634.5369125284533,2561.707581161147,2571.075464055805,3118731
2024-08-06,2642.271484375,2663.120982084399,2602.493871399837,2613.495316474495,2296031
2024-08-07,2636.506591796875,2672.8251997421476,2628.291632268289,2672.680937724784,1713875
2024-08-08,2626.08154296875,2651.1106493799525,2613.783148201757,2646.0664051435674,1464161
2024-08-09,2639.533203125,2649.909982385296,2612.0542193230376,2647.988365284219,1284031
2024-08-12,2640.974365234375,2655.098203741582,2615.7050539259953,2630.693760855518,1297178
2024-08-13,2633.960205078125,2649.573342474069,2623.103257193001,2634.5367839801565,1051237
2024-08-14,2615.369140625,2635.065717256974,2600.5246944192877,2633.5764169873905,946995
2024-08-16,2640.5419921875,2645.682411553872,2604.4635856599443,2630.5975302627953,1727926
2024-08-19,2635.0654296875,2651.591289168054,2629.7809828751347,2642.271493522543,1130327
2024-08-20,2643.232421875,2648.2285794460054,2627.8594849965834,2635.065549158341,1097889
2024-08-21,2681.808837890625,2685.5561320629663,2635.449824315157,2641.7431673730434,1417729
2024-08-22,2683.345947265625,2699.8718060680067,2673.065343530661,2693.0980594265625,1552947
2024-08-23,2705.25244140625,2710.440713352591,2662.7366663031476,2689.495041641558,2111401
2024-08-26,2710.5849609375,2723.84416591014,2693.7229584562397,2705.252661115509,1152244
2024-08-27,2658.4609375,2713.419371206562,2651.39913578788,2698.9110690675607,1357212
2024-08-28,2656.01123046875,2672.729205544788,2638.1400974654807,2651.83161941354,1723549
2024-08-29,2676.092041015625,2699.8720528691883,2637.419496486093,2661.3916231371236,2129934
2024-08-30,2669.126220703125,2705.925236031188,2651.9278410437555,2686.1324855620223,4029712
2024-09-02,2679.7431640625,2698.815073255556,2670.086991109642,2684.499119525131,957950
2024-09-03,2684.78759765625,2717.118714177803,2666.243944210858,2671.0479873535805,2022116
2024-09-04,2729.897216796875,2732.3954127863854,2663.0248497469543,2671.0476947453803,1640986
2024-09-05,2727.20703125,2743.1084599551136,2712.9870175378533,2728.7444187868173,1945173
2024-09-06,2727.687255859375,2754.109489722698,2717.262624333097,2717.262624333097,1672730
2024-09-09,2807.290283203125,2823.0474485552013,2731.770642323624,2741.282787084872,3342754
2024-09-10,2784.99951171875,2822.4710418704444,2774.3344439235466,2819.0120375659517,1536584
2024-09-11,2790.33203125,2834.3851966953944,2784.5193272333395,2797.4902425402506,1913665
2024-09-12,2840.534423828125,2847.260083963289,2780.772176398719,2796.913807637595,2454564
2024-09-13,2818.003173828125,2840.534085684311,2804.119538259187,2840.534085684311,1902001
2024-09-16,2754.734130859375,2795.9527214811214,2697.3736760288116,2795.9527214811214,1489057
2024-09-17,2760.88330078125,2799.6998714212546,2748.008560355651,2754.734220040867,1098661
2024-09-18,2763.14111328125,2780.147376168852,2749.5455327807945,2761.3635237950193,464796
2024-09-19,2797.63427734375,2819.3005569204092,2760.7393230916587,2763.5255740396533,1713010
2024-09-20,2860.9033203125,2872.192819543821,2781.924678457614,2810.1725874904714,3641632
2024-09-23,2909.856689453125,2916.05385749114,2853.5532163658545,2863.209388903986,1300470
2024-09-24,2834.91357421875,2901.64167780885,2830.6380232967213,2901.64167780885,1929308
2024-09-25,2833.376220703125,2844.3295785071546,2791.244908103834,2834.913608154621,1055354
2024-09-26,2869.070556640625,2875.5560144698934,2825.9301112254557,2835.4422567851584,1902889
2024-09-27,2849.998291015625,2911.2498345646336,2837.027375911129,2869.0704340908233,2977081
2024-09-30,2842.360107421875,2880.407986959027,2827.27545942713,2848.0287842912826,1627702
2024-10-01,2809.1640625,2846.5875094664507,2778.0818113655655,2846.5875094664507,1184642
2024-10-03,2779.95556640625,2808.5396213284594,2748.969490062006,2794.75192453702,1233447
2024-10-04,2737.103271484375,2799.7960274174525,2706.6456883133583,2777.6974314563677,2456486
2024-10-07,2722.354736328125,2754.1095044738768,2714.3321260191797,2733.500208864578,1280975
2024-10-08,2708.3271484375,2772.8934351480907,2689.0148030331857,2732.539476632422,1761488
2024-10-09,2660.430419921875,2715.1005596046,2652.5037504798843,2712.7463913245397,1476282
2024-10-10,2646.739013671875,2678.157403349832,2626.0816318144653,2661.4394300011586,2065078
2024-10-11,2674.122314453125,2680.65585951984,2629.781093616551,2656.4435309289793,679307
2024-10-14,2679.791259765625,2694.7797326210543,2656.6356795435354,2682.1932811757006,874010
2024-10-15,2672.44091796875,2689.591444565931,2656.8758662364426,2683.6344784180606,1082666
2024-10-16,2672.248779296875,2687.9100055740655,2647.6041338219375,2679.8390730118053,1170797
2024-10-17,2631.318115234375,2672.969257705141,2616.713872890363,2670.5191491058513,1368242
2024-10-18,2610.613037109375,2632.615459345749,2587.889773879245,2631.318273958351,1137277
2024-10-21,2587.986083984375,2630.693979876878,2575.399397337152,2608.5953817990226,792345
2024-10-22,2576.600341796875,2603.791271733519,2568.9619604418804,2579.8672317373293,1272253
2024-10-23,2555.078125,2587.5054123069553,2518.2791120453326,2518.2791120453326,1431962
2024-10-24,2406.92138671875,2543.2600144821745,2356.478942154974,2543.2600144821745,9216267
2024-10-25,2428.97216796875,2440.45378353982,2402.117615178531,2404.231347131683,2761166
2024-10-28,2474.8505859375,2488.1097901772814,2421.3335992998454,2444.2968286647133,852829
2024-10-29,2447.8037109375,2484.3625217211766,2436.6103856054533,2484.3625217211766,1695654
2024-10-30,2454.81787109375,2462.840716685124,2434.112398972091,2456.7875756265485,1200637
2024-10-31,2429.164306640625,2463.0328092843833,2425.1770448391885,2454.817848962692,1901355
2024-11-01,2438.0517578125,2446.1705433526063,2412.9267074180943,2444.2489262035915,118532
2024-11-04,2425.849609375,2447.17951346124,2405.3843392030676,2447.17951346124,1097260
2024-11-05,2422.534912109375,2431.0860150133867,2408.7472145592574,2421.2377266411363,702046
2024-11-06,2430.65087890625,2451.4515690636567,2425.1105935476853,2444.7447080070283,1219166
2024-11-07,2406.156494140625,2439.5927892011046,2397.019901101359,2430.650546317653,1322446
2024-11-08,2437.45458984375,2444.793147696757,2398.1863642528074,2414.3698717211782,1700877
2024-11-11,2421.27099609375,2444.452769822316,2405.719186544309,2438.7181349716725,1175577
2024-11-12,2392.548828125,2427.005760537496,2387.202893306927,2425.11043110781,1624222
2024-11-13,2395.902099609375,2403.5323013697825,2381.7596248219456,2393.1320758129814,1262017
2024-11-14,2322.27392578125,2395.6590274804553,2316.9279912203806,2391.479431181601,2443393
2024-11-18,2355.02978515625,2357.0710550111958,2309.20064286303,2333.8890447659433,1374215
2024-11-19,2342.83154296875,2371.8452445208204,2337.728605593575,2363.7776960673323,1133370
2024-11-21,2316.05322265625,2356.828074767604,2309.540950041982,2356.828074767604,1291829
2024-11-22,2376.75390625,2383.4121196689493,2311.242003100475,2323.9749048547187,1696471
2024-11-25,2402.219970703125,2435.5105635219556,2388.758077739939,2400.8106354018087,4368045
2024-11-26,2409.7529296875,2425.061742768364,2391.4795053433168,2416.6054934792924,982442
2024-11-27,2417.237060546875,2423.1176358895655,2389.1466999635395,2405.816200610109,948232
2024-11-28,2393.229248046875,2468.0236909972373,2384.4813544315857,2416.3626141787777,2540530
2024-11-29,2426.22802734375,2437.2601873197295,2386.328105245208,2386.328105245208,1795164
2024-12-02,2409.7041015625,2420.73626095292,2391.625266046063,2415.3903266283905,1006993
2024-12-03,2413.30078125,2421.659736640615,2396.922686625458,2410.530520207273,1641588
2024-12-04,2395.46484375,2423.1665065809493,2387.7375852627792,2411.5999422845357,1321495
2024-12-05,2424.721923828125,2444.5503887204804,2381.4198008936087,2396.5342652703143,2071795
2024-12-06,2414.22412109375,2425.8879784428123,2405.670578244081,2425.110340492518,1308086
2024-12-09,2333.50048828125,2407.5659358566236,2316.5393429808005,2395.9507252372305,3385021
2024-12-10,2330.196044921875,2345.4075655839893,2321.3995041053026,2341.2279687941573,2063838
2024-12-11,2334.083740234375,2341.859645105597,2318.191639733101,2337.631401911156,1718225
2024-12-12,2279.263671875,2332.723022634481,2272.508401375754,2318.240493440362,3231056
2024-12-13,2323.148681640625,2327.4739809067287,2268.0854174497326,2279.2632797765305,2260902
2024-12-16,2299.869384765625,2325.9673583202207,2296.8077173885004,2323.343038096719,1247552
2024-12-17,2297.051025390625,2313.3318271150692,2287.4284375010757,2287.4284375010757,2131569
2024-12-18,2293.1142578125,2316.2476218485995,2284.220661696739,2284.220661696739,988403
2024-12-19,2293.746337890625,2320.087074457144,2270.5643255197165,2281.2561952032424,1655915
2024-12-20,2268.52294921875,2307.013773197231,2259.532059224196,2286.21332261703,2069691
2024-12-23,2273.383056640625,2285.8731996598376,2250.3956311310467,2271.5363740214907,1066199
2024-12-24,2270.126708984375,2290.9271580711243,2265.801409676823,2265.801409676823,683646
2024-12-26,2267.4052734375,2276.25046019758,2259.5807216577036,2266.919279380392,1033769
2024-12-27,2275.667236328125,2279.9438892300855,2263.031390488396,2277.368215575781,556816
2024-12-30,2277.854248046875,2293.0657677973463,2259.87246712566,2275.910271731068,924180
2024-12-31,2261.670654296875,2286.7477579775477,2258.171402140518,2274.4522031674646,1878762
2025-01-01,2257.0537109375,2271.681942318693,2255.255437992742,2259.872381567988,559893
2025-01-02,2303.611572265625,2312.9911615948636,2250.6382259835673,2264.7320520586104,1650744
2025-01-03,2338.84619140625,2346.962386357394,2298.5573351226903,2315.129778453579,1274239
2025-01-06,2309.637939453125,2351.1904282758464,2295.4954659724062,2350.2670870956954,900419
2025-01-07,2323.829345703125,2334.958562700219,2308.714882320198,2310.5615649077026,922768
2025-01-08,2333.743408203125,2341.51931293683,2301.667801176593,2324.023527285994,953351
2025-01-09,2367.1796875,2404.358231754575,2319.5522713307405,2337.679991498679,2425267
2025-01-10,2373.643798828125,2387.2029865724408,2346.1851325534217,2367.179935005387,1651911
2025-01-13,2382.343017578125,2391.5769052431565,2341.5681610860565,2349.344066488188,2595013
2025-01-14,2301.619140625,2398.8665960829653,2297.8771288752246,2395.950631825166,2052741
2025-01-15,2306.528076171875,2318.0946412201524,2284.269640564014,2307.4027706605693,1215150
2025-01-16,2279.312255859375,2313.3318417677237,2260.8931275207856,2310.3672303924936,2762596
2025-01-17,2288.06005859375,2312.6514057492745,2277.368189161069,2284.172106072775,1333005
2025-01-20,2279.506591796875,2301.6679693677006,2270.224057382351,2290.441458627697,1382273
2025-01-21,2274.938232421875,2310.7074432888235,2267.113680466325,2287.5740781905074,1842885
2025-01-22,2277.319580078125,2295.836001726839,2266.870707504643,2276.930879740294,2658047
2025-01-23,2256.66455078125,2275.7156109970133,2190.71530564855,2250.152278472374,3408925
2025-01-24,2301.76513671875,2314.1093382473864,2257.9283780654696,2267.5025558634734,1688664
2025-01-27,2325.82177734375,2342.199634147266,2295.0095652975047,2298.7518143345746,2477358
2025-01-28,2321.933837890625,2339.575326759144,2312.7970074864847,2333.7433982337784,1892156
2025-01-29,2317.1708984375,2328.8834020727195,2297.779784014987,2318.3372366543103,699576
2025-01-30,2341.2763671875,2357.0711740237416,2317.2196613907627,2317.2196613907627,1419960
2025-01-31,2399.644287109375,2409.558518344911,2334.229440018275,2334.229440018275,2116148
2025-02-01,2435.850830078125,2529.113040989379,2366.936731276553,2405.670552055616,2970999
2025-02-03,2373.54638671875,2449.410108368866,2348.809336060859,2434.830286295242,2528480
2025-02-04,2369.755615234375,2381.370825473779,2335.5416818552712,2381.370825473779,1992474
2025-02-05,2324.072265625,2384.28688281628,2320.1356662382636,2384.28688281628,1357416
2025-02-06,2306.236083984375,2341.470652098705,2294.1835266397707,2332.7714061901434,1132113
2025-02-07,2297.634033203125,2315.226874422086,2270.6613649765723,2313.3315451962494,855602
2025-02-10,2295.301513671875,2330.8277302484084,2286.1649194081388,2304.4867548065286,1326354
2025-02-11,2250.395751953125,2311.3393665799927,2232.2196194927346,2304.5840958345143,1389260
2025-02-12,2267.162109375,2274.354725969566,2240.5297319283436,2260.5525432249356,1341909
2025-02-13,2256.470458984375,2279.8954679957756,2248.5488505922667,2264.8296518793604,1334967
2025-02-14,2253.40869140625,2299.7238291391645,2248.597160502172,2256.9563530266864,1135380
2025-02-17,2264.149169921875,2270.5643868259226,2235.5728123714134,2253.4088903821407,1409168
2025-02-18,2231.684814453125,2273.042958104678,2223.908909176285,2264.149124063214,1035705
2025-02-19,2187.362060546875,2241.1130532602374,2185.029383883377,2234.357783007968,1521343
2025-02-20,2185.077880859375,2191.2985097365113,2164.1314899859503,2187.3619104978293,2206196
2025-02-21,2178.857177734375,2190.4239792926655,2164.034358200554,2185.078044378828,1781509
2025-02-24,2178.66259765625,2187.945131123816,2156.6471629368198,2167.533381788587,1627949
2025-02-25,2196.0126953125,2206.024219899787,2175.2606550849946,2180.169242301758,1988040
2025-02-27,2182.064453125,2206.072509704585,2170.546537494994,2206.072509704585,1699658
2025-02-28,2128.89697265625,2186.584562304575,2124.620319863376,2182.1619689131203,3683249
2025-03-03,2115.872314453125,2137.4017551745787,2098.0362385376666,2137.4017551745787,1306470
2025-03-04,2096.918701171875,2118.934137542599,2076.166659537152,2118.8854906754163,1800330
2025-03-05,2109.651611328125,2130.500709473983,2089.7745013224167,2091.7184776027166,1145673
2025-03-06,2156.79296875,2167.3391346618955,2103.139272550152,2114.074138785248,1856868
2025-03-07,2142.79638671875,2164.3258279458114,2127.876274648227,2164.3258279458114,1738356
2025-03-10,2184.786376953125,2203.642852252801,2133.173710965246,2146.149847764431,1242387
2025-03-11,2154.848876953125,2199.0743335763295,2149.3085924848583,2177.2532491423776,1325891
2025-03-12,2131.47265625,2167.4848636040488,2123.794045012546,2155.237955656902,1526212
2025-03-13,2113.8798828125,2148.0451714730893,2103.819710507243,2123.794114513715,1845629
2025-03-17,2110.42919921875,2133.951264191827,2096.0923744917604,2100.4663210186386,1111886
2025-03-18,2110.42919921875,2110.42919921875,2110.42919921875,2110.42919921875,0
2025-03-19,2138.422607421875,2150.8641033799995,2132.007390619496,2145.177877700536,1341405
2025-03-20,2179.586181640625,2185.9041047576643,2127.1474672295594,2142.1646370243157,1426689
2025-03-21,2183.27978515625,2192.027678706935,2163.451321362083,2182.1134468098517,2152415
2025-03-24,2192.99951171875,2202.525042593678,2178.225340005486,2187.2162299631173,1454404
2025-03-25,2207.6767578125,2227.7968652873274,2180.509736169552,2187.702353641122,2229340
2025-03-26,2183.03662109375,2216.035569558241,2175.1150130163032,2208.3569585052783,1416907
2025-03-27,2181.773193359375,2197.5680014294758,2138.3740156444046,2181.3358461347175,3752627
2025-03-28,2195.5751953125,2231.684454700208,2177.5447703980153,2184.057042557216,2280152
2025-04-01,2171.27587890625,2220.652688338022,2157.8137477663568,2195.7212865784686,2495962
2025-04-02,2175.212158203125,2180.8497368615344,2128.7026682002793,2180.8497368615344,1351493
2025-04-03,2181.676025390625,2189.791983972201,2158.3969569161945,2163.110957010432,1310088
2025-04-04,2181.676025390625,2203.5457585235163,2159.7576453904135,2167.5335505043304,1120226
2025-04-07,2186.389892578125,2198.248336997428,2089.7743723315093,2089.7743723315093,3435185
2025-04-08,2225.123779296875,2241.598930289759,2189.2575129830993,2204.760675866648,2774874
2025-04-09,2284.171875,2288.2055304117403,2225.366599069149,2229.691898350817,2989089
2025-04-11,2299.869384765625,2327.765631098383,2278.6802355299874,2327.522634090619,3836083
2025-04-15,2295.35009765625,2332.77164275884,2279.5066427888187,2332.77164275884,3042779
2025-04-16,2300.30712890625,2309.443722111737,2285.14401964844,2285.14401964844,1131979
2025-04-17,2308.471923828125,2313.2345709818287,2277.465595856165,2291.07343035452,1962402
2025-04-21,2285.14404296875,2305.9444935688916,2283.005716590514,2301.765134543979,1478430
2025-04-22,2331.508056640625,2338.603617987649,2289.1295133424655,2303.612042656163,2352346
2025-04-23,2355.905029296875,2369.707214175023,2326.356445853068,2342.491544775146,2226066
2025-04-24,2260.1640625,2417.723197131752,2252.193807236699,2355.904893997615,7065430
2025-04-25,2266.87060546875,2276.2988426038023,2230.129407729378,2266.5789615776075,2859858
2025-04-28,2253.65185546875,2283.2002007794895,2250.1526031522,2279.3122481174555,1555660
2025-04-29,2256.66455078125,2267.1620689143897,2247.81960213246,2262.7881228007286,1896387
2025-04-30,2276.493408203125,2286.601989452575,2251.1244240476785,2255.012376420818,2083807
2025-05-02,2253.65185546875,2279.3122481174555,2245.2926623246576,2268.7176720341317,1424284
2025-05-05,2282.811279296875,2288.9346143049693,2254.1376311920053,2258.997571548763,2074103
2025-05-06,2315.081298828125,2323.148847500318,2274.646499038448,2274.646499038448,1888125
2025-05-07,2304.3896484375,2320.038515916267,2289.3238314916816,2302.640022235044,1610400
2025-05-08,2288.934814453125,2305.458613110968,2275.4242740006657,2295.5443813766215,2323073
2025-05-09,2267.551025390625,2277.0765565746965,2237.8083308384716,2264.73235471963,1805685
2025-05-12,2315.76171875,2320.135665333158,2280.381445753612,2293.891985834208,1274873
2025-05-13,2293.891845703125,2330.8273923712263,2286.893579057945,2309.0549545191607,1929665
2025-05-14,2284.657958984375,2303.611726353103,2272.994102142081,2303.611726353103,1568111
2025-05-15,2289.226318359375,2303.514495923454,2274.4521467468458,2285.727303591603,3236681
2025-05-16,2314.6923828125,2320.135611131763,2283.2000630701764,2293.891932245899,1473000
2025-05-19,2315.9560546875,2337.6314373045693,2308.4717935959884,2308.4717935959884,936655
2025-05-20,2275.521728515625,2327.523098554208,2272.994464209847,2327.523098554208,1617408
2025-05-21,2297.682373046875,2309.1518790807786,2279.3118944896037,2280.2838825043114,1570754
2025-05-22,2265.412841796875,2296.9054017400363,2248.305991922015,2289.0322024287943,2423653
2025-05-23,2293.1142578125,2298.2658421573706,2264.3435526876015,2271.438875913527,844118
2025-05-26,2327.03662109375,2330.14693530741,2297.876980399881,2301.6676387693788,892618
2025-05-27,2313.526123046875,2342.0054230052847,2294.183653984274,2327.0369005720772,1865258
2025-05-28,2295.8359375,2321.107628598645,2286.1160563082135,2321.107628598645,897517
2025-05-29,2300.404296875,2309.4438340900037,2289.518077103958,2302.6399170703785,1111275
2025-05-30,2282.519775390625,2308.374517293052,2277.8541849016656,2293.891989062484,3288892
2025-06-02,2305.167236328125,2317.2197947019963,2277.9515675984035,2282.1309268833143,1178205
2025-06-03,2286.40771484375,2312.84574439433,2276.9794774877073,2298.8492103092544,1643913
2025-06-04,2298.265869140625,2301.2791271801098,2276.4934305579545,2293.405928626477,3287896
2025-06-05,2309.83251953125,2313.3317717537793,2283.1028456979607,2298.2659555931978,1787978
2025-06-06,2322.857421875,2329.369695281899,2303.709302009238,2306.8196167541355,997488
2025-06-09,2326.161865234375,2331.799443654797,2311.679337516298,2326.939503171982,1293622
2025-06-10,2328.10595703125,2332.965897755389,2311.776508737784,2326.3563309102015,1778782
2025-06-11,2309.83251953125,2335.590205225147,2304.875522401424,2328.1059440121844,1977707
2025-06-12,2267.356689453125,2321.107681120332,2258.997733820115,2320.038399244325,3339584
2025-06-13,2254.04052734375,2259.7751625270976,2237.5167287388153,2240.4326931985097,1740682
2025-06-16,2262.204833984375,2271.147313653889,2248.3055950712346,2255.0122175216065,1105297
2025-06-17,2263.37158203125,2267.745528476323,2248.3057664982202,2255.012389459953,1119284
2025-06-18,2232.9482421875,2266.09289301594,2221.4787354933574,2262.496584614853,2056563
2025-06-19,2229.93505859375,2243.154191716161,2226.144399912506,2235.6699307829094,1214549
2025-06-20,2241.59912109375,2248.2086882601934,2228.1856365828094,2230.712900802916,2685864
2025-06-23,2234.62548828125,2245.3314785900775,2218.517104573964,2242.777637332428,842856
2025-06-24,2222.839111328125,2260.0647671143856,2220.0888759075924,2254.171508269237,2440747
2025-06-25,2238.1611328125,2249.751254907696,2230.9909542436453,2238.455843673713,1047270
2025-06-26,2240.223876953125,2250.242367688747,2231.187595893491,2248.179631450258,1874722
2025-06-27,2265.859375,2269.395425704689,2238.7505321874146,2240.223846681488,1050745
2025-06-30,2253.778564453125,2275.7799667017143,2247.295884252707,2268.8061816314857,1403754
2025-07-01,2254.662353515625,2261.636138264844,2245.9207831543013,2259.082297140465,759914
2025-07-02,2266.05615234375,2267.9222549022306,2246.9030627072866,2254.171318752975,1128034
2025-07-03,2272.243896484375,2285.503727857006,2263.011220929018,2268.9044793168537,1060039
2025-07-04,2297.68310546875,2299.7456018762664,2269.1990253303456,2276.7619917524657,1242346
2025-07-07,2367.518310546875,2372.7240702364506,2299.353049094105,2299.353049094105,2701583
2025-07-08,2350.133056640625,2375.474114379278,2343.552299734942,2362.607071634493,1471046
2025-07-09,2380.286865234375,2396.29693113012,2354.45494224249,2356.3210447333263,1741690
2025-07-10,2365.553955078125,2390.6986215441034,2354.9462812164356,2380.287101883039,1053695
2025-07-11,2474.775634765625,2484.9905196389013,2417.218050921477,2455.524228892195,7242235
2025-07-14,2471.8291015625,2487.4461403450564,2445.7022268348237,2455.524324131349,2427712
2025-07-15,2481.94580078125,2484.8924301255456,2465.3465513939755,2475.8561480958347,1700294
2025-07-16,2472.811279296875,2487.8388961282812,2462.890865236824,2481.356455874828,1284379
2025-07-17,2465.14990234375,2480.472229470397,2461.613851577524,2468.2929253596812,807474
2025-07-18,2445.309326171875,2470.1590393490687,2437.353331809416,2470.1590393490687,771112
2025-07-21,2421.048828125,2449.2384410834075,2411.717835071157,2446.5862827986753,1169960
2025-07-22,2435.58544921875,2440.7912088106837,2408.967709089577,2426.0580626810415,861632
2025-07-23,2406.806640625,2442.755612873297,2398.5561747634065,2436.8623544586453,1320795
2025-07-24,2394.430908203125,2422.1291744035116,2377.9297369143965,2412.2087602925917,693984
2025-07-25,2372.42919921875,2385.3945590187477,2362.6071022777146,2382.9390347834888,769388
2025-07-28,2398.163330078125,2404.7440871927433,2369.384537540986,2372.429243771511,987995
2025-07-29,2409.949951171875,2413.7804732980653,2386.4749941452433,2401.3064573670335,732282
2025-07-30,2394.037841796875,2409.262092241855,2355.829980147422,2398.5561023639793,1224146
2025-07-31,2476.34716796875,2503.652646914568,2377.0459063535795,2377.0459063535795,5505507
2025-08-01,2508.26904296875,2678.9771490412722,2491.767870864873,2504.634914777358,4259653
2025-08-04,2498.44677734375,2537.2440606709806,2489.9999177635377,2501.688117328015,1293028
2025-08-05,2489.60693359375,2507.5814194600316,2472.516580355361,2492.357168773925,756361
2025-08-06,2490.490966796875,2517.501733064876,2481.65107965462,2493.535672934169,885487
2025-08-07,2472.712890625,2498.741447368421,2450.613172635303,2490.5890589949863,847151
2025-08-08,2454.1494140625,2484.892387860569,2442.362896885792,2471.2397680498043,839794
2025-08-11,2473.5966796875,2479.588254454568,2434.4066106815794,2445.800338508461,992436
2025-08-12,2439.612548828125,2491.47326996814,2435.9784208260676,2473.2040732697083,1406211
2025-08-13,2450.711669921875,2456.9977164716393,2429.397526276142,2440.7912554195577,969803
2025-08-14,2436.469482421875,2464.3641420365734,2429.200986749531,2454.44372812859,1104362
2025-08-18,2522.4130859375,2550.798853268267,2476.445619289953,2493.8306848086754,3089136
2025-08-19,2558.4599609375,2568.47845225644,2512.8852854397333,2526.439827717028,1400717
2025-08-20,2622.3037109375,2632.3222027047505,2542.45000809748,2552.763210757331,3156954
2025-08-21,2600.891357421875,2619.651659128844,2580.559664029887,2619.651659128844,2235686
2025-08-22,2583.11328125,2611.20457553655,2572.4072910777595,2599.9091636055095,1223445
2025-08-25,2584.783203125,2595.9802980489717,2568.67481978843,2595.9802980489717,667598
2025-08-26,2644.697998046875,2656.877302702266,2577.9077368329176,2577.9077368329176,4348648
2025-08-28,2607.177490234375,2699.112419661415,2599.7128399390217,2699.112419661415,3198743
2025-08-29,2612.4814453125,2674.5570512791683,2594.4086426961376,2617.392493882605,1972773
2025-09-01,2602.36474609375,2625.741386224198,2592.346254551359,2612.4815545305705,1096729
2025-09-02,2629.37548828125,2644.5014224406004,2598.043093323752,2601.8736154116664,1525106
2025-09-03,2617.294189453125,2639.099197248745,2611.00814317238,2633.304255827349,1010692
2025-09-04,2619.16064453125,2701.0768426775303,2608.2580202655204,2701.0768426775303,2494678
2025-09-05,2586.55078125,2625.3480621978892,2577.1217125435624,2620.1425429211836,944879
2025-09-08,2577.219970703125,2597.5519036054347,2572.210845043877,2583.2115458729263,903410
2025-09-09,2594.998046875,2599.123279686501,2564.844256818159,2590.0869983381435,1610956
2025-09-10,2596.471435546875,2605.704111140776,2572.407297029418,2594.9981209437656,1031486
2025-09-11,2575.35400390625,2610.4188445583272,2567.496325786017,2596.766224743345,1212707
2025-09-12,2534.592041015625,2582.130892891774,2523.2966298659717,2578.300371116456,1368380
2025-09-15,2535.083251953125,2547.262556392294,2522.7073137348634,2534.5921470999765,752745
2025-09-16,2534.985107421875,2543.9233122758214,2526.8329581431617,2542.1552867248165,1040928
2025-09-17,2523.984130859375,2545.0035615909655,2520.8411078875088,2540.9764060412954,970247
2025-09-18,2540.780029296875,2563.468928857849,2525.162751622593,2525.162751622593,1550153
2025-09-19,2514.06396484375,2558.3614770399663,2509.3493104728077,2553.745139554843,2214708
2025-09-22,2526.43994140625,2541.173088066885,2514.653424077742,2523.2969180781097,1174161
2025-09-23,2477.329345703125,2529.484778551504,2473.400506763053,2523.1984923690093,1430474
2025-09-24,2504.143798828125,2530.1723576313984,2465.3465130647555,2477.3294242524616,1882881
2025-09-25,2493.14306640625,2521.8235432620777,2486.7587030055865,2500.7060335521905,1624258
2025-09-26,2467.1142578125,2500.1163583210514,2454.9347142199126,2489.901473834488,885612
2025-09-29,2453.46142578125,2472.614514244821,2399.538211102725,2450.613113672247,2403556
2025-09-30,2469.66796875,2481.3564080346573,2447.273779473271,2453.461508732884,1678088
2025-10-01,2491.080322265625,2504.6348647874647,2453.4616408468078,2470.650311487506,1483899
2025-10-03,2499.62548828125,2503.2598561816244,2463.6767554329513,2491.080311445024,1242611
2025-10-06,2496.580810546875,2504.2420946178245,2475.364983857677,2490.0981302259243,818923
2025-10-07,2472.418212890625,2513.8674143383946,2463.676642465363,2494.812642046405,1291750
2025-10-08,2455.62255859375,2480.0794841222178,2441.8716228402013,2466.328548368669,1225128
2025-10-09,2472.811279296875,2478.1151158494545,2453.854583800399,2456.506502076689,1259173
2025-10-10,2483.91015625,2489.8034147865233,2461.9087536325683,2465.3464877788733,1018875
2025-10-13,2448.452392578125,2486.5621769669815,2441.183896906515,2474.3826327864285,1114750
2025-10-14,2457.783447265625,2464.560598461446,2438.139252730148,2448.648848847169,1461017
2025-10-15,2474.186279296875,2486.75861164498,2458.07813584284,2458.07813584284,881070
2025-10-16,2515.93017578125,2522.8056437611326,2462.498063399367,2473.0076593520143,1446646
2025-10-17,2557.37939453125,2568.478412302955,2514.4568778185712,2519.85903126701,2050690
2025-10-20,2548.24462890625,2578.005629364242,2539.601375794003,2562.58498576505,1011485
2025-10-21,2545.593017578125,2560.326164154914,2539.1105769627225,2547.852148012694,82020
2025-10-23,2555.31689453125,2619.7497080594576,2549.914741090149,2554.727472782394,3386744
2025-10-24,2471.63232421875,2538.029794005612,2430.4778348556065,2538.029794005612,3110800
2025-10-27,2467.1142578125,2480.0793772907623,2461.4173938576832,2471.6322783442465,2127832
2025-10-28,2452.676025390625,2481.0617908155573,2437.7462455795494,2474.186322669988,2294976
2025-10-29,2443.8359375,2468.8822836920012,2439.8087819972766,2467.9000740374127,1870143
2025-10-30,2425.6650390625,2452.577487459322,2411.2263654202525,2446.6842295799647,1195631
2025-10-31,2421.637939453125,2435.3888748221552,2409.262001702085,2425.0756732953823,1401937
2025-11-03,2416.23583984375,2430.8706683206365,2396.8863568906377,2412.405317967791,1049185
2025-11-04,2402.190185546875,2419.4771719714577,2397.8685588393732,2416.2358320421877,1251588
2025-11-06,2392.662841796875,2420.066396652233,2389.3234247182095,2420.066396652233,1329256
2025-11-07,2389.693115234375,2400.582354781839,2376.4281382767645,2392.662907838229,817896
2025-11-10,2384.54541015625,2404.8389919884094,2379.7936938785956,2380.7836246996762,780558
2025-11-11,2403.05712890625,2409.194651815599,2378.9029129343594,2397.8104470854564,1422399
2025-11-12,2400.08740234375,2410.283738675327,2391.870927758796,2406.126077343887,1680827
2025-11-13,2383.357666015625,2406.5219517661053,2380.7837490734196,2404.542090020514,1256059
2025-11-14,2403.255126953125,2405.729954130381,2367.91464319838,2380.882834280137,975973
2025-11-17,2400.582275390625,2413.847251909541,2391.672897873711,2406.9177360630524,920038
2025-11-18,2379.793701171875,2398.503297074712,2377.7147497683018,2391.474933232895,1229034
2025-11-19,2417.015380859375,2426.023607035294,2386.7233986621463,2387.7133295616327,1465143
2025-11-20,2403.947998046875,2434.239978963932,2400.5823298037967,2420.480036715518,1396929
2025-11-21,2409.19482421875,2418.5991679296735,2388.703302574577,2411.6696515110984,1840712
2025-11-24,2399.790283203125,2420.281803162537,2388.703106181435,2417.312010655888,4092327
2025-11-25,2389.792236328125,2399.7903932161203,2381.7736995196474,2397.612593614541,1240672
2025-11-26,2400.7802734375,2403.2551005876053,2384.7434418412868,2387.713234421413,1242683
2025-11-27,2427.013427734375,2434.932874570679,2400.5823222546774,2401.6713428676044,1872248
2025-11-28,2441.763671875,2445.129340285854,2422.5588672698223,2425.3307221458876,973225
2025-12-01,2439.6845703125,2462.9479451967945,2434.042012825968,2441.7635217623283,1924828
2025-12-02,2452.850830078125,2459.3842290026473,2435.2300117380223,2446.119251627908,2179406
2025-12-03,2423.350830078125,2459.879183417393,2378.903029581739,2453.2466947597763,3535932
2025-12-04,2437.40771484375,2457.9983250655837,2398.8004113086886,2415.431298091029,2587753
2025-12-05,2315.052490234375,2397.6126302941066,2263.674931718664,2397.6126302941066,4008271
2025-12-08,2290.699951171875,2331.3862051452247,2278.8207811571547,2326.4365509724244,1898154
2025-12-09,2283.275634765625,2306.934886746879,2274.960311827886,2294.659840185007,1471488
2025-12-10,2278.52392578125,2293.570827267341,2271.891437024881,2283.2756424827394,2857290
2025-12-11,2282.384765625,2289.710157566845,2268.9216087951613,2273.1783599753567,1108032
2025-12-12,2237.837890625,2285.750449542293,2222.097844295659,2283.6714979780418,3203114
2025-12-15,2270.406494140625,2275.8511140306505,2229.32436224316,2237.83786456232,1274115
2025-12-16,2258.13134765625,2279.513708903146,2253.0826036728013,2270.3073037063286,1256042
2025-12-17,2252.686767578125,2263.179889712154,2245.460223944765,2258.230235399214,808100
2025-12-18,2242.6884765625,2255.35964054673,2232.5912296171614,2247.1431656574155,1057295
2025-12-19,2257.04248046875,2261.7941971851546,2240.906558258753,2240.906558258753,1237214
2025-12-22,2266.44677734375,2271.8913972500136,2257.0424338692947,2257.0424338692947,790773
2025-12-23,2279.414794921875,2286.7401862916095,2257.7351650294536,2266.2486667249427,1128801
2025-12-24,2259.22021484375,2281.790687332576,2255.161643229268,2279.414949884213,519380
2025-12-26,2262.387939453125,2266.9417181800486,2252.092754960529,2259.3192987304974,533626
2025-12-29,2270.20849609375,2275.554026080165,2257.0423672814736,2265.8526552878384,1086695
2025-12-30,2267.1396484375,2274.8611576222947,2260.0121944524367,2270.208530832208,1556717
