Price,Close,High,Low,Open,Volume
Ticker,INDUSINDBK.NS,INDUSINDBK.NS,INDUSINDBK.NS,INDUSINDBK.NS,INDUSINDBK.NS
Date,,,,,
2021-01-01,867.8728637695312,871.5847887226915,861.027416957231,862.9075065340807,4632855
2021-01-04,865.6552734375,881.2261975120415,855.6282272857953,877.3696277198663,6991890
2021-01-05,888.6019897460938,894.097555111053,851.3378572789943,859.7259090917181,11907501
2021-01-06,889.2767944335938,903.1604697083376,876.7911963731821,891.783600193899,9768197
2021-01-07,917.9118041992188,927.1676069913332,897.7130081806073,901.4731872596826,12154311
2021-01-08,906.10107421875,941.003043120189,898.6771654903904,930.3974760358426,10838196
2021-01-11,895.7847290039062,916.8512768972137,892.9887511998421,909.0899419245574,8419415
2021-01-12,894.38671875,907.7400674192877,874.0432788509229,887.0110058690863,8805330
2021-01-13,908.9452514648438,919.3097823089138,892.9405110954242,899.3520227747368,9473962
2021-01-14,934.928955078125,945.5345221363872,917.1405149247225,918.8277642294461,14887258
2021-01-15,931.2651977539062,947.7520097873621,919.261612717191,939.074727907315,9195430
2021-01-18,899.35205078125,925.5767367587308,890.8676091302784,924.6125943246071,10668611
2021-01-19,906.1974487304688,917.8635480185427,902.6783054961771,908.270319544621,6309233
2021-01-20,913.7178344726562,919.6472753804113,894.9652515821192,903.3051075217076,7004445
2021-01-21,892.6513061523438,932.3257933911289,885.323846723272,924.9983339620571,8216362
2021-01-22,861.2684326171875,900.5090418190923,858.0867743244027,896.6524720468477,11366492
2021-01-25,818.7015991210938,879.6353559380856,809.1083698082972,873.5130748132935,11829328
2021-01-27,790.741455078125,829.9338104207626,777.0988158517706,817.5927988117884,15810173
2021-01-28,773.8207397460938,799.1294801351096,760.7084254069911,772.5673662770981,13789865
2021-01-29,815.7609252929688,829.9820268120163,786.4028339800687,787.8007934928074,19305853
2021-02-01,935.796630859375,946.209416312388,825.3059305220436,828.1983578486396,38067807
2021-02-02,940.6656494140625,963.1783531487233,915.2604593458807,947.173611259662,20556081
2021-02-03,1010.95166015625,1042.0452556183616,937.3393453589262,944.8596450502123,34995822
2021-02-04,995.1397094726562,1004.6364896025285,979.5687844876861,997.7911013598031,13666242
2021-02-05,988.3424072265625,1046.0945638281519,979.8579653906374,1007.5288656225056,19524257
2021-02-08,997.98388671875,1017.1703461709417,991.1384984490313,998.8998927174644,7162284
2021-02-09,989.0173950195312,1013.8922001853689,983.425321603731,1006.5647409355836,7984133
2021-02-10,986.1248779296875,1001.2136718393642,967.6133312735687,997.8874274916597,7815034
2021-02-11,985.2571411132812,998.8515254010526,978.893765971696,988.2459590116592,5760021
2021-02-12,990.56005859375,1021.5090102597754,975.7122400971144,987.0891101787312,13959383
2021-02-15,1019.6769409179688,1024.8833332236825,1000.4904843302763,1007.4323799689478,9121286
2021-02-16,1020.3037719726562,1057.1822215620293,1003.7687050233616,1029.704161083673,13883441
2021-02-17,996.1519165039062,1046.094541701097,989.4029194606734,1041.273829527359,13855321
2021-02-18,1008.5413208007812,1017.5560297408176,996.3448944968836,1007.5289240868678,8911120
2021-02-19,1027.679443359375,1036.0192989474028,990.9456401833353,997.8874186269512,14557527
2021-02-22,986.2213134765625,1028.8363617314458,981.496992039116,1026.7634319719043,9412265
2021-02-23,1010.7105712890625,1016.1578819440248,981.4970081537795,996.103789721421,7160332
2021-02-24,1031.6324462890625,1037.4173011280666,1003.9133501855013,1009.7464592254329,6833820
2021-02-25,1069.9571533203125,1079.3575428178326,1040.3097710589027,1041.2739135714687,12716781
2021-02-26,1024.835205078125,1044.0699182270746,1013.5547851059398,1031.6324566595536,12247085
2021-03-01,1029.6558837890625,1057.278588557455,1025.0280706387225,1036.4531351479989,6358886
2021-03-02,1034.8621826171875,1047.3478968439445,1021.990905599449,1036.4530410560449,4917345
2021-03-03,1060.3155517578125,1064.413156754376,1038.5259581382477,1041.2737403031938,5695638
2021-03-04,1052.79541015625,1075.9830855557595,1034.1392753566213,1039.345668664076,6128220
2021-03-05,1002.6118774414062,1045.1305410429868,988.6799467534743,1045.1305410429868,13926140
2021-03-08,981.7379760742188,1017.6040254467072,978.1224421579129,1016.2060660763334,10522267
2021-03-09,988.05322265625,998.4658904246702,968.9631552077255,988.8244659947426,9915907
2021-03-10,1002.5635375976562,1021.9910321723985,996.0074393279265,1005.7452548694249,8832614
2021-03-12,985.9802856445312,1018.5200928572375,979.231288593007,1014.2778426005029,5735382
2021-03-15,1001.406494140625,1006.1789517853365,952.7654999018819,990.9455729856339,8019663
2021-03-16,997.59814453125,1012.2531803664905,991.1384372026255,1007.528858829517,5161126
2021-03-17,972.7715454101562,1001.7440145228524,966.649205489866,994.9950173124,4712570
2021-03-18,966.842041015625,993.7415801718739,952.5727444670151,988.2460152618324,5797610
2021-03-19,975.6157836914062,982.2683313907223,945.9201486976384,954.5010401731832,6838935
2021-03-22,933.4345703125,975.5675498261695,926.5891233616262,969.9273398280311,12692489
2021-03-23,954.5491943359375,958.7432491848783,935.2181505197683,941.9671474822821,7530882
2021-03-24,924.3233642578125,949.680298530477,920.7560254787874,944.9077817076313,5028085
2021-03-25,923.4556274414062,935.218177108375,895.543691726432,924.3233791856047,7614686
2021-03-26,918.5867919921875,941.4851769933048,915.9354000446897,938.8819804028071,4891178
2021-03-30,926.5890502929688,943.3169563951336,920.7560004885098,931.3615669862833,5831461
2021-03-31,920.2257690429688,934.2540298582101,915.935323390402,926.5890856457839,4453746
2021-04-01,957.6827392578125,961.2500782986498,924.7090537895842,929.4333756067185,7932671
2021-04-05,903.7388916015625,953.4886767588055,885.6130255188116,949.6803023556764,11223431
2021-04-06,894.0011596679688,919.9848125837432,888.4573401283723,913.8142768619042,6925347
2021-04-07,911.6448974609375,918.2975040186494,888.1198565854845,897.6166363421999,5714921
2021-04-08,901.3768920898438,923.6003660624287,898.5808551606858,914.9712784844322,3946239
2021-04-09,890.5302124023438,906.0046872148081,884.5525173428679,901.4732058545642,4980026
2021-04-12,814.1218872070312,858.0867582483113,810.8437794234043,852.3019036983227,10674765
2021-04-13,845.9385375976562,849.4094265853663,814.2182301377319,819.5210131640878,6778840
2021-04-15,827.5716552734375,852.109092598492,811.0848427805153,836.3935823026413,6862663
2021-04-16,832.0067749023438,838.7557723435989,822.4617406967906,833.1155034597402,5338683
2021-04-19,802.1665649414062,806.5534015741118,781.9195723166832,800.1900845735486,8550122
2021-04-20,814.7003784179688,833.7903873500431,809.9278614733038,814.7003784179688,8240669
2021-04-22,805.73388671875,809.8314922811948,785.7761255041133,801.2024052686113,9717099
2021-04-23,819.5211181640625,829.1143477283593,793.296430613495,800.2382683249081,7695324
2021-04-26,828.7286987304688,839.7199470956972,820.9191677870522,826.2701470517331,4894557
2021-04-27,850.8074951171875,854.2301889582566,828.1983434708153,828.728610035502,5202133
2021-04-28,893.6636352539062,897.61659564885,856.1584714674316,858.0867563130789,9935828
2021-04-29,905.763671875,924.4680008291693,884.2150519660981,903.2568660989282,12187280
2021-04-30,901.4249877929688,914.4891061109512,882.2867250139559,894.7241860526755,7301455
2021-05-03,880.8404541015625,933.000592124413,866.7639989038256,895.6882702799265,16854199
2021-05-04,877.5142822265625,900.9911275546547,873.5130674847695,896.6524864909886,7499852
2021-05-05,897.76123046875,901.2321196133026,876.6946834586868,889.9034462723491,5975741
2021-05-06,891.7835693359375,904.9923326471354,887.0110524474738,903.8353499398435,3705397
2021-05-07,892.98876953125,917.6707932812199,891.8317867952794,899.1110506911559,5419712
2021-05-10,911.5003051757812,915.8871415992386,897.7612751214874,905.3297698934641,5087341
2021-05-11,914.8265380859375,922.6843225743952,889.8070886419875,890.8194264428932,5732298
2021-05-12,883.7811889648438,916.4655822915395,881.2261879665696,908.2221762193748,5074561
2021-05-14,858.90625,889.9034522940545,856.2548583490697,889.9034522940545,6169600
2021-05-17,922.154052734375,925.4803559369394,864.9321633501252,864.9321633501252,10987165
2021-05-18,939.6050415039062,951.5604317867696,932.3257775539554,932.3257775539554,8715366
2021-05-19,932.32568359375,943.5097116887138,926.7336695462681,930.3973988293368,4787294
2021-05-20,940.52099609375,952.4763864715059,928.4692150059265,928.4692150059265,5835440
2021-05-21,979.5687255859375,983.4252953717089,946.595042148275,949.6803097462091,12591860
2021-05-24,968.72216796875,986.0767328091954,961.2982590176864,982.3648077569574,5385688
2021-05-25,958.26123046875,976.4352926033547,947.1735919943599,975.7121857463293,4583345
2021-05-26,962.6480712890625,971.8074248525235,951.6086281195738,963.033692973256,2972854
2021-05-27,970.7468872070312,976.9656183231334,951.6086814381225,959.611052704201,4427518
2021-05-28,982.798583984375,988.7280835972392,967.0348784476167,978.1225166352016,5388785
2021-05-31,976.6763305664062,983.8110084448153,967.9990482612753,978.6046155231021,2643491
2021-06-01,973.8320922851562,994.3683151738859,969.927327042028,979.5687517641157,3766919
2021-06-02,991.138427734375,993.0667126132356,967.516937968332,972.7233306798895,4177378
2021-06-03,969.686279296875,1000.0567667916317,929.4815269392609,994.0308764156879,14752885
2021-06-04,973.1090087890625,986.7034532814729,967.9990653330166,975.9050455642173,4323154
2021-06-07,988.4387817382812,995.621713527296,973.3017925178468,981.4970032522715,3823401
2021-06-08,983.5699462890625,991.1384410012649,969.5416265303076,988.2460136442573,3141410
2021-06-09,967.5651245117188,998.5622683492373,961.4910389679266,982.4611368346124,4767864
2021-06-10,987.6192626953125,991.716867973288,969.9272728572747,975.7121273673579,2984339
2021-06-11,978.7010498046875,994.9950819528219,975.8086222408712,991.1385118677335,2679470
2021-06-14,987.5711669921875,991.1384470101892,958.1165678174859,975.7121676792913,3982216
2021-06-15,997.357177734375,1012.3496409224501,988.2460780433441,988.2460780433441,6026006
2021-06-16,977.3511962890625,1001.4546982721063,974.121283829942,993.066706180663,3325800
2021-06-17,948.7643432617188,985.1607198710593,933.2898690818987,966.0707115909736,6126591
2021-06-18,959.7074584960938,963.94965014596,925.5767907968258,958.2612447604737,4895262
2021-06-21,971.4216918945312,973.7838526132564,933.3380659754979,941.9671524783678,3160990
2021-06-22,964.2388305664062,985.0643425753557,960.3340654542859,979.4723281934785,4141759
2021-06-23,963.7086181640625,981.3042186805791,960.7679953265101,972.8197765022064,3975716
2021-06-24,964.7691650390625,971.855588499907,960.4787193721021,967.9990187042724,2285845
2021-06-25,976.5798950195312,983.4252827628744,951.2711561248984,961.2500067790057,3499315
2021-06-28,972.723388671875,984.967951305371,965.106639407645,982.4612043520382,2819763
2021-06-29,981.6416625976562,985.3535875051031,964.1424535274981,972.8197356092455,4543628
2021-06-30,979.9061279296875,990.7045936815596,975.8567768309647,984.8714849460223,2628556
2021-07-01,971.5663452148438,980.4846627541622,964.1424366830673,974.7480034865811,3070067
2021-07-02,973.4464111328125,977.7850519926884,969.1077702729365,971.8555526122248,1501210
2021-07-05,983.95556640625,989.6922257578949,975.7121602211297,975.7121602211297,1993126
2021-07-06,994.0791015625,997.8874170915241,978.6045684520743,982.1719072196894,3019919
2021-07-07,1007.4325561523438,1009.4572319327705,976.6763858146098,987.8122791467277,3781022
2021-07-08,1007.9627685546875,1022.9552320871485,999.0444500845592,1005.4560214963146,4139752
2021-07-09,1002.6598510742188,1010.9997064499693,989.4028929516331,1002.7081052719305,3625932
2021-07-12,1011.6747436523438,1019.7253097605231,1003.7205682527971,1007.9145644702871,2010018
2021-07-13,1018.0380859375,1021.9427924337408,1006.5647666866321,1017.1703341517211,2096758
2021-07-14,1014.8563842773438,1022.4731336584135,1010.9034235180071,1012.349637285558,1566799
2021-07-15,1017.2666625976562,1029.1256616600213,1012.3495597034447,1016.206129454696,2748272
2021-07-16,1006.85400390625,1020.9785965922242,1004.6364292021443,1016.2061385595587,1218164
2021-07-19,979.424072265625,997.5981336862966,969.4934169218998,987.2818566752582,2644846
2021-07-20,946.35400390625,982.4611501944911,944.8595948877343,980.532865306965,3752725
2021-07-22,956.5739135742188,969.6862267835412,952.5726990426435,964.0460172357375,2181872
2021-07-23,953.8261108398438,964.1424467898117,941.9671705136461,960.2858770026525,3449852
2021-07-26,946.1129150390625,960.9125360257117,943.2204878705869,953.8260541549976,2335433
2021-07-27,940.8102416992188,958.3576470052523,928.5174247984975,953.5369344951655,3311920
2021-07-28,957.1524047851562,973.5910215744764,943.8954462701264,956.4292979570637,8820340
2021-07-29,956.4775390625,967.4687869139042,951.6086312897575,962.1660032542347,3459503
2021-07-30,945.82373046875,964.1424367673293,944.8595880319826,953.5368699628887,3115750
2021-08-02,952.5728149414062,961.3947425860279,950.1142632713511,956.2365447680168,2149603
2021-08-03,985.4017333984375,988.2459652629009,951.2711275646243,951.6085538677885,4450926
2021-08-04,983.95556640625,1010.4212884503398,980.4364817687396,992.1025818849233,5055711
2021-08-05,961.9249267578125,976.1460277862583,950.6444484099997,975.1818853436517,3955681
2021-08-06,992.5846557617188,996.9232968019594,962.4070087400287,968.963165653742,7609448
2021-08-09,1005.4077758789062,1009.4571270189068,991.1866749968347,994.0308480959818,4274598
2021-08-10,996.53759765625,1017.1702693117282,994.416531375711,999.81570547513,3469468
2021-08-11,1003.864990234375,1007.866204615154,983.4252190336842,996.5375317488346,2155833
2021-08-12,998.224853515625,1009.6017814054104,990.4153232761746,1008.9268110802917,2453701
2021-08-13,987.426513671875,1006.3236821525853,984.9679033471923,998.2248620342323,2348979
2021-08-16,982.4611206054688,992.9702964646119,979.6650840641312,988.1977208958202,1132546
2021-08-17,969.0903930664062,983.4300509474515,962.4049828584652,981.9767060445735,3082005
2021-08-18,958.8685913085938,974.5162366910972,956.3009915367957,971.8033379041601,2344486
2021-08-20,948.9857788085938,960.1280896159697,940.4595006268223,954.3631430665416,3465186
2021-08-23,957.8511352539062,967.8308173364824,934.1131690458737,957.3666869639463,2914978
2021-08-24,973.7894897460938,977.6166430402523,956.300918414994,959.401399278746,2510063
2021-08-25,974.2739868164062,982.3643090954126,967.1526202965462,978.4887226058546,2105187
2021-08-26,970.3499145507812,981.1531349575957,967.0556425591127,968.896569696237,1971408
2021-08-27,959.4014282226562,969.7201415636791,956.3009472653667,965.9899132964242,2368969
2021-08-30,973.8380126953125,980.5234233272474,960.467250568202,964.3428372216694,2868604
2021-08-31,961.5330200195312,978.391785562012,959.2076444993758,977.616680100879,3138652
2021-09-01,967.685546875,993.1190844023779,962.1143910356695,963.0832877033791,3854558
2021-09-02,978.6824340820312,981.0078095816677,964.2459101934506,971.5126347088703,2136382
2021-09-03,972.5299682617188,996.6555174055535,965.5539008712449,978.5855720491516,5363972
2021-09-06,961.096923828125,976.9383584235508,960.1764602981681,974.7099082340637,3349749
2021-09-07,970.1077270507812,980.5233655684301,953.5396187378747,961.1938664455353,5483796
2021-09-08,968.5089721679688,990.018487503986,961.5329642853708,981.6860007904647,6385224
2021-09-09,968.4121704101562,975.5820290433833,962.5987906978391,968.896618719516,3193603
2021-09-13,965.3117065429688,972.7722224669292,961.7752693039035,972.7722224669292,2386618
2021-09-14,1004.3582763671875,1006.683652057443,966.571305789478,967.9277847982537,7838383
2021-09-15,1021.16845703125,1028.9681214571578,995.5411909578435,1003.7768115156456,6071710
2021-09-16,1095.7735595703125,1149.5958128677519,1037.6882558629263,1037.6882558629263,27230283
2021-09-17,1094.8531494140625,1110.8884353277167,1077.7521009034683,1102.1198738570763,5784278
2021-09-20,1056.048828125,1097.1785607820211,1050.8652548407842,1080.3197358680325,2954179
2021-09-21,1102.1683349609375,1107.5941320709046,1051.2527731545122,1057.0661525452283,6332732
2021-09-22,1105.8985595703125,1121.8368607065136,1093.1090539872444,1109.3865635389652,5587136
2021-09-23,1132.7855224609375,1138.4535441109572,1111.3244383789513,1114.2311282788091,4879235
2021-09-24,1126.8751220703125,1152.3570290660707,1105.7531310527424,1135.740430429943,4615559
2021-09-27,1114.9091796875,1141.311609891433,1109.2896508283782,1135.5467228994241,3083520
2021-09-28,1099.4554443359375,1123.9200840975436,1084.1953225044406,1123.9200840975436,3684708
2021-09-29,1088.2647705078125,1101.5387268032111,1079.4478338329805,1092.0434914466057,5574048
2021-09-30,1077.316162109375,1099.6007840937777,1072.568545075387,1090.008684019702,3180267
2021-10-01,1069.71044921875,1077.4131306763163,1057.357016290582,1069.6619570743283,1940798
2021-10-04,1084.970458984375,1090.0086739903036,1071.5996386073564,1073.0529835060102,1817348
2021-10-05,1132.2525634765625,1140.4881847247361,1074.1672585709075,1082.0637896576825,5270013
2021-10-06,1096.6456298828125,1142.47448791124,1091.6557885705417,1141.7961893043548,3329243
2021-10-07,1130.41162109375,1149.256731014265,1104.5906212041643,1107.4488188778655,4002618
2021-10-08,1137.8721923828125,1143.29798969616,1122.3698467598138,1142.7166753899996,2344868
2021-10-11,1136.7579345703125,1157.2984951559781,1133.6090206241342,1136.1766202657202,2535840
2021-10-12,1145.138916015625,1158.8003344307165,1123.9685489451506,1128.7645398091845,2354120
2021-10-13,1147.657958984375,1154.8761909442292,1138.6956659319433,1151.145962896026,1235622
2021-10-14,1172.3648681640625,1177.2093510903603,1125.6641000639554,1152.9869364588715,3315820
2021-10-18,1181.6661376953125,1191.4035947468956,1158.8486962784723,1183.0226164384753,4512591
2021-10-19,1156.8624267578125,1201.4316659796377,1148.7236724626055,1183.9915288928366,3879525
2021-10-20,1164.322998046875,1176.1436075425174,1135.9827724692175,1152.9869551252164,2850772
2021-10-21,1147.5611572265625,1173.2852910043785,1128.9582715338342,1167.520403541111,2408608
2021-10-22,1159.18798828125,1167.2297595993193,1140.1976373900825,1154.973311462763,2618946
2021-10-25,1141.1180419921875,1173.3338559563056,1120.7227199776767,1168.4408805109947,3612312
2021-10-26,1118.978759765625,1155.8936983118276,1102.3136664955946,1143.2980419178177,3413917
2021-10-27,1107.012939453125,1127.6503675942263,1087.1020655422087,1120.0445523768212,4329232
2021-10-28,1139.42236328125,1203.369536730708,1132.8823114511918,1135.5467770115858,17223159
2021-10-29,1104.73583984375,1145.2357644404733,1088.6521801738224,1130.6538235144628,5112475
2021-11-01,1190.8707275390625,1196.58724084639,1110.403939918313,1121.982206396858,10563295
2021-11-02,1174.835693359375,1201.5287254002344,1169.4582695825418,1182.0539261729089,3730392
2021-11-03,1141.3115234375,1182.0536663790604,1137.7266538898457,1177.209184139802,2922214
2021-11-04,1152.114990234375,1157.8315041606668,1148.1425375986528,1157.8315041606668,278458
2021-11-08,1028.144775390625,1094.8532907332512,1009.2027972548123,1094.8532907332512,29099645
2021-11-09,1035.0238037109375,1051.1559559233624,1029.4526482030153,1047.3772354893738,7752739
2021-11-10,1000.0950317382812,1033.6189490029442,995.8319812807393,1033.6189490029442,6796906
2021-11-11,1001.160888671875,1005.7146553123442,988.758965073456,1000.0950078094805,4527396
2021-11-12,1004.7942504882812,1011.0435861502906,996.5586295182022,1007.6524481037875,3479296
2021-11-15,1009.1057739257812,1018.3102913067653,1000.4341969657304,1009.5902222089909,3105993
2021-11-16,989.1465454101562,1013.4658259929527,986.5789458100612,1009.5902396602837,2685826
2021-11-17,1001.839111328125,1009.5902843364664,982.4611788072716,986.2398993035408,3042496
2021-11-18,977.0838623046875,1009.5903338761303,971.1251241074325,999.7076351149658,3244457
2021-11-22,975.58203125,993.9910670473092,957.8027427742289,992.1501398128756,6198324
2021-11-23,950.8267211914062,978.5856343756775,943.7053543385247,964.0521843601972,8136685
2021-11-24,940.21728515625,962.744131126892,935.9541164576414,958.2387382780614,6646771
2021-11-25,929.4625244140625,939.8297301721792,921.7597843858154,937.8919369140923,5711537
2021-11-26,873.7509765625,927.1856498176692,870.0691811644341,921.4207029926246,6746021
2021-11-29,867.5985107421875,908.8250510716579,861.2037574167713,898.0703219897988,11905868
2021-11-30,855.5357055664062,898.651604657805,848.4627721495505,873.9447411335203,6964145
2021-12-01,904.6104125976562,909.5517620309498,862.4634068470876,863.2869453737164,14626216
2021-12-02,916.1401977539062,920.4517995898628,896.8591902761308,905.9183501226545,5703967
2021-12-03,921.5660400390625,928.0576000573925,909.3094741909498,915.5588691920161,4928235
2021-12-06,887.1702270507812,922.3895960607945,885.5715239491242,922.3895960607945,4617346
2021-12-07,897.8280639648438,907.3716718830707,892.1599833354161,894.194701690886,3434735
2021-12-08,915.89794921875,919.4828784859304,903.4960844975027,906.8872226162601,3774244
2021-12-09,916.9637451171875,920.9361974324734,909.0187813498616,917.5450594093132,3111606
2021-12-10,915.3651123046875,937.8919594717519,908.8250599013463,930.140786252977,6605152
2021-12-13,909.35791015625,925.8775856868663,905.1432335172776,924.6180319092113,2681792
2021-12-14,916.6246337890625,919.6282487874325,895.4542663368272,903.0116481311745,2725729
2021-12-15,909.35791015625,921.275326745497,907.8561322237861,915.5588721740606,2266938
2021-12-16,899.4267578125,919.8220206818183,892.4991821743089,915.6073438647635,2457432
2021-12-17,855.5357055664062,900.1049495709982,852.8712398922187,897.1982597446118,4786306
2021-12-20,819.783447265625,846.8156879616681,804.959340070307,846.8156879616681,4700733
2021-12-21,830.5381469726562,840.9537850417324,821.9633768942022,828.4549957041397,3568436
2021-12-22,844.6355590820312,857.4734382421539,834.2199212728751,834.6559365433994,3619713
2021-12-23,844.0057983398438,856.5045880417615,841.9711391496501,852.532135665953,2642247
2021-12-24,834.3653564453125,851.466346480014,820.4616543249892,850.6912410034898,3462247
2021-12-27,828.6488647460938,834.9951260132605,786.259636061333,816.7798807143607,12325932
2021-12-28,826.1297607421875,838.8222833325387,818.8145436503249,837.126714177665,4660498
2021-12-29,842.9400634765625,847.6876805922252,827.4377174815912,827.4861504854741,6067054
2021-12-30,857.861083984375,865.6606898842135,833.2510863830115,837.1266728313045,12354342
2021-12-31,860.5255737304688,865.1278327665099,851.0788314985949,854.0823874253082,3606043
2022-01-03,883.9243774414062,887.0248584627288,849.4316813131782,860.5739924790125,5594214
2022-01-04,876.2700805664062,889.3986172476287,868.2281917351469,886.5403605420278,4102750
2022-01-05,875.8340454101562,883.536784785472,864.4979439839134,876.8513749570653,5448165
2022-01-06,893.0320434570312,895.2604938980406,857.521958004316,867.4047155435292,5209239
2022-01-07,893.5648803710938,909.2610169607236,887.6061426862675,897.6826908797163,4207773
2022-01-10,892.2084350585938,900.9285046990559,889.4471033271501,898.0703069596434,2569322
2022-01-11,889.3986206054688,905.9667283414811,885.5714673165203,898.167122759753,3383081
2022-01-12,912.2646484375,917.1575647970075,891.4818030243788,899.136110377338,5506622
2022-01-13,898.2640380859375,920.4517944705084,897.198275452306,918.5140012189914,2109207
2022-01-14,891.433349609375,897.8281029714174,884.8448642270428,890.5128859659645,2557488
2022-01-17,891.8692626953125,902.9147068766036,883.8758662615957,890.4159178891822,3048497
2022-01-18,871.6679077148438,898.5062980072436,867.5016047488381,891.8693795113198,3088062
2022-01-19,865.4669189453125,875.6887666140404,856.6499832242501,869.1002813254355,3628266
2022-01-20,849.9161376953125,870.5051911320364,844.8778633799157,867.1624859231933,3565267
2022-01-21,827.5345458984375,845.7982819261833,818.814476672377,842.8431591824803,4042974
2022-01-24,824.7732543945312,842.2618266985411,805.6859789999878,832.2822032597971,4657809
2022-01-25,856.746826171875,859.3144258394193,815.8109444576972,816.1500346160118,5165597
2022-01-27,860.47705078125,865.8059821058731,834.3168424603732,847.0094234610742,4323258
2022-01-28,875.4465942382812,896.9561126282554,867.1625393489479,869.100332732968,5520247
2022-01-31,844.9747314453125,898.603195656625,839.69429209574,898.603195656625,10148990
2022-02-01,893.6133422851562,898.1671682340827,851.6601303967192,851.6601303967192,11628936
2022-02-02,945.0133056640625,951.2627007631688,901.170733098651,901.170733098651,14380553
2022-02-03,928.5420532226562,949.2280315662239,924.7633918822323,937.2621228129899,5623611
2022-02-04,926.3135986328125,944.6257683444128,915.6073028448876,928.2029588628596,5000045
2022-02-07,904.0289306640625,929.5593907049793,899.2813729643901,922.4379654503407,2587054
2022-02-08,908.5343627929688,911.4894856253649,884.6026047047123,908.8250199485435,3160992
2022-02-09,937.068359375,941.1861698767952,911.1503756284064,912.9912436648033,4101202
2022-02-10,942.1065673828125,947.338632577703,930.3829424011652,935.9540977448847,4037566
2022-02-11,951.8440551757812,959.2076457714454,924.8602490525814,925.2962643552833,7171664
2022-02-14,912.3130493164062,934.79146311161,908.0499395976613,929.3656656016591,3652419
2022-02-15,939.5390625,941.7675128945185,894.533802757062,913.6695109665956,3985559
2022-02-16,938.2794799804688,956.8338141686334,932.0300851571438,936.0509705174619,3683264
2022-02-17,926.0713500976562,949.5186594334663,921.5175242913897,949.5186594334663,3152042
2022-02-18,925.6353759765625,935.9541487871486,919.0953236946647,920.451802637465,2417043
2022-02-21,922.8255615234375,941.7674778776799,919.4828564875702,922.3895462341062,3535914
2022-02-22,909.8907470703125,920.3063852188525,894.2915359165029,896.2293290604173,2866135
2022-02-23,921.1300048828125,930.9158368396179,913.8148474164128,914.6383858676298,3507003
2022-02-24,848.4143676757812,905.2401202104412,841.8258232050167,890.9004617454249,7305449
2022-02-25,898.215576171875,900.8800418069518,867.1624521431501,870.7473813704225,4821342
2022-02-28,892.0631103515625,896.0355627519807,874.9136287252775,887.5092845098052,3299912
2022-03-02,878.159423828125,884.2635198153497,859.9441792835701,878.78923028292,4507940
2022-03-03,883.8759155273438,897.1982436594359,878.3047601266508,889.4470709280369,3731807
2022-03-04,873.8478393554688,894.1946673072551,863.2868430972211,868.1313259428846,3623960
2022-03-07,808.4473266601562,869.0517956609349,799.8241234791501,850.6911937185873,6323502
2022-03-08,814.5513916015625,821.4305338757252,790.6196335146383,805.2499486663955,6163433
2022-03-09,848.1235961914062,852.6289889353686,812.1775567898553,836.1577471036626,6967640
2022-03-10,876.1731567382812,899.1360172828779,862.9961870362508,881.5020878751949,6312569
2022-03-11,873.7025756835938,887.0249049496314,865.1762967806817,872.0070065042798,3451877
2022-03-14,879.3705444335938,885.5715064265125,864.5464380461467,871.0380571963182,3718477
2022-03-15,868.76123046875,893.3227376150676,859.6535780357578,888.3813882092111,4390735
2022-03-16,899.765869140625,906.8872356375635,883.1977014690386,883.6337167750619,5705364
2022-03-17,903.4476318359375,919.9673067705003,900.6378080868341,914.5899425551169,4492246
2022-03-21,884.9901733398438,908.8250059170823,882.6647978576353,908.8250059170823,2363059
2022-03-22,898.8453979492188,903.0116415496179,875.4949541395408,887.5092957719421,2764481
2022-03-23,902.3818359375,915.0744170368381,899.232921948479,903.9805390020131,2433056
2022-03-24,896.0355834960938,908.7765977201124,886.7341995868852,893.322684783971,2923793
2022-03-25,897.4404907226562,904.2712000392669,887.5577334104239,901.0738530332743,1984601
2022-03-28,906.063720703125,913.572669697538,891.6271370462601,894.3400358233416,2654339
2022-03-29,900.2503051757812,915.122844424107,892.7413564788126,910.7143766938831,3351562
2022-03-30,897.4889526367188,915.6073317699952,894.2431725227136,910.1330420576194,4849869
2022-03-31,906.305908203125,909.2610310217784,895.2604632486023,901.0738428800867,2311242
2022-04-01,938.4732666015625,940.7502091991472,900.2503412694144,900.5409984355348,5222165
2022-04-04,956.4948120117188,963.8584031072185,928.2514502032725,944.6742607169343,5033678
2022-04-05,942.9786376953125,963.0832426089295,937.8919304280118,963.0832426089295,3827808
2022-04-06,938.1826171875,948.3075990377839,931.1096834485929,936.9230633660659,2406015
2022-04-07,942.3488159179688,956.204084701658,930.1407423295951,930.6251906328918,3182285
2022-04-08,954.9444580078125,959.2076266699364,938.1341257809756,940.7985914106143,2659878
2022-04-11,949.9547119140625,967.8308665499201,946.4182155628259,953.0067008139482,2413145
2022-04-12,954.4600219726562,956.9307556249191,935.954120471047,946.6119831265144,1963842
2022-04-13,952.81298828125,965.2632865661959,951.4565093179467,961.1454758079462,2060127
2022-04-18,947.0479736328125,952.42533782267,936.050961971424,941.767475446221,1575552
2022-04-19,933.822509765625,958.1902823496308,921.42064539834,949.4217801487429,1747142
2022-04-20,942.3003540039062,952.1831109152927,922.873989465089,935.5180779658426,2421543
2022-04-21,958.48095703125,961.8236621128419,945.7399431466152,945.7399431466152,1957820
2022-04-22,929.9954223632812,957.2698866132924,927.3309565857645,949.5187134423346,1942893
2022-04-25,917.1090087890625,928.6389012783047,902.0426794082514,915.6072309783003,2096910
2022-04-26,949.9547119140625,952.7644766566515,928.2998367696715,932.0785572782049,2673266
2022-04-27,944.1897583007812,949.3248985709097,937.0683917825637,939.9265895085481,1476543
2022-04-28,957.6089477539062,961.5814593656462,941.7675117207141,947.5808914226939,2003774
2022-04-29,948.11376953125,978.1011315533268,944.8679895299805,959.2076475857291,3476442
2022-05-02,986.4336547851562,994.0879619676809,936.3901783416452,941.7675429167504,8962019
2022-05-04,947.87158203125,996.9946540739048,940.798648304919,993.603515794742,4565643
2022-05-05,907.662353515625,964.0521493555311,903.0116615068895,964.0521493555311,4679266
2022-05-06,886.9279174804688,905.2400266273307,874.429128444129,890.4159213741324,3713381
2022-05-09,862.02734375,884.4088322537923,853.5979312395789,884.4088322537923,3283626
2022-05-10,882.422607421875,891.3849012661268,860.3802090481746,860.3802090481746,3972560
2022-05-11,894.630615234375,899.1360078941492,863.5774923063295,882.5679003689042,4209334
2022-05-12,842.8432006835938,887.9937599114594,829.3755138943909,887.5093115972687,4776857
2022-05-13,845.2169799804688,866.3389745349575,841.7289756497461,858.4424430799137,2932319
2022-05-16,858.3455810546875,870.8443125784561,838.6284983967771,849.4317198898484,1971123
2022-05-17,875.7371826171875,876.8514373801631,860.477060916925,862.3179881418179,2038983
2022-05-18,875.0589599609375,889.3986173550144,871.0864485459224,878.7891880969454,2665522
2022-05-19,839.3067016601562,863.141534987664,833.347963759901,860.3802032602814,2656251
2022-05-20,868.6157836914062,872.0069217203186,853.7916778495116,860.3801627640477,2286465
2022-05-23,874.332275390625,893.3226242248691,870.9895704465979,872.0069000025837,2577890
2022-05-24,870.0206909179688,888.4781588352322,867.4530913407881,877.2389822254967,2149695
2022-05-25,865.5637817382812,894.7760388206424,861.8819863674536,879.5643498850245,3664893
2022-05-26,869.6815795898438,878.595440291805,850.1583482432684,874.5260626738709,3909078
2022-05-27,896.6168823242188,898.1670931344751,877.0451603767859,880.0971489976191,2509528
2022-05-30,907.0810546875,917.0122453404764,903.1085429442544,906.8872635303342,2036338
2022-05-31,901.8973388671875,910.7143330417774,897.1982142077336,897.1982142077336,1249259
2022-06-01,899.4751586914062,909.1641249470869,890.1253417367286,901.8974002553264,1144864
2022-06-02,913.6210327148438,915.6072588564409,892.353741171198,892.353741171198,1735855
2022-06-03,895.5511474609375,924.1335981793239,893.3226970288895,920.4518027954934,1398174
2022-06-06,899.8627319335938,904.9010061631574,889.9315416215406,891.3848865452558,1417254
2022-06-07,894.9697875976562,901.0253912552988,887.9937203567011,895.5026688921779,929573
2022-06-08,885.2808837890625,908.8250606326856,878.3532490645044,900.1049907545467,1905868
2022-06-09,891.675537109375,894.7760180843928,878.159417591415,879.7581206503829,1031195
2022-06-10,884.7964477539062,896.229416592272,875.1559140940212,884.1182082599439,882217
2022-06-13,838.5316162109375,872.3460737590832,833.3479836597829,867.1625003446869,3353078
2022-06-14,817.9424438476562,842.8915289276407,814.1637238119101,837.1265828779254,3770890
2022-06-15,817.0704956054688,830.3443909284083,802.2463893684038,825.4999079008213,3911673
2022-06-16,784.418701171875,832.6698014659204,780.107158405345,827.4377359213165,3141825
2022-06-17,781.802734375,796.2876920541522,771.9684096745523,784.8062903500312,2624540
2022-06-20,759.6633911132812,789.2631713397992,745.5659569706229,789.2631713397992,3103978
2022-06-21,774.0029907226562,784.2248967060036,759.0820192304183,771.2900921910451,3425596
2022-06-22,753.4624633789062,776.9097137501112,743.8219303977511,774.7781885430965,3066728
2022-06-23,760.535400390625,769.5945599744305,739.4618992743103,756.7082469812306,3888446
2022-06-24,781.4151000976562,790.4742595624994,767.8505478330968,769.25545971642,4706175
2022-06-27,797.8863525390625,803.893523304777,792.218331066438,793.7201089736778,2569316
2022-06-28,791.200927734375,797.8863378262365,786.744027097637,793.5263031933063,1280737
2022-06-29,783.6436157226562,791.9276704328322,763.6843679536087,779.9618201999958,3774208
2022-06-30,769.6430053710938,791.297880280008,765.6705528893253,786.5502631939132,2686640
2022-07-01,782.0933837890625,784.8062825681192,758.6460731491819,768.3350396006401,2796110
2022-07-04,806.1220092773438,813.873182443472,785.9689708727618,787.5191818512842,4711395
2022-07-05,798.4192504882812,812.904266831886,795.512560618799,807.0908870929214,1836183
2022-07-06,810.5304565429688,813.8731617130702,799.3881454004684,803.9904043506316,1660551
2022-07-07,834.219970703125,836.5453461925397,814.1153662988395,814.8420387471872,3868679
2022-07-08,822.2056884765625,840.5178591490378,819.8803719563615,840.0334108152343,1342616
2022-07-11,831.6524047851562,833.2511078910456,816.8282980651438,818.7176583348065,1503503
2022-07-12,820.7039184570312,834.3653970853122,818.717692096457,823.5621754816431,1221366
2022-07-13,793.57470703125,829.5208044993268,764.9438258212137,829.5208044993268,10850036
2022-07-14,795.3672485351562,803.9903928575077,788.3911811357021,797.4987737616719,2463571
2022-07-15,789.6991577148438,803.2152770388067,785.9689294797997,798.5161522090235,1365475
2022-07-18,824.5794067382812,826.6625579999575,797.5956611584453,800.3085597029692,2536142
2022-07-19,841.09912109375,844.6840503679038,813.873150084898,814.8420466921419,2608372
2022-07-20,851.9507446289062,869.5362410797877,845.6529169057565,858.4423634939653,3995680
2022-07-21,918.61083984375,932.0785261950331,864.8370787171135,874.9136269793294,23581540
2022-07-22,913.1365966796875,926.2651335549194,909.4548014908158,920.5001870574307,4842122
2022-07-25,932.126953125,936.438554780362,910.326779837304,910.7627951304089,6043152
2022-07-26,931.69091796875,939.7328068083885,922.2441764121479,929.1718105416909,2983144
2022-07-27,949.324951171875,953.1521048688402,925.5385496070745,930.8190483178167,3405140
2022-07-28,986.0460205078125,988.274470722287,958.3355439839405,963.519175954584,7001490
2022-07-29,1011.0436401367188,1017.2929761324222,987.063448384554,990.4061536076618,5862550
2022-08-01,1007.7977905273438,1015.3067389417675,992.6830276962371,1007.6524323872019,4299697
2022-08-02,1034.054931640625,1038.560324639089,999.9498174660768,1000.8702219580844,5074834
2022-08-03,1025.3834228515625,1036.7194669092924,1018.8433701397515,1030.4701305163044,2753893
2022-08-04,1017.5352172851562,1039.4807501219839,1011.3343733271225,1028.096214453553,2142720
2022-08-05,1004.0675659179688,1024.850350099595,1001.4031003421957,1022.6703328103263,2382020
2022-08-08,1017.5352172851562,1024.8019421798995,1001.5484225167214,1004.0676484323794,2057991
2022-08-10,1030.0340576171875,1034.2972267498305,1010.6077497556955,1012.88463334489,2727232
2022-08-11,1054.06103515625,1060.7026834431158,1044.098681952754,1045.7102706486498,3998702
2022-08-12,1055.2818603515625,1062.7049207023379,1050.4960967396107,1052.0588023614805,2463516
2022-08-16,1059.1885986328125,1071.3486578554796,1050.0564228902451,1059.7258345345817,3083931
2022-08-17,1063.241943359375,1069.4928845206518,1056.7957087226898,1057.7724145533023,1768441
2022-08-18,1079.357666015625,1081.652901034779,1056.356313611582,1057.2841365256675,2407824
2022-08-19,1038.5313720703125,1079.2110751092814,1035.3081950929873,1079.2110751092814,3660413
2022-08-22,1032.5733642578125,1042.4381886031845,1021.145953643762,1030.4246591048961,2662510
2022-08-23,1046.100830078125,1053.7679470214714,1010.011478014333,1010.8905371093505,3030759
2022-08-24,1076.232177734375,1079.259941961489,1051.9121787262657,1051.9121787262657,3685015
2022-08-25,1064.560546875,1093.666430354569,1057.4794291075782,1083.1668419408054,3775014
2022-08-26,1044.8310546875,1076.0367580575626,1039.8498788330148,1072.4229942013321,3662548
2022-08-29,1034.52685546875,1038.1407388833115,1016.7508555409806,1025.541208758914,1642550
2022-08-30,1081.65283203125,1083.9481861307675,1045.0752461081786,1046.833364306365,3200407
2022-09-01,1085.5108642578125,1094.8872162159105,1069.4928650815539,1072.0811593309893,3487969
2022-09-02,1075.10888671875,1093.4221200832528,1069.492828486969,1090.9314726549687,2428618
2022-09-05,1082.1900634765625,1086.5363567447566,1071.0068293741303,1073.8880638921303,2419887
2022-09-06,1082.9715576171875,1092.6897337033167,1072.032379920237,1089.0270865512387,2516672
2022-09-07,1064.560546875,1074.3764888502128,1060.7026062648465,1069.492959355439,3165749
2022-09-08,1082.483154296875,1089.0270358800572,1071.8370365581604,1077.3065655387472,2995969
2022-09-09,1110.6610107421875,1122.7721863595357,1090.540895353428,1092.933776843472,4751837
2022-09-12,1110.3680419921875,1118.3282186603244,1101.724218907289,1117.6445722435626,1918731
2022-09-13,1136.6903076171875,1138.3995428422015,1110.3192498598282,1118.3281900806076,3571187
2022-09-14,1187.43017578125,1196.46470518777,1115.6911764547901,1121.844351973966,9043198
2022-09-15,1167.99365234375,1191.5811221731078,1157.4453008310766,1190.604416335261,4063705
2022-09-16,1198.7598876953125,1221.9078876165347,1157.396419257501,1167.9936537656827,16270762
2022-09-19,1197.1971435546875,1226.7424942318478,1189.6276735464894,1197.4413200065649,6074889
2022-09-20,1234.65380859375,1246.0813382735896,1211.1152220745928,1212.33610435491,5704241
2022-09-21,1195.7320556640625,1235.5328163488168,1193.339174184771,1230.6492874304422,6121456
2022-09-22,1188.2115478515625,1209.6501935384565,1176.9305476090756,1190.604429490011,5463724
2022-09-23,1155.7847900390625,1185.6719638147506,1148.6549092014843,1181.814023577257,4197496
2022-09-26,1122.821044921875,1152.5129272315023,1109.244809476078,1142.7458685261506,5082576
2022-09-27,1137.9599609375,1150.5594902362084,1114.0306676346247,1139.2784899884232,4493527
2022-09-28,1114.32373046875,1132.9787883978745,1106.607730392062,1128.290552617237,4898528
2022-09-29,1115.642333984375,1147.4341592817395,1110.807687384682,1132.978864015649,4998273
2022-09-30,1157.591796875,1164.5265042176386,1102.505678930832,1114.4214433424609,4392250
2022-10-03,1129.3160400390625,1158.2753897976359,1126.1906292838278,1150.5593904138514,3397982
2022-10-04,1190.8486328125,1193.5345739568381,1148.7526336320482,1157.2988100003972,4446589
2022-10-06,1172.9261474609375,1206.1829120553546,1169.4100300413984,1196.4647359722571,2773277
2022-10-07,1185.1348876953125,1189.4811809837738,1154.9546534552267,1173.0237114585432,3338767
2022-10-10,1182.1070556640625,1188.5532899800087,1155.6871165698315,1165.307644677328,2547644
2022-10-11,1137.4715576171875,1187.6253769008895,1134.9321463674019,1186.69755407607,21664338
2022-10-12,1161.3521728515625,1164.33105424576,1129.169642609756,1147.678290548672,3412460
2022-10-13,1156.663818359375,1168.8726405924274,1139.8156436777629,1161.3520537875788,1982808
2022-10-14,1154.07568359375,1188.0162140892721,1151.7315655558943,1173.2679786401743,2918993
2022-10-17,1171.7052001953125,1175.7585533299232,1136.8856126964927,1150.5594946361412,3419791
2022-10-18,1194.7554931640625,1200.0297288737875,1175.0748454174113,1178.8840222759236,3451130
2022-10-19,1190.0184326171875,1203.0085488984694,1181.8140796240266,1199.2971382010126,3896969
2022-10-20,1132.929931640625,1185.720931857622,1123.309402620417,1185.720931857622,11242103
2022-10-21,1115.642333984375,1141.7692172709428,1112.565686499663,1138.8390995191783,5309754
2022-10-24,1119.1583251953125,1132.978736210827,1116.374737490496,1132.978736210827,674170
2022-10-25,1110.9539794921875,1126.1906855589662,1095.6686288976048,1119.1583321681182,3514202
2022-10-27,1115.886474609375,1126.7278860972017,1108.7564739517884,1123.211768753419,2590606
2022-10-28,1120.2816162109375,1133.955498187357,1111.0029105840815,1118.3282045000205,2778938
2022-10-31,1116.0328369140625,1132.5879515053414,1112.4189541424012,1128.0951289496845,2048520
2022-11-01,1124.3349609375,1132.881137108769,1118.3281961260504,1119.793254898268,2664189
2022-11-02,1111.6865234375,1130.7322870440719,1108.5611124850843,1119.304876570843,1947283
2022-11-03,1121.25830078125,1124.1395353094417,1099.0382429913777,1107.047183163386,1742221
2022-11-04,1125.8487548828125,1131.0253434372723,1115.495697000678,1126.8743436880422,1571565
2022-11-07,1117.4979248046875,1131.02527580379,1112.7120427111122,1131.02527580379,2601148
2022-11-09,1122.2349853515625,1145.5782782568865,1117.3514562595192,1129.071926080423,3456108
2022-11-10,1101.08935546875,1130.8301211992768,1091.957179290525,1116.374826412406,2072769
2022-11-11,1113.4447021484375,1134.3949955639348,1104.26364303975,1113.4447021484375,2198448
2022-11-14,1126.093017578125,1132.9788418507806,1107.7310182290337,1119.0118998165576,2007506
2022-11-15,1125.9952392578125,1140.5481792850112,1120.4280639796318,1130.878768177894,1802234
2022-11-16,1117.44921875,1131.0254548775686,1109.537924646734,1124.1885134404847,2331206
2022-11-17,1119.793212890625,1125.897624212532,1111.0517435683676,1114.8608008518106,1721557
2022-11-18,1102.359130859375,1124.530306957448,1095.8640128203838,1124.530306957448,2082130
2022-11-21,1112.468017578125,1115.4470182570897,1090.9804878268355,1093.4711355569073,2602264
2022-11-22,1142.1597900390625,1145.9200835358008,1111.9795568766326,1116.3747329907696,3927395
2022-11-23,1146.9945068359375,1155.4430363996871,1133.9555074049338,1148.606095355902,3265438
2022-11-24,1148.16650390625,1159.300854189289,1140.401621577862,1152.512796847719,3496170
2022-11-25,1159.4473876953125,1165.9913878450786,1148.6548605475914,1152.5128006216733,4715695
2022-11-28,1169.947021484375,1177.369961736782,1151.2430815242592,1152.5128467580107,2846018
2022-11-29,1153.098876953125,1171.9004641463919,1150.9989355770913,1164.233347240209,1875146
2022-11-30,1140.5970458984375,1156.126572260038,1135.908810511719,1152.5128086017442,2421938
2022-12-01,1146.5550537109375,1153.4407586128489,1135.0298766630235,1147.6294063310806,2693170
2022-12-02,1151.2431640625,1158.1289881533694,1139.8646360309144,1142.4040474536976,2299901
2022-12-05,1167.65185546875,1170.0936201184127,1152.366384916503,1154.4663263605707,3842074
2022-12-06,1156.5174560546875,1179.860751388613,1151.536279707926,1171.0215151216798,3130375
2022-12-07,1137.5205078125,1161.3032717442422,1134.394977513111,1156.4197424265626,2752097
2022-12-08,1163.1102294921875,1166.4799364769074,1135.957876253707,1137.8624051209156,3666432
2022-12-09,1174.48876953125,1187.6742983367983,1161.5474171850638,1167.651828669114,6171282
2022-12-12,1178.6397705078125,1191.4834761283328,1167.4076533660352,1173.3167713791634,2790292
2022-12-13,1206.1829833984375,1212.0432191865546,1181.325864287896,1184.5490416620812,4161518
2022-12-14,1223.9588623046875,1227.7191556823843,1204.2782171490692,1212.824392656007,3913725
2022-12-15,1210.724609375,1243.8838462045837,1206.2317860819162,1223.5683158009074,3097282
2022-12-16,1200.90869140625,1219.7102784840622,1180.0559267203394,1206.231690446657,1944616
2022-12-19,1195.0484619140625,1212.7755772867133,1183.8651086626078,1205.206107130013,1382378
2022-12-20,1200.0296630859375,1205.5968387246255,1181.7651922060331,1186.69760442543,1245359
2022-12-21,1173.80517578125,1209.3084107194586,1163.2078215882152,1207.208469229405,1495106
2022-12-22,1152.6593017578125,1180.641945026285,1142.9410081184312,1179.7140030381445,2126536
2022-12-23,1121.11181640625,1152.2198747249495,1116.374816750959,1133.02769963468,2621761
2022-12-26,1167.8470458984375,1179.8605746054127,1114.4212877688542,1123.2116397319742,2100374
2022-12-27,1174.3421630859375,1181.7651031202156,1157.3963417587079,1173.6585167351038,1462244
2022-12-28,1185.867431640625,1198.4180779679552,1166.1867849174723,1170.0936083175309,2834356
2022-12-29,1202.471435546875,1206.1340824980025,1173.8051425880744,1177.9072594826218,3134405
2022-12-30,1191.6788330078125,1209.161892290981,1183.2791861958995,1209.161892290981,1767556
2023-01-02,1197.783203125,1202.4225559428,1183.5233214672246,1191.6787915226314,2587946
2023-01-03,1212.0430908203125,1220.7357968307442,1193.8276218895394,1197.9786217998274,2195814
2023-01-04,1194.60888671875,1243.7372380652366,1178.0048874712725,1228.6959443133408,8001367
2023-01-05,1187.52783203125,1203.7900089385369,1175.758597597582,1200.6157147973197,2364186
2023-01-06,1154.36865234375,1189.3346497646476,1148.7037107996716,1185.720885859251,3029739
2023-01-09,1190.2625732421875,1195.0972193680036,1160.3753989489953,1162.4264573288328,2836421
2023-01-10,1198.955322265625,1202.4714395049232,1176.9305575029657,1186.697616071455,2442613
2023-01-11,1184.9884033203125,1209.3571672206463,1179.2746977946229,1203.6923446794428,2675249
2023-01-12,1180.9837646484375,1196.220350286214,1169.4098255210292,1185.7207636231587,1862790
2023-01-13,1205.645751953125,1208.478222826604,1181.9117515784983,1184.7442224519775,2184432
2023-01-16,1210.3828125,1220.8824011498891,1203.8876942805232,1211.1153419406899,2398823
2023-01-17,1201.68994140625,1211.1151760978514,1184.451060417243,1211.1151760978514,1803413
2023-01-18,1194.51123046875,1209.1618179233953,1189.6277013172016,1203.3015829415372,1865108
2023-01-19,1172.584228515625,1215.9987548432084,1155.6871700146398,1186.6975800277096,9691261
2023-01-20,1174.43994140625,1199.3948244093936,1170.582000858842,1180.446706432486,4144033
2023-01-23,1176.637451171875,1191.727627594994,1172.5353344272746,1184.4510977153304,1848813
2023-01-24,1184.0606689453125,1191.38596355837,1170.4355494289457,1178.2004332548665,2472106
2023-01-25,1129.2183837890625,1182.7906706671533,1124.5301484689526,1181.8139649110285,3420414
2023-01-27,1090.3944091796875,1141.4272886437852,1080.236644732864,1135.9577598575836,4781085
2023-01-30,1063.6815185546875,1098.5987515406725,1030.4246377682314,1084.1434577466698,7991091
2023-01-31,1057.7235107421875,1073.2531569884704,1043.4636297414106,1071.4951580640584,6080048
2023-02-01,1017.5809326171875,1092.9338103197074,966.9387598002774,1068.5161648702056,7563064
2023-02-02,1050.837890625,1055.819066817355,1004.4443608619802,1010.7929491453408,4494575
2023-02-03,1077.8438720703125,1104.6544020418833,1053.8656939020266,1084.1435776007872,9207051
2023-02-06,1102.8475341796875,1108.5612400739158,1074.8160022117831,1083.1668856757467,2865938
2023-02-07,1116.277099609375,1121.4048051372085,1096.3522771415787,1107.5843940120715,3603258
2023-02-08,1118.6700439453125,1124.432632421539,1109.5378679095488,1117.3515148666584,1675932
2023-02-09,1136.6903076171875,1140.9877179443642,1111.784308624126,1123.3582490167205,2284751
2023-02-10,1134.15087890625,1139.8158209943706,1120.3793491303409,1132.9788794802655,2126093
2023-02-13,1130.390625,1142.7459793053715,1121.8444478043402,1137.8624494792803,2112106
2023-02-14,1129.902099609375,1134.9321584080894,1110.5145130034405,1133.662393156334,2433798
2023-02-15,1122.821044921875,1133.4182797718236,1118.3282217627714,1128.095280468123,2050158
2023-02-16,1121.60009765625,1129.1695677147143,1117.0583917758147,1128.4370383542177,1918858
2023-02-17,1088.73388671875,1117.25376706863,1083.1667114560807,1115.3980022388137,3146155
2023-02-20,1083.4598388671875,1096.6453677420477,1078.0879567329853,1091.2246026250014,1613608
2023-02-21,1076.0855712890625,1086.2433350403915,1070.4695131679714,1084.143393810628,1767689
2023-02-22,1067.2952880859375,1071.3974048518337,1054.06087649354,1071.2021113779472,1983022
2023-02-23,1050.544677734375,1071.9834404192645,1041.803208988549,1067.2463221644134,3193602
2023-02-24,1054.0120849609375,1064.2674958321913,1044.68449690637,1054.8911440238298,1862986
2023-02-27,1056.746826171875,1064.4628260822208,1042.1940046712366,1054.7934145098525,2047252
2023-02-28,1052.595947265625,1064.511831308402,1043.170830295456,1057.28418348357,1360243
2023-03-01,1074.81591796875,1080.7739191073929,1045.1729189073292,1051.961096183176,4006038
2023-03-02,1076.3787841796875,1084.631901339323,1067.9302543040853,1074.3276064094068,3831094
2023-03-03,1100.1614990234375,1106.8030273020045,1079.0157934152908,1083.166793299441,3365349
2023-03-06,1094.4964599609375,1113.4445757087044,1090.638519867395,1105.6309295633803,3623590
2023-03-08,1146.8968505859375,1151.536203398612,1079.7972060175482,1083.8016761789202,7227479
2023-03-09,1142.5506591796875,1155.1013066949304,1135.2253646112422,1146.896952932912,3086720
2023-03-10,1118.1329345703125,1135.1764044163262,1111.491286922589,1128.1929335573507,3255900
2023-03-13,1035.4058837890625,1093.4222371443584,1030.4247076259921,1092.9338842023556,12242080
2023-03-14,1039.215087890625,1057.1865004739423,1027.6899104657814,1035.4059109975465,5410127
2023-03-15,1020.022705078125,1061.239762452824,1015.7740585822966,1054.6469981302946,4117107
2023-03-16,994.0911865234375,1017.6785966607599,978.561599521486,1015.7740679740232,9261210
2023-03-17,996.7283325195312,1014.406684782555,982.8102739811644,1013.8206851105081,5324960
2023-03-20,978.9522705078125,996.2399761339931,967.1341534598162,996.2399761339931,5439347
2023-03-21,999.0235595703125,1005.958147292879,972.7990312186612,983.8846188234357,6200518
2023-03-22,1007.1301879882812,1019.680833404659,1000.2932475344186,1004.0535409386872,2992139
2023-03-23,994.5307006835938,1021.8295806472933,990.6238774056812,1004.2001121417841,3703523
2023-03-24,986.0333862304688,1001.0746206635696,981.2475632981435,995.2632685038457,2709449
2023-03-27,989.2564697265625,997.167822666867,980.612647031848,990.379705269217,2116764
2023-03-28,1012.0137939453125,1014.2113821156787,983.7381475639223,993.993559025631,4396283
2023-03-29,1032.475830078125,1039.1662419525417,1001.1235931052616,1006.9838287722193,5803091
2023-03-31,1043.072998046875,1050.935528080574,1035.6989401805263,1038.2383516260688,3097113
2023-04-03,1053.62158203125,1055.9657002421961,1039.215168742758,1048.0055226137022,1534155
2023-04-05,1042.3404541015625,1063.8279831864859,1035.4058662876953,1063.6326897037027,2979782
2023-04-06,1056.7957763671875,1067.979011152814,1039.4592467641214,1042.3404814581388,3458673
2023-04-10,1044.3916015625,1057.7724238690203,1038.2383070847354,1056.795718029806,1602094
2023-04-11,1049.1773681640625,1052.9865447945936,1030.473546664447,1052.3028983956622,1932390
2023-04-12,1049.7147216796875,1052.0099568210194,1032.9154269997257,1048.4938392399577,3005913
2023-04-13,1083.4598388671875,1088.5386615579002,984.4706659534419,1048.0053690907375,6082307
2023-04-17,1098.1593017578125,1110.2215962930272,1079.2600656303691,1081.6041837359217,5360050
2023-04-18,1120.1839599609375,1122.7233713182134,1100.7963727400345,1103.6776072984612,4455007
2023-04-19,1094.30126953125,1119.2072689644795,1092.4943875353736,1116.3747981247543,2207739
2023-04-20,1099.966064453125,1105.1915360554472,1086.4875954568004,1092.8849471444385,2530597
2023-04-21,1090.345703125,1109.293823090059,1082.5320552405885,1099.966233237321,1894300
2023-04-24,1076.329833984375,1114.4213616843665,1066.5627755997618,1104.410126840138,7711772
2023-04-25,1095.6197509765625,1101.3334561646025,1087.1712218083196,1093.8616328140342,5268567
2023-04-26,1111.2958984375,1113.2493100225709,1089.1734883912168,1091.7128996064525,2688362
2023-04-27,1118.083984375,1121.6977482083635,1103.6775735695567,1113.4446317427385,2990958
2023-04-28,1125.9466552734375,1130.5860084882345,1108.5612418514788,1121.9909485258909,2239678
2023-05-02,1124.0908203125,1134.7857019999353,1123.2117611757867,1131.9532311046555,2000569
2023-05-03,1119.4515380859375,1132.8812447742487,1113.737832176634,1115.886537556044,1816420
2023-05-04,1108.1705322265625,1124.1885334380245,1102.7010028249606,1119.4515334891405,2752160
2023-05-05,1048.2984619140625,1128.0464011187994,1040.5335786822125,1104.6543431348218,8504838
2023-05-08,1100.112548828125,1108.2192546208396,1061.6791996236288,1061.6791996236288,6764292
2023-05-09,1114.0306396484375,1123.114051507565,1104.751934315112,1108.5611108762553,4181498
2023-05-10,1145.236572265625,1148.4108665003002,1123.2118061158521,1128.09533570766,6466598
2023-05-11,1159.789306640625,1172.0470126722034,1142.0133079724783,1147.6293665748658,6086958
2023-05-12,1180.49560546875,1185.7209581688635,1148.6550170930998,1164.721781397339,3983609
2023-05-15,1191.1417236328125,1194.169488066262,1168.1402520821168,1180.4467225312685,3323300
2023-05-16,1191.874267578125,1197.539090310135,1180.4956199011767,1191.1417381469068,2888698
2023-05-17,1207.35498046875,1218.9289211390148,1185.7209216849071,1188.6999222678298,4661849
2023-05-18,1210.0408935546875,1218.9288928866283,1202.03183410061,1218.9288928866283,2489971
2023-05-19,1218.9288330078125,1221.8589503948506,1193.1437761565217,1214.0453040294158,2366675
2023-05-22,1217.1220703125,1221.8590700400382,1203.7900110506373,1217.9522464747624,2106351
2023-05-23,1230.8447265625,1237.3887276236494,1215.9988445843962,1216.9755504836608,2142459
2023-05-24,1242.125732421875,1246.1790857656028,1218.587143999597,1225.7659085429157,2782379
2023-05-25,1233.9703369140625,1242.2723375956232,1220.5893936912303,1239.3909834700592,2589092
2023-05-26,1238.5118408203125,1242.8092509708215,1226.644841471999,1227.1819581274215,1981580
2023-05-29,1255.01806640625,1264.8340073587042,1242.3697740233758,1242.5650674921008,2985334
2023-05-30,1263.124755859375,1265.957226479904,1246.6672872351928,1255.0180501569616,1818000
2023-05-31,1256.6297607421875,1267.178231931696,1247.4975846140549,1258.9738786983885,2764078
2023-06-01,1260.0970458984375,1267.7641627910696,1222.347341859032,1250.1834579141516,3244947
2023-06-02,1271.995361328125,1276.6856098883832,1255.0117726501464,1266.2683933017179,1912458
2023-06-05,1285.4244384765625,1290.015848743113,1266.5153061551912,1278.7099288601476,3040374
2023-06-06,1289.571533203125,1299.3470229905606,1283.6470085482867,1285.6218500998996,2902701
2023-06-07,1294.7060546875,1296.236605082229,1286.8066885929215,1293.4717787352222,2679118
2023-06-08,1287.4486083984375,1307.2464439971918,1283.6470623591736,1299.890086588196,3215312
2023-06-09,1314.306396484375,1319.5890732250607,1282.0670858960514,1282.6595142206108,4233651
2023-06-12,1315.6888427734375,1320.1322365288827,1302.0130883219654,1320.1322365288827,1904622
2023-06-13,1319.4410400390625,1326.0074124463035,1315.59007482367,1319.1941848398035,3756073
2023-06-14,1306.6046142578125,1319.441085057247,1301.6180908487397,1318.2562282742838,2858453
2023-06-15,1280.783447265625,1303.3459875876786,1272.2916528128637,1298.458303025934,5952095
2023-06-16,1297.4708251953125,1302.0129363972642,1278.2655404183101,1280.7833909317396,3508045
2023-06-19,1285.0294189453125,1300.6800141008373,1274.3652263759025,1293.521213491818,2679485
2023-06-20,1282.067138671875,1298.8532915890066,1269.0331123212457,1278.7098839814964,2102065
2023-06-21,1270.41552734375,1291.052645361257,1268.2432498828591,1281.425292938869,1490552
2023-06-22,1256.6903076171875,1272.8347328874836,1253.086318401256,1270.415479792067,3185099
2023-06-23,1292.237548828125,1301.4206104541888,1246.125045821841,1256.6904001359012,4636121
2023-06-26,1298.5076904296875,1309.9123276389587,1289.4727665651035,1298.2608352450527,2236596
2023-06-27,1299.3963623046875,1304.3334663379662,1281.0303594078443,1302.16118877723,2638788
2023-06-28,1317.268798828125,1330.0064310333623,1299.692659942254,1308.3325921545957,5550351
2023-06-30,1357.3580322265625,1364.8624062294618,1320.2310341058233,1325.020000897921,4590286
2023-07-03,1362.9862060546875,1369.5525781390181,1350.3965915115928,1362.5912136483444,2890340
2023-07-04,1350.1497802734375,1376.464568183906,1346.1507984327855,1371.5274642808074,2262047
2023-07-05,1381.94482421875,1395.3243036930148,1354.0994854312862,1354.0994854312862,5288351
2023-07-06,1372.71240234375,1379.130637798091,1356.1238045672387,1377.6989257952614,3337234
2023-07-07,1340.0286865234375,1376.4151173473895,1335.980285522745,1367.133458650354,2922616
2023-07-10,1349.80419921875,1355.1362955098878,1328.2290793952493,1344.1265297633674,1941110
2023-07-11,1363.57861328125,1366.2447215817106,1352.7664044667508,1354.7412459331258,2110648
2023-07-12,1354.1981201171875,1367.3802833700474,1334.0054142807273,1354.691830485167,4921224
2023-07-13,1358.9873046875,1373.996052737779,1349.211814592689,1366.5903966863716,5174896
2023-07-14,1359.678466796875,1366.5409932701416,1349.804258613891,1358.8884819283292,3885754
2023-07-17,1373.0086669921875,1387.0794138491733,1352.371547494988,1362.6407482554612,4003275
2023-07-18,1372.76171875,1391.473294035691,1365.1092078200863,1380.4142296799137,4106331
2023-07-19,1401.6932373046875,1425.2431991508993,1392.2633205015688,1412.0117363952081,8850582
2023-07-20,1407.2227783203125,1415.4677178997654,1400.360131434121,1408.0620618940115,4491531
2023-07-21,1389.6466064453125,1412.3572843169877,1382.9815162003642,1404.1617641885016,2138540
2023-07-24,1417.6400146484375,1421.29354398162,1387.6225183263628,1390.7822167177071,2738185
2023-07-25,1397.6446533203125,1427.8104054671496,1393.6456716009595,1418.92361871113,2982900
2023-07-26,1409.7406005859375,1411.9129986246353,1393.4481577021402,1403.5692207057114,1537232
2023-07-27,1397.7928466796875,1415.1714284824866,1387.474347634678,1415.1714284824866,3362598
2023-07-28,1384.314453125,1404.0628678521857,1380.0191970287885,1397.3977778817605,1565680
2023-07-31,1399.915771484375,1402.038750208637,1378.4393701232148,1391.6214130586302,1721385
2023-08-01,1377.0570068359375,1405.2972172657455,1371.8730476989447,1402.8780845490544,1578914
2023-08-02,1363.8748779296875,1376.6126294033668,1351.8776920005855,1372.5148092830882,1913777
2023-08-03,1347.3355712890625,1363.2330207605312,1337.0170729877793,1358.9377647391516,3631489
2023-08-04,1391.8682861328125,1397.1016644008253,1349.1130393323713,1352.815867200844,4063355
2023-08-07,1397.447265625,1399.8170996153656,1381.7472510404373,1392.2633065050345,2792582
2023-08-08,1386.2894287109375,1403.0755828529814,1384.660280766143,1397.447332325145,1846797
2023-08-09,1390.7327880859375,1392.7076297009041,1374.489764016744,1387.3262345140267,1218020
2023-08-10,1412.2091064453125,1415.9613535039268,1382.4877660191623,1384.8081806714395,3730443
2023-08-11,1379.6737060546875,1413.7397234881366,1375.2303124764117,1413.7397234881366,3074690
2023-08-14,1371.4287109375,1379.920505324855,1361.7026406062055,1377.451953436975,1783022
2023-08-16,1363.3319091796875,1370.5895488006981,1349.8042918498193,1366.5904461742134,2051360
2023-08-17,1357.012451171875,1373.7491854873565,1352.7664935257349,1363.7762595325505,3329471
2023-08-18,1354.445068359375,1359.6784468334247,1343.7315767450916,1351.7790804030199,1720129
2023-08-21,1380.216796875,1382.3890743493587,1349.014204197591,1357.7035551645486,1763990
2023-08-22,1383.524658203125,1386.9312117004079,1376.5632934489645,1385.351362549998,1224910
2023-08-23,1383.3765869140625,1390.2885327444683,1374.6379366497179,1383.5247241459538,1681561
2023-08-24,1407.2227783203125,1416.9488491009163,1384.6108178757906,1390.5353426803938,3559546
2023-08-25,1383.524658203125,1403.569227835057,1371.5768908012717,1400.113255084576,1862535
2023-08-28,1391.72021484375,1393.4976205187259,1376.2671755683798,1382.3891363870443,1072295
2023-08-29,1382.5372314453125,1395.9167107149517,1374.9340191062383,1391.720172393209,1831565
2023-08-30,1374.9339599609375,1393.1519449183868,1369.4044279288687,1387.4742756684998,1500390
2023-08-31,1360.8140869140625,1384.265332418303,1346.1014919433949,1374.9341329389094,4106180
2023-09-01,1398.73095703125,1405.6922012238665,1358.8884320475959,1364.6155207974093,2792033
2023-09-04,1403.9149169921875,1409.5431672394132,1397.200407456231,1405.9390572757713,998692
2023-09-05,1405.84033203125,1411.814275949309,1398.5333941704562,1407.0746080031827,1469938
2023-09-06,1390.930419921875,1403.865609093716,1378.8838130970946,1403.865609093716,4046484
2023-09-07,1421.490966796875,1425.0456575879864,1380.4142854150818,1390.9303410954763,2278316
2023-09-08,1430.6246337890625,1441.5849808058592,1416.0601766651598,1426.823087731472,2862657
2023-09-11,1431.95751953125,1433.734925090307,1413.7396549573327,1430.822082099654,2220230
2023-09-12,1411.1724853515625,1435.6111505832064,1407.1733828270228,1431.8589032630268,1943026
2023-09-13,1436.7467041015625,1441.2888157405168,1398.2372923427786,1411.913046514265,4302942
2023-09-14,1439.9063720703125,1449.3855875806232,1432.2044416673796,1441.584939205297,2407947
2023-09-15,1431.7601318359375,1445.979015183192,1428.2547398509855,1445.979015183192,1647901
2023-09-18,1438.5733642578125,1444.349751737024,1426.9711700462863,1435.7098198773767,1504046
2023-09-20,1422.3302001953125,1457.0874836265898,1404.4086096443118,1422.8733298328177,5683215
2023-09-21,1393.5469970703125,1425.4900352431762,1388.659191881291,1412.9991382509168,2514377
2023-09-22,1434.6236572265625,1445.0902932552476,1395.225544495842,1398.1878067983812,4397398
2023-09-25,1424.601318359375,1436.2529316792516,1416.0601045772823,1433.2412501116844,2013653
2023-09-26,1405.1492919921875,1425.7862913761587,1393.892670169712,1421.8860272237246,2870137
2023-09-27,1418.3804931640625,1420.8984642994144,1400.4589029156825,1407.0745737502887,3697690
2023-09-28,1395.2255859375,1427.16862460838,1391.7201938948056,1418.923685061704,5876746
2023-09-29,1410.876220703125,1421.8365677459715,1381.6980076657346,1397.249885648559,2593595
2023-10-03,1417.34375,1420.3060122110069,1402.1374465432136,1413.9864953872407,1442499
2023-10-04,1383.6728515625,1410.5306498133623,1368.7627006634343,1406.9265396918345,3978667
2023-10-05,1384.2158203125,1397.5954203271576,1376.760865615228,1390.9796286657054,1647175
2023-10-06,1416.7513427734375,1419.911040965019,1383.4751911198132,1387.2767369069609,2167139
2023-10-09,1410.580078125,1426.8231026016088,1392.26337347285,1402.2362997716236,1613546
2023-10-10,1402.6806640625,1418.2818403639403,1394.2875872720224,1415.9614255935262,1874201
2023-10-11,1403.3223876953125,1413.8878625381449,1396.7561358267578,1412.949740460662,1855211
2023-10-12,1406.3341064453125,1425.835667689683,1403.1249887721883,1415.270313102843,2069952
2023-10-13,1445.2877197265625,1447.855110133086,1402.1374806828333,1403.3223373821818,4480890
2023-10-16,1428.2054443359375,1444.448467998945,1426.2799014886368,1444.448467998945,1913782
2023-10-17,1417.936279296875,1440.1038282070733,1407.6177800743942,1436.5985566619836,1373704
2023-10-18,1402.483154296875,1425.835681075178,1397.7929053459698,1418.9237352527914,3067244
2023-10-19,1432.105712890625,1446.2751770629948,1405.1491977532603,1433.2412709014957,13948984
2023-10-20,1450.619873046875,1453.2859815275026,1424.946932249108,1429.7853182756403,5135316
2023-10-23,1416.94873046875,1451.26160042261,1412.0610461280735,1450.5210348840374,3319090
2023-10-25,1394.9293212890625,1428.7484838185994,1392.3127525868529,1426.7736422110352,4045910
2023-10-26,1396.8548583984375,1411.320597220953,1376.1190216047987,1394.8800167990432,4194418
2023-10-27,1423.169677734375,1426.3293761481411,1394.9293458217305,1402.1375660300175,2424655
2023-10-30,1436.3516845703125,1442.5230645434303,1410.0368962579846,1421.885945806371,2255111
2023-10-31,1423.169677734375,1441.6343988759336,1418.4794288339226,1437.684715591342,1454345
2023-11-01,1414.5789794921875,1427.415449579294,1409.1975844772671,1425.7368824741159,2658439
2023-11-02,1442.8192138671875,1461.3333537275903,1420.997238458679,1428.797886826815,4524652
2023-11-03,1432.0069580078125,1456.4456218317694,1429.7852612965437,1452.4959387895137,3052041
2023-11-06,1451.75537109375,1453.3846394532475,1437.6846252763137,1444.596570590142,2090640
2023-11-07,1467.702392578125,1471.701374746166,1445.8309963898757,1451.0643751695125,2830149
2023-11-08,1470.22021484375,1477.1321607394507,1462.6171225723874,1475.1573190549648,3210977
2023-11-09,1488.388671875,1497.2261600773966,1466.1717045750406,1470.2201056205251,3207721
2023-11-10,1479.9462890625,1490.462223769624,1474.3673376398322,1481.081726513111,2247500
2023-11-13,1490.6103515625,1496.9298685180772,1477.3295905867153,1483.1059779117097,2026629
2023-11-15,1475.1573486328125,1519.1469962506653,1471.5039396571688,1519.1469962506653,6293703
2023-11-16,1479.7982177734375,1487.6481649818431,1474.219266102199,1481.1312117570656,2728834
2023-11-17,1479.6005859375,1490.017923143561,1466.862954592908,1471.8000583806602,4182376
2023-11-20,1485.870849609375,1490.462259844568,1471.9481200743892,1480.0450428547392,2125867
2023-11-21,1483.1553955078125,1488.4873711650794,1475.3053281728178,1486.5619489038174,1661103
2023-11-22,1451.903564453125,1486.5620103313124,1440.59752400321,1481.1311959461766,3914008
2023-11-23,1467.4061279296875,1477.4284738475378,1451.9529672374601,1456.4457804010817,3832098
2023-11-24,1457.630615234375,1473.1331949499938,1455.4583375713119,1472.6887832452044,2813844
2023-11-28,1458.963623046875,1468.0972652702887,1449.5337063752831,1461.3827557461982,4305915
2023-11-29,1464.88818359375,1470.8127084242437,1452.7428594773312,1465.3324747421307,3477076
2023-11-30,1447.6575927734375,1481.1311815841932,1431.8095614513452,1481.1311815841932,45549217
2023-12-01,1442.671142578125,1474.2191874924074,1439.8075982811342,1460.3952969198062,4063279
2023-12-04,1495.596923828125,1498.4604682263605,1454.9151149552495,1471.256977245269,4254987
2023-12-05,1487.648193359375,1506.3104710904583,1467.801058850191,1500.6822205923268,3457904
2023-12-06,1482.7110595703125,1502.212620507064,1474.5648379131885,1497.9173641038974,3405245
2023-12-07,1485.8214111328125,1495.8930548235792,1477.2308986044975,1486.0682663265543,1931490
2023-12-08,1489.9686279296875,1501.81767800671,1475.2561538452007,1491.0054680253352,2568088
2023-12-11,1502.706298828125,1518.6037493732435,1491.0053866228388,1493.7702130371047,2194782
2023-12-12,1478.1689453125,1509.6676931038012,1471.207580422272,1509.6676931038012,1621785
2023-12-13,1487.9444580078125,1493.6221277237394,1476.194126140941,1483.1060718820693,2562565
2023-12-14,1532.180908203125,1534.9457348393892,1496.5350390790074,1503.8419775878995,3427500
2023-12-15,1551.0406494140625,1558.1500309993928,1527.5894052846356,1533.415091608975,3478643
2023-12-18,1536.7723388671875,1550.2506569019827,1532.4770824916416,1550.2506569019827,1352458
2023-12-19,1546.8441162109375,1566.0988219821813,1522.800323089289,1536.7723516405038,2297704
2023-12-20,1536.574951171875,1561.1123347297114,1530.0085785349067,1558.150072234968,3218717
2023-12-21,1550.2506103515625,1554.2002934352608,1508.3346468397197,1522.7015467358149,2400593
2023-12-22,1542.69677734375,1571.0851237717,1538.3028032409795,1554.4965275711795,2214206
2023-12-26,1551.0406494140625,1562.840279825278,1537.4141940849522,1543.2892996634705,1129332
2023-12-27,1577.355224609375,1579.8731957289717,1547.5845855051646,1553.3609727700969,1887827
2023-12-28,1590.2906494140625,1598.3380326669667,1571.9739449943481,1579.8733115521086,3143161
2023-12-29,1578.83642578125,1598.5355428853748,1567.0862147944817,1594.6845776929715,1779207
2024-01-01,1578.7376708984375,1591.1298497514376,1571.776426804504,1578.8363888682907,1341121
2024-01-02,1555.7801513671875,1578.1452560621633,1550.2506191256664,1574.0474357326812,1227193
2024-01-03,1581.0087890625,1584.7609156654357,1538.4015587551094,1555.6814222199453,2620296
2024-01-04,1627.8126220703125,1634.1814380712453,1572.9613479441052,1572.9613479441052,4271262
2024-01-05,1622.52978515625,1633.1939778445942,1608.508458227838,1633.1939778445942,2294140
2024-01-08,1606.63232421875,1629.2937034009406,1601.5965023565175,1612.4581309175048,1791003
2024-01-09,1604.657470703125,1623.2210294101867,1600.6090696493357,1611.421278876924,1619091
2024-01-10,1619.518310546875,1622.0855806171267,1599.6217565665775,1599.6217565665775,1629958
2024-01-11,1636.9954833984375,1647.215264160853,1621.8880180863162,1623.270310722963,1914421
2024-01-12,1652.9423828125,1656.7439287018606,1626.677014217653,1636.9955131365978,2161848
2024-01-15,1667.6055908203125,1673.1845424367182,1647.067310540001,1663.6066089087324,2930339
2024-01-16,1646.079833984375,1670.4690786582246,1642.1301509256293,1667.6055343336818,1316138
2024-01-17,1623.2210693359375,1655.9540928037645,1611.3226005398737,1629.2443120797034,6683398
2024-01-18,1592.611083984375,1618.9751719839503,1575.0349449614782,1614.383641008356,3557256
2024-01-19,1541.4625244140625,1611.2238252188622,1530.699614022517,1602.287619126465,10982524
2024-01-23,1423.5645751953125,1528.4287406049305,1410.0863771724555,1515.690987676461,10097057
2024-01-24,1472.0963134765625,1476.984118883273,1423.8608302615492,1441.584985864004,9155544
2024-01-25,1492.980224609375,1524.5282704273939,1469.874554169182,1471.2569673729952,8118578
2024-01-29,1507.5941162109375,1518.406325689308,1496.2880758008946,1503.841868980534,3058020
2024-01-30,1500.7808837890625,1525.021991878228,1491.0548131082867,1510.7538096674964,1721705
2024-01-31,1514.7529296875,1528.5274016629985,1488.1912860038449,1500.0896343483853,3867886
2024-02-01,1521.7635498046875,1528.0830668646072,1504.38496829098,1518.406295066471,2240634
2024-02-02,1514.45654296875,1545.1653035309612,1510.3094241212225,1531.4895505424815,3554450
2024-02-05,1518.455810546875,1530.5022965379756,1502.657077163257,1513.4692871087625,2624023
2024-02-06,1492.3878173828125,1530.9465272026325,1485.2290166012524,1530.5022360576831,3312270
2024-02-07,1496.2880859375,1503.2494507949627,1473.4292702988682,1503.2494507949627,4066189
2024-02-08,1458.716796875,1521.5660344025646,1451.5085768170363,1503.545604792421,2931291
2024-02-09,1467.55419921875,1472.6394405677402,1444.251091886469,1461.6296742765717,2388841
2024-02-12,1428.946044921875,1478.1689480426617,1424.0089408869965,1469.4795967273687,2821957
2024-02-13,1445.4853515625,1457.679974490232,1412.6536095460392,1434.130012218461,4601482
2024-02-14,1462.8638916015625,1475.7003617944888,1417.8868266732113,1431.809556156427,4208176
2024-02-15,1458.37109375,1474.0711084844124,1441.9306339547177,1472.2444041221327,1906763
2024-02-16,1474.8612060546875,1487.5495401226922,1452.4960992502358,1467.2579930375437,1844045
2024-02-19,1464.9375,1483.8960520073351,1458.4205467147278,1481.0325075310702,1209609
2024-02-20,1485.2783203125,1489.0305675693528,1456.4951003977087,1470.2695723546196,2390096
2024-02-21,1498.1641845703125,1507.5941012717096,1483.5997280058623,1500.8795917263965,5259113
2024-02-22,1470.417724609375,1500.879632517665,1445.090356703686,1498.164225287781,4969478
2024-02-23,1461.678955078125,1485.9694809332489,1456.4949962447554,1479.6005449028262,2557861
2024-02-26,1448.0526123046875,1467.3073180257522,1445.4853423154989,1462.37021399471,2077787
2024-02-27,1474.2685546875,1478.5143914640219,1440.1531205865456,1448.0524863491048,2843312
2024-02-28,1430.9700927734375,1484.5376680898626,1424.3544220081696,1476.1940110240648,2661887
2024-02-29,1456.346923828125,1465.332428765489,1421.8859147050568,1432.747543220165,4216252
2024-03-01,1507.4459228515625,1509.5194823344075,1459.2597416938029,1461.3827204284044,3549401
2024-03-04,1512.0374755859375,1519.5911480599734,1501.2251458173405,1510.7043611166257,2985524
2024-03-05,1523.047119140625,1527.5399318600005,1504.8292541400392,1510.4082055999386,2694157
2024-03-06,1534.9951171875,1545.0667615557093,1517.2215420425869,1523.0472285789363,5167456
2024-03-07,1544.0792236328125,1551.7317345732788,1526.6019242794584,1536.871003823372,2285176
2024-03-11,1521.6649169921875,1549.0164257460347,1517.2708219815604,1546.3997364418046,1694488
2024-03-12,1513.7655029296875,1536.377342781182,1509.2726900838668,1521.6648693154716,1918571
2024-03-13,1483.747802734375,1521.2203716960685,1476.1940099477574,1515.6908396453564,4165036
2024-03-14,1458.173583984375,1487.944343528692,1450.718509151828,1453.0390443284844,3652530
2024-03-15,1465.6781005859375,1470.7633420218021,1438.3758902373568,1455.4583189930422,2985042
2024-03-18,1462.0738525390625,1472.8367627932469,1447.8550902035533,1468.5415066487803,2365287
2024-03-19,1416.06005859375,1464.2955376176324,1412.8509411899586,1457.482430942005,3180412
2024-03-20,1423.41650390625,1445.5840526749616,1404.8035253794462,1421.885953450782,5480729
2024-03-21,1465.43115234375,1468.1959787357173,1440.6469149259317,1441.634335703811,3870591
2024-03-22,1493.0789794921875,1501.2252011572182,1454.4708500109348,1459.1610988483767,5309042
2024-03-26,1499.595947265625,1504.4343333781424,1483.303503777502,1493.0789939773294,9046136
2024-03-27,1514.2591552734375,1523.5408139930707,1495.399322322635,1499.8921349962054,8408702
2024-03-28,1533.4644775390625,1544.8198165549666,1514.3084902226713,1515.4440482312145,3964429
2024-04-01,1522.9979248046875,1552.9661231343102,1519.6406698481662,1533.4645615816778,2159432
2024-04-02,1539.7840576171875,1551.1886958177083,1517.665807044523,1523.5409127355701,2335256
2024-04-03,1523.24462890625,1537.315374453451,1518.702517608491,1534.4518302000515,3711781
2024-04-04,1525.0220947265625,1530.9466198699097,1492.1903512238457,1528.576906240389,6077155
2024-04-05,1532.8720703125,1536.7723342491427,1508.8776967167369,1532.477077886504,3286862
2024-04-08,1548.621337890625,1556.5207040371997,1530.5021908988713,1540.37639858209,2372626
2024-04-09,1535.389892578125,1555.0890094462682,1521.6154209206204,1555.0890094462682,1176425
2024-04-10,1533.3162841796875,1545.165333153793,1528.527317659605,1545.165333153793,2528578
2024-04-12,1536.0811767578125,1543.0424210095687,1522.6028588613283,1526.5525420230956,1749128
2024-04-15,1520.529296875,1538.3028710745095,1510.7538069583168,1525.5156995378927,1528341
2024-04-16,1472.1949462890625,1515.4934434070058,1469.2326839841503,1510.7537755052415,3981325
2024-04-18,1455.853271484375,1489.3761598877113,1449.6818914001992,1483.8960466938236,3856849
2024-04-19,1463.406982421875,1471.5037844225421,1426.2305667809462,1447.5588310440844,4311650
2024-04-22,1458.9141845703125,1482.1185726159317,1451.4591095587728,1475.206627240641,2887202
2024-04-23,1455.951904296875,1467.1098070503213,1452.5946496205033,1464.147544783186,1206443
2024-04-24,1456.10009765625,1464.5918923758145,1444.349766103302,1458.4205124146827,2964953
2024-04-25,1477.2802734375,1480.6375283523216,1452.0517436580599,1457.482558200199,3697957
2024-04-26,1428.2054443359375,1499.8921690596155,1425.1444640162379,1492.4865131886825,6135488
2024-04-29,1468.54150390625,1472.244331702282,1431.8587990999422,1440.4000126564076,5463640
2024-04-30,1496.633544921875,1517.6656545818369,1470.269459773816,1478.9588103691892,6293171
2024-05-02,1486.2657470703125,1502.163318454328,1481.18062635375,1489.0305735374716,2554549
2024-05-03,1465.0361328125,1498.855293828982,1454.520198150512,1498.114728259278,2119368
2024-05-06,1478.6627197265625,1491.0054803252817,1463.4071158404543,1476.8853139864384,2600170
2024-05-07,1434.278076171875,1483.7478322450847,1429.7852634905107,1478.6625912134252,1884596
2024-05-08,1424.3544921875,1436.6972520851386,1413.3941455053498,1436.6972520851386,5278612
2024-05-09,1383.82080078125,1438.2770807818006,1375.9214345591506,1427.31673425559,3272042
2024-05-10,1392.4114990234375,1406.5809637404043,1377.995179100479,1384.363995201156,1575172
2024-05-13,1386.8819580078125,1399.9158645903026,1359.9253214649932,1397.5460305203676,3624862
2024-05-14,1403.125,1411.3699398268955,1385.1539891006073,1389.3011083743843,1279355
2024-05-15,1399.2740478515625,1411.8636635579144,1389.6961139202463,1403.1250132334008,2516309
2024-05-16,1391.029052734375,1407.074640742846,1368.2196563492862,1402.3349726864376,5666243
2024-05-17,1394.583740234375,1399.273989025837,1377.4520134925144,1390.288483869147,3673405
2024-05-21,1388.807373046875,1402.9768376020065,1382.3891377643974,1402.1375540181746,3010012
2024-05-22,1387.27685546875,1395.3737786456552,1374.341666622757,1391.2759580688744,6739695
2024-05-23,1422.7252197265625,1432.7475648418856,1388.9060577032444,1390.8316005626568,6444146
2024-05-24,1423.663330078125,1430.5258562912943,1409.8887378640738,1422.8733452395204,2155290
2024-05-27,1446.670166015625,1457.0380842439283,1421.1947821183667,1429.6371574976984,3253683
2024-05-28,1440.9925537109375,1460.1979610361211,1430.871490276783,1454.273436099055,2381333
2024-05-29,1441.8812255859375,1453.1378468315174,1421.1453887516252,1434.7224247740915,4383563
2024-05-30,1428.6004638671875,1459.111670206645,1421.0466706285315,1439.6595286304146,3415942
2024-05-31,1443.4610595703125,1451.4098451537172,1428.353593785167,1437.6846720484991,3546505
2024-06-03,1510.45751953125,1515.5921799100768,1477.5764798655005,1495.8930630206655,8265525
2024-06-04,1373.99609375,1502.7557949140867,1346.3977295885488,1490.9560435991086,7911282
2024-06-05,1482.0692138671875,1496.7325092969024,1355.086922038481,1382.8828418965138,11014467
2024-06-06,1462.468994140625,1490.8080448044125,1452.3973497030413,1481.1312722782857,3279775
2024-06-07,1473.33056640625,1479.551365722786,1445.0409360944825,1450.0768786529957,3964791
2024-06-10,1467.1591796875,1486.8582970773098,1461.4815100560984,1479.6500769835368,2416022
2024-06-11,1462.4195556640625,1472.2443439507015,1456.6430478263876,1466.319819427761,1737873
2024-06-12,1465.579345703125,1473.478712228727,1454.470861526497,1472.2444362091019,5419536
2024-06-13,1488.2899169921875,1491.005324039279,1462.5675583867453,1477.1814336177226,2446832
2024-06-14,1483.4515380859375,1496.8311374481846,1477.132021185672,1491.4990412968743,2706742
2024-06-18,1488.931884765625,1497.473099001034,1480.2425332996477,1494.9551276856744,2811967
2024-06-19,1508.9764404296875,1530.5022623986201,1494.2145474675563,1497.1273906562787,11002582
2024-06-20,1508.6307373046875,1521.3684888208807,1493.9675635800697,1516.6782403562374,3589441
2024-06-21,1507.939697265625,1518.4557528816897,1492.2396824549278,1503.8418768429149,5249389
2024-06-24,1471.6519775390625,1489.9192622535647,1459.6053715145858,1488.1912758616522,4609137
2024-06-25,1476.7371826171875,1483.25413560031,1463.5550188935445,1475.9471977863038,3309896
2024-06-26,1479.0576171875,1501.867013202158,1462.9133114681179,1479.1563351589957,5605220
2024-06-27,1483.8465576171875,1486.0188350906944,1466.3198390028438,1475.2066259058913,5166134
2024-06-28,1462.1318359375,1488.5889842149625,1458.138304122034,1488.5889842149625,6425323
2024-07-01,1454.5440673828125,1466.624476064994,1450.600381814915,1466.5745081709665,3166439
2024-07-02,1427.138427734375,1458.0882985035448,1418.3527310913926,1455.0433036967793,4644571
2024-07-03,1453.1463623046875,1455.6423196428955,1419.6007200537556,1436.57322995357,5907225
2024-07-04,1440.5167236328125,1455.4924669326085,1433.8774530619874,1453.096323630059,3010077
2024-07-05,1431.9306640625,1447.3556310077859,1423.6940051965314,1434.6762170178229,4216309
2024-07-08,1435.724609375,1439.3686095410635,1420.499269818278,1425.6908122622237,2772277
2024-07-09,1431.9306640625,1447.2558170930838,1423.6940051965314,1438.6697485892018,3126274
2024-07-10,1423.64404296875,1431.1818825888922,1412.7617668917615,1431.1818825888922,3979121
2024-07-11,1427.43798828125,1433.5280997545533,1413.4106594234272,1425.6408502654942,2416195
2024-07-12,1432.230224609375,1448.6036065186004,1425.0417946725554,1429.684299488914,3340305
2024-07-15,1441.7149658203125,1446.6569127357698,1430.6827853349607,1436.1738916289887,4284427
2024-07-16,1443.5618896484375,1447.6552352493873,1433.4282786271087,1442.7132885402882,2284985
2024-07-18,1454.5440673828125,1458.487631077798,1435.674606250144,1438.3701913235627,3634938
2024-07-19,1430.133544921875,1449.6519794829492,1426.6891726454094,1449.2027559244236,2981749
2024-07-22,1421.0982666015625,1427.637601575739,1407.3205336155468,1425.6908036392629,2883674
2024-07-23,1410.9146728515625,1424.6924056922153,1393.393125989397,1420.1996826189043,3054925
2024-07-24,1394.3914794921875,1410.215823831037,1384.1580549298737,1407.5202387930551,5553500
2024-07-25,1376.869873046875,1394.29172828215,1371.7781444834193,1386.753888418828,3631639
2024-07-26,1401.6297607421875,1406.7214890960581,1356.8523125930237,1362.7926420270542,3607419
2024-07-29,1409.217529296875,1442.6133901155295,1404.175646666766,1412.711869610399,5955870
2024-07-30,1427.3880615234375,1430.3832103874074,1404.9244450436631,1409.2175404978543,2158067
2024-07-31,1425.4912109375,1432.6795193586343,1411.7634455081054,1432.6795193586343,3926481
2024-08-01,1417.553955078125,1437.6713951557554,1414.5089603163005,1429.6843318493345,4074181
2024-08-02,1402.0291748046875,1411.663472425943,1390.447835504573,1411.663472425943,3268026
2024-08-05,1387.203125,1393.942209834148,1366.7862426590445,1385.755518488498,3532894
2024-08-06,1378.766845703125,1405.0243658802374,1374.0245267189905,1392.7442069195217,2425599
2024-08-07,1342.974853515625,1397.2369426330797,1327.050572292554,1388.750687533129,8728852
2024-08-08,1345.121337890625,1353.6075925909163,1331.8427964927687,1345.7701892811401,3669342
2024-08-09,1347.6173095703125,1364.7894469865962,1335.8863103003107,1364.7894469865962,5082087
2024-08-12,1348.66552734375,1355.4046119749812,1334.4885387946215,1347.617298413751,4436342
2024-08-13,1348.416015625,1369.4320259038525,1341.327520908812,1352.808925069922,3905817
2024-08-14,1335.9361572265625,1354.7556508425496,1333.7896095798455,1354.7556508425496,4868357
2024-08-16,1361.944091796875,1365.6880277664045,1336.3855132861372,1344.9216141729148,5456176
2024-08-19,1345.4207763671875,1373.5752473693249,1343.374164538783,1367.8345456742632,5895105
2024-08-20,1379.06640625,1389.3996453229902,1355.0052798544168,1361.694518688191,5507239
2024-08-21,1381.761962890625,1385.1065213019406,1364.190447852726,1377.76843120597,5441231
2024-08-22,1379.6654052734375,1393.692612417166,1377.3690757687405,1381.8119529629732,3510879
2024-08-23,1386.3046875,1388.0518576543436,1371.5785390562457,1379.7652304588605,2252945
2024-08-26,1382.2611083984375,1393.293288059702,1377.5687575741294,1393.043692337709,2541300
2024-08-27,1380.9632568359375,1384.9069426383048,1375.3224906294179,1383.6589639425404,1167406
2024-08-28,1413.4605712890625,1419.6504964350013,1380.314308212836,1386.8037969738314,6532773
2024-08-29,1415.1578369140625,1420.7488788264588,1402.9776139040196,1411.9130923880437,3316387
2024-08-30,1422.9453125,1427.6876315558675,1413.261046545607,1419.850349701281,2792988
2024-09-02,1446.706787109375,1448.9031807358301,1422.9452253875913,1422.9452253875913,4024426
2024-09-03,1434.376708984375,1449.5522026674273,1431.5813098998324,1447.6552507229312,2351018
2024-09-04,1432.0804443359375,1436.9225769864615,1414.7085576444788,1414.7085576444788,2919356
2024-09-05,1420.59912109375,1441.6649769221142,1416.605589301722,1440.6665939741072,3427784
2024-09-06,1407.0709228515625,1435.874245287548,1399.2336414215365,1424.143246153261,2608515
2024-09-09,1425.7906494140625,1428.6859843089085,1397.8359271494578,1407.0709693261574,1802343
2024-09-10,1433.2286376953125,1436.1738185357754,1418.302740041074,1426.5893669576687,2414043
2024-09-11,1418.9017333984375,1436.6230299317333,1415.5073290256014,1433.078843748822,2622902
2024-09-12,1441.0159912109375,1444.1609218446365,1417.8535557659839,1422.8454704629926,2437399
2024-09-13,1461.6826171875,1468.5713620936071,1440.0176338932542,1447.655287890155,2999055
2024-09-16,1467.822509765625,1471.5664456889215,1458.7372496330083,1467.572914037405,1495683
2024-09-17,1463.978759765625,1481.1010510942124,1459.885414197851,1475.6099450739775,1866702
2024-09-18,1477.8563232421875,1486.3425780961368,1458.7872337684844,1467.6228982712485,3966006
2024-09-19,1482.3489990234375,1495.5775723435659,1472.514951910981,1492.5324557735414,3861906
2024-09-20,1477.806396484375,1489.5373961678597,1470.8177158218734,1485.5938322574727,5335400
2024-09-23,1462.7308349609375,1488.439195910968,1450.700393543024,1487.790222619199,4610747
2024-09-24,1445.9580078125,1471.7162135977032,1443.661678385405,1467.7226819839125,3893140
2024-09-25,1437.1722412109375,1453.645559710403,1429.9339649005663,1447.6552620742336,3012173
2024-09-26,1450.350830078125,1454.94348904311,1434.9758304924485,1442.6633302852867,3388674
2024-09-27,1460.334716796875,1478.6051738385795,1451.6488337348376,1454.6439826352535,4708951
2024-09-30,1445.2591552734375,1472.4152450360584,1434.67632022258,1464.6278091625088,2888962
2024-10-01,1407.42041015625,1447.9548558361564,1402.3786493313091,1447.6552921989473,3377999
2024-10-03,1385.505859375,1410.4154637992501,1379.815125635649,1401.729581381733,2081630
2024-10-04,1380.61376953125,1408.6683046596895,1378.6170037303232,1381.8119021355537,2178195
2024-10-07,1348.66552734375,1391.7957421073781,1336.0359591787858,1385.755476762813,3878973
2024-10-08,1357.3515625,1368.7829983100237,1341.3774356050617,1355.654238393663,2429248
2024-10-09,1339.380615234375,1369.2821340497678,1333.3903178925605,1366.7861768240118,5269772
2024-10-10,1354.2066650390625,1359.7975852145532,1342.126255653664,1347.8169897501077,1673393
2024-10-11,1345.4207763671875,1369.0825243036245,1336.8347077717647,1357.9005626607998,2755874
2024-10-14,1368.23388671875,1369.2822375819985,1346.1198015248217,1352.409541085551,1381439
2024-10-15,1358.6993408203125,1372.227356268714,1347.2677832573663,1368.782983942314,2775029
2024-10-16,1344.1229248046875,1356.1533654271116,1338.9312606867431,1352.80880714197,2126519
2024-10-17,1345.1712646484375,1352.06013148731,1334.838025326589,1345.820237950817,1353852
2024-10-18,1345.0714111328125,1352.7589109943137,1328.8476884154934,1342.825049525799,3676670
2024-10-21,1306.134521484375,1351.7605744985055,1297.4984844127987,1349.8637443524165,5862686
2024-10-22,1272.289306640625,1310.078077478444,1269.1943438247613,1306.9831146625802,4183194
2024-10-23,1272.2393798828125,1282.8222142620687,1264.4519445034643,1272.2892259041303,4860497
2024-10-24,1277.9801025390625,1283.8704642551054,1256.1154922670546,1273.9366029732496,2441333
2024-10-25,1039.9156494140625,1164.8632991483323,1023.841708400784,1161.1193631107867,56935420
2024-10-28,1053.0943603515625,1082.8960663536684,1029.3327979352205,1049.6998340245257,11099823
2024-10-29,1036.4713134765625,1057.087946356619,1016.4536860090054,1057.087946356619,7951124
2024-10-30,1054.6917724609375,1067.6707508073239,1028.5840339511226,1035.9720921536493,8907271
2024-10-31,1053.8929443359375,1065.1747196353374,1042.3117272961183,1052.2955561016367,4509824
2024-11-01,1060.7818603515625,1068.1699183888295,1056.8382965375395,1059.733509528637,441083
2024-11-04,1062.079833984375,1068.7689510192606,1052.3954462180388,1065.2746106843074,5143749
2024-11-05,1088.337158203125,1090.633487587028,1060.2826235185073,1061.9798256732804,4840541
2024-11-06,1075.9073486328125,1096.823421484548,1066.522525067373,1090.5336823846353,7153974
2024-11-07,1055.091064453125,1084.243795471709,1049.3003950651623,1084.243795471709,4901367
2024-11-08,1052.095947265625,1059.73347894138,1046.355245598829,1059.73347894138,2107903
2024-11-11,1059.084716796875,1065.773834031793,1038.3183020075548,1051.2972807826493,4918839
2024-11-12,1057.836669921875,1063.7270316420029,1049.8496065748109,1059.5838400290452,2186055
2024-11-13,1035.0235595703125,1066.0733669352783,1030.5308362777132,1052.0960055805251,4850346
2024-11-14,1015.5051879882812,1043.3101272932363,1013.3586403852964,1041.3133614993735,2612235
2024-11-18,1002.9754638671875,1016.3039125015565,998.4328337376365,1013.8578621436574,5427908
2024-11-19,998.5826416015625,1030.3312073140644,996.4860008387569,1008.8659738283548,5718490
2024-11-21,979.8629150390625,1001.378054470759,964.8372644947636,998.7822832903826,6606440
2024-11-22,996.5858764648438,1000.8290040176183,979.8130550317561,984.4055922437047,4026863
2024-11-25,1001.8772583007812,1020.3972492440124,995.4376762918255,1018.3505764492245,6491357
2024-11-26,1007.9674072265625,1016.0543457258088,996.4860032414068,1010.0640479944233,2390208
2024-11-27,1000.3297729492188,1010.363509048426,992.8918080520352,1010.363509048426,4798242
2024-11-28,991.9932250976562,1011.7612552674638,989.7468635725833,1004.3232904749308,4822835
2024-11-29,994.2396240234375,997.8837461202208,985.7034620943431,996.4859856330128,4815934
2024-12-02,989.3475952148438,991.5440498893051,977.4169067904267,988.449026186418,4969967
2024-12-03,996.735595703125,1009.8643558958305,989.796882936251,991.3942712847846,4665094
2024-12-04,997.2347412109375,1004.3232964048956,988.8982683210269,1003.3748204569732,4256690
2024-12-05,996.5858764648438,1004.3732513155852,988.9482224952657,1004.3732513155852,5254145
2024-12-06,988.74853515625,1001.4280108726393,984.7050963756014,998.3829550470377,6258019
2024-12-09,981.0110473632812,992.3926371946238,976.2188214635164,991.1945654855681,3565285
2024-12-10,982.7083129882812,986.8017195930497,977.5167095270762,981.4104273570946,3843321
2024-12-11,983.2573852539062,998.2830968094979,979.6632311498754,983.9063585204609,4679888
2024-12-12,996.3362426757812,1003.874021500252,984.4055546486807,984.4055546486807,5771673
2024-12-13,985.0545654296875,996.0367779180128,963.988648549297,989.3975069027596,5674567
2024-12-16,997.7339477539062,1006.3200774366144,983.956275631023,986.3025120573114,3058066
2024-12-17,974.0723266601562,1000.3796924000864,970.4282046036766,1000.3796924000864,3294161
2024-12-18,963.6392211914062,977.7163962023989,958.9468092089224,975.2204388645308,2958191
2024-12-19,962.8405151367188,965.2865045484476,946.4670108279806,957.4492229789382,3665813
2024-12-20,927.947021484375,965.2865063036514,924.9518727104859,958.4476076445211,4466131
2024-12-23,944.1707153320312,947.2656779297961,928.5459986615674,937.431630795469,2502370
2024-12-24,933.7875366210938,944.4702460950845,928.2964305391455,939.4783314751315,5603093
2024-12-26,930.4429931640625,943.4718783443836,926.748964098597,938.4799636441488,5262262
2024-12-27,951.8582763671875,969.5296048576588,931.5411478942068,931.5411478942068,6300341
2024-12-30,961.9419555664062,971.9257848924716,947.315621229137,951.7584374665278,8165774
2024-12-31,958.597412109375,959.895297754771,947.5153248222418,956.4508643961153,2295670
2025-01-01,967.8324584960938,977.7164131636414,951.9581451772847,957.0498738602826,4024591
2025-01-02,989.7468872070312,996.3861580253705,967.233364460984,973.9225422382254,3956740
2025-01-03,996.2863159179688,1023.7418455476342,989.0480399246933,991.3942153548278,5896120
2025-01-06,968.4813232421875,1003.3249109449375,961.6424247285768,1003.3249109449375,3370654
2025-01-07,982.0093994140625,992.9417043936328,968.5811981124375,968.5811981124375,3581533
2025-01-08,979.4635620117188,984.4055697061559,965.5361079406534,984.3057557876656,3781895
2025-01-09,979.3138427734375,983.7565980734859,968.8308219831551,979.4635636514238,3134034
2025-01-10,936.0838012695312,973.4233468462152,931.5411711715404,970.1786023567279,5611356
2025-01-13,940.1771850585938,971.9257489542455,932.9888160223343,935.3849593465728,8752532
2025-01-14,960.544189453125,977.716387980544,943.5716796983479,943.5716796983479,5735697
2025-01-15,960.8936767578125,981.4104340722342,953.1063019809502,969.679434478797,3633812
2025-01-16,973.7727661132812,989.0480736869357,965.436293024827,965.436293024827,3948431
2025-01-17,969.3799438476562,974.0223880337289,957.4492553296146,971.2768349032217,3066978
2025-01-20,969.1303100585938,978.8645435027528,946.5668195646173,964.6375869305203,4485164
2025-01-21,958.8969116210938,976.9177115893333,956.4508612187851,969.9789379349533,3369291
2025-01-22,969.3799438476562,975.9692469862897,947.6152075821999,962.8904546300937,2639472
2025-01-23,969.3799438476562,986.9514595083186,960.9435956775329,964.3880290649158,3359986
2025-01-24,949.262451171875,971.4265637867783,946.7165869586972,969.2800161725846,2938649
2025-01-27,924.951904296875,945.4686619113553,922.2063511603848,945.4686619113553,3907787
2025-01-28,932.639404296875,947.4154589327385,924.2030566598772,935.8341808067707,5708478
2025-01-29,946.7665405273438,951.45895258573,930.4430036482269,934.1869397155895,2571504
2025-01-30,955.5023803710938,965.8356803601456,944.5700749927312,946.7665296476354,4509409
2025-01-31,989.59716796875,997.6840452909281,951.5587419443314,956.001558150214,5365839
2025-02-01,1007.7677612304688,1021.3457448024278,970.827592552375,975.4201296891222,6054296
2025-02-03,1011.0623779296875,1022.294185587041,988.4988877628189,992.3926054586174,3655089
2025-02-04,1045.4566650390625,1052.195749529809,1013.059128151812,1020.7965955300766,9861468
2025-02-05,1059.48388671875,1076.9555875015321,1050.698190306013,1050.698190306013,5000442
2025-02-06,1063.8270263671875,1075.0088669233746,1056.3391540644939,1060.3825319841956,3889634
2025-02-07,1077.35498046875,1084.793006317995,1059.7834655186712,1059.7834655186712,3975043
2025-02-10,1066.27294921875,1080.2503099762991,1060.9814710399407,1074.2600125087781,4457091
2025-02-11,1052.4454345703125,1073.1618812444683,1045.9559452506974,1061.7802909862514,4109028
2025-02-12,1037.9688720703125,1062.2295049524337,1018.600218209558,1058.7351645812173,4798340
2025-02-13,1045.5565185546875,1055.2407841812485,1023.7418760107508,1037.819050883359,4539780
2025-02-14,1022.7434692382812,1056.3889242883222,1016.5534830582577,1047.9026696208666,4036016
2025-02-17,1046.554931640625,1049.250516867541,1011.4617464292485,1022.7435225598033,2795714
2025-02-18,1022.4439086914062,1049.7996246644734,1019.6983557025072,1043.3101357816213,2620716
2025-02-19,1034.1251220703125,1040.3650155905455,1014.2572767273072,1022.4439682766845,2464555
2025-02-20,1045.9559326171875,1048.202294277614,1023.9415395958396,1028.2844810980803,1819683
2025-02-21,1042.0621337890625,1054.092696274426,1037.269847203072,1039.865740196348,2589619
2025-02-24,1027.48583984375,1037.0702918122688,1019.4488083277099,1028.4342548993686,3074297
2025-02-25,1032.5775146484375,1040.0154185066021,1024.6902653613845,1026.5372493523805,3628538
2025-02-27,1045.00732421875,1061.5805777228761,1039.0170268672573,1045.20707392088,5951737
2025-02-28,988.4989013671875,1038.967206551306,968.5312430348621,1038.3182332809224,55666745
2025-03-03,982.4088134765625,984.7050820524781,945.468644677139,977.3669918142032,6158061
2025-03-04,986.0029296875,1001.9770561202596,965.3863593220937,976.4184782024269,3271190
2025-03-05,970.2784423828125,993.6406277103447,969.0804315959311,982.6584152965655,3944062
2025-03-06,970.1287231445312,982.5086351427768,960.644085134761,974.4217576353459,3928358
2025-03-07,935.2352294921875,975.0207657210343,930.7924131722665,969.4298455691636,7737031
2025-03-10,899.0438232421875,911.8730194435757,879.6751701381226,893.552717159087,16014401
2025-03-11,654.8892822265625,809.1394418745042,647.9505088123896,809.1394418745042,101075220
2025-03-12,683.5927734375,696.521843983474,605.020028213271,628.9812174494401,108682122
2025-03-13,671.2627563476562,705.7569362397606,666.570405201837,688.884239902351,31592987
2025-03-17,676.3046264648438,708.7520719445212,673.9084830394534,703.8599711745402,22353102
2025-03-18,676.3046264648438,676.3046264648438,676.3046264648438,676.3046264648438,0
2025-03-19,691.5798950195312,699.6667726962552,681.4462835065794,683.89233396865,11120576
2025-03-20,682.9937133789062,699.8664086613003,679.8987507822333,696.3720685324636,8918567
2025-03-21,685.7892456054688,692.7279580843635,671.2128185501152,683.8922937009127,14265415
2025-03-24,668.367431640625,692.6281234532086,664.074397441107,690.8809534120653,14649992
2025-03-25,636.0198364257812,671.7619333042584,632.5754031134364,669.1162550889187,18615476
2025-03-26,654.2402954101562,661.4286644030351,636.3692782470268,636.3692782470268,23506399
2025-03-27,672.4608154296875,675.6556530172826,639.4642715294709,654.2403268185823,21589495
2025-03-28,648.7991333007812,672.8601988693141,642.4594259661419,670.9133399366704,8807815
2025-04-01,681.5960083007812,688.6845024151485,645.8039452841422,647.9504928631245,14019630
2025-04-02,701.3140869140625,707.2544774124426,673.9084638630087,681.5960244528856,14993840
2025-04-03,708.2528686523438,713.5442859472515,692.378555831163,693.8262232541506,6972769
2025-04-04,680.8971557617188,703.7601491494154,674.5574485540631,699.8664313621185,9627949
2025-04-07,674.8070678710938,677.5526210144809,635.9699463045964,635.9699463045964,9382614
2025-04-08,678.5509643554688,694.7746865281891,671.9116936763576,683.7924745958861,5639989
2025-04-09,677.4526977539062,682.1950164809281,669.1661319550328,678.5509554946689,4243562
2025-04-11,688.385009765625,692.8777328170322,674.4076491612468,683.8423797564933,5019467
2025-04-15,734.7100219726562,739.8017505369916,691.9292768945735,703.8599650858017,12452925
2025-04-16,786.975341796875,793.1154211693025,731.814685108924,745.7920460796265,31252589
2025-04-17,793.4149169921875,799.7047171872678,776.0430298472445,786.9753349848488,13986710
2025-04-21,826.8607788085938,840.5386375338136,797.0590109213787,800.7031330962135,15639685
2025-04-22,786.2265625,806.6934126984127,774.1461533428374,788.7225198412699,25698945
2025-04-23,792.9157104492188,803.698233569443,780.7354268960303,796.1604548704618,10657940
2025-04-24,818.4243774414062,836.1456738117448,792.0171377050755,793.7144008123428,22577201
2025-04-25,821.0202026367188,827.6594736941325,806.044458239358,820.6707929753643,11724192
2025-04-28,829.2069091796875,840.4387168557798,819.7222715865429,826.6610449603979,6929801
2025-04-29,835.5966186523438,850.6222697989416,827.2101775332635,840.5885333812107,8769289
2025-04-30,837.0442504882812,841.7366013845531,808.7400586182927,818.6739806932644,20241775
2025-05-02,855.0650634765625,862.103650870787,831.7527857475394,833.6497376689139,7845964
2025-05-05,845.3807373046875,860.6060768309899,839.1907510148993,853.6173963926872,7875811
2025-05-06,830.4548950195312,849.8734548687278,820.5709407406414,845.3807317592896,10040705
2025-05-07,832.45166015625,840.6384122250682,814.7802704198093,825.6626685393485,9432595
2025-05-08,825.4630126953125,842.8848073985713,814.6804889987968,833.6497650906806,13290700
2025-05-09,816.8768920898438,825.1135509253314,804.1974172103472,804.1974172103472,5074137
2025-05-12,787.2249145507812,836.6448679689977,784.728957307437,833.6497192769846,14573162
2025-05-13,768.8546752929688,802.6998812267393,767.8063853965688,792.7160518582475,10848937
2025-05-14,780.0864868164062,785.1283694191785,763.3136655897239,773.746779513684,9164606
2025-05-15,779.2378540039062,781.3844016150146,756.6244569282494,776.741896752132,7350633
2025-05-16,778.9383544921875,784.2297717001999,748.7871785807127,748.7871785807127,27168178
2025-05-19,782.7821044921875,790.6693538164135,769.054339548188,778.6388519982362,7193105
2025-05-20,780.9850463867188,798.4068406889969,778.7885917551308,783.7305994420891,6637953
2025-05-21,768.7049560546875,785.4278702825969,759.7694165635277,781.7338412210804,8134620
2025-05-22,783.7305908203125,795.4116831510405,724.6263098730687,748.7871886818273,43477564
2025-05-23,792.1170654296875,797.9076744147167,776.0430631998166,779.8369062633557,9260373
2025-05-26,798.80615234375,800.703104272095,789.4712963879789,792.0670676132804,5381797
2025-05-27,819.3728637695312,826.2616692643375,796.7095595986688,797.3085649681452,10346628
2025-05-28,803.8480224609375,819.3728644874483,801.6016609187475,819.173175718629,5308859
2025-05-29,822.8173217773438,825.6626887727754,801.7514052479892,803.8480459772437,8791159
2025-05-30,815.6289672851562,822.51777311287,809.688576515537,819.7722199865843,5630146
2025-06-02,811.3858032226562,823.4662120602402,808.2408726812697,813.6820717285866,4094000
2025-06-03,799.554931640625,817.1265074743575,796.8593465242216,817.1265074743575,3241313
2025-06-04,813.0330810546875,814.1313387941531,801.7014596422958,806.4936853208615,3877545
2025-06-05,801.9011840820312,817.1764307717186,799.005849201354,815.6788563720148,3366237
2025-06-06,821.5193481445312,844.4821549354891,803.6982376835227,805.6950034914321,10916786
2025-06-09,835.297119140625,838.641677647134,820.1715930799055,829.9058268383097,6894267
2025-06-10,843.6834716796875,855.9635693694019,834.6481184696697,836.6448843033291,10162134
2025-06-11,834.9476318359375,850.0232506347497,833.1006477907636,843.8831712431357,2359273
2025-06-12,828.5580444335938,841.7866186784207,824.6643265077022,835.6465390883133,2742462
2025-06-13,815.529052734375,825.4629748405426,811.7352098772714,817.6756003577601,3164561
2025-06-16,819.9219970703125,823.4662443528528,808.9397846285792,815.728776496177,2286257
2025-06-17,807.841552734375,819.6224588374446,804.7465291640164,818.6739828894886,2343961
2025-06-18,849.1246948242188,854.1166095498168,814.231198704997,816.7271560677959,20826809
2025-06-19,836.1456909179688,848.2260998091858,834.0990181304759,845.6303286059934,4363823
2025-06-20,838.8912353515625,846.379107133933,827.659427678007,834.1489165560613,20961217
2025-06-23,838.5418701171875,843.6335988242648,825.163514116278,833.8494580311097,3191499
2025-06-24,830.6046752929688,850.6222404784387,822.4678301908046,849.6238575670791,5482589
2025-06-25,828.4581298828125,837.4435761091694,826.6610528248326,832.6513503090705,4946637
2025-06-26,834.7479248046875,839.1408339734202,823.1667074492384,833.5499140645393,4451922
2025-06-27,856.3130493164062,879.5753593456337,830.1554044221276,834.6481275969918,12647856
2025-06-30,870.689697265625,874.3338192023983,856.3130201574849,863.3516073711379,4353159
2025-07-01,877.6784057617188,891.3562640334915,864.6495207663477,868.692959428848,5729474
2025-07-02,856.2631225585938,874.0842330322413,846.329200469908,874.0842330322413,10183147
2025-07-03,861.0054321289062,864.5995861725933,844.1826438037438,847.6270769752098,3855070
2025-07-04,854.8653564453125,862.5030099898881,848.0264579683325,855.7139575340626,2658812
2025-07-07,853.0682983398438,865.5480848421633,843.8332563281274,845.6303333971698,3295065
2025-07-08,848.9249877929688,861.5046491928432,847.0780037587979,853.6173997214189,2344400
2025-07-09,839.3904418945312,853.517584619168,838.1923702005214,850.3726540394493,2406142
2025-07-10,851.4708251953125,854.3162529998127,839.5901053406043,843.6335438665195,2560806
2025-07-11,857.461181640625,866.2969074069425,848.226139251802,850.6222827326752,3849544
2025-07-14,866.197021484375,872.087505253343,856.0634711220131,857.4112637275003,3605770
2025-07-15,879.5753784179688,885.3160803769964,868.2437563169067,869.5915489240077,3532750
2025-07-16,878.327392578125,887.5125278250573,874.5834565483802,874.5834565483802,2863446
2025-07-17,863.7010498046875,889.4593781906882,861.3548742898693,878.3273841280933,4185118
2025-07-18,868.64306640625,875.0327416089453,859.857308704888,864.5996276788773,2622714
2025-07-21,857.4112548828125,868.6430629342083,829.2568438466888,868.6430629342083,6765856
2025-07-22,841.8364868164062,883.2194708649131,839.7398461312857,878.5769659317137,7686762
2025-07-23,849.773681640625,852.6190487049275,840.4387643932794,847.6271338998636,2623940
2025-07-24,846.5289306640625,859.4080342025928,843.6335957242711,853.8670209978496,2006984
2025-07-25,822.3680419921875,847.0281128612578,820.0717734115404,845.0313469760935,2805230
2025-07-28,800.7529907226562,827.4098262722013,796.7095521752236,823.6658904067161,5922408
2025-07-29,806.89306640625,817.5258076560963,788.7224855641889,798.7063144953812,16766666
2025-07-30,800.603271484375,813.4823743260632,794.2635035106704,809.6885314952509,3218643
2025-07-31,797.608154296875,804.6966487887933,787.8239527460577,794.3134418491932,4480429
2025-08-01,782.4327392578125,797.3585767222569,778.4392074110827,791.2184971333259,4739250
2025-08-04,802.749755859375,804.2972371618821,779.7370422790204,781.7338080723085,2980888
2025-08-05,817.8253784179688,847.3275809800909,808.7400574493381,818.6739795099513,18982770
2025-08-06,802.0509033203125,820.6707693598112,794.1138077672765,820.6707693598112,5249912
2025-08-07,806.04443359375,808.6901727309717,787.8239451340708,800.5533274826138,2553303
2025-08-08,781.1847534179688,807.1926171448683,777.7403200443443,805.2956651604203,2490574
2025-08-11,781.9833984375,788.8222968580621,776.5921064579863,783.2313770497527,1629229
2025-08-12,781.7837524414062,790.070318692807,779.5373908164595,782.782135385827,1462522
2025-08-13,772.1992797851562,786.526050277765,765.4601950915296,785.727356130997,4114205
2025-08-14,768.5052490234375,778.5389851345358,764.4618104039151,772.1992779972007,1859573
2025-08-18,787.3746948242188,794.6129708157991,776.2427011660334,776.2427011660334,3029689
2025-08-19,784.2297973632812,789.4214008252885,779.5872923295772,785.9769675038106,2807872
2025-08-20,776.9415893554688,788.9221842231353,775.7435176814108,785.1782483269895,2332155
2025-08-21,766.208984375,780.5856618655107,765.2605084134192,779.7370607578348,3324022
2025-08-22,758.870849609375,771.4505112366336,757.5230570126674,766.2090007927239,2483587
2025-08-25,769.6034545898438,773.746768109789,760.2685986007798,766.708180664598,2790762
2025-08-26,755.1768798828125,771.7500123054746,752.930518268728,769.603464610766,3306397
2025-08-28,745.3926391601562,761.1671375260484,743.6454691076706,755.1768402032403,3085661
2025-08-29,738.30419921875,749.1366299645493,736.806624778144,741.798539580164,2538543
2025-09-01,751.632568359375,752.7807331093904,740.3009464199112,741.1995154361371,1436082
2025-09-02,749.9852905273438,757.5230696758709,746.2912613940211,751.7823676651477,1330606
2025-09-03,766.85791015625,767.7564791748612,747.9885091935414,748.7872033564967,1933362
2025-09-04,753.6293334960938,772.14938567442,751.6325676277207,770.5519364178466,1401421
2025-09-05,755.8258056640625,758.2718560968281,748.7872180021344,755.1269254066352,2873689
2025-09-08,749.5360107421875,759.2702446479302,745.2928831422483,758.2718616832386,2330647
2025-09-09,744.9434204101562,753.8788985584229,743.8950696227454,752.4312921119143,1347461
2025-09-10,750.03515625,754.6276932314906,744.8934599224224,748.9868663886224,1350420
2025-09-11,747.389404296875,753.0801989359792,746.2912074965459,750.2847390416779,975314
2025-09-12,739.3025512695312,753.130130318423,738.0545726212032,751.7823377528116,1853165
2025-09-15,738.7035522460938,743.1962754187141,736.9064142278793,739.8017490914845,1499071
2025-09-16,741.0497436523438,747.738921595743,733.4120897204135,739.5022622691929,2892657
2025-09-17,737.8549194335938,744.6938793181181,735.8581534999738,743.795310273405,2280605
2025-09-18,734.2607421875,741.7985211641237,731.3155003401355,741.2494227368255,2280312
2025-09-19,743.1962890625,745.7421533864309,734.9596297614853,736.8066138362201,8190278
2025-09-22,733.112548828125,747.0899093813265,732.2140407830071,743.1962526462369,1884250
2025-09-23,754.0286865234375,755.7758566014461,727.8710423111028,733.8114327636234,4501893
2025-09-24,739.5521240234375,757.7227047658776,737.7051400558755,754.0286758942979,2993982
2025-09-25,739.5521240234375,744.3942566539362,734.2107999491161,739.7518127882577,3037406
2025-09-26,711.597412109375,741.4490851995946,709.4508644993872,740.8001119398896,5779485
2025-09-29,722.230224609375,733.6616602294218,711.3977334268932,716.5893367687614,41100690
2025-09-30,734.3605346679688,736.5070822914656,721.3815568838367,728.8195217243422,3965781
2025-10-01,741.9483032226562,744.2445717880397,724.8260114966034,731.0159978867587,4127017
2025-10-03,746.19140625,757.7227165950355,740.5505184721579,741.9981858691352,4112610
2025-10-06,738.1044921875,754.3781218523781,732.9128887344855,740.8001383012247,5118797
2025-10-07,747.788818359375,751.1833447131598,739.2526564519102,741.7486137895582,4348518
2025-10-08,739.7518310546875,752.8805297895354,737.9547539998421,745.8419424451241,4238626
2025-10-09,747.9385986328125,752.0818512428947,741.7985192202688,742.7969021532704,3506978
2025-10-10,762.1156005859375,765.5101269908688,746.5408509389268,748.3878350220322,5386722
2025-10-13,758.6712036132812,766.708173914306,755.8257757356675,756.7742516948721,2906803
2025-10-14,749.1865844726562,761.8160921341826,742.098029018595,756.7742704615393,1833516
2025-10-15,738.9031982421875,751.7823626948099,732.0143924367402,751.1333894015652,2333738
2025-10-16,738.30419921875,743.6455236823274,733.811475896932,741.6987256587075,3056360
2025-10-17,749.7855834960938,759.7694128369205,733.3122650837295,738.8033712211842,4770012
2025-10-20,758.5214233398438,769.4038215405594,725.1255024842827,741.7985094327133,9184006
2025-10-21,757.2235717773438,761.6663881576291,754.7775213264936,760.7179121538553,350896
2025-10-23,758.3716430664062,764.7613181408607,750.5842684632295,757.7726376878763,5363491
2025-10-24,753.8290405273438,758.7211413979236,749.6358199149124,758.7211413979236,2001556
2025-10-27,768.8047485351562,770.7516073991683,751.9321138987843,754.477978134897,3590863
2025-10-28,798.4567260742188,800.6531806464594,771.2008850300925,772.6485524256459,8948361
2025-10-29,806.144287109375,808.7400582822535,792.5163361106219,802.6998539071834,4077629
2025-10-30,799.6548461914062,808.6901998168831,795.9608170419878,805.6950509286725,4103276
2025-10-31,793.5147094726562,805.1958014830744,790.7192495655239,799.6547886260618,3511425
2025-11-03,795.6113891601562,802.4003809640076,789.8706872558809,793.5147484245457,2640561
2025-11-04,788.9221801757812,797.9575332381683,783.830390821271,795.7610786697397,3505823
2025-11-06,784.9286499023438,796.2103645099902,776.092924655939,789.7208756456455,2640541
2025-11-07,795.9608154296875,800.653227532338,777.8401403181341,780.8852570974815,2079256
2025-11-10,798.057373046875,806.4937210172546,789.7208999316614,789.7208999316614,1894738
2025-11-11,824.7640991210938,826.8607397978946,791.5179603431194,798.4068268096041,7150449
2025-11-12,863.002197265625,871.5882657726519,825.6626526849749,828.7077083219754,11714519
2025-11-13,862.0537719726562,890.9070027195964,857.6608626098791,860.6061045051642,9325204
2025-11-14,846.8782958984375,870.5898898006926,844.4821525611007,862.6028265915119,4460991
2025-11-17,852.6689453125,860.3565062062474,837.144102644547,850.6222724545667,4019335
2025-11-18,846.5787963867188,857.1117238459914,843.683461587962,852.6689077319503,1958051
2025-11-19,838.2423095703125,848.9250194388937,834.9476579867396,848.6255167379253,2317710
2025-11-20,828.058837890625,842.6352044942597,826.1618859229857,842.6352044942597,5136903
2025-11-21,845.1810302734375,855.4144549798606,829.2069039024356,830.8542600590276,7304707
2025-11-24,834.6980590820312,856.1133856987557,831.2037187322404,845.7301785705075,5082933
2025-11-25,838.5418701171875,843.5337849031299,827.7093784698167,834.698059170136,3021941
2025-11-26,849.3243408203125,857.3114039789632,839.6400145531574,843.5337322175819,2939823
2025-11-27,856.0634765625,862.353276988846,845.1810779833681,851.6206602274798,3016014
2025-11-28,857.16162109375,861.6044371574615,850.1230338813191,858.2598788385588,2901007
2025-12-01,845.7800903320312,861.0054294170234,841.287367323345,858.6092861044751,3019328
2025-12-02,848.9249877929688,859.1085058014983,844.0329480289546,845.7801181453434,2674933
2025-12-03,845.530517578125,854.9152804448884,839.9894436343911,852.6190119209174,2063761
2025-12-04,861.6044921875,871.5883217609357,841.5370191194781,844.6319819126594,4259999
2025-12-05,868.6929321289062,872.9860273244162,854.7155716059217,862.2534112085531,3377823
2025-12-08,840.0394287109375,872.1873105769721,833.150562061668,868.692970292711,2015558
2025-12-09,842.984619140625,847.327621533366,830.8043959043771,840.0893451485904,3015385
2025-12-10,832.5015869140625,850.2228840302986,826.8108529273112,846.4290410603115,2623610
2025-12-11,834.1988525390625,841.4371288472021,826.1618820669715,833.1006556806868,2810755
2025-12-12,844.78173828125,849.8235598766549,837.6432759767104,838.6915658630487,3492109
2025-12-15,849.8734741210938,852.1198357267002,834.0491289628497,844.5820567485125,2458486
2025-12-16,843.6834716796875,855.414470952437,840.4886341585408,852.6190109726052,2811166
2025-12-17,832.5015869140625,844.7317778816057,826.461382337792,836.8445892480855,3107473
2025-12-18,833.5499267578125,841.1376125977612,824.6642943688436,829.4565202117826,1537403
2025-12-19,843.3340454101562,846.5288828683284,829.6561875319057,833.5499052053744,7000947
2025-12-22,855.01513671875,861.404750692844,839.5402018269534,843.6335473269753,2387606
2025-12-23,848.5256958007812,858.3098365491015,844.8316666888195,855.0151849927689,1628642
2025-12-24,846.6786499023438,857.4611735921441,842.8348999133344,848.6255088452217,1947886
2025-12-26,848.4757080078125,857.5111222662579,835.7463256604859,839.6899504181257,4257972
2025-12-29,838.2423095703125,853.1681470225833,835.2471606877081,848.4258279584596,1907670
2025-12-30,840.1392211914062,842.7349923903203,831.9025621601179,838.2422692823449,4409838
