Price,Close,High,Low,Open,Volume
Ticker,ITC.NS,ITC.NS,ITC.NS,ITC.NS,ITC.NS
Date,,,,,
2021-01-01,159.7165985107422,159.97800089844017,156.31837930579243,156.76649261250722,20279389
2021-01-04,159.3805389404297,161.3223753781856,158.40962072155173,159.8286523102674,27927482
2021-01-05,157.92413330078125,159.26848505479006,157.2892972405204,158.6710006463969,18718244
2021-01-06,153.40560913085938,157.9614690504922,152.7334332711615,157.92412923471008,50957586
2021-01-07,151.46380615234375,155.0487490801294,150.94100123567955,153.92845959306462,36298522
2021-01-08,150.49285888671875,153.8537385371591,149.55928054853393,152.62141797118514,58600546
2021-01-11,151.23973083496094,153.92843463608904,150.30615246872895,152.36002014038917,44625924
2021-01-12,154.18983459472656,154.52591664694873,150.56755248509452,151.61315029710536,36989137
2021-01-13,157.7747802734375,159.08179236043472,153.2935993566258,154.93669350306484,66387977
2021-01-14,159.94065856933594,161.69578378697142,158.0361622518085,158.33490445159242,50164605
2021-01-15,162.70408630371094,163.18955135256485,157.7374518493937,160.50083550713518,60567280
2021-01-18,164.12310791015625,165.8035417749933,160.27676336122676,163.11483812315416,70211602
2021-01-19,163.45091247558594,165.57947140571451,162.44265457112326,165.05667846255284,33009228
2021-01-20,162.55467224121094,163.5629300612194,161.09828931442252,163.1895082524004,46392916
2021-01-21,159.60459899902344,163.9363970104556,158.48429783959654,163.56296329064665,30116008
2021-01-22,157.36399841308594,160.38878412856906,156.20635750653227,159.82863950237774,25663922
2021-01-25,155.19810485839844,158.70836778493802,154.48858904250667,158.33493404784323,25929487
2021-01-27,157.32664489746094,158.8203796631308,154.67529290918387,155.34746881968542,50338134
2021-01-28,154.30184936523438,157.58803723557793,153.66701331387293,156.28103715175894,22984352
2021-01-29,151.79986572265625,155.94495245527017,151.12768981561413,155.75824152808474,24679902
2021-02-01,161.28501892089844,162.77874183475117,150.71691539911896,152.3600094208445,59968324
2021-02-02,162.9654998779297,166.923876516483,162.06926120153273,164.30985197496153,50324035
2021-02-03,161.88250732421875,165.80353126201257,161.09830016963517,165.43009759290743,55709225
2021-02-04,171.74110412597656,172.8240535415729,161.32235980791654,161.39705127991013,109894300
2021-02-05,175.0272979736328,178.38818945700945,169.72458201089154,173.38420388673765,130323308
2021-02-08,174.09373474121094,177.79070859261626,172.8987657271518,177.3799350352519,43093963
2021-02-09,171.03158569335938,178.64959549781003,170.4341012260203,175.2140243052343,73377134
2021-02-10,169.94862365722656,172.59998741408484,166.62508400673693,171.0315730505702,49104142
2021-02-11,169.12709045410156,171.25564959675577,167.6707072599105,171.03158700222625,45311749
2021-02-12,162.40533447265625,168.60428926051785,161.17300201128708,168.60428926051785,114826417
2021-02-15,163.26422119140625,165.05669831400414,162.44267410818455,163.15218989185317,33000365
2021-02-16,163.0028076171875,165.65417146306058,162.25595206314748,163.60030389554439,30271502
2021-02-17,162.62937927246094,163.11484427490046,161.73315257813064,162.51734797688835,20615018
2021-02-18,163.45091247558594,164.75792442130071,162.74139677725114,162.96545934940917,24997592
2021-02-19,161.28501892089844,163.4882693910528,159.82863582523277,163.45091773774112,29208388
2021-02-22,158.44786071777344,162.2359189757715,157.64433247354873,162.2359189757715,53531490
2021-02-23,159.5574951171875,161.12629185630135,158.40960452893054,159.17487300557852,27703323
2021-02-24,159.8253173828125,160.55232598044495,158.02695003261485,160.01664054080564,13667471
2021-02-25,160.05490112304688,161.62369766890586,159.78705840188624,160.3227438442075,26953713
2021-02-26,155.9990234375,159.1748767767887,155.34854642960948,158.60091934234688,45101885
2021-03-01,158.33306884765625,158.98354582377254,156.15206708345988,157.22343807313032,16850430
2021-03-02,160.62884521484375,161.31758190344559,158.02694971049087,158.40958389898378,26590262
2021-03-03,160.66714477539062,162.23592945349318,159.78708477771534,162.23592945349318,21648963
2021-03-04,160.475830078125,161.7002524808171,158.86877340083234,159.78709323453046,25858155
2021-03-05,159.5957489013672,160.70537957776418,158.56263778791418,159.1748549250343,17990773
2021-03-08,159.1748809814453,161.31761099533963,158.94529800160407,160.4758229048759,23874105
2021-03-09,159.02182006835938,160.51408520727452,156.68776682579283,159.71055689195745,23463213
2021-03-10,158.0269775390625,160.09318796872793,157.49129200618083,160.0166683935823,20358192
2021-03-12,157.03208923339844,159.1748306971027,155.73113559423177,159.1748306971027,31973696
2021-03-15,157.22344970703125,157.64434375172988,154.27719139414097,157.52956438867028,42699297
2021-03-16,159.06007385253906,159.8636020762639,156.8408002279453,157.95044310359938,50641203
2021-03-17,161.16453552246094,163.68991154143941,159.59575106697173,162.3889576866021,81604999
2021-03-18,166.5596466064453,167.66927727627873,162.15937158164385,163.00117165604388,95536034
2021-03-19,170.6155548095703,173.06439937312763,164.95260933554087,167.59276495414815,139352860
2021-03-22,172.94961547851562,173.25571800925047,169.50591956424753,170.88339307926893,47823778
2021-03-23,170.0416259765625,174.55668130388847,169.3528891343167,172.18436820875655,43165463
2021-03-24,165.25872802734375,170.50079211798618,164.7230424687859,169.12331843218487,28672557
2021-03-25,161.9298095703125,165.25870176077854,159.97839084670926,164.6464967207125,42248040
2021-03-26,161.39414978027344,164.11083736299213,160.97325571657072,163.95778607861988,27083832
2021-03-30,164.18731689453125,164.5316912954088,161.0114762333221,163.192477725407,28862387
2021-03-31,167.2101287841797,167.82233381023428,162.7715938384283,163.80470497828782,37890481
2021-04-01,168.3962860107422,168.81718001522145,166.29181598834586,168.35802622671164,30182056
2021-04-05,162.6568145751953,168.35803191021654,161.08802998312458,166.52139244074635,32586507
2021-04-06,162.73333740234375,164.4934450785155,160.82017846651107,163.61338517707253,26663018
2021-04-07,163.61338806152344,164.6847590247519,162.58028900892052,162.77160005519087,15790468
2021-04-08,163.1925048828125,165.37350673784513,162.8864023377906,164.4169271896153,14660557
2021-04-09,163.0777130126953,165.25871486259157,162.65681898260263,163.57513874222084,16994483
2021-04-12,157.108642578125,161.47064599507968,156.87907174814248,160.70538968394735,35840817
2021-04-13,159.71054077148438,160.4758092212242,157.64433050924424,158.4095989589841,21027436
2021-04-15,158.1800079345703,161.04974628472127,157.64432247240504,159.94011557786857,18205903
2021-04-16,159.13661193847656,160.13146345126276,158.02698106041427,159.17488385361776,13824608
2021-04-19,157.33822631835938,157.72086053918824,155.92249304067846,156.8790725293934,16400507
2021-04-20,155.76943969726562,158.40959517030885,154.96591148227108,157.79737799981643,22187707
2021-04-22,157.5678253173828,157.87392787452288,153.47366420380845,154.58329506847798,24030915
2021-04-23,157.1469268798828,158.4096089878505,156.30513880790437,156.30513880790437,20381213
2021-04-26,157.108642578125,158.21828545101707,156.6494887914456,157.49127679704836,20652091
2021-04-27,157.1851806640625,158.3713431529424,156.91733791259657,157.10864896648013,11885588
2021-04-28,157.26170349121094,158.02695979029545,157.10864010467986,157.6443255773961,13197445
2021-04-29,156.3433837890625,158.83048798257397,156.15206061927597,158.4861256797009,13601150
2021-04-30,155.04244995117188,157.41477510181664,154.58329611236115,156.03730145866874,17130954
2021-05-03,153.7797393798828,154.46847607417362,153.05274290444072,153.97105041235278,21405441
2021-05-04,152.7466278076172,154.85110979191376,152.36400574384825,153.97104994113286,18962501
2021-05-05,154.12413024902344,154.5832840520117,152.6701250161551,154.16239003426043,14396547
2021-05-06,155.15721130371094,157.60605555511864,154.65978564658602,154.81284902317321,14872429
2021-05-07,157.1469268798828,157.98871495186125,155.31028733491587,155.31028733491587,20213092
2021-05-10,157.29995727539062,158.75395025155598,156.87906329526763,158.5243794339431,16922951
2021-05-11,156.11380004882812,158.0269589767616,155.9224890067204,156.0372804826707,14277000
2021-05-12,155.5398712158203,157.0703960943987,155.2337686654477,156.03729695521233,17174525
2021-05-14,162.42721557617188,163.15422418581633,156.11379379235328,156.87906218354314,64021335
2021-05-17,162.695068359375,166.06223251139312,161.9680718314961,165.90918124903519,39465392
2021-05-18,160.74366760253906,164.22562362283887,160.43756504355238,163.84298936074762,31653409
2021-05-19,158.98355102539062,161.77677007223627,158.83049975424655,160.74365883361997,25345241
2021-05-20,158.40960693359375,160.1697147552306,158.2565556612838,159.51923775287705,21688686
2021-05-21,159.9783935546875,160.5905986051164,158.71569941642764,158.86875067903486,23509878
2021-05-24,161.85330200195312,162.27419606141333,158.9835631637884,160.3227770469418,29977506
2021-05-25,161.39414978027344,163.30730902500073,160.89672401102655,163.00120645625623,26310600
2021-05-26,161.16453552246094,162.58028084998548,160.93496470380018,162.08285517724528,18253046
2021-05-27,161.58546447753906,163.88125804803713,160.93499953604967,161.4706729800067,49385674
2021-05-28,162.92465209960938,163.38380588889083,161.89155304204746,162.61854957342172,26583388
2021-05-31,165.75611877441406,166.7509579758039,164.07253074893097,164.5316966316598,75852502
2021-06-01,164.72300720214844,167.89886008414956,163.95775094427322,166.82748919641074,40247686
2021-06-02,159.9401397705078,162.5803076981655,159.63403721060183,161.088042560229,100377464
2021-06-03,159.9783935546875,161.27933535020617,159.71053868673184,161.27933535020617,48454441
2021-06-04,159.74880981445312,160.4758063399529,159.17486455081044,160.3227550780958,31286264
2021-06-07,161.8150177001953,162.5420142151847,160.85843823238224,161.01148949202664,32643869
2021-06-08,163.49862670898438,163.95779270738117,161.62373930458614,162.38899575738645,22080199
2021-06-09,162.61854553222656,164.34038129427896,161.85327710906049,163.76643604026148,25846432
2021-06-10,164.80076599121094,166.4542880114318,163.38346496740442,164.32832399838225,31902690
2021-06-11,163.6984100341797,165.70625097425076,163.58029954170388,165.58815295911413,22249404
2021-06-14,163.22601318359375,164.131506344757,161.57249091293912,163.73780878355234,18358717
2021-06-15,163.0291290283203,164.09211100586631,162.9897630224377,163.42282651916474,15426377
2021-06-16,163.65907287597656,164.84015305423554,163.02915429752144,163.02915429752144,20878518
2021-06-17,161.92678833007812,163.7771653725626,161.41499279855987,162.95040434779463,22304032
2021-06-18,161.0606689453125,162.5567145579304,159.4465253041258,162.20238304020225,24475206
2021-06-21,160.98193359375,162.20237968242094,159.36777750863766,159.91895153991112,19809308
2021-06-22,161.49371337890625,162.39921883220507,160.90317339655522,162.28110834026705,18737552
2021-06-23,160.58822631835938,162.08427180911744,160.31263931946552,161.92678282917274,13059519
2021-06-24,160.0370635986328,161.13941167189247,159.485889562003,160.9819351581897,23299321
2021-06-25,161.45436096191406,161.88742448390704,160.43075740787063,160.6275999261074,14411660
2021-06-28,160.31263732910156,162.1236358025854,160.11578234528454,162.1236358025854,15190488
2021-06-29,160.07644653320312,161.65122431407812,159.9583360161027,160.312667567404,13839294
2021-06-30,159.60398864746094,160.94254515683505,159.4858781512992,160.86381314428692,16556397
2021-07-01,159.8402099609375,160.4701284984582,159.17093789133125,159.76147794208526,10583793
2021-07-02,159.36778259277344,160.3913861932189,159.24967208554114,160.07643315882655,13187847
2021-07-05,160.35202026367188,160.7063517855465,159.60400368727977,159.8402122245221,10642939
2021-07-06,159.446533203125,160.4701368428148,159.24967819107695,160.03707328458677,11515716
2021-07-07,160.43077087402344,161.57248502577758,159.2890567222693,159.4465332455449,18568033
2021-07-08,159.05284118652344,161.02131651139925,158.89536465781435,160.23392139051228,21730892
2021-07-09,158.541015625,159.32841065904657,158.18669659381723,159.05282364486428,12289809
2021-07-12,158.34417724609375,159.4858913411806,158.226066740164,159.0528278043318,13589278
2021-07-13,158.93472290039062,159.21030993149353,158.54102535919486,159.05283341048343,11247522
2021-07-14,160.7063446044922,161.533105641249,158.81660152695088,158.93471202896475,21269167
2021-07-15,162.39923095703125,164.1708510363546,159.76147136460884,160.9425514174911,29963443
2021-07-16,163.6984100341797,165.0763449841654,163.1472360541854,163.54093353665834,30137464
2021-07-19,163.58030700683594,164.95824201970493,162.47795899654074,162.83229049013835,17099088
2021-07-20,162.83229064941406,164.80076567619818,162.51733763969014,163.93463866078753,24567907
2021-07-22,162.9897918701172,163.97402953275946,162.0842987105166,162.9897918701172,19016769
2021-07-23,167.24169921875,168.18657088911056,162.59609784904492,162.98979541814032,46241640
2021-07-26,166.25743103027344,169.56447503109806,165.9818440302047,168.5014930373074,49084040
2021-07-27,164.28895568847656,167.71411017911274,163.73778168946245,166.92671518699555,25378089
2021-07-28,164.64328002929688,165.3519305004968,163.34407710098114,164.01336156748636,15304399
2021-07-29,162.24176025390625,165.50942599750084,161.92679474817265,164.64329893074955,16204679
2021-07-30,161.37562561035156,163.06852626338937,161.1000510601445,162.28113119115508,15515733
2021-08-02,163.22601318359375,163.3834897126073,161.76933345487063,162.55672857727998,10046707
2021-08-03,165.273193359375,166.06058835229933,162.55670184526338,163.38346284463205,19179805
2021-08-04,164.24960327148438,166.21807843730218,163.8559057428527,166.06060192131764,11421835
2021-08-05,169.48570251464844,170.66679480992602,162.91099408401627,164.24956285653002,48995450
2021-08-06,168.6983642578125,170.0762869134104,167.3991611454184,169.60385735812034,24489836
2021-08-09,168.34402465820312,170.9817842893946,167.47789760971403,169.2888962008004,21142199
2021-08-10,165.23385620117188,168.8558538372464,164.21025251353058,168.5015222853657,18855165
2021-08-11,164.28895568847656,165.82436718896733,163.34408419340386,165.23382718354924,16012451
2021-08-12,164.48582458496094,168.65898345953536,164.05276104587622,165.54879418913586,28758718
2021-08-13,166.49363708496094,167.16292152183806,164.72200474671882,165.23381269444928,19576945
2021-08-16,166.0605926513672,167.91095720756906,165.7456396369796,166.4542901580216,11621038
2021-08-17,164.72201538085938,166.53301383896817,164.40706238223333,165.9818398527029,8161139
2021-08-18,164.5251922607422,166.53303346022534,164.0527627071405,165.03700030181625,11149120
2021-08-20,164.48582458496094,165.9031257087546,162.7535579512815,162.98977896436065,20168965
2021-08-23,162.4385986328125,165.50942177464665,162.20237762887444,164.9582477503513,10319044
2021-08-24,162.0055389404297,162.98977651031956,161.1787778844413,162.98977651031956,12971124
2021-08-25,162.51736450195312,163.69844472230676,162.20239896282928,162.51736450195312,10994627
2021-08-26,161.1000518798828,162.87167208541337,160.90319687215214,162.51735303524362,15407558
2021-08-27,162.12367248535156,162.87168915202312,161.336277326603,161.41502183341476,10879860
2021-08-30,163.77716064453125,163.93463714793995,162.2023706557649,162.2023706557649,12550267
2021-08-31,166.37554931640625,166.6117703210501,163.18661566307497,163.81653418301187,26802390
2021-09-01,164.95826721191406,167.1629635692028,164.80079068315655,166.13934741626636,16867486
2021-09-02,165.1550750732422,166.53301000720035,164.56453509507128,164.56453509507128,14872714
2021-09-03,165.8243865966797,166.33619464919067,165.1551020227825,165.1551020227825,10622796
2021-09-06,164.80076599121094,166.29681150626882,164.60392347909217,166.13932252376608,11041632
2021-09-07,166.72988891601562,168.77709613116127,165.47006429233338,166.06060435526612,38933378
2021-09-08,166.33616638183594,167.71410130647382,165.11570795182251,167.12354885495836,17897021
2021-09-09,167.43853759765625,168.42277518388516,165.78501545822996,166.17871298818963,19784972
2021-09-13,168.61959838867188,169.40699335836646,166.76923393496278,167.9896923947876,16661794
2021-09-14,170.15501403808594,171.06051952328042,168.65896854973911,169.2101425466385,20377545
2021-09-15,170.07626342773438,171.02113488517887,169.5251019280091,170.9424028755063,21028598
2021-09-16,181.69027709960938,183.97371757815284,170.31249062252212,170.82429861341524,154986538
2021-09-17,182.0052490234375,186.8476921958144,180.39109298108522,183.4619160804491,82563658
2021-09-20,184.05245971679688,188.46185193671064,181.29658957935078,181.88714209261795,73101936
2021-09-21,190.15472412109375,190.90274060554,182.4383008590669,184.9973157855812,58854434
2021-09-22,191.72950744628906,193.5405059437902,189.52481145327206,191.72950744628906,54648494
2021-09-23,190.94210815429688,193.38302508510975,190.3122021575318,192.91058311019665,22630330
2021-09-24,187.7532196044922,192.1232337623867,187.1626670339593,192.1232337623867,25779310
2021-09-27,187.95004272460938,190.43032583256678,185.4303936084641,188.81616976878303,23772123
2021-09-28,187.20204162597656,190.23348653066995,186.06031499827827,188.85555135701787,16319138
2021-09-29,187.47763061523438,190.07601198920358,185.5878873638556,185.82410838961326,16045073
2021-09-30,185.9422149658203,189.28861288071886,185.23356438089178,188.89492781591272,16987893
2021-10-01,185.31227111816406,186.6114616003761,183.38316215899692,185.19416062390127,16570661
2021-10-04,186.29653930664062,187.6744745045906,185.35166767414046,185.82410972906123,11098123
2021-10-05,184.8004608154297,186.9657907359382,184.64298431750277,186.1390297638174,9578825
2021-10-06,182.083984375,186.13904508167212,181.57217635661507,184.8792205172433,18179336
2021-10-07,183.42254638671875,184.9973239124191,182.91073838799676,183.46191239359283,10770973
2021-10-08,182.4383087158203,184.87921325467937,182.04461121540055,184.83984724783932,10114327
2021-10-11,187.43824768066406,188.5799618158465,182.4383275878769,182.67453613069122,22000303
2021-10-12,189.99725341796875,191.33582249501308,187.39887223642205,187.87130177561045,30347455
2021-10-13,196.2176513671875,197.55620801503875,189.09176715007376,190.98151032948132,52091422
2021-10-14,202.00494384765625,206.17811479749437,197.1231224041984,199.40656286349704,88696178
2021-10-18,206.7293243408203,208.89464219998482,202.6348971760919,205.50886565074128,62614961
2021-10-19,193.65863037109375,206.72930581202263,192.94997981912402,205.82380025946435,61336411
2021-10-20,194.17042541503906,195.66647101077237,190.82401518718382,193.6586298649954,49663940
2021-10-21,192.6743927001953,195.5483609157645,191.4145681109761,195.27277389695593,23385990
2021-10-22,186.29653930664062,193.5405343602396,184.0131109656615,192.67440722934003,36905793
2021-10-25,183.77685546875,186.3358703693466,181.4934275560539,184.328029444551,23194065
2021-10-26,186.37527465820312,188.18627333269242,183.1469748432162,184.32805496785062,19663381
2021-10-27,187.7532196044922,189.99726946315127,185.9815868475765,189.17052081908815,26909428
2021-10-28,177.2415313720703,185.78471584012243,176.4935023898005,185.11543134763772,48064941
2021-10-29,175.7454833984375,179.7217993361874,175.03683290975596,177.1627843758006,27668175
2021-11-01,178.6194610595703,179.17063507818324,175.19431892448145,176.4935094780662,24090945
2021-11-02,177.63522338867188,180.50920398031298,176.76909635360414,179.5249664445833,14896284
2021-11-03,175.1549530029297,178.61946114752834,174.56440049888215,177.95018910517453,18530527
2021-11-04,178.3832550048828,178.97379503947474,176.375401418994,177.04468594762358,7295341
2021-11-08,180.9422607421875,181.6509112423611,177.7139612464323,180.86351625223952,21051238
2021-11-09,180.11550903320312,181.8083971196507,179.4068584964888,180.98163608059394,11964518
2021-11-10,181.76902770996094,183.34380526459802,178.89504713120877,179.09190212387588,13948380
2021-11-11,181.0997314453125,182.2808238926723,179.95801748033549,181.41468444033944,8448263
2021-11-12,183.3831787109375,184.20993976806014,180.43046599721686,182.04462210226785,12312123
2021-11-15,187.47763061523438,188.1862812151661,183.54066758775213,184.209952175838,40247848
2021-11-16,185.3909912109375,188.69802222842233,185.03665977477607,188.22559279087812,15241184
2021-11-17,188.57994079589844,193.10744329840165,185.5484962693945,185.8240832697439,48496295
2021-11-18,187.00515747070312,191.33580485127737,186.06028600211584,188.97363241847876,21005037
2021-11-22,181.8083953857422,189.56418520729864,180.74542582947836,187.3201231162149,23443628
2021-11-23,182.35955810546875,183.22568509092432,180.43044915228364,180.43044915228364,13950744
2021-11-24,179.2887420654297,183.22569213417566,178.69820205058576,183.02884962167428,14684422
2021-11-25,182.12335205078125,182.8320025949266,177.75333828232814,178.73757584238228,24825493
2021-11-26,176.37538146972656,181.1390921706827,175.66673101290144,180.23359921703792,28067913
2021-11-29,174.4069366455078,176.09982483282278,173.3833330264511,174.80063418432684,22985358
2021-11-30,174.13134765625,177.32028146424997,173.22585455676426,174.80063221697557,24408641
2021-12-01,174.721923828125,175.82425960522832,173.69830760480104,174.80065585924686,13496307
2021-12-02,177.51712036132812,178.06828188664724,174.24944235203955,174.7218843413698,16517389
2021-12-03,174.5250244140625,178.10765532995123,174.28881590342212,177.16278385537166,14325920
2021-12-06,171.5723419189453,174.9581184433389,171.2573888648951,174.52505487468446,13644352
2021-12-07,173.73765563964844,174.76125920618134,171.729802037902,172.35972056315785,9246755
2021-12-08,177.1234130859375,177.674587058173,174.0132242296594,174.0132242296594,10241656
2021-12-09,185.3516387939453,186.17839978389517,175.58800837054878,175.58800837054878,39714672
2021-12-10,185.90283203125,188.14689424274292,184.0524673524883,185.98157652873255,36517117
2021-12-13,184.7217559814453,187.98942186818215,184.36742445097596,187.39888179474096,22903720
2021-12-14,179.99740600585938,186.6902266129234,179.1706449324686,185.03670446614183,38953007
2021-12-15,176.414794921875,182.8320163092906,175.90298686041325,181.09976206640658,35987634
2021-12-16,175.50924682617188,178.06826155934186,173.8557250069525,177.95016355283042,25131188
2021-12-17,171.6116943359375,175.46991261309196,170.66683524864052,175.4305466037897,30827201
2021-12-20,167.24169921875,170.27315677570843,165.194491823201,170.27315677570843,38778895
2021-12-21,167.32040405273438,169.64319794819397,166.17869010719133,168.50148400265093,20142586
2021-12-22,166.9267120361328,168.65896601328555,166.21806154753946,168.50148951330252,17903428
2021-12-23,171.09988403320312,172.0053770331392,167.87158456988493,168.4227585619641,23065082
2021-12-24,171.65106201171875,173.58015855145786,170.43060350415095,171.65106201171875,17220191
2021-12-27,171.29672241210938,172.00537288808533,169.80068945023746,171.96600688312532,8467106
2021-12-28,173.26522827148438,173.69829183536575,171.6510845292613,171.6510845292613,12014352
2021-12-29,170.66680908203125,173.46204486073586,170.31247762061557,173.22582388645873,11923119
2021-12-30,170.07626342773438,171.57230886224323,169.68257842469333,170.54870539512615,10116360
2021-12-31,171.69041442871094,172.28095439367044,170.19436903711997,170.7849214794182,7875890
2022-01-03,172.51719665527344,173.1077366930921,170.9030405760728,171.6904356113912,8064567
2022-01-04,173.42269897460938,174.5644131026343,172.4778398545935,172.8321589052642,9398805
2022-01-05,173.65892028808594,174.4069368787036,172.16287462950967,172.95026970820055,11663111
2022-01-06,172.2022247314453,173.54078117176047,171.8085272569977,172.43843323424275,9295303
2022-01-07,171.9660186767578,173.73765122686788,171.25736815218178,173.06836670995165,9196075
2022-01-10,175.82423400878906,176.92658210275536,172.35972568757003,173.14710827087404,16451394
2022-01-11,174.76126098632812,176.57225960854288,174.1707209410569,175.86360905874932,8329596
2022-01-12,175.39117431640625,176.09982489559673,174.48568120640655,175.19433178559703,13665682
2022-01-13,176.33604431152344,177.7927239446976,175.39117272207815,176.29667830118763,11944029
2022-01-14,175.2730712890625,177.00532543830553,175.03685027695096,176.33604088888322,10976796
2022-01-17,176.8478546142578,177.635237217736,174.28883931760697,175.27307692996044,12792728
2022-01-18,173.81637573242188,178.97378417460632,173.46205672411227,176.84783269273032,14948456
2022-01-19,173.50143432617188,175.11557792910602,172.2022437466385,173.81638734957264,11915686
2022-01-20,172.24160766601562,174.9187332871304,171.65106763496712,173.65890873146816,17997322
2022-01-21,170.9030303955078,173.61953437139798,170.0762694008751,172.04475687190978,17225050
2022-01-24,166.76922607421875,171.45419223425753,166.0605756258319,170.903018276919,18023332
2022-01-25,168.73773193359375,169.05268497356252,164.99762403260675,166.92673323776202,19028606
2022-01-27,168.9739227294922,169.68257318134283,166.2180529293293,166.33616341752753,24041247
2022-01-28,171.33607482910156,172.6352776631389,169.36760005446467,169.36760005446467,15865353
2022-01-31,173.38330078125,173.81636425020906,170.94239645826812,172.04474437101433,15618203
2022-02-01,179.32810974121094,180.15487076062183,172.55655755632915,174.01323708081785,44871108
2022-02-02,182.79263305664062,183.69813858171662,180.31234996135345,181.0997449851291,42714702
2022-02-03,184.6036376953125,185.19417774387864,182.51705204335036,182.7926390629933,28918394
2022-02-04,184.4855194091797,187.79256350541536,182.3202018299825,186.80832597353665,58889867
2022-02-07,181.25721740722656,184.83984846407847,179.91866086979937,184.24930844823294,25101983
2022-02-08,182.083984375,182.91074541515704,180.35173027791294,181.3359678289561,16825239
2022-02-09,181.21786499023438,183.46192720060864,180.11551689007288,182.9107531505279,12351873
2022-02-10,182.8713836669922,183.77687674501678,179.32811841881986,180.07614745963028,20317032
2022-02-11,183.0288543701172,183.69813889372924,180.94226878317374,182.67452286561428,18793513
2022-02-14,176.9430389404297,182.22432189577324,176.17705601787924,182.22432189577324,23621214
2022-02-15,179.80540466308594,180.20855825834957,176.21735938618892,178.1928030590604,13371177
2022-02-16,179.60385131835938,181.17614165720536,178.87817983712515,180.45047017597116,11664158
2022-02-17,179.52322387695312,180.89393096275387,178.07188094985545,179.84574168807907,14564261
2022-02-18,178.91848754882812,180.16824717571552,178.59595698273242,179.52321159758395,9004891
2022-02-21,175.77389526367188,178.4346860088846,175.08853542553078,177.62839159080303,16750193
2022-02-22,173.23403930664062,174.8869652254956,171.74238504862487,173.3549866637555,26741024
2022-02-23,174.1209716796875,175.37074401574475,173.395300305177,174.8063315270111,11438476
2022-02-24,168.11402893066406,171.9842807836957,166.90458081654236,169.32348982181588,42933709
2022-02-25,172.5083770751953,174.56444392392865,169.7669503512076,170.53293328412147,24543858
2022-02-28,174.04034423828125,174.5241208834173,169.96850956119445,171.90364169579644,20806226
2022-03-02,173.5968780517578,174.6450671649544,171.29891664169264,172.87119392297308,20039140
2022-03-03,176.90274047851562,177.547776086827,174.16130081210073,174.20162512039306,29631546
2022-03-04,181.8211669921875,183.35313282642218,174.96759393504138,175.53200643513716,69409780
2022-03-07,181.37771606445312,183.03062938922187,177.4671525624095,178.99911851667702,47001716
2022-03-08,182.94998168945312,184.19974120325904,180.41012558205549,180.531072936269,37424203
2022-03-09,184.84481811523438,186.57836731425905,182.30496161465044,183.5950456309268,43923809
2022-03-10,187.06210327148438,187.46525683442403,183.71595297543834,186.255808922633,37523806
2022-03-11,190.56954956054688,191.17427359369893,185.57047285089945,186.98150411294063,43305144
2022-03-14,192.7062530517578,193.06908236240744,189.72293162439257,190.4889145512315,36465969
2022-03-15,191.7790069580078,194.64138114969674,190.20671672909373,192.70626159404955,34269168
2022-03-16,195.6089324951172,195.9314502671168,192.78687004754755,193.51254142306126,22462538
2022-03-17,197.46343994140625,197.86659356756599,195.68956654170944,197.74564620201505,35541798
2022-03-21,197.14088439941406,199.76137624895958,196.5764847267275,198.26970929884382,29052540
2022-03-22,201.37399291992188,202.18030013074568,196.37491632227864,197.18122353310247,38368305
2022-03-23,203.1881866455078,204.55889363144337,200.36612406118485,202.74470871623146,42051087
2022-03-24,205.48614501953125,206.81654045540617,202.74470553659432,203.1478591533221,39712133
2022-03-25,204.2766876220703,206.21181990425967,200.9708483522742,205.84897780996297,30412482
2022-03-28,207.25999450683594,208.0259773936977,203.63163770455793,204.80077418656813,25876007
2022-03-29,205.28456115722656,207.62283423882658,204.5992012887139,207.26000492886845,18820674
2022-03-30,200.93051147460938,206.7358820347403,200.48704637776763,205.6876929673896,18281803
2022-03-31,202.09963989257812,205.08296087991462,201.1723982114341,201.2530212565626,26644916
2022-04-01,204.23638916015625,205.8893025122951,200.60803187019116,201.5755852961614,14856664
2022-04-04,205.96990966796875,207.94535333067904,202.4625002389773,204.075101834708,16520039
2022-04-05,209.19512939453125,211.13026168398704,205.68771968830882,206.45370263199385,28230046
2022-04-06,209.31607055664062,212.33970348940832,207.46157415796623,207.62283304780362,20352716
2022-04-07,206.93748474121094,211.41246043318327,206.2521248806672,208.02598543545855,16679649
2022-04-08,215.92776489257812,216.77437088247606,206.4133880353562,208.02598973458663,39283623
2022-04-11,215.68588256835938,220.2414816723696,214.47643441864687,216.6937602854633,47924937
2022-04-12,213.50885009765625,216.6131317873587,212.13814308084844,215.2020876863866,24460888
2022-04-13,217.33876037597656,218.18536627621268,212.58157883970122,213.9119741423904,22239115
2022-04-18,217.78225708007812,219.71738941664793,215.48430819307558,216.08901947983708,25339139
2022-04-19,210.8883514404297,219.71736790467094,208.67102583127604,219.3142015322425,24280577
2022-04-20,209.2757568359375,214.03293875590498,207.66315517742856,211.97687196073184,25454589
2022-04-21,209.9611358642578,213.22665100721966,209.31608747573918,209.39672331569048,24313956
2022-04-22,210.52552795410156,212.05749377102563,208.46944839397293,209.6385849089521,16274820
2022-04-25,205.80865478515625,208.83228762728925,203.59131636804125,208.67102874228564,25140992
2022-04-26,208.7919921875,210.20301073425622,206.61496512964095,206.8971713943982,21327644
2022-04-27,207.62281799316406,208.42912516091562,206.21179961514176,206.57462889670995,17219401
2022-04-28,210.52552795410156,212.62190626474379,208.14693061957095,209.23544407946432,28999835
2022-04-29,209.2757568359375,212.0574950162911,208.42913809038868,212.0574950162911,21206335
2022-05-02,212.17843627929688,213.26694971430175,207.25999561252246,208.02597850347055,19696250
2022-05-04,209.43701171875,214.51671131786773,208.50976993537478,212.86379816318995,26951488
2022-05-05,211.29148864746094,213.83134460215308,209.96109338515797,211.25117712415636,18623544
2022-05-06,215.00051879882812,215.56493133244766,208.75166939862066,208.8323052364364,35818441
2022-05-09,212.01718139648438,214.59736191248055,210.08206198077386,214.59736191248055,22228031
2022-05-10,209.43701171875,215.12144810814414,208.91291075952014,211.2511965355209,18727774
2022-05-11,206.13119506835938,211.41247843141113,202.98661452477225,208.83231043549506,18012072
2022-05-12,203.91383361816406,206.7358830872491,200.89020097319764,205.60705818880376,20816708
2022-05-13,208.509765625,210.32393762723868,205.2039266069546,205.56675589659076,12380764
2022-05-16,204.8813934326172,209.5982635764521,203.99446320598744,209.5982635764521,8502159
2022-05-17,213.42820739746094,214.0732429278886,205.44580965773028,205.6070685403372,18483427
2022-05-18,215.12147521972656,215.9277825236939,212.1784650595734,214.47643959817728,20978307
2022-05-19,222.2572479248047,225.15993384702543,211.7350050682389,211.7350050682389,81302807
2022-05-20,225.76467895507812,227.65948718018285,223.34575689570863,223.34575689570863,33617466
2022-05-23,221.32998657226562,226.12750606040817,220.1608627089333,225.764663942521,22535903
2022-05-24,218.38697814941406,221.73312880083532,217.70161829733135,221.73312880083532,16146766
2022-05-25,219.87864685058594,220.84622584568157,218.10478609832631,220.08024284393872,15877459
2022-05-26,220.28395080566406,221.56416891010562,217.92994734473876,221.56416891010562,19129574
2022-05-27,222.3488311767578,223.58776783884613,218.92108197967306,222.18362740582583,13986762
2022-05-30,222.22496032714844,223.83558602533859,221.02730483788181,223.42258963929734,12274291
2022-05-31,223.5464630126953,226.72640659123277,220.03613806547608,222.22493753796832,24102167
2022-06-01,224.53765869140625,226.39605082828868,223.17479939791943,223.5464882961431,15265925
2022-06-02,225.90049743652344,226.6851565675794,221.2337977891549,223.58780135944144,14789457
2022-06-03,225.2397003173828,227.71760010090682,224.3311449165593,227.13942610246298,12968807
2022-06-06,226.97422790527344,227.80019452013295,222.7618321997438,224.9919394421526,11345943
2022-06-07,226.23086547851562,227.13942085836277,224.86803240874488,225.65269149342043,11245578
2022-06-08,221.27511596679688,226.64386001804618,219.87097525546585,226.2721710926139,14915091
2022-06-09,223.711669921875,224.41374015658437,219.4992616021764,221.19248904538387,10239939
2022-06-10,223.1334991455078,223.83556939019513,221.9771512339188,222.2249438117044,8693455
2022-06-13,218.59072875976562,222.26624482082056,217.22788254972517,220.0361637773485,11519902
2022-06-14,219.25148010253906,220.90340014110433,217.26917867397242,217.39306187880416,7708043
2022-06-15,217.5582733154297,220.77951161409447,217.26918631686965,219.70577860309837,5254329
2022-06-16,215.32815551757812,221.27508589641178,214.33701136157097,220.53170814656917,14843837
2022-06-17,217.4756622314453,218.17773249664828,213.55234071513075,213.9240295926705,17296080
2022-06-20,218.13644409179688,219.82967165509365,215.86504253991671,217.47566820974785,17738981
2022-06-21,222.92701721191406,223.71167626793147,218.13643480874302,218.87979946406426,14417711
2022-06-22,219.12757873535156,223.2573983689782,218.797197353,220.5317061546247,11756920
2022-06-23,219.29278564453125,220.73823374847439,216.73231010910726,219.29278564453125,9416459
2022-06-24,219.58187866210938,221.64679523247406,219.045012133518,219.78837686342553,7283228
2022-06-27,222.96829223632812,223.5464661840021,220.11872998604753,220.5317001584795,8487729
2022-06-28,224.53765869140625,224.86804009745464,221.81196628155058,222.10106637254168,11673046
2022-06-29,226.35475158691406,227.13941063627712,222.30753387338697,222.3901226740789,16635367
2022-06-30,225.90049743652344,226.89164167936488,224.66153441157334,226.27216016688982,20003893
2022-07-01,234.86215209960938,235.39901855813434,224.00074340239433,225.9004690169087,36520000
2022-07-04,241.09815979003906,242.25450776340497,235.23383111857387,235.9359014007687,41417701
2022-07-05,236.9683837890625,242.00674653577872,236.01854696986493,242.00674653577872,19283789
2022-07-06,238.95066833496094,239.5288423233504,235.64682819150005,236.30759098476878,18997440
2022-07-07,241.13946533203125,242.13060951099857,238.28990291252288,240.3548062515425,14326277
2022-07-08,242.0480194091797,243.20436736699975,239.85921978738577,241.92412311533346,11538313
2022-07-11,243.65866088867188,245.26928663623846,241.22206852081908,242.00672764809948,12828405
2022-07-12,241.7589569091797,243.94773045707524,240.2722013129126,242.0067233314395,14616684
2022-07-13,242.87396240234375,243.4934176343334,241.75892204307092,242.00668842959823,9634877
2022-07-14,240.23086547851562,244.77364151242136,238.82672518544945,243.08042737043033,13930984
2022-07-15,242.46096801757812,242.83265686602522,239.1158469128977,241.1807500570067,11450042
2022-07-18,243.90646362304688,244.7324302776393,242.62621923499648,243.65867100895716,11751684
2022-07-19,243.32826232910156,244.1542288911835,241.75894418512763,243.658643718511,9542292
2022-07-20,246.3017578125,247.3755171213557,242.5023320009189,243.57609130977463,16397373
2022-07-21,247.41680908203125,249.60560911303054,246.1365645910179,246.9625313120383,16660697
2022-07-22,248.24273681640625,249.85336250745388,246.2191409182665,247.78845911775784,10351425
2022-07-25,248.69700622558594,250.2250430597067,246.79730668831738,246.96248429480156,11050533
2022-07-26,249.81201171875,250.88577071905152,248.16010499957042,248.61438261948393,10114261
2022-07-27,251.21621704101562,251.91828739467778,248.2840654953629,250.14245776298176,9706094
2022-07-28,250.6379852294922,252.08343309875704,249.77073744962433,251.83564053961942,11256515
2022-07-29,250.30764770507812,252.6616512519564,248.9035070755099,251.9182734443785,17584873
2022-08-01,253.98309326171875,255.0568521267132,250.34887276036784,251.09222414604884,16501510
2022-08-02,256.0067443847656,261.54069130203305,254.5613226002641,256.0480518729657,40483892
2022-08-03,254.52000427246094,256.7914186615352,250.80319433755776,256.7914186615352,18376724
2022-08-04,255.63511657714844,256.33718690964423,253.6941093778855,254.39615353326226,16514348
2022-08-05,256.7501220703125,257.53478110618533,255.30470028603258,255.63508166023612,10477269
2022-08-08,258.6498107910156,259.3105996891377,256.0893487028322,256.83270021968724,8627072
2022-08-10,257.03924560546875,259.4345568410696,256.66758284839733,258.64987147651317,9267241
2022-08-11,252.95068359375,258.8976003684307,252.16602459946768,258.5259115257346,11305242
2022-08-12,254.8503875732422,255.5524577853966,251.50526645949168,252.95068819344138,6669853
2022-08-16,256.5023193359375,257.2869783407319,254.85038635323346,254.85038635323346,8941455
2022-08-17,258.154296875,258.7324709010254,256.8740525190067,257.4522265450321,8283028
2022-08-18,260.7146911621094,261.0037911880033,258.19551060326035,258.5258919349162,10264507
2022-08-19,257.7000427246094,261.127779700608,257.03925365076765,261.127779700608,10823811
2022-08-22,259.6822814941406,261.8297997613308,256.87402663436967,257.03920423823575,11793184
2022-08-23,260.9212341308594,261.00382292953924,257.78257183275747,258.4846420643243,9698555
2022-08-24,259.4345397949219,263.8534206873481,258.567265672125,260.79737295362673,11783894
2022-08-25,257.98907470703125,261.334222321047,257.3696194085465,260.54956323669603,8057930
2022-08-26,258.4433288574219,260.50823201853126,257.6999773315222,259.97136557331953,7224507
2022-08-29,258.98028564453125,260.1366076182965,255.09824475105745,256.0481077700973,11798961
2022-08-30,264.7206726074219,265.4640241874967,259.5583881513092,259.5583881513092,18516092
2022-09-01,262.3253479003906,265.87698036201425,261.00382241565404,263.89469213490935,13765474
2022-09-02,266.909423828125,267.81800529258237,262.69702875252466,263.2338951921961,26750910
2022-09-05,271.6174011230469,272.2368825291938,267.4050060925905,268.4374576514259,18144801
2022-09-06,270.21331787109375,272.56729513005047,269.5938363939382,272.56729513005047,12431779
2022-09-07,269.3460693359375,271.1631802716919,268.64399898764697,269.2634805235267,8397233
2022-09-08,272.4847106933594,273.06288468893354,270.5023961118026,271.7413329088565,11331350
2022-09-09,272.98028564453125,275.2929553629705,272.56728927625824,273.0628744473392,9770432
2022-09-12,273.3106689453125,274.54960570456757,272.5672911834894,274.2192243139073,9048240
2022-09-13,276.2015075683594,276.697066509693,273.0628454467155,273.9714007124599,10925371
2022-09-14,276.9862060546875,280.000946149529,273.35195829632676,273.3932657877927,12739464
2022-09-15,275.9537353515625,278.39032746072826,274.9625650416018,277.8534348171276,8742900
2022-09-16,273.64105224609375,276.3667183709045,272.3195004971111,274.508300130491,12973988
2022-09-19,277.19268798828125,278.2664471600607,271.8239444836186,271.8239444836186,14918717
2022-09-20,277.52301025390625,280.4964683668544,276.69704384984027,279.7943982322539,9892945
2022-09-21,281.6115417480469,285.121892834061,277.1100727439219,277.52304290598715,21800547
2022-09-22,284.9980163574219,288.0540638295993,281.5702800072844,281.65286881001447,25111230
2022-09-23,286.11309814453125,288.7148944889765,283.5526354730967,287.0216536371565,23718397
2022-09-26,274.7148132324219,285.7413740994733,274.0127429512819,284.8328187184961,16829922
2022-09-27,276.5732116699219,280.45525205089524,275.87114137263256,276.6971079680975,10375837
2022-09-28,268.3962097167969,275.29296395155023,267.85931703900366,274.1779234589476,16151900
2022-09-29,275.08648681640625,276.6145237344205,270.70888734748166,271.74133906460094,18985406
2022-09-30,274.3844299316406,277.3166076109009,272.69121531523365,275.0865002748844,12906555
2022-10-03,267.94189453125,275.0451859223406,266.9920578666383,274.9625709433268,9462192
2022-10-04,274.9212646484375,275.8711012267362,270.9153547293627,271.49352864433814,9142294
2022-10-06,278.0599365234375,280.2487361859203,274.673507567667,276.6971034429115,23091432
2022-10-07,275.9537353515625,278.2251236833629,273.6410395311418,278.18381619474263,10910698
2022-10-10,270.79150390625,273.7649627746661,269.3047744720419,272.5673072579149,9750594
2022-10-11,269.51123046875,272.9389666779915,268.5200601682649,271.7413112906105,11018577
2022-10-12,272.64990234375,273.7649690779184,268.2310214320715,270.87409895119845,10735673
2022-10-13,271.4522399902344,273.6410395218355,270.91537352376776,272.5259991002834,7546587
2022-10-14,274.30181884765625,275.78854822524454,273.2693671638556,274.467022634996,6672357
2022-10-17,274.42572021484375,276.49062362060135,272.2369205105713,273.47585731860227,7195922
2022-10-18,281.0746765136719,281.6528504493247,275.49944841618117,275.8298297826807,21691854
2022-10-19,286.07177734375,286.98033271098154,280.6617264534334,283.387392555128,16923690
2022-10-20,288.8387756347656,289.8712273837353,284.7915574492113,286.60866833905885,19186222
2022-10-21,285.45233154296875,291.72963109465866,284.5437760622157,291.72963109465866,28426343
2022-10-24,287.1867980957031,288.83873111025656,286.60862415832094,288.2192496855203,3292671
2022-10-25,286.0304870605469,288.67356451798145,283.84168731405646,288.6322570253071,17906260
2022-10-27,285.6174621582031,287.7236465160967,284.00683673193043,286.3195061594255,19273344
2022-10-28,285.6174621582031,287.9301315856982,285.03928825705106,287.0628838225267,13572499
2022-10-31,288.0127868652344,289.4995162224048,284.7502280712986,287.43461288316155,14358449
2022-11-01,288.6735534667969,289.49952004883465,286.7738538875155,288.4670683655667,20422565
2022-11-02,292.9272155761719,294.2487409811308,287.8475466744946,287.8475466744946,17427813
2022-11-03,292.1426086425781,296.1072117408969,291.56443463062345,292.3904012444327,11149636
2022-11-04,292.05999755859375,294.04231222279236,291.1514421244024,292.3904051502257,8709851
2022-11-07,291.9773864746094,294.3313898669706,289.08651659676076,293.21632322879685,10437370
2022-11-09,297.92431640625,298.54379789803886,291.72960619683226,291.9773987935478,21404869
2022-11-10,294.04229736328125,297.26354871339765,292.47297917936925,296.5201971125878,20071989
2022-11-11,294.3313903808594,298.1308156302202,292.92724984100755,297.3461303799853,11372654
2022-11-14,286.7738342285156,294.82693586425324,286.27824907784293,294.33137689069605,18319254
2022-11-15,285.1632080078125,288.21925534997126,280.1248200675382,288.21925534997126,16046491
2022-11-16,284.2133483886719,286.4847367209948,282.18972645678036,285.53487389943587,7897812
2022-11-17,283.8829650878906,286.98031993201676,282.9744097611162,284.21334646334356,10379179
2022-11-18,281.6942138671875,284.750261746925,280.66176207546425,283.8830137598103,8140173
2022-11-21,278.51422119140625,280.8269172079522,276.20155135197825,280.0835655895584,9553090
2022-11-22,281.03338623046875,281.6528676912749,277.27526850722194,278.3490276469138,6746019
2022-11-23,280.6617126464844,282.478823291556,278.7619870250983,282.478823291556,8067471
2022-11-24,281.4464111328125,282.8918331184242,278.80333359391636,280.66175198764506,8454385
2022-11-25,281.0746765136719,282.39622815678473,279.0097733402139,281.6528504493247,7200274
2022-11-28,280.8681945800781,282.27233503627656,279.79443549408256,280.8268870923846,10284123
2022-11-29,282.72662353515625,284.9567044138289,280.82689786224057,280.82689786224057,10582296
2022-11-30,280.826904296875,284.2546406719797,280.00093773220857,281.85935595842886,23425220
2022-12-01,280.45526123046875,282.2310646005803,278.1838464743152,282.2310646005803,17270904
2022-12-02,278.4729309082031,281.4876971310472,278.14254951321044,280.29004166922135,8711914
2022-12-05,278.142578125,279.877100259975,275.9950595709625,278.88592979592084,10090597
2022-12-06,278.5968322753906,279.34018388337773,275.9537548902143,275.9537548902143,6571118
2022-12-07,280.90948486328125,282.0658064996139,278.05989663771584,279.58793328629406,10191144
2022-12-08,279.50537109375,282.6027259937334,278.7619933527383,280.9921003986574,6439244
2022-12-09,281.9832458496094,282.89180119697886,279.1749910060446,280.62041282855523,8445424
2022-12-12,283.469970703125,284.1307596357325,280.9095084813154,281.65286003696474,11646572
2022-12-13,285.45233154296875,285.78271297441347,282.8092539142909,284.5437760622157,11105261
2022-12-14,285.2870788574219,286.8977044204494,283.924245869801,285.7826640082351,7664099
2022-12-15,279.8771057128906,285.8653052233285,279.1750353462136,284.7502646066627,8469001
2022-12-16,276.77972412109375,279.9183605491572,273.64106151591244,278.762012546044,12907968
2022-12-19,281.2398986816406,282.7679093295101,276.9861957719093,278.1838250316687,8113695
2022-12-20,280.9508056640625,281.6115684568815,278.1425507060231,280.86821685923945,5693354
2022-12-21,276.821044921875,281.8594078639223,276.28417833567835,281.65292272900984,7316532
2022-12-22,274.5909423828125,278.67944197608153,272.4847313442147,277.2340199661604,6838031
2022-12-23,269.8416442871094,274.1366550256779,268.7266037421143,273.3106884016703,10461859
2022-12-26,276.3667297363281,276.7797261273581,268.85049383872786,269.6764342665518,9934633
2022-12-27,275.1690673828125,277.8534258052888,272.6911678653941,277.19266307148985,6986433
2022-12-28,276.2015075683594,276.697066509693,273.80619694727284,274.9212634637795,8035558
2022-12-29,276.9862060546875,277.3165874550625,273.8475434854481,276.16023946519107,8417520
2022-12-30,273.8475341796875,278.1425445928473,272.9802863053131,277.02747795521594,7228324
2023-01-02,274.9212646484375,275.8711012267362,272.2781876338518,273.3106391836569,6181118
2023-01-03,273.4758605957031,275.3342789185782,272.7737902880784,273.8062420033292,6228015
2023-01-04,270.08941650390625,274.6321933273518,269.263449942248,274.0953268419764,6947412
2023-01-05,275.4168395996094,275.7885284616498,271.08054807381785,271.45223693585825,8486143
2023-01-06,276.7384033203125,278.80330662983584,275.1277776917996,276.4493032448786,8603181
2023-01-09,279.21624755859375,281.900632050493,277.6469295845003,278.30769229179083,11027747
2023-01-10,275.3755798339844,279.5053865963529,274.67350954312764,279.09239021384553,7217255
2023-01-11,274.05401611328125,276.77970835225443,273.6410459258907,276.77970835225443,4760847
2023-01-12,272.4433898925781,275.5407448224612,270.9979680628125,275.3755672187192,6894087
2023-01-13,271.5348205566406,274.42569024440866,269.59381366137814,272.4433758617799,14967746
2023-01-16,272.7325134277344,274.38442049284765,270.5437136614806,272.8564097297577,8571826
2023-01-17,274.42572021484375,275.45817191772255,271.82395030026686,272.7325057046308,14240647
2023-01-18,276.40802001953125,277.9773381472333,274.5496018183956,275.87112736233075,13039078
2023-01-19,274.3431396484375,277.2340097387525,273.9301432486104,275.8711504141537,8667564
2023-01-20,276.3667297363281,276.8623149347169,271.9478489744216,274.21923750517345,13608325
2023-01-23,278.96844482421875,279.2988523429268,275.08643133908396,277.5230231826006,7399204
2023-01-24,279.95965576171875,281.4463851037806,278.84461529945156,279.00979290572695,12776694
2023-01-25,280.20745849609375,281.652880400375,276.90359212553494,279.9183584089669,12978859
2023-01-27,285.7826843261719,288.1366877827789,282.06584778505237,282.313640378076,21850457
2023-01-30,284.7915344238281,290.5319667310704,282.3549422107496,286.52605636311534,14634225
2023-01-31,291.02752685546875,293.2163264889536,281.694180516648,285.7826797040602,17794183
2023-02-01,298.50250244140625,302.05413539091774,271.8239609151385,291.5644403392269,67003785
2023-02-02,312.7090148925781,317.7473765717263,297.67651865297285,298.66766275838864,57892084
2023-02-03,314.40228271484375,315.72380841357597,307.2577091468544,315.4347344833981,23153980
2023-02-06,316.6736145019531,320.63824324042014,313.53495226542634,315.9302629741873,26783409
2023-02-07,308.2901306152344,317.0866104420805,304.3255277315778,317.0866104420805,21438758
2023-02-08,310.1899108886719,311.6353330059146,306.88604403133746,309.5291218109321,10821785
2023-02-09,309.1160888671875,313.86537687881804,307.38156697190806,308.90960377475056,12318006
2023-02-10,306.7207946777344,311.3461600776877,305.85352066847634,307.42286491190487,10674456
2023-02-13,309.07476806640625,309.8594270901421,305.60572442525455,308.0836239591265,10282470
2023-02-14,319.19281005859375,320.1839803775418,308.7030899714619,309.73556777940473,30246745
2023-02-15,320.85595703125,321.4016217851001,317.79178430847446,320.4781768449944,12679568
2023-02-16,321.1497802734375,323.4164348691722,319.84855509867435,320.6880577862099,10151755
2023-02-17,321.8633117675781,322.828741055192,318.3794013713562,319.8904953577429,7967611
2023-02-20,322.4090270996094,325.30531541730335,320.1004146198072,322.9547184901907,8105569
2023-02-21,320.89788818359375,323.96206065154666,320.43616575193863,323.20652694797917,8577674
2023-02-22,322.2411193847656,323.12257986608466,319.0090621451135,320.6880408252716,9306194
2023-02-23,325.38922119140625,330.7620059629958,321.6114727530318,322.74481324821056,19555814
2023-02-24,323.2904968261719,326.5645385687466,319.84854390951875,326.5645385687466,13407431
2023-02-27,320.85595703125,324.71764796537934,317.41400412221884,323.29049611026613,8455904
2023-02-28,316.2386474609375,322.57686075128794,314.8115224748693,321.1077513280003,16997837
2023-03-01,317.9176940917969,319.344845870841,313.63626536077516,314.18193008554056,8065784
2023-03-02,315.2732849121094,318.7991532971468,314.5597090253691,318.58928429660216,5212922
2023-03-03,323.1645812988281,323.54236149901516,315.7350370590492,316.4905708533101,8495772
2023-03-06,325.8509216308594,329.50274310094,323.41638285284193,323.96204753922774,11126980
2023-03-08,329.4188232421875,330.0484569017967,323.29050424848003,325.725043388781,9261146
2023-03-09,325.3052673339844,330.4261984799356,323.7521888925352,329.16695791400014,10005328
2023-03-10,325.72503662109375,327.57192650942363,321.9472879541555,324.84357612206804,8684320
2023-03-13,322.0732116699219,328.15957264032426,321.1078088957629,326.732420792291,9130473
2023-03-14,318.7572326660156,324.42382937267837,316.65848920338294,323.7942222975568,10623744
2023-03-15,318.5053405761719,322.61888471389494,317.3300422511081,319.8485234584673,8748113
2023-03-16,320.2263488769531,320.98190930960567,316.36465763543987,319.51277289259707,16315136
2023-03-17,315.2732849121094,323.2065353391372,310.3202381474808,323.2065353391372,50787703
2023-03-20,318.00164794921875,318.463370411472,312.2930672313096,313.3844233266862,10512002
2023-03-21,316.44854736328125,318.0016258127998,314.01400849486106,318.0016258127998,12057999
2023-03-22,317.1201477050781,318.0435925137934,314.1399176901358,316.44852971192387,4958761
2023-03-23,319.5547180175781,321.3176655373776,314.3078599013099,316.4905454279664,10127917
2023-03-24,317.9176940917969,321.52753137601337,317.3300449243146,320.2682907617259,10317108
2023-03-27,319.1769104003906,322.7028051367832,315.9448535284185,317.288036319744,11232922
2023-03-28,318.79913330078125,320.9818452666467,317.45595049665695,319.1769134417321,9523719
2023-03-29,321.31768798828125,322.3670596848559,316.6164942736706,319.1769601490683,10551626
2023-03-31,321.9472961425781,322.7867988239288,319.0090766670201,320.68805542360855,9877493
2023-04-03,318.0855712890625,322.3670265271102,317.7497755734311,322.3670265271102,7331070
2023-04-05,324.3818054199219,324.9274700950395,318.08554970913366,318.08554970913366,12055499
2023-04-06,325.1793518066406,327.65584858262633,322.53491726045695,324.591702641501,13394394
2023-04-10,326.1867370605469,327.4040198262392,322.9966378104752,325.1793499002608,7044256
2023-04-11,332.4410095214844,334.2039571512757,325.72504135609034,326.18676383488474,18939829
2023-04-12,330.38421630859375,333.95209564371703,329.1669601754004,333.9101112023239,10122932
2023-04-13,332.1051940917969,332.9446967142466,330.51015773342004,332.02125181138524,6292395
2023-04-17,335.9249267578125,337.4779786716556,329.83856600767695,329.83856600767695,11466474
2023-04-18,334.5397033691406,337.47794898377504,333.2804628503284,335.7989704940616,9860308
2023-04-19,334.7496337890625,336.93231935583754,332.4409948905821,332.4829793344839,10119480
2023-04-20,336.0508728027344,338.0236894439417,333.8681605394353,335.7990193411143,6924577
2023-04-21,342.7248229980469,343.35445659053994,335.00146836475506,336.05083994817016,14801099
2023-04-24,343.1026611328125,344.1940173421869,339.3249121516904,344.1940173421869,6212135
2023-04-25,345.49517822265625,347.1741567634121,342.0112412126051,343.10259721867857,9180650
2023-04-26,346.08282470703125,346.712431677691,343.3964324563322,345.87292911070205,7914219
2023-04-27,349.23095703125,350.4062553632205,345.03347059024406,346.04085775788565,13100076
2023-04-28,357.24810791015625,359.5147354234288,347.3000576960502,350.90989454831663,13208557
2023-05-02,356.32470703125,358.4654081012991,353.59633018552336,357.6259320928701,10648421
2023-05-03,358.5913391113281,359.7246796272577,354.30991031392773,355.9469311197148,7607609
2023-05-04,356.45062255859375,358.46539684287774,355.9469156844678,357.0382717097041,8292456
2023-05-05,359.9345703125,362.578978463399,356.2407904691982,357.58397346453967,12890455
2023-05-08,362.2011413574219,363.88014644389597,360.4382206045652,361.8233878281575,7522610
2023-05-09,355.7790222167969,363.62833056708234,353.8481901134796,363.33451927997135,10377820
2023-05-10,357.08026123046875,357.9197638931349,354.43585311887716,355.9049628239586,10130159
2023-05-11,352.9246826171875,358.8011733784246,351.6654421986671,358.6752466759619,16597954
2023-05-12,352.96673583984375,354.8555835326713,349.2729295245968,352.9247513954721,11564770
2023-05-15,359.1370544433594,359.89258823167586,351.79145254826733,352.5889707827564,9503538
2023-05-16,355.90496826171875,360.9839421544759,355.52721467294293,360.9839421544759,8302077
2023-05-17,358.9691162109375,360.10243011105604,354.7716297300872,356.0728547961286,9844782
2023-05-18,352.33709716796875,363.040682567462,350.99391424061633,360.9839237326619,24919291
2023-05-19,352.4630126953125,355.19138951321884,345.327280453651,353.38645758005697,26759905
2023-05-22,356.5765380859375,357.4160140416538,351.8333605843728,354.2259415552699,16015615
2023-05-23,360.27032470703125,361.9912876995608,356.1148228603138,357.62591685967556,9068926
2023-05-24,363.9221496582031,364.9715212398601,358.4653961486987,359.5567521718216,11921823
2023-05-25,370.3443298339844,371.4356593216248,365.01350269777276,366.8184347059653,18905572
2023-05-26,372.4010925292969,373.36652190656764,368.9591662541491,372.2331813569451,13496209
2023-05-29,377.018310546875,379.2849650000539,372.8208239793013,373.57638433239805,20589822
2023-05-30,386.17340087890625,387.5038534045596,378.5340511282782,378.5340511282782,19627897
2023-05-31,382.39666748046875,387.97598863487576,379.7786896234105,385.65842153341305,14821960
2023-06-01,377.418212890625,383.6842103628602,376.8173641905987,383.6842103628602,9142172
2023-06-02,380.5941162109375,381.8816685853723,377.5040449197469,377.67572763758034,9558309
2023-06-05,378.233642578125,383.5554530940748,377.7615491165868,381.96748999447993,7427630
2023-06-06,380.0791320800781,380.76580856133046,378.01907543259387,378.36241367322003,6703067
2023-06-07,381.06622314453125,382.5254037767352,380.036181282122,381.109123419648,7833952
2023-06-08,380.1649475097656,382.61126980001274,379.30658833417493,382.568342319929,7294955
2023-06-09,376.3453063964844,381.7100177252832,373.5127453437735,373.5127453437735,7329661
2023-06-12,375.0577392578125,378.49114868429234,372.39683403052095,377.6757170059225,9054977
2023-06-13,382.3108215332031,383.1691806856377,376.2165069157611,378.5340739069618,16732376
2023-06-14,381.538330078125,384.3279634120257,380.8945538913721,383.0404382422464,9039402
2023-06-15,384.6283874511719,385.1863086570211,381.7528992605887,381.9674822471672,7787525
2023-06-16,388.9201965332031,391.0660810300958,384.45674481002595,385.40093181236045,12181426
2023-06-19,389.3493347167969,391.32356354688983,388.19056478835836,390.3364491318434,4350517
2023-06-20,388.7055969238281,390.3793606443439,386.3880297965198,390.3793606443439,4644353
2023-06-21,383.72711181640625,389.8643540714859,382.01042067086826,387.975980209531,6292873
2023-06-22,384.24212646484375,385.95884478597384,382.697090857317,384.5425372089923,6892713
2023-06-23,381.7529296875,384.2421523784055,379.9933109720935,384.1133971354511,6325479
2023-06-26,382.5683288574219,387.4609460620195,381.10912103063964,383.5983435096489,5688287
2023-06-27,382.0533142089844,383.8558602828028,380.3795233692762,382.9116733684778,5052984
2023-06-28,385.70135498046875,386.7742971877239,381.5383413926168,381.96750739402796,12548096
2023-06-30,387.6326904296875,387.9331012163069,383.34089402010574,386.2593101378754,9456776
2023-07-03,397.6324157714844,399.94995536276974,386.30214664819135,387.6325991412775,11111199
2023-07-04,400.2933349609375,401.70964255111215,394.67114089487524,399.1345650454297,8022597
2023-07-05,407.8039245605469,412.5678138010311,398.53371095448574,400.29332954380067,16878943
2023-07-06,406.7738952636719,409.7781386030594,403.8555068794989,409.73521112545217,9835812
2023-07-07,402.052978515625,408.147293213273,401.3662748624045,406.0014089058079,7605499
2023-07-10,399.8641662597656,404.1988623491033,398.0186926997213,403.42633094153337,6772454
2023-07-11,406.13018798828125,407.33185824359526,399.99294545076737,399.99294545076737,8783282
2023-07-12,405.4005432128906,410.0785501321813,403.81258018675834,410.0785501321813,12816220
2023-07-13,405.14306640625,409.22025219887996,404.28470720721316,406.7739298418112,8214385
2023-07-14,405.91558837890625,407.7181346145263,404.58513564282515,406.00144334517023,5277090
2023-07-17,405.4434509277344,408.4047668496178,403.9413428294161,407.28892444643,6325310
2023-07-18,405.57220458984375,407.0314124077616,404.28467948145015,405.61513206815613,5558415
2023-07-19,411.0227966308594,412.3961495805734,401.7954828864581,405.7868136998256,14401395
2023-07-20,422.4388732910156,423.76932589488507,408.83396371516045,411.92403489665855,21030102
2023-07-21,420.97967529296875,427.2027452802702,418.01835927513474,422.1384452121807,14510084
2023-07-24,404.5850830078125,428.9194404210098,401.8383501304543,423.55470269148583,40477929
2023-07-25,396.8170166015625,402.13879980516936,390.89435750965157,401.6237788744661,45211370
2023-07-26,405.3576354980469,406.0014116761696,396.60241549420846,399.04873776734865,18842179
2023-07-27,399.177490234375,407.8468552185177,395.78698105932125,407.203106248586,14528232
2023-07-28,402.0959167480469,402.95427599280464,397.7612474481721,401.4521677172749,10362522
2023-07-31,399.73541259765625,403.16882205833537,397.847038754469,402.5679733624371,8510403
2023-08-01,398.962890625,402.4392002067626,398.10453149712134,399.9929052562195,6686176
2023-08-02,394.92864990234375,398.96293553714946,393.1261036919994,398.79125281075716,10715605
2023-08-03,391.45233154296875,398.0616403022425,389.9501961313322,394.9286414415927,11026824
2023-08-04,390.5080871582031,396.0444804861132,389.9072384807844,391.6668842384768,7097614
2023-08-07,390.4652099609375,391.8814903834742,387.07470068003323,389.77853349008217,9513953
2023-08-08,388.2763977050781,392.26775569479224,387.160528038295,392.26775569479224,6638681
2023-08-09,393.6840515136719,394.75699374163827,383.59837824855066,388.27641289137904,10134166
2023-08-10,387.7613525390625,394.24193273120994,385.4008853179906,393.8985945175745,13702317
2023-08-11,385.18634033203125,389.606864474708,381.75293065325945,389.606864474708,12028396
2023-08-14,385.5725402832031,387.33215870287023,382.0103759688564,385.1862746192597,7854074
2023-08-16,386.47381591796875,392.6110577135574,384.7141974241364,387.11759205167533,15494896
2023-08-17,378.53411865234375,386.25929752997376,377.67575939844517,386.25929752997376,16896158
2023-08-18,379.09197998046875,380.55118776098124,376.38817460177904,378.53405879533585,20068497
2023-08-21,384.37091064453125,384.9717593818017,378.83451676513033,379.3924652235636,9940689
2023-08-22,389.9072265625,390.6797579257352,383.6841841982633,385.4008752214677,10234488
2023-08-23,386.6455078125,391.1089317665518,385.05754478075903,391.0660314924344,8770272
2023-08-24,387.0317687988281,389.26348074873505,385.65838876553767,386.7742583423534,6322751
2023-08-25,380.5511779785156,387.117585618301,379.43530843320985,387.03175786980785,9628041
2023-08-28,378.87738037109375,383.55541423659986,378.53404217964237,381.9674512978794,7176903
2023-08-29,377.76153564453125,381.1091172355908,376.9890314639849,380.2078578243325,9845106
2023-08-30,380.0791320800781,381.1091468019567,378.1049031918186,378.5340963953967,7648569
2023-08-31,377.418212890625,381.88166426278127,374.3281416344115,380.25077367486637,20666732
2023-09-01,378.57696533203125,381.9674743835826,376.21649812081193,377.67570592546565,11879159
2023-09-04,375.52984619140625,380.5512188793833,374.8002422414889,380.5512188793833,14128562
2023-09-05,380.33660888671875,381.53830622437647,376.3881786635184,376.73151687374565,8701612
2023-09-06,384.0704345703125,384.97172118866524,379.39242758395017,381.0662183857372,13358433
2023-09-07,382.739990234375,385.40086807191096,381.62412068719937,385.229212574637,8401953
2023-09-08,379.95037841796875,384.4567302500349,379.26370193386344,384.4567302500349,10322317
2023-09-11,383.8558654785156,384.6283968936341,379.950362534242,382.8258507954172,9679540
2023-09-12,387.246337890625,389.95014317919737,382.4824762278565,385.3150367400489,14961276
2023-09-13,389.26348876953125,392.26773215076497,387.2034322790102,388.147619169723,12268130
2023-09-14,386.2162780761719,391.32350489937807,383.8129108227906,391.32350489937807,14986708
2023-09-15,384.84295654296875,388.06178283660665,383.68418669430196,384.5854460868818,15657801
2023-09-18,388.0188903808594,389.6926812927718,382.9975176451221,384.84299127782964,8513132
2023-09-20,388.7914123535156,390.6368587375678,385.8729965971384,387.7184701849169,10343224
2023-09-21,384.1134033203125,389.30643178942125,381.5383528272174,388.6626827680115,11132308
2023-09-22,380.33660888671875,384.88588777874793,379.6070049885891,384.1133564029431,7795399
2023-09-25,379.9074401855469,381.79581406526216,376.2594476637083,380.33663337876266,6005673
2023-09-26,379.7786560058594,381.5383017176104,377.4181888361012,380.7657703509308,5533023
2023-09-27,385.5296325683594,386.08755375350273,376.6456850646556,379.7786564006256,10894817
2023-09-28,378.31951904296875,386.21635310270807,377.33240458410353,386.21635310270807,10610213
2023-09-29,381.4524841308594,382.4825260540032,376.98905980966003,379.39245469202604,8474326
2023-10-03,377.461181640625,380.16498748450357,377.0319884058364,378.5341239220027,7770032
2023-10-04,374.328125,379.13491438660606,371.9247303066969,377.46112359689323,13912656
2023-10-05,374.28521728515625,378.1048925093312,373.4268853097046,377.6757265216054,10416552
2023-10-06,379.52117919921875,380.76580411020035,374.80024444113724,375.83025915097494,8742804
2023-10-09,378.06201171875,380.42247918035736,375.3152785260447,378.49117772859574,5827256
2023-10-10,381.4524841308594,381.8387498520383,378.0620020104501,378.0620020104501,5207891
2023-10-11,384.7571716308594,385.78718636616406,381.7958282598694,383.85588493420624,7946195
2023-10-12,386.860107421875,388.4051430421808,382.95460449328624,385.95884797824914,12227957
2023-10-13,384.84295654296875,387.8042723805197,383.68418669430196,386.130481619679,7926432
2023-10-16,385.35797119140625,387.117589674433,382.9974768514605,384.54251235914415,4377288
2023-10-17,389.2205810546875,390.12186771668456,385.40090581968064,386.08758228347983,7203352
2023-10-18,387.675537109375,393.29775834428114,387.11761589494876,389.9072491708059,7160492
2023-10-19,386.6025695800781,390.46517195923667,383.555426034889,386.0446484022732,9830006
2023-10-20,376.2165222167969,385.40090839355935,375.4010905101237,381.96749884790717,13521824
2023-10-23,374.1564636230469,377.632800630929,371.7530959964487,375.9590097457904,7555671
2023-10-25,371.40972900390625,375.9590081702813,366.56003908686273,375.0148212342857,11308597
2023-10-26,372.8260498046875,374.75732402155757,368.7059364802493,368.7059364802493,19525305
2023-10-27,372.3110046386719,374.92898237526947,370.98055203087665,372.8260255716831,13638258
2023-10-30,369.47845458984375,375.2294039584859,367.6759084759495,372.99769185716616,7911426
2023-10-31,367.71881103515625,371.9676794741852,367.28964504506666,369.09219117015067,8952141
2023-11-01,367.4613342285156,370.03638462181203,365.22959487034984,369.09219766402157,8297973
2023-11-02,370.07928466796875,371.4097100435163,367.9334004313936,369.1350977801737,8465990
2023-11-03,371.8818054199219,372.86891979091905,370.03635911281424,371.4955669301622,14334179
2023-11-06,373.6843566894531,374.9289815402163,371.2809891494467,372.0964208224146,7589690
2023-11-07,371.40972900390625,373.2981300796239,370.93763553590844,373.2981300796239,5321353
2023-11-08,375.0577392578125,375.5298327139069,371.0663814168752,371.79598534060756,7248663
2023-11-09,372.8689270019531,375.958998202141,372.43976102559816,375.7873426930893,8085620
2023-11-10,374.71441650390625,375.9590142105664,371.23807945474016,372.86894287880256,4236307
2023-11-13,374.2423095703125,376.3023389149238,373.3839504081949,376.3023389149238,3888975
2023-11-15,379.3495178222656,379.8216112907805,375.52984259383584,376.04486354266163,7722827
2023-11-16,376.5169372558594,381.5383096322674,375.61565064270343,379.349497918328,11276031
2023-11-17,377.0319519042969,378.96325326454786,376.2165202019907,377.0319519042969,6911592
2023-11-20,374.928955078125,377.9331982957535,372.95475365152544,377.5469326241177,4502356
2023-11-21,374.4568786621094,377.07485632698126,373.81310251348316,375.22938283673597,6228803
2023-11-22,377.418212890625,378.0190615906513,373.21227199044085,375.10067305032794,5074887
2023-11-23,377.97613525390625,379.6070258467537,376.17361635210193,378.4911561994082,6611803
2023-11-24,375.787353515625,379.6070287486021,374.971921814831,378.5340865730886,7084608
2023-11-28,373.5985107421875,376.8173370021395,373.2981000157129,375.95897789207413,9082513
2023-11-29,375.2723693847656,376.38823915012097,372.65439130780766,374.24235458855776,14316126
2023-11-30,374.07061767578125,376.34525715789107,372.95477527576713,374.8431490638451,15710110
2023-12-01,386.0876159667969,387.0747304719558,375.4440482381568,375.8732142645413,20081576
2023-12-04,389.7356262207031,391.752755460777,387.1176482365395,390.5510579725975,13293194
2023-12-05,387.7613525390625,392.95440762914575,386.3450722064194,390.5510129299725,12603697
2023-12-06,397.6324157714844,398.70535782026695,388.0617650793012,389.6068005413992,21203900
2023-12-07,393.2119445800781,398.9629212542833,392.61109586480706,398.91999377329,11746535
2023-12-08,385.5296325683594,396.216153262856,384.97171138321596,394.7998457558044,19386851
2023-12-11,388.3621520996094,389.349266341304,385.65834700683894,387.54672054488316,6854157
2023-12-12,388.9201965332031,394.8428290394338,388.276420302644,389.8643835355376,10549319
2023-12-13,391.1089782714844,393.8557114943193,388.92019351204266,391.66692673487756,11718443
2023-12-14,394.92864990234375,395.7011813655176,385.7871908104874,394.8428221410115,14924265
2023-12-15,393.2977294921875,397.3749148156606,390.55099669356895,396.47362823907736,16397959
2023-12-18,387.675537109375,391.4093845073991,386.55966747679656,390.55102534416386,12490839
2023-12-19,391.4952392578125,393.1261027378061,388.01890208942376,389.134771798946,10664235
2023-12-20,387.11761474609375,394.19901661338577,385.6584068932969,393.98443362414525,10766954
2023-12-21,387.50384521484375,389.4780466215667,381.4953588400811,385.40086138181516,11584223
2023-12-22,390.72271728515625,391.32356599323725,386.73135932353364,388.834316199954,11450973
2023-12-26,391.7956237792969,393.8985804641823,390.29348854404384,391.45228557791097,6097422
2023-12-27,392.3535461425781,393.55524345292497,389.4780580930857,392.26771839290313,7833901
2023-12-28,398.3620910644531,398.877084841687,391.49524439862944,392.4394313945744,21493169
2023-12-29,396.6453552246094,401.6238004767668,396.0015790266033,398.3620736168077,13384631
2024-01-01,401.75250244140625,403.3833928588462,397.117396041588,397.8469999013358,9706230
2024-01-02,403.7267761230469,404.5851080974229,397.93287207365034,403.4263381690342,10924918
2024-01-03,409.6494140625,412.6107301461247,402.86842270487585,403.6409269336043,24961710
2024-01-04,408.9197998046875,413.25449592440776,407.03142595569284,412.00987104917436,12240910
2024-01-05,406.81683349609375,411.49486773368767,405.14304267730904,411.49486773368767,9564086
2024-01-08,399.56378173828125,408.1473195214147,398.74832279775234,407.71812631002143,8311403
2024-01-09,398.7482604980469,403.3833941160344,397.9757563641979,401.2804102773474,5916180
2024-01-10,397.67535400390625,400.63669719235435,394.8857207330158,398.74829615510856,6123200
2024-01-11,397.117431640625,400.4650133189814,395.7869790243903,398.3620565020552,6786448
2024-01-12,400.5937805175781,401.45213970243634,395.1432418595045,397.6324644529848,9714589
2024-01-15,401.36627197265625,403.8555216906725,400.0787468381923,403.426328510034,7167978
2024-01-16,405.4005432128906,407.7180829336906,398.4907971207317,401.53794073992424,12531058
2024-01-17,400.5079650878906,409.43484103698813,399.306267632846,404.6280512168097,11536527
2024-01-18,399.56378173828125,401.5809109410194,390.16478501461893,399.3491715307208,9495938
2024-01-19,404.7138366699219,406.00138895410885,400.33624051486,402.1817139863782,12673308
2024-01-23,394.2419128417969,406.64512419993554,391.7526905157267,406.64512419993554,8728196
2024-01-24,397.932861328125,401.1946152353453,393.2119267816324,394.9286178877544,22459072
2024-01-25,391.1089782714844,399.09166744976585,388.0618342792077,397.88999716827067,20435547
2024-01-29,386.0876159667969,392.4823693045358,384.113414160208,391.3235992703146,18557346
2024-01-30,376.00189208984375,389.4351178351049,375.4439709296809,383.68416912859067,45190319
2024-01-31,379.0061950683594,379.82162680148224,376.5598726652632,377.6757423653789,20648695
2024-02-01,380.1649475097656,384.3279609474678,377.07487624062026,379.3924432943424,19903526
2024-02-02,377.76153564453125,383.85585015123644,377.2465419254087,381.9674763724285,17816750
2024-02-05,376.00189208984375,380.8086811734719,374.7143670720786,379.3924009335579,12505666
2024-02-06,370.29388427734375,378.44822842023024,368.66299368578547,377.6757242063142,19487043
2024-02-07,370.63720703125,373.3839399508634,369.7788478931724,373.3839399508634,13376903
2024-02-08,361.2610168457031,373.9406548583127,356.07587448707574,373.8535172676072,50039587
2024-02-09,362.0888366699219,369.67049635392345,356.07581908789314,357.3829932206537,33527317
2024-02-12,354.5508117675781,364.2675230445882,353.8536558100145,363.87536246137586,11326971
2024-02-13,354.4636535644531,357.99304337034437,351.4571445057712,354.5943737512555,16207766
2024-02-14,358.64666748046875,359.25668585200435,352.41576356986315,353.81010311289634,12618012
2024-02-15,351.98004150390625,361.26100948205914,351.3264405397178,359.9102525686611,21169031
2024-02-16,352.590087890625,356.90377174049036,348.05851862278627,352.9386658929373,38963810
2024-02-19,356.64227294921875,359.692364493742,352.59003016919024,352.9386081144379,17602580
2024-02-20,353.897216796875,357.68804696525905,352.3286021787309,357.68804696525905,14626643
2024-02-21,351.5007629394531,357.3830614696527,349.71426274400176,354.6815474921949,20162369
2024-02-22,361.1738586425781,361.7838769804783,351.5878680265273,354.5943771137186,19321180
2024-02-23,358.5158996582031,362.437422138074,357.7315785908986,362.437422138074,11576964
2024-02-26,356.5987243652344,359.9538113149577,354.94294457199726,358.2544765395862,8289561
2024-02-27,358.29803466796875,359.69237410510254,356.03226415387263,357.29588340568495,8083518
2024-02-28,355.8144226074219,359.34381253424715,354.50724831349424,358.2980510039956,8949664
2024-02-29,354.07147216796875,358.21088006238347,352.50285763753504,356.42440777306143,15468800
2024-03-01,356.8601379394531,360.04094973021984,355.1172481779193,356.3372848204357,12873024
2024-03-04,356.5115966796875,359.86671160136217,355.94516090125154,359.2566932173203,7103794
2024-03-05,353.9407958984375,358.5159474971022,352.0236031921604,356.9908877579181,10108373
2024-03-06,355.42230224609375,357.2523575121998,349.1914254385591,354.2458480103434,11534613
2024-03-07,360.3895263671875,361.60956300525106,351.7621323177054,355.422242231896,23907135
2024-03-11,356.77301025390625,364.5289458598365,355.55297357754284,363.22177159770035,18298683
2024-03-12,352.4593505859375,354.24582311819125,348.0149191296,354.24582311819125,36226074
2024-03-13,368.1455078125,381.69660509257994,367.01263623455105,379.08225632312536,105525827
2024-03-14,365.7054138183594,370.8034184912404,364.2675193135294,367.7097716994342,31949569
2024-03-15,365.22613525390625,373.4613697646107,361.87104789588255,363.57038287805614,76074975
2024-03-18,363.7882080078125,366.62044193009535,363.3089098568447,365.13896487478166,16547358
2024-03-19,356.9037170410156,365.61824861989226,356.16297854254486,364.26749180614473,21803126
2024-03-20,362.26318359375,363.09105972476596,356.9037386154801,357.2958991887677,20364534
2024-03-21,367.0997314453125,367.75330475277406,362.69888298530844,365.13895628515684,19968509
2024-03-22,373.5049133300781,374.419927016119,367.0997346711346,367.0997346711346,40358503
2024-03-26,372.6770324707031,374.0277893005211,370.8469775031,370.8469775031,10669833
2024-03-27,372.9820251464844,373.7663462493522,371.6312683263577,372.1105664607041,12698464
2024-03-28,373.2870178222656,377.5571180839597,372.1105362634369,372.9819948784972,29009002
2024-04-01,371.8491516113281,375.90139442993103,371.02124791223844,373.94061930272346,9743648
2024-04-02,371.1084289550781,373.5920573017108,370.01911246222807,373.5920573017108,9194659
2024-04-03,370.54193115234375,373.6791877694876,366.88184906696273,371.2391146333111,13152268
2024-04-04,368.40692138671875,372.4156094618312,365.9232929984776,370.84699479060345,19065447
2024-04-05,372.58990478515625,376.20643221522545,365.96684064487147,368.1890562257562,16768902
2024-04-08,373.9406433105469,375.94500116709133,372.76418920624536,373.24348736865613,8844633
2024-04-09,371.54412841796875,376.03211438370613,370.8469725212621,375.1171007216393,6967273
2024-04-10,380.7815246582031,381.52226312429957,371.0212320403527,373.24344743864197,14547618
2024-04-12,374.81207275390625,379.73580180355174,373.24345819780376,379.0822008973071,18785009
2024-04-15,371.1520080566406,373.9842421696475,368.5376593514713,372.9820631978144,9083087
2024-04-16,371.1520080566406,372.11060442312856,368.79909974576583,368.84265473222285,10357752
2024-04-18,365.00823974609375,372.0234367437925,363.96250587237773,371.2391432432269,22133191
2024-04-19,370.14984130859375,371.45701560681107,362.52462568029154,364.26751553828564,17221280
2024-04-22,370.6291198730469,372.63345000847283,368.92978508955906,372.1105692692811,7386048
2024-04-23,374.0278015136719,375.1606729933093,370.45482904533475,370.62913183698697,12484384
2024-04-24,373.766357421875,375.42210964113116,373.243476671,374.07135278062805,6070285
2024-04-25,381.3044738769531,381.9580472629004,373.85353289737685,375.59645049768056,30337038
2024-04-26,383.4394836425781,386.31527251993987,380.30225439111325,382.78588270732047,15342965
2024-04-29,381.8708801269531,385.5745452174713,378.7336507842141,385.182412263794,12075706
2024-04-30,379.6486511230469,383.8751968280465,379.16935297976505,383.3958986847647,12528665
2024-05-02,382.5680236816406,385.70525292282576,378.9514962957991,379.9536751869483,24123523
2024-05-03,380.3457946777344,383.48305142686223,375.9013913463709,383.48305142686223,23786388
2024-05-06,378.8643798828125,383.8316643954197,377.6443431520748,381.696586307185,10753860
2024-05-07,383.7445068359375,388.6682364613034,379.2565204053134,380.7379975534372,26969062
2024-05-08,384.31097412109375,387.53534122419063,381.870900586258,384.52883191122805,10916481
2024-05-09,370.4548034667969,384.74663711557434,368.92977152540453,383.4830455341657,24314298
2024-05-10,377.6443176269531,380.2586660910364,371.6748545706709,371.6748545706709,14524604
2024-05-13,376.3371887207031,379.474418303003,374.2892481138932,377.55719789702965,7584217
2024-05-14,374.4635314941406,377.60076091368103,373.46135254601626,375.1606874498413,11423749
2024-05-15,372.8077392578125,377.5571378637732,371.89269799745216,375.3785050214278,7856433
2024-05-16,375.9885559082031,376.9907348358264,368.5376430939357,374.7249642167052,23911954
2024-05-17,380.21514892578125,381.26088289164886,373.7663870890437,376.8164790131012,11894830
2024-05-21,378.9079284667969,380.91228632724113,377.5136165803025,379.9536900005545,11175153
2024-05-22,383.3523254394531,385.13879774122665,379.43077527659403,381.1301099979817,11036895
2024-05-23,384.6159362792969,387.70961053618345,380.4329731658347,384.65951888111425,27244733
2024-05-24,380.1279602050781,385.5745427258716,379.34366668390487,384.310951047624,13252938
2024-05-27,376.03216552734375,382.48092749618064,375.33500953581785,382.3937899019621,12282545
2024-05-28,373.8534851074219,376.9035767086136,373.19988418613605,376.55499875688963,9668761
2024-05-29,375.5528564453125,376.81647580985464,370.80342960528895,370.80342960528895,10832067
2024-05-30,369.3655090332031,375.55282998521824,368.0583347743574,373.4177796163997,21314885
2024-05-31,371.63128662109375,374.3328003943377,369.7140939893284,371.8927270015866,29300711
2024-06-03,375.02996826171875,378.9951014605376,373.548518756603,378.21078029410506,16116836
2024-06-04,368.4967956542969,378.34825137293643,357.5359728112726,378.0819920118962,47791986
2024-06-05,381.8983459472656,386.9571898919485,371.02626584102927,374.5319394116942,28197030
2024-06-06,386.42462158203125,388.4658963975464,382.60830317461443,386.95714028519546,32318523
2024-06-07,389.7528381347656,391.97162873664547,382.60833352183147,382.8745928945324,29543660
2024-06-10,387.7559509277344,391.3947824225192,386.82407117924964,390.50726048759805,11872688
2024-06-11,384.29461669921875,388.55471053198954,383.6289963758289,387.844704269185,13158571
2024-06-12,383.67333984375,385.53712730991356,381.80955237758644,382.1201976859324,10751658
2024-06-13,381.8983459472656,387.7559399211235,381.4102131161108,387.7559399211235,9641349
2024-06-14,382.6527099609375,383.3183302481955,380.7889225262687,382.51958027789186,9572809
2024-06-18,380.5226745605469,385.3596448481991,380.0345417507453,384.29460735192566,14641141
2024-06-19,375.996337890625,382.2976782837194,375.4638191590513,381.6320579972225,11329972
2024-06-20,375.6856994628906,378.5257525366393,374.08817136690516,376.351347889539,15147549
2024-06-21,372.4018859863281,377.4607294610519,371.46997822289575,377.1944701000712,26176371
2024-06-24,375.6856994628906,376.26257601400545,372.7569026415791,372.7569026415791,9723008
2024-06-25,375.6856994628906,376.3069619517722,372.53502920868647,375.41944009223124,10655609
2024-06-26,376.2625732421875,378.43700600124004,374.5763014110614,375.41943732662446,11511714
2024-06-27,377.7270202636719,379.19141874299106,373.7331857724581,376.2625936563807,38438054
2024-06-28,377.1057434082031,379.8570246308186,375.86321841942026,377.63823402627366,18554411
2024-07-01,380.7889404296875,381.8539498161556,376.8838497566948,378.3482763390493,13391362
2024-07-02,377.63824462890625,382.20895565283456,375.02006489132174,381.6320790804071,11177863
2024-07-03,380.123291015625,381.32143008834834,377.63824099221983,378.1707597480842,7435499
2024-07-04,380.7889404296875,382.9633451417158,379.0138966576025,381.6320763766379,9478861
2024-07-05,384.87152099609375,385.1821381877556,379.5020318353326,380.7445568579234,13427543
2024-07-08,393.7022705078125,394.5454064017364,384.871494397807,386.20276307915896,21311436
2024-07-09,401.68994140625,403.8199883358948,394.0573037136591,397.25236004414035,27489709
2024-07-10,400.6693115234375,404.1306271806451,396.2760880434586,402.6662006020045,12065662
2024-07-11,407.0594177246094,407.81380990765183,398.22861309156133,399.38239433526815,19556596
2024-07-12,407.4144592285156,411.14203455660714,404.5744058539659,407.0594560726936,19693114
2024-07-15,411.2751159667969,413.98203932408734,405.77249737770325,407.41441139257415,16876907
2024-07-16,413.1832580566406,414.24829551887325,409.5000691316833,411.31947062570373,13497253
2024-07-18,417.3546142578125,417.9315189735093,410.6094983275924,410.92014365573266,21907158
2024-07-19,421.1709289550781,425.47540879743394,416.6002178558093,418.0202585325393,25939326
2024-07-22,414.0707702636719,425.51972582046176,413.4495078011498,421.2152745186909,18762384
2024-07-23,436.8355712890625,441.4506680930601,413.93765914854197,414.07078883419376,56125835
2024-07-24,438.4774475097656,453.21023038482934,435.45990719384116,440.2081051460057,43693692
2024-07-25,434.8387145996094,440.20817585100497,430.13487369800487,434.8830724128117,18567567
2024-07-26,445.71075439453125,449.43830114712074,432.57549856626446,438.4774780631656,21534703
2024-07-29,440.2525329589844,449.2608250855603,438.47748921984754,448.63956258965953,12978187
2024-07-30,434.7943115234375,441.8056866583547,433.6849161895334,440.47441788326415,13891052
2024-07-31,439.63128662109375,441.9388210644049,435.3268349298526,437.057492794329,11982586
2024-08-01,438.1668701171875,440.8737935243366,435.72617795456915,440.16375915500845,12114803
2024-08-02,434.0843200683594,443.2701002450131,430.26800111466224,430.26800111466224,22141163
2024-08-05,431.3330078125,436.5693674354034,425.6085153542388,426.0522903769102,25022076
2024-08-06,431.5992736816406,436.3918583538408,429.602356369564,431.5548877403152,14251363
2024-08-07,437.2349548339844,439.8531344481693,433.19676276137596,434.8830345877464,11320399
2024-08-08,439.0987548828125,441.98319394772153,437.1018376938733,438.4331345718136,21349889
2024-08-09,440.119384765625,441.9831721749572,437.6343348865154,441.9831721749572,9556181
2024-08-12,438.96563720703125,443.7582217148487,436.65810276874254,436.65810276874254,9425644
2024-08-13,434.883056640625,441.85007398597685,433.32991441946837,440.16377394612385,8056478
2024-08-14,436.8355712890625,442.87070869735584,434.7942963223527,436.61369785563306,9609981
2024-08-16,446.1101379394531,447.48579265284656,437.23497527546624,438.87688936925474,13643352
2024-08-19,445.0451354980469,452.01212479668385,443.40322137860943,447.97393247220106,10591508
2024-08-20,442.6932067871094,446.7757849749655,441.7169411474016,444.645738066525,6888634
2024-08-21,448.5508117675781,451.7458679452625,442.91506345507685,443.75819937308097,8801221
2024-08-22,447.79644775390625,451.30212133109177,445.04513826702214,450.7252447462828,8686423
2024-08-23,448.9058532714844,449.9264767710972,443.7138795067736,448.24020479089086,8195369
2024-08-26,448.81707763671875,450.85838087482534,445.5332774585128,449.08333702673025,8126402
2024-08-27,444.2907409667969,450.50336614741735,443.7582222004659,450.4589802075658,8260450
2024-08-28,441.3619384765625,445.79951979911414,440.65193221566744,444.11321976952377,8081932
2024-08-29,448.2845764160156,450.5921108617591,441.4063027627872,441.9832074702022,19389694
2024-08-30,445.44451904296875,451.87901762056,443.9357346345459,445.4888768545288,15523349
2024-09-02,452.677734375,455.20717018302713,446.6870112489918,447.3082737169309,16497266
2024-09-03,452.1008605957031,457.91409626795934,450.76959190714877,452.67773713088366,12481552
2024-09-04,449.3939514160156,452.677751368125,443.71384524676586,443.7582030567318,8739052
2024-09-05,453.69842529296875,454.3196878148697,450.01523610168874,451.16898926523896,11318636
2024-09-06,445.2669982910156,454.40842025952134,441.2288060631329,454.40842025952134,14245025
2024-09-09,454.1865234375,454.9852734029617,444.068836355185,445.5332347318398,14265060
2024-09-10,455.8284606933594,457.0709575777058,451.5239809612763,454.3196763029774,11332248
2024-09-11,456.49407958984375,461.06479055779437,454.36403269993195,455.29594052025584,15497555
2024-09-12,461.0648193359375,461.95234127279457,451.3465202280897,457.1597565673343,19085324
2024-09-13,456.0503234863281,461.50852809733834,454.4084094452432,461.06478122957145,9165077
2024-09-16,453.60968017578125,458.84601159207153,452.36715513571806,457.8697459360179,7821668
2024-09-17,450.636474609375,455.78406201482926,449.30517775626555,453.56527143027444,10889862
2024-09-18,450.2814636230469,454.76343093157726,448.2845745094767,450.72523863670733,5638729
2024-09-19,451.0802307128906,456.89346666395045,450.4145822727039,452.63337290269794,14461616
2024-09-20,456.5384521484375,459.15663177722325,450.8583460271267,454.4084053209533,24725118
2024-09-23,458.8016357421875,461.0204264871007,455.8284808966198,457.4703669208341,8105508
2024-09-24,457.2928466796875,459.55599507559924,456.31658107204504,458.84598883876305,7015487
2024-09-25,459.3341064453125,460.88727668097147,454.6746519942752,457.5147049756264,8802667
2024-09-26,463.94921875,464.83674061062754,458.8459891473696,459.4228656991907,16086557
2024-09-27,463.90484619140625,469.0524337523458,461.730441478933,461.730441478933,17916386
2024-09-30,459.8666687011719,465.3692595674388,456.22783728937105,462.041073483364,10936940
2024-10-01,458.135986328125,461.28665660969307,456.1834550969594,459.8666441244711,5285319
2024-10-03,455.0740661621094,457.6922177343659,450.9471020792447,451.3464911442906,16481353
2024-10-04,446.9089050292969,459.15663932880176,445.1338612892048,452.63336905434744,18930962
2024-10-07,452.8109130859375,457.0266211371439,449.74898635096883,449.97085980040646,17114457
2024-10-08,450.8139953613281,454.89657371344003,449.0833374525847,452.63339702416863,9868331
2024-10-09,436.3918151855469,452.4558677197935,435.37116365980967,452.4558677197935,24874940
2024-10-10,436.7024841308594,439.8975404359125,434.39492158878744,439.63128105582945,13292273
2024-10-11,433.2855224609375,438.38875219322694,432.57551620558445,437.5456162489988,14949380
2024-10-14,441.0513000488281,442.8707297967612,433.6849216890066,435.7705826929564,6970606
2024-10-15,442.4713439941406,443.2257362116992,438.87689853964406,441.9832111625406,8347216
2024-10-16,437.7231140136719,442.73760011362725,436.9687218016791,440.2081640936547,6939430
2024-10-17,433.90679931640625,439.3206464164686,433.1080492847109,439.3206464164686,7669729
2024-10-18,431.9542541503906,436.25870575391593,424.58787595548876,433.77365572961855,22616838
2024-10-21,429.2473449707031,432.7530466847723,423.65598222997573,431.9542685241088,7680088
2024-10-22,427.60540771484375,433.46302952571807,426.71788584919966,429.24732175988674,12772970
2024-10-23,426.31854248046875,428.9366941192119,425.56415026999287,426.8954190593147,10553961
2024-10-24,418.6415100097656,428.1379350949523,417.13272562053703,427.7829319671288,13596626
2024-10-25,428.0491943359375,437.98936636836663,420.86030359535795,422.2803161165742,32154050
2024-10-28,429.69110107421875,431.24427148836685,422.4578521725881,427.73856969915084,8946214
2024-10-29,433.06365966796875,434.173055017219,427.1616797853139,430.44547989302475,7131161
2024-10-30,436.2586975097656,437.76748187143,431.7767303629288,433.0636412897533,6640080
2024-10-31,433.81805419921875,437.5456293433338,430.17922280768573,436.6581074335961,8111694
2024-11-01,435.1492919921875,436.74682006469067,434.26177014569237,435.7705544719371,1517892
2024-11-04,430.0904541015625,437.9449648846851,425.60848700060944,437.9449648846851,8754385
2024-11-05,426.1853942871094,430.48984579156854,423.3009552621551,428.6260583162402,7610046
2024-11-06,426.9841613769531,429.91298645719,424.2328800557218,426.18541135723177,11749720
2024-11-07,424.14410400390625,428.40419782708676,422.54657585220644,427.5610618759079,9267980
2024-11-08,424.2772216796875,426.62914196530926,421.21529515296464,424.14409199348466,6325023
2024-11-11,423.30096435546875,427.3391565747761,420.771556524025,424.2772299880931,5700343
2024-11-12,419.6621398925781,424.1884646983555,418.153355581329,423.8778475255531,5236095
2024-11-13,419.08526611328125,421.30405680700125,415.57959256886795,417.1771207432275,11548660
2024-11-14,413.5382995605469,419.75092490711046,410.25449937906205,418.19778263445596,12087836
2024-11-18,414.0707702636719,415.1801655090349,410.0325783212632,413.58263748083095,8448573
2024-11-19,414.7807922363281,420.4608983587322,413.80452663353714,415.35769691286504,7121472
2024-11-21,405.7281494140625,411.8520025055283,404.17497910804383,409.14507908254996,20313155
2024-11-22,421.25970458984375,422.90159059798174,404.2637428976069,404.8850054252185,20214206
2024-11-25,423.1678161621094,427.9604003657754,419.26275380237485,425.12034734197664,14427013
2024-11-26,423.3453674316406,428.3598254865603,420.7715735570813,426.00790505967507,6791715
2024-11-27,423.30096435546875,426.0966596925035,419.79529089140067,423.78909717178095,7339184
2024-11-28,421.4815673828125,429.3804644079403,417.6208626211006,423.3453549185364,14967609
2024-11-29,423.12347412109375,425.03161943508326,419.4402569251216,419.9727756769193,8668142
2024-12-02,423.5228576660156,425.38664526883133,420.15031373251634,422.45784823353785,5689595
2024-12-03,419.39593505859375,420.15032731230485,410.69825929766745,413.5826986131527,23073942
2024-12-04,414.5589294433594,424.41035759923045,413.93766694127874,421.0378138404822,13957078
2024-12-05,414.9139404296875,419.57339521958045,410.4763590816044,414.9583263692382,27432375
2024-12-06,418.15338134765625,421.5259532874458,415.09145472778096,417.1327297650406,7842234
2024-12-09,412.6507568359375,418.9077678081534,410.87574120351246,418.4639928040686,12154116
2024-12-10,413.0945129394531,413.982034779044,410.5650771030177,413.00576919388504,9163636
2024-12-11,412.9169921875,415.5351717369577,412.42885940098836,414.64764990839933,7005617
2024-12-12,408.7900390625,415.26889469194026,407.5031282466963,413.1388761476678,13380617
2024-12-13,417.1327209472656,421.0378115655174,400.84679442097826,408.2575584671943,32976794
2024-12-16,417.2214660644531,421.0378129462512,415.3577066901408,417.35459575232846,9354160
2024-12-17,416.73333740234375,422.2803140258282,410.96448733951416,417.1327264699478,20608409
2024-12-18,417.57647705078125,420.50527378595007,414.38139282481444,419.5290082075605,12841386
2024-12-19,414.0707702636719,420.99340109521216,412.9613750183089,416.24517481851433,15161531
2024-12-20,412.384521484375,414.8695714730185,407.63629494293747,414.02640741203714,20231570
2024-12-23,420.9046936035156,423.96662024396306,415.00268563723716,418.19777009680405,19562956
2024-12-24,424.63226318359375,426.22979143446037,419.4846752783541,421.4815926239306,12009880
2024-12-26,423.30096435546875,427.64980189132285,422.4578284116542,426.49602063096154,9188830
2024-12-27,424.765380859375,427.6942060097115,422.4578463685404,425.78603247431005,16906420
2024-12-30,423.3453674316406,427.294816060941,422.45784551297163,426.67355353066995,13578360
2024-12-31,429.2473449707031,430.13486688433846,421.1709321229858,424.6322478965829,13787501
2025-01-01,429.51361083984375,432.0874047386494,427.9160826223791,431.3330125070726,18931186
2025-01-02,434.0399169921875,434.8830529409553,428.0491934724373,430.75611694752047,27131131
2025-01-03,427.4279479980469,435.7705921957735,425.8747776002328,435.1049437212856,38500784
2025-01-06,407.98931884765625,425.5937435344478,406.69894820698454,419.9253105618029,22009958
2025-01-07,406.5606994628906,412.5517321310893,405.6850757448119,410.6161621050003,14294780
2025-01-08,414.3490295410156,416.65327289988676,402.8739144906199,408.31192319196157,13482926
2025-01-09,414.8559875488281,424.57988345002826,411.1230963623607,414.21078814534843,19732649
2025-01-10,410.0631408691406,416.60719760759747,407.8510728791192,414.71772931211405,9145729
2025-01-13,404.6712341308594,409.23364753360545,400.93837089441075,400.93837089441075,17799607
2025-01-14,402.4130859375,406.9293975210864,401.72181289527845,406.468548826272,18048459
2025-01-15,403.1043395996094,407.2058759094838,401.2609449089771,402.4130665906223,9786805
2025-01-16,398.95672607421875,405.0399345529054,397.34375562074734,403.74953568775027,15774070
2025-01-17,405.731201171875,407.20589448929087,398.63412003792996,399.09496873161544,11270061
2025-01-20,403.4269104003906,406.65285087793734,401.8600137743947,404.6251056122919,8742771
2025-01-21,403.2886962890625,411.99874818990406,401.16880346679136,403.70347138071133,15686500
2025-01-22,402.78173828125,407.34415137338146,402.36696322633964,405.45465494630946,9619648
2025-01-23,405.731201171875,407.2519962354426,400.10884148331786,400.9383635063573,8888248
2025-01-24,407.0215759277344,410.15534145029955,404.6712306898313,404.9938304042069,9665384
2025-01-27,405.6390075683594,410.1553189378108,402.36696511353375,406.2841788337263,10480203
2025-01-28,401.3531188964844,407.205874516849,400.47749517024033,405.5468305521421,20813072
2025-01-29,399.41754150390625,403.24257977791996,396.4220251969846,401.81396017503766,15158510
2025-01-30,402.0444030761719,403.70344708698457,397.66634057922397,399.0949602480921,22496695
2025-01-31,412.4595947265625,413.1047941706201,401.0305523642032,402.3209231243453,13546181
2025-02-01,426.33111572265625,434.5803185994335,405.1320757909766,412.92042997358686,30393007
2025-02-03,418.7732238769531,428.77364640147414,416.88372730958895,425.8242034381593,16991730
2025-02-04,419.51055908203125,424.30339673436174,413.61170144468196,422.13740225440523,18923681
2025-02-05,413.0586853027344,420.1557665531382,411.5378902142114,419.51056712020244,12836283
2025-02-06,406.5606994628906,414.7638001060609,403.8877828211345,414.7638001060609,17469129
2025-02-07,397.1133117675781,410.6161724179037,394.8551419924304,405.5468369559543,18875982
2025-02-10,393.7491149902344,399.37144626315796,393.103915600897,393.5647642710035,12227140
2025-02-11,385.5459899902344,396.83678252001545,384.8086433619268,395.22381215861816,14288751
2025-02-12,383.7671203613281,387.41847300677006,381.61376660354125,386.8099189945218,13884574
2025-02-13,383.57989501953125,387.55893945511997,382.92451156606495,383.81395645691885,12989029
2025-02-14,384.0948486328125,389.6655227047761,382.3627881470121,385.4992173663877,14124236
2025-02-17,382.5500183105469,385.1714949759147,380.81795796252226,383.6734960648676,11975265
2025-02-18,379.4136047363281,384.6565868517638,378.243297503952,381.98828064755554,12998403
2025-02-19,380.49029541015625,382.7372796630362,378.7114340671244,378.9922963842513,7079032
2025-02-20,376.4176025390625,378.1496629377972,370.940587610997,374.45150926845105,15355585
2025-02-21,375.3409423828125,377.54112576751635,373.7493416368229,376.41761935814907,8240986
2025-02-24,376.2771911621094,377.6815598988965,373.3280225292474,374.49832980990334,7037625
2025-02-25,379.03912353515625,381.05204632098673,374.96644852961964,376.3708172507043,15760891
2025-02-27,375.9963073730469,380.5839059368619,374.0301855394252,379.03910612899966,19051003
2025-02-28,369.8171081542969,376.8389519800114,367.19563122147906,373.5620915280113,31954776
2025-03-03,372.11090087890625,373.5620704254616,366.2593646880312,370.7065321930963,10702826
2025-03-04,369.6766662597656,371.8768496423385,367.80417462727036,370.1915900299199,13404774
2025-03-05,379.2263488769531,386.435452947024,369.3489671413712,369.3489671413712,15665018
2025-03-06,379.8349304199219,383.57991359952393,375.01324171862086,383.06496126915613,17869996
2025-03-07,378.149658203125,379.97534887092377,376.0899346663798,377.8219664714748,11180761
2025-03-10,379.1795654296875,380.9116259491278,374.8728288486876,375.4813829306651,9785018
2025-03-11,380.3030700683594,382.36279376469145,375.6218408876654,375.9027032097249,11099475
2025-03-12,386.1077575683594,386.9503730638485,378.2432986572043,380.49028283582663,13844306
2025-03-13,385.7800598144531,387.9802430981233,382.17553644149433,386.66950472868797,8196569
2025-03-17,381.9414978027344,389.7123267634701,381.052052835393,386.66952781576737,5257805
2025-03-18,383.0181884765625,385.6864949019589,381.754250846432,383.86080403933073,13861897
2025-03-19,377.35382080078125,384.5629241739053,376.9325273757762,383.8607398936121,12830387
2025-03-20,378.1965026855469,380.72434920469203,376.27718165061447,379.17954934766647,16994037
2025-03-21,379.6944580078125,381.5201486756552,376.0899346754333,380.0689791708236,25302035
2025-03-24,384.703369140625,386.5290597637776,379.74127814367813,381.05201646627233,14362572
2025-03-25,383.67352294921875,388.77607406165146,382.64367541191723,385.7332751677312,20338110
2025-03-26,381.3797302246094,384.9842822489654,380.34985413594273,384.14163817608556,13891436
2025-03-27,383.3458557128906,384.5161629673909,379.78810451603715,381.98828786888856,18642328
2025-03-28,383.626708984375,389.10375252075136,382.12871001952664,384.70338591875066,12981873
2025-04-01,380.724365234375,387.9802704965241,379.74131853086607,383.67353391685737,15206240
2025-04-02,382.9713439941406,383.86078895831395,380.1626065139579,381.0988523406854,8001323
2025-04-03,383.29901123046875,384.0480249871138,380.77116480316903,381.09882796400086,7059566
2025-04-04,383.57989501953125,386.4822339855749,378.7114056930887,381.52014294173955,18627592
2025-04-07,380.16259765625,382.0819186994949,365.27629507252,365.27629507252,26762866
2025-04-08,386.2481689453125,389.29096760296807,381.28607794776286,385.6396149281719,18600796
2025-04-09,389.75909423828125,392.3337700503985,385.0310646302652,386.66949469252165,21785572
2025-04-11,394.6744079589844,395.51705204166717,390.4145009718859,393.2232383889498,8939356
2025-04-15,393.59771728515625,401.8366972313636,392.2869789172459,401.8366972313636,11685880
2025-04-16,397.3895568847656,398.8875273661801,391.35075980822495,391.35075980822495,13034594
2025-04-17,400.0110168457031,400.5727700384027,394.6744043729881,397.9044638020452,22410217
2025-04-21,395.8915100097656,401.74304578331675,394.62757256828814,400.75997063018895,27388236
2025-04-22,405.9561767578125,407.0796545529523,396.5468895062768,398.7939022404639,32031936
2025-04-23,403.3815002441406,409.5607281098517,401.5090086831345,408.39042088422286,19566317
2025-04-24,402.6324768066406,408.2499513547456,401.9302924881275,404.317736314244,26064089
2025-04-25,400.52593994140625,405.11356719755287,396.3128338610747,402.63249298157206,22944377
2025-04-28,401.4621887207031,403.05381801388353,397.6704046490059,399.4492659595311,6287095
2025-04-29,398.8407287597656,402.2112195059294,397.9044829176066,401.5558359876358,11189930
2025-04-30,398.6534729003906,401.93033338689156,395.0957500866863,400.1514719800394,10026546
2025-05-02,402.1175537109375,403.990045229964,397.06183232395665,397.06183232395665,9263372
2025-05-05,409.0926208496094,410.5437904360518,401.9771469315377,402.8197624517931,11525305
2025-05-06,407.7818298339844,411.62044316903246,405.39441457186894,409.6075204969808,15026568
2025-05-07,403.662353515625,407.2669054042834,402.30481430744925,405.76890647461266,9710361
2025-05-08,403.1474609375,403.9900764718335,396.5469106793177,401.64946189204306,19937960
2025-05-09,396.5469055175781,401.7898878224534,396.031981745509,398.7939183424925,8226512
2025-05-12,407.73504638671875,408.3904298762828,400.85363403411344,402.1175715800131,8031891
2025-05-13,400.6195983886719,410.0288864391506,398.2321828708248,407.1733194186355,14976369
2025-05-14,401.7430725097656,404.3177484214116,398.74707456561424,399.8705809376595,9557309
2025-05-15,405.0667419433594,407.64141790790075,398.8407130525867,401.7430807633696,24263510
2025-05-16,407.92230224609375,408.3904251412249,404.5518116867584,407.17328847071144,16402035
2025-05-19,407.5946044921875,410.54377297361634,405.0667294669892,407.266912756039,7543854
2025-05-20,407.17327880859375,412.69712312567145,405.30078727250276,409.13940063587995,9868414
2025-05-21,405.3944396972656,410.2629293856914,404.4581938781033,408.7649303606408,5776672
2025-05-22,398.934326171875,405.3944162358384,395.9383282951614,405.3944162358384,19451749
2025-05-23,408.4840393066406,411.01191444613914,401.6494562583,406.3306853522196,18536884
2025-05-26,414.66326904296875,415.2718231131618,408.90536294937203,410.30973168302756,13107662
2025-05-27,406.2370300292969,415.88037851185567,403.38149188670627,414.6632418792466,26986022
2025-05-28,400.65911865234375,402.9475037342144,393.79393430833676,398.2753781298962,431851622
2025-05-29,399.2765197753906,403.1381676108757,397.22650883681956,402.37538231693094,21478547
2025-05-30,398.60906982421875,400.5160622005545,397.03580693342064,399.61025828083166,30656239
2025-06-02,399.8009338378906,400.8974777159352,395.2718270145734,398.8474376645607,14973380
2025-06-03,397.5602722167969,402.0893793944988,396.32070963544066,399.5149278857097,13216486
2025-06-04,397.60791015625,399.5149025311001,396.60675079881145,397.7509287646849,12598933
2025-06-05,399.6102600097656,401.37423378518696,396.4160419459044,399.0381564747108,13212523
2025-06-06,401.4695739746094,401.7079480309055,399.5149183523392,400.7544518057209,8774988
2025-06-09,403.3765563964844,403.9009967663349,400.94515272206996,402.375397024289,10473123
2025-06-10,407.14288330078125,408.62079079284285,403.3765616168375,404.75914276623337,13041075
2025-06-11,406.3323974609375,408.1917266795449,405.09286404746234,408.0963712404173,20789182
2025-06-12,401.4219055175781,407.3335936752473,400.03932436990533,407.14288279336307,18508835
2025-06-13,394.6520690917969,399.8486349912841,394.27067643366814,395.70092072544685,17873926
2025-06-16,398.7521057128906,399.4195355657901,394.0322880819885,395.65324319318955,7006629
2025-06-17,397.98931884765625,399.5625818006199,396.3683927227586,398.65677784510535,9028406
2025-06-18,396.5590515136719,398.99048420762057,395.60555534311806,397.6079031209599,8036215
2025-06-19,396.6544189453125,398.799785393935,395.51021186668925,396.3206894558478,12601006
2025-06-20,399.0858154296875,399.9916484421562,396.6544118043789,396.6544118043789,13203184
2025-06-23,394.6520690917969,398.08466121174473,392.6020580932596,397.60791311448514,14839890
2025-06-24,395.0811462402344,401.0881605080796,394.5090427151077,397.5125498490303,16690068
2025-06-25,396.9881591796875,398.7044407456806,395.7962888981935,397.035822351589,9946718
2025-06-26,400.7544250488281,401.32652856542074,396.89277723401676,397.7986102268212,13703918
2025-06-27,399.18115234375,402.3753702256464,398.3706748067923,401.4218740876709,21409935
2025-06-30,397.08349609375,401.1835180314217,396.46370029757674,400.27768502039476,12317124
2025-07-01,395.7962646484375,399.3718752738479,395.6055537757248,397.60790154563335,13670465
2025-07-02,393.74627685546875,397.5125694765953,392.55440657693595,397.5125694765953,15990899
2025-07-03,394.1276550292969,396.65441410717574,392.125307215327,394.7474217316605,14185298
2025-07-04,393.3648376464844,395.70091492818915,392.60205234140216,395.60555949045533,8256733
2025-07-07,396.79742431640625,397.79861275139564,392.8404210406513,393.79391720822565,6845218
2025-07-08,397.7986145019531,398.6567552368677,395.3671818049024,396.7974260625579,6807192
2025-07-09,399.9440002441406,400.7544487506528,396.13001537247743,396.84513753591426,9930533
2025-07-10,397.46490478515625,400.75444928229246,397.0358198471668,400.75444928229246,6220360
2025-07-11,397.4172058105469,398.6090760644153,396.1776723858816,397.6079166905238,8578844
2025-07-14,399.8962707519531,400.42071108202924,397.1788009641555,397.6555490287378,6896989
2025-07-15,402.4707336425781,402.75677085028747,399.5148897365432,401.3265266149538,8532755
2025-07-16,404.8544616699219,405.6649391982031,400.7544108614845,402.4707213505022,9780773
2025-07-17,404.2347106933594,406.0940107556235,403.3288776974709,405.99865531946784,7240795
2025-07-18,403.09051513671875,405.4265924462953,400.56375604779373,405.4265924462953,6730256
2025-07-21,400.5637512207031,403.09051027917883,398.9427960746048,402.3753881438521,4822343
2025-07-22,396.6544189453125,400.8497964029397,395.8916336251602,400.5637591824813,9869507
2025-07-23,395.65325927734375,398.46605560438246,394.74742624924966,397.7032702848046,12196187
2025-07-24,390.8857727050781,396.5113943772586,390.4090246125477,396.5113943772586,9005157
2025-07-25,390.361328125,391.1718056932205,388.7880652563331,390.93343164953177,5824089
2025-07-28,390.83807373046875,391.74390673009134,389.5985403505162,391.69621446262005,8123337
2025-07-29,389.45550537109375,392.2683014914648,389.02642047386115,390.9334127310859,6811772
2025-07-30,388.6450500488281,390.26597610105154,386.8810762904252,389.979938885481,10915863
2025-07-31,392.79278564453125,394.7474412869076,386.6903864618624,387.07180823457605,19364174
2025-08-01,397.08349609375,399.8486291981142,392.6497155747587,393.22181910286025,14324065
2025-08-04,397.46490478515625,402.85215260384814,395.79628640159,400.6591229390907,18352458
2025-08-05,394.89044189453125,398.5137448813091,393.7939270939727,397.798622737676,8495104
2025-08-06,392.8404235839844,395.700912105227,391.4101793233631,394.8904345378628,9080543
2025-08-07,394.36602783203125,395.4625426248142,392.5066986324122,392.84042811675334,11514878
2025-08-08,395.22418212890625,396.03465973340934,393.74627463123227,394.6520785787631,9814361
2025-08-11,397.46490478515625,397.6079233983543,394.74743474081214,395.22418285040254,8514272
2025-08-12,396.9881591796875,400.2777036975735,395.9869706841952,397.6079259063852,13635738
2025-08-13,394.8427734375,398.08465462555023,394.3660253481281,397.79861741128474,10874910
2025-08-14,392.3160095214844,395.7485724437067,391.8869246070097,394.98578714952254,9580361
2025-08-18,387.4054870605469,394.4613820852118,386.02293505585004,393.79392311853456,30950814
2025-08-19,390.0753173828125,390.36135461529216,385.68922886161675,387.45320272429717,16681331
2025-08-20,387.1671142578125,391.17180987394187,386.5950398255606,390.07529508093324,18188129
2025-08-21,386.69036865234375,387.9299311597819,384.59269449100873,387.16711674788274,15028966
2025-08-22,379.77752685546875,387.5962073767187,379.0147415307397,387.1194592741643,13087624
2025-08-25,380.7787170410156,381.92289503325094,377.82287297221643,380.44498754804886,10440286
2025-08-26,384.5926818847656,386.5473373730478,379.87286425427845,380.7310049784415,13715752
2025-08-28,382.2566223144531,385.6892144680879,381.39848155064317,385.6892144680879,12471719
2025-08-29,390.695068359375,391.3625273394323,383.21011736185324,383.3054728016321,25255050
2025-09-01,386.9764404296875,391.12415473908817,386.1659628361549,390.69506980769,12268090
2025-09-02,387.8345947265625,388.88344640782555,385.6415650189729,387.6438838396435,19808255
2025-09-03,392.6020812988281,394.0323256751445,388.35901134306454,389.50321848347613,12936588
2025-09-04,396.5590515136719,407.1428648264985,395.7009107798522,404.2347131456668,27274123
2025-09-05,388.40667724609375,397.60790962272006,385.59385185760647,397.5125541844266,16000675
2025-09-08,388.5973815917969,391.4578703163545,387.88225941065747,388.5020552463618,7419022
2025-09-09,390.9811096191406,391.8392794876205,388.4543504800707,389.5032021316832,8825896
2025-09-10,393.8415832519531,394.46137904411546,389.9322722150785,391.8869277335158,9252397
2025-09-11,395.74859619140625,397.32188823995943,393.26952928734954,393.8416037431192,8274406
2025-09-12,394.5090637207031,397.65558962884535,393.65092293651844,396.0346635028067,7803379
2025-09-15,393.4601745605469,395.0334373647078,392.60203385813116,393.8415671951324,5707331
2025-09-16,393.8892822265625,395.0811524650244,392.84043059703714,393.98463766531836,8239087
2025-09-17,390.2659912109375,395.31953863603036,389.0741209359244,394.6997719127026,14113882
2025-09-18,392.4113464355469,393.84159072448466,391.02879441527705,392.22066465605855,15647808
2025-09-19,391.55322265625,393.4125519518315,389.9322965175544,392.4113634471354,19505321
2025-09-22,388.0252990722656,391.8869471309128,387.16712919399254,391.5532176336283,8930779
2025-09-23,384.4496765136719,389.1218020379517,383.4008248820839,388.16830584530703,14936357
2025-09-24,382.35198974609375,385.83224517971445,382.06595251531786,384.4496930997698,12380865
2025-09-25,381.49383544921875,384.2589686096089,379.4914876094897,382.7810611389299,22006368
2025-09-26,386.2613220214844,387.02410735314936,381.2077746294194,381.4938409525902,14414044
2025-09-29,388.3113098144531,389.02643193197514,384.44966201919163,387.97758033993085,19717660
2025-09-30,382.87640380859375,387.83459589952565,381.77988895148263,387.83459589952565,9465490
2025-10-01,386.7380676269531,387.1194602903188,381.16010899274613,383.6392049522153,17643039
2025-10-03,385.4985046386719,386.6427117258004,383.5915122257209,386.0706081822361,16987141
2025-10-06,382.11358642578125,385.1170935125061,381.20775343369894,384.25895278749806,13989077
2025-10-07,381.2077941894531,383.8776011840606,380.92175695000077,383.78224573811093,12298968
2025-10-08,381.16009521484375,383.0670875611344,379.4914769118394,381.3984692581301,8402463
2025-10-09,381.3031311035156,382.73337542805876,380.3973271570088,380.4449903284688,15656267
2025-10-10,384.0682373046875,385.0694257205041,380.9217116513056,381.82754463251206,15085738
2025-10-13,380.683349609375,382.3043047536442,380.0158906444655,381.3984717438948,9508594
2025-10-14,378.3472900390625,382.20896720525104,377.7752155833861,381.3984895951822,10291102
2025-10-15,381.3031311035156,382.20896414841775,378.7763719498352,379.49149411210675,16043867
2025-10-16,386.3089599609375,387.11943750939196,380.9693756928534,382.35195675188714,22962049
2025-10-17,392.98345947265625,394.6044146786696,386.4043414041463,386.49969684539326,21071344
2025-10-20,393.8415832519531,395.5578938251509,392.17296494651845,393.3648351646861,13083621
2025-10-21,393.6509094238281,394.6997610566706,393.1741613269356,394.27067613010945,1142130
2025-10-23,396.60675048828125,400.89748332833454,394.3183363615374,396.65441365825745,24305990
2025-10-24,397.4172058105469,398.5137497228218,394.22301680889524,396.6067573166322,14935678
2025-10-27,401.0881652832031,403.0428499257912,397.22651736481293,397.60791001997336,11603679
2025-10-28,398.466064453125,402.04167527754,396.559072013437,400.9451604443985,17163147
2025-10-29,401.9940185546875,402.56612211545064,396.7020969906232,398.7521371748908,11470661
2025-10-30,399.2765197753906,402.08934510630013,396.7974239224796,401.9939896699586,12938674
2025-10-31,400.8021240234375,406.5707642578344,398.7521130615341,400.9451426303807,18599864
2025-11-03,394.69976806640625,402.041671429904,394.07997225072296,400.42074533071906,7635440
2025-11-04,389.88458251953125,395.22416695182824,389.36017125943533,394.7474188614159,10085404
2025-11-06,388.5497131347656,394.0799796210065,387.64388007828336,390.9334537061446,10095563
2025-11-07,385.2601318359375,390.0753051532848,384.3543278958865,387.1671242550703,8411611
2025-11-10,386.69036865234375,388.1683052075514,384.8787317089743,385.26012436572665,6650003
2025-11-11,387.929931640625,389.07410961230016,385.7845652080402,387.11945405752516,12005318
2025-11-12,388.07293701171875,389.1217886071048,386.6903559407471,389.0264331714527,7987236
2025-11-13,386.8334045410156,388.5496859931617,385.6891975073225,388.0729379121885,6617185
2025-11-14,389.1694641113281,389.74156764498133,381.49383142153096,385.87991971501265,64020258
2025-11-17,388.1683044433594,392.8404299507648,387.1194528155595,390.69506352506284,7855399
2025-11-18,386.9764404296875,390.74273297855876,385.73687790475674,389.26482550088946,7661681
2025-11-19,384.78338623046875,386.6903786619881,384.06826406864894,386.0229487699935,7882450
2025-11-20,386.59503173828125,388.07293915467255,384.49732853592553,384.78336574606783,6693410
2025-11-21,388.8834228515625,389.5031895489138,385.8799157040955,386.1659529187517,5808131
2025-11-24,384.78338623046875,389.78924136320717,384.1159563384741,389.40784869658233,11037491
2025-11-25,382.1612854003906,385.6892331651161,381.49385548435896,384.7834000881633,8199785
2025-11-26,383.5915222167969,385.16481427717554,382.3043255832445,382.3519887554517,11443953
2025-11-27,385.4985046386719,387.07179665807234,383.40083044346284,384.7357193128495,8679529
2025-11-28,385.4508361816406,386.1659583266901,383.782217843192,385.4984993519528,6883500
2025-12-01,385.4508361816406,386.6427064233897,379.6821958509331,384.0682550618539,13442658
2025-12-02,382.3043212890625,386.64271745343586,381.8752363504342,385.45084717768543,8093808
2025-12-03,381.8752136230469,383.49616874095415,380.3019507723685,383.01942065902773,10772192
2025-12-04,384.3066101074219,384.7833581805478,380.49262552241476,381.493813935015,8057989
2025-12-05,386.1182861328125,386.49967878158014,383.3054607886625,384.3066201289768,4419747
2025-12-08,383.5915222167969,386.40434773852076,381.92290381200377,386.11831050848593,6056866
2025-12-09,382.3996276855469,385.68920111438433,381.39846834549746,383.305460687225,9426717
2025-12-10,384.4019775390625,385.5938477590759,382.35196658031816,382.447322017598,6969146
2025-12-11,384.16363525390625,385.2124869539056,382.4473536345593,384.40200931761535,6980147
2025-12-12,381.49383544921875,385.21246480963276,381.2554613992128,384.1636131699276,12407516
2025-12-15,383.5915222167969,384.5927107187102,380.9217444084862,381.49384796695153,7756564
2025-12-16,383.0194091796875,386.8810568881978,382.39961341304394,382.7333428800691,12347384
2025-12-17,381.2077941894531,384.35434931541226,380.54036426459874,382.35200134405585,8087490
2025-12-18,381.7798767089844,383.2578132936943,381.2554654327811,381.3984840446188,7227668
2025-12-19,382.3996276855469,383.92522737860764,381.63684238821344,381.63684238821344,10654835
2025-12-22,383.9729309082031,384.87873483805475,382.5426866099581,382.92407926981116,6847871
2025-12-23,388.40667724609375,389.8845846952617,383.114755953949,383.78221492360865,10081997
2025-12-24,387.6915588378906,390.45669198464753,386.7857258129762,388.9787845212552,5777430
2025-12-26,385.35546875,388.2159572411766,385.0694315402398,387.5961905544338,3152453
2025-12-29,383.8775634765625,385.97523758942174,382.7810487018413,385.30780773012765,6647710
2025-12-30,381.9705810546875,384.6880510266874,381.68451473751173,384.258966100121,12340527
