Price,Close,High,Low,Open,Volume
Ticker,NESTLEIND.NS,NESTLEIND.NS,NESTLEIND.NS,NESTLEIND.NS,NESTLEIND.NS
Date,,,,,
2021-01-01,872.2167358398438,875.4927681870757,865.378737477124,869.3331048940521,1005720
2021-01-04,868.7776489257812,880.6927438840636,866.499066408805,874.3109124066428,1240700
2021-01-05,877.3008422851562,880.2199621809444,864.055045784952,867.1490151111011,1673460
2021-01-06,875.26806640625,879.2744262426726,871.2380470780889,875.0222385164786,1154120
2021-01-07,856.9286499023438,879.9836153097223,853.2792017533128,879.2272616699046,2412100
2021-01-08,865.3881225585938,867.4563085804135,850.9108204058552,861.6559239216735,3032700
2021-01-11,869.4157104492188,876.7146061232698,859.8028010143012,867.4562428366505,2291100
2021-01-12,850.8682250976562,871.7084291934602,848.5471134930178,870.2926105518918,2831320
2021-01-13,851.8231811523438,863.9108162661415,849.2562415442535,852.7993372211893,2187740
2021-01-14,857.17919921875,861.7551761925519,853.2271981209818,853.2271981209818,1169760
2021-01-15,843.0635375976562,862.6817591583506,841.4562500731539,856.1131911642726,1928020
2021-01-18,833.4530029296875,854.4090840035868,829.9572258573438,843.8175932986874,2413480
2021-01-19,839.3148803710938,842.4254694407189,835.3108856177357,838.1472553481865,1256980
2021-01-20,835.844970703125,848.0744477501189,833.0913518356449,839.8962262585012,1476620
2021-01-21,837.4994506835938,846.1834652787984,834.6181861973686,840.0379987711871,1419540
2021-01-22,831.5101318359375,845.3468980726733,829.638146279512,840.6999997711234,1965000
2021-01-25,823.2681274414062,836.7290536416839,814.5037266847704,834.4599348205592,2328720
2021-01-27,829.0755004882812,831.8929421906686,819.7225565737876,825.9956692352476,1328040
2021-01-28,821.9632568359375,828.2198076476329,813.2343467674904,825.8561666440723,1781100
2021-01-29,806.4744262695312,825.7546648629936,801.8086005664734,821.8404609493405,2257760
2021-02-01,807.7838745117188,816.6711311368837,803.6380384568237,813.0926036151392,1688120
2021-02-02,812.634033203125,820.1834892809368,806.2143468277532,810.7312905124237,2605960
2021-02-03,811.504150390625,817.2998027835188,806.0488484548802,813.0948761793271,2246500
2021-02-04,807.13623046875,814.3665721642985,806.1174872343832,813.087863014512,1842000
2021-02-05,809.1098022460938,811.5419982376463,803.7798375843362,809.8330902919826,1961940
2021-02-08,813.952880859375,817.1059988706088,808.4196178015396,812.1470844441275,2432140
2021-02-09,818.7156982421875,827.7471621865838,810.7289452598465,813.6125760312156,2420240
2021-02-10,812.0217895507812,824.2867553451905,807.7270722041716,819.7201846526189,2331520
2021-02-11,823.1262817382812,824.7902945045977,810.7289942278228,812.6151754346412,1307320
2021-02-12,817.55029296875,828.1724809502302,814.9833536509747,823.0244643263951,1090560
2021-02-15,826.3218383789062,827.5935073096676,815.8367586774273,820.1362080287597,2202380
2021-02-16,813.907958984375,834.1761808178761,810.2136157531753,829.8743656842265,4595480
2021-02-17,791.40380859375,798.910735445708,772.9106819252856,798.910735445708,11986860
2021-02-18,773.6056518554688,798.9108111003148,770.5471136648008,792.1035121745734,5021320
2021-02-19,774.15869140625,778.3328610426332,766.4319620778139,776.6925078791048,2605500
2021-02-22,760.9176635742188,781.4198878454407,757.5281808545618,775.7967754267905,4298300
2021-02-23,764.399169921875,768.4197257629475,756.4644105485885,762.5578842620506,2859960
2021-02-24,772.7286376953125,774.2343047807313,761.0924371316772,769.7433866734327,1686840
2021-02-25,761.74951171875,774.0120536984053,761.0924125868802,770.8306021011236,3714260
2021-02-26,761.1680908203125,769.8095188701049,756.5495268539876,758.7524565283148,4537460
2021-03-01,770.190185546875,773.7427455018321,761.0925320910857,767.521625168774,1814360
2021-03-02,783.6013793945312,785.6742972441198,770.0624363247524,770.6415168497962,2461940
2021-03-03,789.4207763671875,790.4016644412811,782.2069383778693,789.6925720389713,1857460
2021-03-04,787.6502685546875,789.8319045005667,777.401496166813,787.4020747176451,2599620
2021-03-05,793.3751831054688,796.0744431849987,777.9216652433626,780.7580349934279,2054820
2021-03-08,796.662841796875,798.9106667206547,785.0597072270305,790.6402890796211,1836840
2021-03-09,799.4212646484375,801.2720142048296,787.5652609658315,799.3929309607289,1854340
2021-03-10,800.3973999023438,803.6379424904133,793.4742861589168,801.2601057875855,1275760
2021-03-12,790.517333984375,804.1035372770468,787.0924206244953,802.5506090462213,1698280
2021-03-15,795.7459106445312,797.9582467014529,786.1471374332968,797.9582467014529,1379660
2021-03-16,791.4392700195312,804.5835047818065,789.2198362122361,795.8380319037434,1689400
2021-03-17,777.9097900390625,793.7107553475192,772.4403494146301,793.7107553475192,3143460
2021-03-18,765.8787841796875,785.9082759448604,764.87423674268,778.4841002493064,1927300
2021-03-19,777.6780395507812,784.4924349068633,759.6742048179146,765.8196713161304,3988320
2021-03-22,784.1640625,788.2744095175699,772.9580016534919,777.6852844691895,2175720
2021-03-23,788.5745849609375,791.8198599495572,780.3042061051109,783.5471151441141,2007160
2021-03-24,777.5481567382812,792.7557871425521,776.1843311623654,784.7288709366671,1511100
2021-03-25,764.4063110351562,783.9961419876906,761.8488350486789,776.4561494936114,2174080
2021-03-26,783.3934326171875,785.601036533441,768.372481472147,770.4997585206822,2531560
2021-03-30,811.4380493164062,815.62404877944,785.2016311765516,785.2016311765516,2978040
2021-03-31,811.447509765625,817.772616096616,801.3476752605868,817.772616096616,2206620
2021-04-01,807.5686645507812,812.5512383512594,802.1063223983947,811.4474364466042,1663520
2021-04-05,797.9912719726562,810.7289086481754,790.5859658367544,810.7289086481754,1631140
2021-04-06,807.500244140625,809.3107725831359,794.1834684227034,799.3834792278521,1283860
2021-04-07,823.0128173828125,844.5739467784219,804.8198768993368,808.3653389121092,3569300
2021-04-08,836.2515869140625,839.5181554533387,819.0892191986541,823.7313854703532,2360120
2021-04-09,831.6423950195312,843.7726173882459,827.2743908523175,832.5263944889416,1478880
2021-04-12,827.354736328125,832.9470901718325,819.7626937210574,821.3723470949404,1150640
2021-04-13,811.6200561523438,831.9993643370767,805.5336798583438,831.387160471567,2210540
2021-04-15,797.7595825195312,822.5471147956401,793.0016006147622,819.0016530939348,2366280
2021-04-16,815.5554809570312,819.4744165926079,797.1522026073391,802.1725742847972,1883800
2021-04-19,807.8901977539062,814.9834873169003,801.2743683307111,813.1422015856093,1018760
2021-04-20,808.1596069335938,823.4925747367537,798.4403445546559,823.4925747367537,2073740
2021-04-22,793.7319946289062,812.6198303537175,782.4243145515978,812.6198303537175,4088620
2021-04-23,785.9436645507812,794.1502765339931,784.965142609205,793.4742498461611,1372000
2021-04-26,797.5208740234375,798.6743031458722,787.7377314957783,794.1384898638222,3047240
2021-04-27,793.1907348632812,800.3289198308927,791.8198114097727,798.8634738106945,893020
2021-04-28,786.32666015625,795.6535786002607,785.2488259771645,793.0015802402526,1737520
2021-04-29,784.3660278320312,794.4447411834561,783.2942242517119,792.7527037335099,1604140
2021-04-30,775.1785278320312,787.5339466542642,772.6000026159127,784.2448503944976,1955660
2021-05-03,784.5657348632812,787.8072548558474,773.4389472605969,777.5906851851715,1280960
2021-05-04,786.459716796875,789.9484016753996,778.5412045392927,784.7319970890351,2115920
2021-05-05,786.5857543945312,789.4731782412022,782.222475538662,787.146575816826,706440
2021-05-06,794.5874633789062,797.0685152378329,785.4355603558597,785.4355603558597,1406380
2021-05-07,796.6668701171875,798.4136206058845,792.0873505505613,797.9596720300668,753320
2021-05-10,797.9002075195312,800.880347234281,792.3249488661996,799.9297474156052,953160
2021-05-11,801.8357543945312,805.5858778740551,794.2428494762231,796.0798790980795,1201260
2021-05-12,794.6016845703125,801.2320953526745,789.948479712462,797.0898727290271,1211520
2021-05-14,818.6637573242188,820.3676890273184,789.2355432386224,794.5588793105169,1931640
2021-05-17,809.8135986328125,822.2688113886387,808.0383605024175,818.46641226083,1214060
2021-05-18,816.5938720703125,819.84252871039,810.0061636078951,813.723041763286,1108780
2021-05-19,829.3674926757812,830.1113092000089,816.8979482331958,816.8979482331958,1768740
2021-05-20,821.5725708007812,831.7582156861502,818.5615063270809,829.8736677321208,985060
2021-05-21,831.6370239257812,834.1513791278466,821.3301750896985,826.325582007444,1345200
2021-05-24,825.135009765625,835.959978041042,822.3045613494666,827.024315517006,1144120
2021-05-25,832.5401000976562,844.0756386358563,828.0698903490688,831.6322609893814,1439040
2021-05-26,833.7378540039062,837.3525006253697,825.5009272477378,832.5400889179755,916060
2021-05-27,843.50048828125,850.7868148080178,828.6996425405689,834.1513184290901,2393260
2021-05-28,832.2216186523438,846.7159454916706,831.7748645746913,844.6079624852722,1063240
2021-05-31,841.0693359375,843.4315625040824,827.74666588121,832.2026024217987,1140460
2021-06-01,844.0613403320312,846.5091464921445,830.7838674102079,836.4803299147964,1155020
2021-06-02,839.0706787109375,846.6612042963344,832.2548942942823,832.5448202749759,1485240
2021-06-03,846.00537109375,848.6456878633453,834.6267180604594,838.904417640496,1007980
2021-06-04,828.2957153320312,841.5850829334255,826.0712861099038,840.8554812884099,4036440
2021-06-07,833.3220825195312,836.0526786289313,824.8118223122647,830.5653193819915,988720
2021-06-08,830.9478149414062,837.1433654366383,827.183418813922,833.2031106654463,948940
2021-06-09,834.4912109375,837.7446830948194,828.9230884325373,829.8736883045929,837560
2021-06-10,834.4413452148438,840.0926686298673,831.2996194815489,832.96316932042,841060
2021-06-11,833.5048828125,836.9555645592484,825.3582359627391,836.9555645592484,979940
2021-06-14,835.4583740234375,837.9536984231662,827.858333493293,829.9401493132954,730460
2021-06-15,840.558349609375,841.7561146288068,832.2976351077455,838.7141836946957,943920
2021-06-16,853.8857421875,858.795569017497,837.1480733061753,838.9137960992375,2339240
2021-06-17,858.346435546875,864.5372280289549,850.786777102623,851.4997269158374,1515740
2021-06-18,839.8857421875,860.2428728797863,836.5277764345394,858.3440522080547,2953400
2021-06-21,838.8638916015625,841.7584515745239,832.3926884901698,838.0202227253207,803600
2021-06-22,828.759033203125,843.5598785540411,827.4970980862392,839.85489507087,1410640
2021-06-23,827.7254028320312,834.6267678493873,825.5960681972583,831.7725891385321,741680
2021-06-24,837.466552734375,839.8549464015731,823.3335167815238,827.7371774385545,1300900
2021-06-25,832.09326171875,838.9042881112275,828.6853406923088,835.1137831726296,780000
2021-06-28,832.0671997070312,837.4784941647878,829.564738560874,832.109960456022,809000
2021-06-29,836.4921875,843.6573101798631,831.2828612184682,836.0525118909178,1421920
2021-06-30,838.0963745117188,843.4197104227538,835.3396117599267,838.4290612486546,1031340
2021-07-01,838.7236938476562,842.4690593207541,835.0781227855653,837.9537103427303,534000
2021-07-02,836.6229248046875,840.3302875164412,831.1094571467041,840.2827691268058,614460
2021-07-05,838.4931640625,841.8511298875928,832.8822234127099,836.7702019859578,686440
2021-07-06,830.353759765625,838.3269279298107,827.8298892135109,838.2176182258985,1251020
2021-07-07,842.0864868164062,846.0338782772858,825.1325753884545,827.0218810126277,1090380
2021-07-08,837.4262084960938,841.2737475407813,833.5858059128246,837.2883529486953,597360
2021-07-09,838.2389526367188,840.3302839519135,834.1513848052083,834.3914135928616,538820
2021-07-12,838.49560546875,843.9116573250919,835.1780213196988,843.9092785046982,666020
2021-07-13,840.8958740234375,842.8494078368282,836.5801714501841,842.7067946466495,500080
2021-07-14,833.6618041992188,840.895855208165,832.7254772620315,840.895855208165,1017220
2021-07-15,837.5664672851562,839.2751566745742,829.3984098236193,832.9631594360417,556780
2021-07-16,839.1040649414062,841.9938677719848,833.5787029810058,839.1420680504879,733700
2021-07-19,843.7738037109375,848.1727067889989,834.1513591564544,834.1513591564544,1028040
2021-07-20,848.7003173828125,851.1195778274814,841.3284106849986,843.6550131703386,891880
2021-07-22,855.292724609375,857.7476673597405,841.2808916964129,848.7003167788596,2266340
2021-07-23,862.3817138671875,866.1864916339048,849.943095426001,852.2293156422312,1504620
2021-07-26,860.3570556640625,864.4636540800484,856.0531892079185,858.9549440586327,1069900
2021-07-27,866.286376953125,876.8808306962675,854.2327779899042,856.1101894588013,2783140
2021-07-28,856.611572265625,871.4147960472909,850.8342884025084,871.4147960472909,1752740
2021-07-29,851.4879150390625,865.0458569002511,845.083260202553,853.1633588659071,2710720
2021-07-30,841.4068603515625,853.4461870176043,839.1444279818347,851.4879535737235,1667400
2021-08-02,841.9772338867188,850.8249380687257,840.0926857763945,845.8342884502521,639480
2021-08-03,869.0431518554688,873.6012618892554,839.0944989485567,839.8644825060264,1262560
2021-08-04,858.2656860351562,872.1729662056184,856.3525922710837,869.5184347436997,816440
2021-08-05,865.4618530273438,869.0432546302966,855.6350027107543,862.6694656385688,759280
2021-08-06,856.5213623046875,865.426157777478,854.5892958896708,865.0458946157958,767480
2021-08-09,865.1552124023438,866.7094525107227,856.52137030709,858.8670033928577,612720
2021-08-10,868.52978515625,873.1592017526649,859.5846661573895,865.5211575386652,1229340
2021-08-11,863.5153198242188,870.5117200512906,856.7446754335089,870.5117200512906,699700
2021-08-12,861.9017944335938,867.3249830455325,859.3422995910537,864.133302144047,489880
2021-08-13,868.3515625,869.3259505642508,861.7995947410627,865.0315994522151,822460
2021-08-16,869.5731811523438,879.2574179512656,863.9598607091036,868.3516277495656,899420
2021-08-17,890.35791015625,893.4426018436875,869.8653597552507,872.1753102904038,1504020
2021-08-18,898.8397827148438,901.5965458134166,891.1898434433273,891.2349830167307,799760
2021-08-20,930.2213134765625,933.5412763038449,881.9308554124443,881.9308554124443,2862140
2021-08-23,951.6004028320312,955.1152552666127,929.5750192622309,936.340907128752,2974840
2021-08-24,940.1361083984375,960.0583231773244,934.677295761641,955.3528423498084,1661680
2021-08-25,946.3150634765625,966.0471478525426,940.428468957395,940.428468957395,2003180
2021-08-26,953.104736328125,956.2892227727854,941.3577143549775,949.4092676271856,1264080
2021-08-27,948.5726928710938,955.3528532923084,945.6567231772798,955.3528532923084,702080
2021-08-30,938.3489990234375,956.422290587479,935.5922942228676,952.9763660717581,2679160
2021-08-31,925.302001953125,942.9926508325989,919.7053338601294,938.4796804686437,4547400
2021-09-01,942.3700561523438,945.3715473179793,929.3111443454048,938.5652779460329,2096860
2021-09-02,962.0355834960938,964.3835372502427,939.2401598894454,944.6110721910559,1571540
2021-09-03,963.273681640625,966.902600985727,955.4026875185943,962.482288747919,939560
2021-09-06,961.2085571289062,967.1403491662669,958.2046870119204,962.9648229130246,681380
2021-09-07,968.1123046875,969.2649302646765,958.4969960621097,958.4969960621097,683060
2021-09-08,942.9760131835938,975.7907383126392,940.3808941800081,964.8588401240416,3447460
2021-09-09,972.3306274414062,975.5531751188558,943.0141581828798,946.322227362554,2207220
2021-09-13,972.09521484375,974.3647834433327,961.5316862955425,964.8587855560808,750060
2021-09-14,961.5531616210938,979.5527675342141,959.1552526023839,971.9883506302651,1183700
2021-09-15,956.2654418945312,968.1859430752348,954.7777508148573,968.1788066139891,752120
2021-09-16,951.9237060546875,962.088000975359,949.1740793688476,955.6405264450905,1025300
2021-09-17,958.9507446289062,964.8112292287335,955.3551289190566,957.9668994150691,1902580
2021-09-20,965.9329833984375,968.9463685312605,955.400321325406,956.5410526941112,1830260
2021-09-21,959.6091918945312,966.2848005949957,950.7020754524382,960.10590123064,2168220
2021-09-22,947.0445556640625,958.8628829065887,941.5738492333488,958.8628829065887,2150460
2021-09-23,942.9476318359375,956.3510679205064,942.0445502795975,950.59994982805,1074480
2021-09-24,944.1476440429688,949.6492172763939,941.0938189225525,947.1301045530928,837880
2021-09-27,933.5936279296875,945.846874225105,931.6401521518552,945.846874225105,919480
2021-09-28,928.9617919921875,937.2272644962495,924.8884972396785,935.8655348781114,1153720
2021-09-29,927.1557006835938,936.3408484893238,923.1108936964883,928.9618055793336,925900
2021-09-30,924.246826171875,931.1101289049939,918.0964152715245,925.8033869344297,887460
2021-10-01,929.2089233398438,933.7242723784735,915.0497207880959,924.2206532227051,797380
2021-10-04,926.4998779296875,933.964443087617,920.2781595344022,929.2090645565917,655920
2021-10-05,921.8702392578125,930.9721850992671,919.4604364927052,926.8347207331437,546560
2021-10-06,910.5391235351562,932.7404211190983,906.7771643139242,924.2158896392745,1452160
2021-10-07,905.2395629882812,917.5284911390834,900.9476488120375,912.6138481989175,953900
2021-10-08,902.42578125,911.6228226430347,900.1015577937745,905.6839527572217,1744920
2021-10-11,907.0932006835938,912.3619394896414,903.1957647404885,904.0679214841208,776040
2021-10-12,922.8280029296875,924.4583071183447,901.6462906987106,906.344634860036,1444980
2021-10-13,918.310302734375,931.8278624919357,913.8139841033626,926.8348345623775,1078500
2021-10-14,918.5360717773438,923.448277594362,913.7640422956499,921.7966220737976,843800
2021-10-18,923.909423828125,931.5879084987432,913.5265102727471,931.5879084987432,1126060
2021-10-19,920.582275390625,937.8641738153399,916.5707718467412,925.6466100497433,1186040
2021-10-20,916.2666015625,960.1058848418759,905.4678007825469,917.3288899726834,4355380
2021-10-21,914.1514282226562,935.390232775291,905.7648099587932,924.9336346446729,1519240
2021-10-22,903.3883056640625,923.8879932129277,895.9403351472796,923.8879932129277,910300
2021-10-25,888.6326904296875,903.1150663303263,884.2647116335507,903.0699267587919,1082920
2021-10-26,918.8182983398438,921.8017183192744,891.1522986362261,893.110157054591,2133160
2021-10-27,908.634521484375,928.4953521736874,904.1857131524418,917.8477674015027,1057640
2021-10-28,908.0032958984375,914.0800918866083,901.4101006507263,908.8925788457268,629000
2021-10-29,908.421630859375,917.9767095539117,896.8512643980068,908.4144521627252,985500
2021-11-01,905.5267333984375,913.1430979453346,895.7899683859943,913.1430979453346,851420
2021-11-02,897.6068115234375,910.0425331965702,891.1809435529972,903.6812151391671,698980
2021-11-03,895.8473510742188,903.0573314013807,887.4253964928,901.720984753027,889580
2021-11-04,903.1194458007812,905.976158746164,899.4211911069874,903.6333938302221,138100
2021-11-08,910.7693481445312,913.0020983016024,893.1150038583426,905.9762540769481,866240
2021-11-09,905.5816650390625,910.5660153521512,898.9024418530657,909.2248829917327,872960
2021-11-10,906.16259765625,910.451256270878,898.8522328943511,905.9235412113313,761180
2021-11-11,901.43408203125,906.0239542428627,892.6391858127392,906.0239542428627,839120
2021-11-12,915.2251586914062,920.8071497341967,901.7614840747294,906.0238789413893,1330240
2021-11-15,931.201416015625,932.2723842757453,911.7541498600573,917.976796450017,1016660
2021-11-16,930.5081787109375,937.0535752959375,923.762012041029,929.9368594199,922400
2021-11-17,931.2228393554688,935.4278632065145,925.7700062366281,927.7302574002122,1085520
2021-11-18,927.802001953125,931.7846613585796,921.8040546731362,927.5390165154578,832140
2021-11-22,908.1922607421875,935.4685683780343,900.4061753361337,928.1845248937904,882760
2021-11-23,917.0947265625,920.1952819278988,903.858142004364,908.2233154150796,739200
2021-11-24,912.5692749023438,922.2797758286845,906.0239373744722,917.9767597672753,687100
2021-11-25,916.92724609375,918.4547909798056,903.9057911773155,912.4783803149187,594900
2021-11-26,919.04052734375,929.1693768119936,907.5777826154244,915.5311951147643,1128820
2021-11-29,908.4337158203125,916.1743361905283,898.8523139674791,910.8051372915147,962140
2021-11-30,915.7081298828125,928.7295277854855,905.3283174404879,908.4336584092857,3395600
2021-12-01,927.433837890625,929.924787376932,916.1551127681121,918.4548637886942,1096240
2021-12-02,932.47314453125,939.4918677267808,919.2557621655037,927.4338741492269,972000
2021-12-03,923.7786865234375,932.2627977262612,914.9646470657173,927.6442107014519,1508960
2021-12-06,909.2034301757812,928.2849328228233,905.0271208958321,927.5390486661685,698540
2021-12-07,924.8735961914062,929.6260105379324,907.2670531309002,919.2198759703234,1408580
2021-12-08,931.3209838867188,933.5131130181819,919.1745107615365,919.1745107615365,671560
2021-12-09,922.02880859375,934.6629659442362,916.1814968767285,932.3202009461031,810440
2021-12-10,921.33544921875,923.2359361718019,909.8703121304808,918.9807200289387,788980
2021-12-13,907.5538940429688,925.1245433233506,904.7808742085898,918.9425761375892,1089800
2021-12-14,919.8319091796875,923.8552481753816,904.2740957091618,906.172248403791,1381340
2021-12-15,918.125,922.9061289426477,910.805063574379,915.636385032782,1298180
2021-12-16,920.7091674804688,923.4918172437772,914.4100650369072,918.2158250470968,808340
2021-12-17,912.22265625,919.5569501041211,908.4145033710387,913.9151945799342,1085560
2021-12-20,902.7369384765625,911.6752336519202,889.2900128785998,908.4145292845913,1426200
2021-12-21,918.9569091796875,922.0861207112704,903.6357605152881,907.7929264393243,693560
2021-12-22,917.5274658203125,924.6680523794316,909.0026745694345,919.4112028288384,732240
2021-12-23,918.3856201171875,922.7555793833144,915.825334666951,922.518915813042,951380
2021-12-24,919.1338500976562,929.1670426047633,916.59504250725,918.3855730375045,684400
2021-12-27,922.8702392578125,927.5390186931403,913.1693099169482,917.3073910410635,531760
2021-12-28,925.3875732421875,930.816536207927,919.6502180993788,925.1485167779038,420980
2021-12-29,927.5223388671875,929.977453444942,920.4415166849761,925.3875809650689,585380
2021-12-30,927.8522338867188,936.3841448552213,923.8671230495639,927.06094300448,797360
2021-12-31,942.1549072265625,947.3783139797669,925.1580287298148,926.3437393780762,797740
2022-01-03,940.8281860351562,947.3329026390738,938.9205202515395,941.6433475110106,517380
2022-01-04,950.9212036132812,953.7301170550674,938.4424679105357,940.830639642676,700680
2022-01-05,953.1539306640625,957.4211117735038,948.0548961154321,950.2016184335582,648640
2022-01-06,939.3746948242188,953.1538826531629,933.9935319052992,944.2777448524778,614180
2022-01-07,951.5809936523438,954.3133926608223,936.4821502174927,939.5158210648709,979660
2022-01-10,942.264892578125,954.7388413461199,940.8807464445551,951.5880937908504,412340
2022-01-11,944.8443603515625,947.8588880689214,934.7107824336653,934.7107824336653,635760
2022-01-12,942.2218627929688,949.0541148705133,939.9699696903925,949.0541148705133,474220
2022-01-13,942.5709228515625,944.2730328898339,937.1013389691516,944.2730328898339,707660
2022-01-14,927.5462036132812,942.8075883742694,921.3235572234454,942.5708664601905,743800
2022-01-17,924.3452758789062,933.0373947365148,913.7264062451246,927.5390959717339,728060
2022-01-18,926.563720703125,929.9296544267969,917.4031189310331,921.8973338092691,724160
2022-01-19,905.4024047851562,929.6881713400921,887.9560691667045,926.1047173727646,1647660
2022-01-20,895.7014770507812,912.2393854163442,889.5314162569861,898.8522246240709,1581120
2022-01-21,907.1834716796875,911.3908305482814,889.7705773335097,892.1587491425789,1104820
2022-01-24,894.9197998046875,910.3269765881826,889.2900086418169,907.1834075642813,1068740
2022-01-25,898.4099731445312,902.8708038487509,875.5657831661093,888.0062317839389,1157600
2022-01-27,879.0320434570312,898.3740785112315,871.0140813266416,886.8993696851168,1085180
2022-01-28,878.98193359375,891.6328417912014,876.2973340796938,879.7278178015339,748460
2022-01-31,885.539306640625,891.1977547386177,881.0665693228,881.0665693228,595220
2022-02-01,892.7181396484375,897.8099956572566,880.7318158215243,889.2900489328581,535820
2022-02-02,884.5399780273438,901.24288140619,881.6713004207458,899.8085426028911,1208320
2022-02-03,875.2620849609375,888.31692362638,873.0866481514682,880.683868329754,687080
2022-02-04,876.4598999023438,879.7277830724163,870.2994101871374,879.7277830724163,898480
2022-02-07,864.08154296875,880.6840025161436,856.3480431083552,876.459893525638,969380
2022-02-08,864.7698974609375,870.8467516845665,860.1250473021078,870.4044739374582,787700
2022-02-09,867.0601806640625,871.9416949423282,861.6288248504604,864.906279606681,964860
2022-02-10,867.2896118164062,870.7822521901793,861.0813228857149,865.4321385524372,1008440
2022-02-11,851.7677001953125,867.0577413497899,842.4349270793107,867.0577413497899,1919600
2022-02-14,844.8375244140625,851.0529925968204,833.3412778298234,847.0248677560979,858340
2022-02-15,869.5487670898438,876.0582701038034,840.1137719308751,844.8375301161896,1003400
2022-02-16,871.3033447265625,879.6033772448588,862.2048426950513,868.5876379127772,808200
2022-02-17,866.62744140625,879.7277466982391,858.6979575396058,879.7277466982391,2276800
2022-02-18,861.0479125976562,871.7145813192475,851.5716819949091,860.0295297601945,1926560
2022-02-21,865.676025390625,868.2530610280103,852.2362782392227,859.5035712637033,740720
2022-02-22,865.9102172851562,869.8474698119278,848.1554909815266,859.8860067255614,1261740
2022-02-23,857.0962524414062,870.622026251645,852.7143291803513,865.9102331148379,1184960
2022-02-24,848.3994140625,859.1067622695136,839.5662895171664,847.6942091765012,2242100
2022-02-25,846.9818115234375,855.5806652636454,841.4787272234897,851.0409854873931,1619780
2022-02-28,843.3505859375,849.573232712811,828.5697060593528,846.2598844345381,3157460
2022-03-02,853.17333984375,855.3152763302096,834.644071787683,841.4787168080329,1732620
2022-03-03,833.6615600585938,854.865855254218,831.4167873357112,854.865855254218,1339280
2022-03-04,831.5269165039062,838.8037817492198,813.7960576919569,827.1354209510729,1034100
2022-03-07,829.1458129882812,832.2870476227479,814.7044329444743,817.5731105252647,1330840
2022-03-08,825.380615234375,838.13190718914,811.118528548988,827.1353105745648,1954480
2022-03-09,819.7532958984375,830.9602344522257,815.9307271685192,830.9602344522257,1422440
2022-03-10,843.8262939453125,845.5546674901651,823.3582517294745,827.1353554879074,1329780
2022-03-11,828.44775390625,842.3417431188681,823.7885459215717,841.4787236343391,1465580
2022-03-14,830.3482055664062,835.6194118592874,820.3461212450848,835.6194118592874,773300
2022-03-15,834.8616333007812,839.5662478696453,824.5080844999358,832.8726673057643,1244220
2022-03-16,852.1597900390625,855.1289110449011,835.3110949219767,841.9568763740992,967800
2022-03-17,874.191162109375,878.5252272978553,850.3691531437615,850.3691531437615,2017800
2022-03-21,854.6962280273438,878.2934831759442,851.6864860167426,877.3372572824484,806700
2022-03-22,833.3148803710938,854.3852884443052,824.9191905299276,847.5506440956013,2804480
2022-03-23,829.24853515625,839.0880768932732,825.2706034415556,838.3709075967832,1185580
2022-03-24,832.3037719726562,836.6976016491739,825.2228916836995,828.4740828526077,863620
2022-03-25,820.4990844726562,835.6457263973625,816.3777537254272,835.6457263973625,1064340
2022-03-28,806.1007690429688,829.4757165030842,802.7515857328175,824.7447798624837,1602220
2022-03-29,809.057861328125,812.7895582897997,804.1859187645448,808.0108220642572,1675180
2022-03-30,827.0396728515625,829.4087011315876,813.8724256243471,817.9555282448924,1499400
2022-03-31,830.9865112304688,833.5324389830686,822.4928288737772,824.7447218728673,1245620
2022-04-01,839.4324340820312,841.8469277659691,824.74481862367,830.9866087134957,623180
2022-04-04,852.0044555664062,854.2205137586462,834.8832028131076,841.9569049189195,795680
2022-04-05,861.7124633789062,863.471944627032,847.1395907279951,852.2840904824415,795640
2022-04-06,870.9664306640625,873.0342458253821,854.0531850747565,859.408026764033,941160
2022-04-07,869.6109008789062,872.5560928546208,859.8861002734441,867.7749635787051,749740
2022-04-08,882.2521362304688,884.3175581617832,863.9332111538863,867.8704636591394,685620
2022-04-11,880.987548828125,885.4770358642144,870.787029006751,880.5883432416704,753380
2022-04-12,880.5787353515625,884.4610095198211,871.241176997112,873.7656269568807,1098000
2022-04-13,878.8862915039062,886.8516691119992,872.5560810969647,883.3136218228177,546600
2022-04-18,887.4492797851562,893.4017621036738,874.9466156538181,874.9466156538181,1075460
2022-04-19,858.1458129882812,895.2665098864603,852.5829640775383,886.445349195822,1318840
2022-04-20,875.1951904296875,880.6337243899372,860.1226703528893,870.112848227244,1763540
2022-04-21,874.606689453125,892.1416308172845,852.8915783512853,867.3058354086055,3706820
2022-04-22,873.8762817382812,876.840776144882,856.7881509835184,866.7820584684491,2174140
2022-04-25,873.2492065429688,881.6719504787318,857.6530010540156,860.0505674969645,1690140
2022-04-26,884.8311767578125,891.0029258615085,874.4649467970094,879.269699251938,1411860
2022-04-27,875.5699462890625,887.2310296710112,872.0624540050891,872.1585255806409,1348600
2022-04-28,885.4053955078125,890.551266723013,873.2661811456205,876.3147825637806,1579160
2022-04-29,880.7255859375,896.8359355919023,877.6264852982463,884.5549597094655,1267960
2022-05-02,886.0227661132812,887.918215067568,874.945384003269,877.7801995587829,831940
2022-05-04,869.071533203125,887.5385668375645,863.4451287823584,878.3615023366932,1217140
2022-05-05,845.8165893554688,883.0365869041017,841.1199322166383,879.7573668954598,1266260
2022-05-06,816.58935546875,845.6220381688598,815.6067624370693,840.8220949630651,1799940
2022-05-09,792.9931640625,819.4649327723987,790.3817530356432,816.4931653231852,2302940
2022-05-10,793.7738647460938,801.432611065907,788.027341632475,799.5107103199456,1343540
2022-05-11,793.3798828125,799.4675248512169,780.0466957056871,793.7739053305513,1235740
2022-05-12,779.330810546875,792.0393567156189,774.8504025597681,792.0393567156189,1435520
2022-05-13,788.1211547851562,795.7774972344226,783.4100692509295,792.3036706340569,1108780
2022-05-16,779.2755737304688,793.7450806014715,775.2203322870755,792.880201726068,1049660
2022-05-17,784.298828125,787.4988092023342,776.6712847472776,787.4988092023342,1726100
2022-05-18,785.2694702148438,788.8610107388705,778.9463999237722,784.2989008902483,1920180
2022-05-19,773.288818359375,780.5295537804458,768.7603161612844,776.928394520498,1410040
2022-05-20,810.1773071289062,814.8859878306131,780.7746513169935,784.1836089880107,3049540
2022-05-23,816.5340576171875,834.5854864599812,812.5460896903813,819.6883493944566,2063460
2022-05-24,825.7974853515625,830.179416686902,809.7496611151732,823.9669053980446,1848200
2022-05-25,830.4412841796875,844.9636346764753,826.5830544313416,830.2611059882838,1630020
2022-05-26,848.1589965820312,851.8826800396213,832.2528716613442,837.7086591365368,2111620
2022-05-27,847.6087646484375,856.5407829456847,840.2166483821592,852.8435517772906,850540
2022-05-30,850.772705078125,864.2260122806659,847.3109019643922,850.4412053034808,1041160
2022-05-31,850.03271484375,872.4276569574569,838.7655361724876,850.683749357792,7190740
2022-06-01,828.4136962890625,857.5737067484591,825.4611669299553,844.6753646451875,1164940
2022-06-02,835.72900390625,839.6953292569999,817.7712422708904,828.3392925581239,1377980
2022-06-03,825.0239868164062,844.0676268136549,822.8426692053382,843.8586505923047,1053720
2022-06-06,816.6588134765625,828.185466763518,814.5543885378214,825.0239026080582,720020
2022-06-07,804.6470336914062,816.7862473992072,798.0693559544167,809.6031661810927,1015240
2022-06-08,803.5347290039062,805.276451639463,790.2159702644299,799.0543211331433,1632720
2022-06-09,805.66796875,808.3970936061062,792.0657467688724,801.4422270373196,574960
2022-06-10,805.992431640625,810.6818748263535,794.5523463063137,800.5198114423764,896200
2022-06-13,809.8145141601562,815.356812127593,794.7059969950384,801.91312514191,2369280
2022-06-14,810.6312866210938,821.612537200389,805.276381489972,809.9129785910735,1321620
2022-06-15,807.308837890625,819.930930809846,800.4716851621467,819.930930809846,1295060
2022-06-16,810.75390625,814.357470436854,798.3071814721839,814.357470436854,1615080
2022-06-17,799.6260375976562,809.8385402615111,789.6609866986018,809.5046358061879,2912380
2022-06-20,815.2271728515625,817.9106671053974,794.5883788380723,802.3936972173283,978040
2022-06-21,815.4529418945312,826.4173603689311,810.0812032453592,815.8469057595611,1112620
2022-06-22,806.0044555664062,814.4055583737193,796.8946634873215,814.4055583737193,1047280
2022-06-23,815.6691284179688,818.9675860235511,802.3935960957749,808.1592985826907,633500
2022-06-24,827.9381103515625,828.8197636214021,813.0625574934558,814.4079115849659,607600
2022-06-27,834.0209350585938,836.3728708133062,825.5862248120799,833.6245664343955,1276840
2022-06-28,836.2142944335938,840.8244401992516,819.2583047607022,831.222149744604,1044480
2022-06-29,840.7860107421875,842.0328298717662,828.9302611319335,833.6245134536459,1939440
2022-06-30,839.3901977539062,844.1372952080525,828.060613337322,840.7859923251625,2056840
2022-07-01,855.008056640625,856.6584585184111,832.7139947562879,836.0268807744429,770940
2022-07-04,864.5934448242188,865.982025134094,850.657259867549,855.245821302091,974580
2022-07-05,864.1347045898438,871.7333922296522,860.0506651186101,864.5935373216834,828760
2022-07-06,883.5291137695312,885.438991153325,855.3060023446988,864.1347350421688,1567820
2022-07-07,874.7026977539062,891.2814968925795,873.1964033082571,883.5938936848806,1037580
2022-07-08,884.9945068359375,886.4767540762231,875.5218959310005,879.2696259943026,1176500
2022-07-11,888.369873046875,890.0803930752128,881.2876726140884,884.0744525011561,787640
2022-07-12,870.8685913085938,887.437773010097,869.7106295515282,884.879265804165,523780
2022-07-13,876.8504638671875,880.4660517122488,871.1015941484857,871.1015941484857,455020
2022-07-14,882.3110961914062,886.0419935520989,871.2313674068193,876.8480949358532,1045880
2022-07-15,901.924072265625,905.0399470336473,882.9356821593158,884.0744060863021,990020
2022-07-18,894.904296875,911.5575250609572,891.4040186240342,905.1528117660424,879540
2022-07-19,883.0028686523438,896.0141152311553,875.7356816559136,893.6790129270419,874560
2022-07-20,894.5054931640625,896.5667506036275,876.8672668015114,891.2815232420842,1093260
2022-07-21,905.212890625,907.6152666742227,893.3835933046977,893.6838903108505,1013120
2022-07-22,912.3720092773438,916.9389286246088,905.001535768398,908.4705528070333,1264000
2022-07-25,901.2537231445312,913.3833167113372,899.0675376159509,912.371925842237,719180
2022-07-26,889.3356323242188,902.3325111775507,876.8793467739147,902.3325111775507,2789420
2022-07-27,890.892333984375,896.999214009502,881.6720425208848,890.9932736653543,899460
2022-07-28,918.303466796875,929.4793252524545,886.9572677260435,892.4827328283454,2609140
2022-07-29,930.15673828125,933.2293864949636,912.9532983559734,918.3033942702767,2276500
2022-08-01,925.1646728515625,936.9266970798524,917.9479255236195,934.1399172893719,1171340
2022-08-02,934.9470825195312,936.9746737827664,927.326752902064,931.016769585176,1124380
2022-08-03,930.4834594726562,939.1488462046973,915.3052641913147,929.2414498381037,1026500
2022-08-04,953.7432861328125,957.289195507427,931.9345094434335,932.073866022061,1765600
2022-08-05,957.1787109375,961.9113800731424,947.9319677743258,953.2628262063508,1251200
2022-08-08,944.2755737304688,960.3402322994593,939.3290601990833,956.3859306016753,1149180
2022-08-10,949.8753662109375,968.1574699351795,937.1668213938301,953.7720714627812,1444140
2022-08-11,945.5560302734375,960.1048345513848,941.1356815460967,951.3409709054873,1009220
2022-08-12,939.0046997070312,949.248464120684,932.7801644205349,946.5361721517343,978060
2022-08-16,945.7169799804688,953.9642971240047,936.100261559208,939.3290409124182,1321660
2022-08-17,948.2322998046875,953.4526585143888,945.05636555563,945.671329277977,792000
2022-08-18,939.6966552734375,948.1097813327156,935.9657580344368,947.4971636775716,978420
2022-08-19,934.0870361328125,945.0899301903798,929.7195328891745,941.7314131590605,733960
2022-08-22,934.6300048828125,943.1728684760482,929.7195621503582,932.1699740721853,795880
2022-08-23,942.9638061523438,946.0052517809988,924.9700329261966,927.3171590286249,857620
2022-08-24,945.1451416015625,947.3505063066794,930.5867784992508,942.6370751799191,675360
2022-08-25,938.2072143554688,950.6683093530124,935.1994346254313,945.1428440278033,518180
2022-08-26,938.2767944335938,944.9049122166707,933.4672330357469,938.8485317632468,559780
2022-08-29,943.9583740234375,949.3709340450355,926.6012078871867,932.121863095545,969240
2022-08-30,957.3877563476562,960.7102614668299,944.6143406070455,944.6143406070455,2195020
2022-09-01,948.1193237304688,963.352768716665,940.5109591127957,946.5361368438055,1581240
2022-09-02,939.8960571289062,953.6472558054612,938.3681200973951,949.0490750294293,624820
2022-09-05,925.380859375,940.8978279540877,923.8096959975687,936.9266931625489,994480
2022-09-06,914.9160766601562,927.7015738169932,910.2627046755409,925.4288767697421,1187400
2022-09-07,921.5177612304688,927.6557845566962,913.6235284437702,914.9159784878854,1114720
2022-09-08,918.8488159179688,926.2120753405601,913.1431725744687,922.5604753310723,1092940
2022-09-09,915.3652954101562,930.6804420757024,912.4608017749521,930.6804420757024,968680
2022-09-12,911.3749389648438,920.5880743441767,907.6224581686076,915.3797396220561,871200
2022-09-13,915.9611206054688,925.707576679687,911.4614749481685,911.4855221694138,1022920
2022-09-14,918.1280517578125,924.1628484486707,906.7023373761374,906.704742098218,1232020
2022-09-15,913.3352661132812,925.253419908821,911.8337812008995,922.2240567945819,669100
2022-09-16,884.2761840820312,913.335314642039,881.2179641421382,913.3305051979235,2323260
2022-09-19,901.623779296875,905.2153198573583,877.6984944602151,888.6989840717442,1072620
2022-09-20,894.4839477539062,909.0591452491548,892.4875590746766,903.7739176604969,1676000
2022-09-21,896.0814819335938,907.5888400699416,893.2538805525738,894.4526638885345,925980
2022-09-22,895.5241088867188,904.9750775862323,892.749411410431,896.0814765648528,1558620
2022-09-23,888.6820678710938,896.3840990492652,886.4791079489801,893.251391505071,716840
2022-09-26,886.6353759765625,907.6129419089011,883.9567499064074,888.6773957982949,2261700
2022-09-27,897.1744995117188,903.0531063367858,891.0748342193051,891.1877975008412,1386280
2022-09-28,905.260986328125,911.8939728457909,890.1139926049572,896.3265632861849,2110340
2022-09-29,911.9011840820312,919.1491343103684,902.8730355519973,909.7894860175119,1743900
2022-09-30,919.8602294921875,922.2722245849438,907.8099315692652,910.5005811870116,1619460
2022-10-03,912.5474243164062,919.8194218878863,901.8520406025218,918.548555472494,1040920
2022-10-04,925.0037841796875,929.7196206660327,915.3630176659565,924.9148681044512,745780
2022-10-06,927.3243408203125,938.1350327113586,924.3021330742089,929.3399084572254,1340720
2022-10-07,928.326171875,931.160987437075,920.955698335014,926.125616455856,792260
2022-10-10,918.6229858398438,922.7526562625501,913.1407471794151,917.7076664730386,692380
2022-10-11,886.4744262695312,923.2163543426722,884.5669536147689,922.7527121516662,1098520
2022-10-12,899.7091064453125,901.7006856590345,886.4743951130829,890.801076907672,774960
2022-10-13,901.5468139648438,909.1383453330056,893.9240798625636,902.8128707668675,605540
2022-10-14,909.4434814453125,913.5635328220027,905.6957514269806,910.9257286678122,441300
2022-10-17,909.0663452148438,915.7857842377896,902.9186435601664,905.6958044534277,348500
2022-10-18,931.5381469726562,933.5177024929128,912.4224243094314,913.863849940252,1070220
2022-10-19,948.4149169921875,953.6472995020285,925.1310464978623,931.5382238387456,2609600
2022-10-20,963.8861083984375,967.8548382918417,946.5361557492847,947.4490703709682,2257080
2022-10-21,975.1220092773438,977.7670275874774,960.1095640671631,963.8860920839091,1143860
2022-10-24,1002.9944458007812,1011.4004167339148,977.7695534413676,978.0073863476881,903960
2022-10-25,974.51904296875,1011.3426117417094,971.3767163018601,999.3884447277702,1427060
2022-10-27,967.3527221679688,983.7729858193319,956.6261366379925,983.460665204593,2029480
2022-10-28,974.5215454101562,978.8217755442664,963.360114458396,967.3528333866202,1298600
2022-10-31,984.2340087890625,989.3863744797667,973.9196602719735,980.3214275895097,1591100
2022-11-01,995.1839599609375,1002.187476259188,984.5529547488607,985.9811877949066,794120
2022-11-02,985.3916625976562,1000.5031336750269,977.428732790434,995.1864503559809,866340
2022-11-03,987.1363525390625,989.6279574786518,973.9219962351348,977.4431066114016,706560
2022-11-04,987.2259521484375,992.5281213293533,981.396905496781,987.1365068801684,377460
2022-11-07,989.8817138671875,1001.4697129832836,984.5626709947701,988.4921853077734,1354440
2022-11-09,982.131591796875,1007.3834780529954,976.5780790075154,996.4165204614629,1044900
2022-11-10,975.142578125,986.0030980893422,968.8422918088861,981.1503972949486,779820
2022-11-11,982.2572021484375,990.8363953274926,976.3411885861586,980.0193595394451,716740
2022-11-14,969.8209838867188,985.6381039311213,961.4834583154792,982.281369596284,969520
2022-11-15,969.3546142578125,975.6572603420111,959.4196408328016,974.5963663468979,786820
2022-11-16,971.4015502929688,973.6418120041131,958.2113235838972,966.2902489419508,895520
2022-11-17,966.2346801757812,973.4218669857155,960.9977659923903,972.9530463446472,555640
2022-11-18,963.0494384765625,968.8808445872442,956.0362457254162,966.4279440485186,733720
2022-11-21,955.1517944335938,959.8836022105072,950.5069538839921,959.5162630264892,996880
2022-11-22,947.98876953125,959.3858427335945,944.9220241546273,955.1518248468501,948440
2022-11-23,945.6494750976562,957.6313649474872,942.9862953456291,952.1696575248023,1034440
2022-11-24,953.883056640625,960.5989445310026,942.5439814281339,948.5446022123324,1193920
2022-11-25,943.9215698242188,958.1630146021896,939.6029446363658,957.0029991666689,1157160
2022-11-28,957.7496948242188,959.1900231141299,940.5695378072703,943.7112140640778,1060000
2022-11-29,972.5276489257812,984.7946889324927,953.6195932583107,954.5862628916187,1474460
2022-11-30,975.5557861328125,983.0547331815602,958.9556653769185,972.5276863099746,6267780
2022-12-01,969.0621948242188,983.5815927620558,963.5280343297077,975.8530731435565,1058520
2022-12-02,954.644287109375,973.3251900898208,951.1667189677469,969.0621438485762,1392340
2022-12-05,954.692626953125,959.4196558408436,945.0501205111291,955.0599661509949,1699980
2022-12-06,962.3729248046875,966.1864441631512,946.1280462478082,954.1513936137773,1362180
2022-12-07,962.3607788085938,970.495342330262,958.3684281118808,962.8030490894225,1139120
2022-12-08,957.2615356445312,971.4546577861889,953.6679129697332,961.8362831544778,812480
2022-12-09,978.354248046875,980.9255632373763,959.1392706017467,965.1229578203757,1535100
2022-12-12,990.2249755859375,991.8030117906926,973.6779567506579,978.7529721618677,1621200
2022-12-13,985.4375,997.4072937781159,982.6196792677805,993.7847606991818,982680
2022-12-14,969.7387084960938,988.4509976833758,966.9909809963037,985.2851903256588,1633600
2022-12-15,953.9990844726562,973.917294573924,949.0013596899659,969.7388553947616,791080
2022-12-16,954.0401000976562,959.9029538323048,945.8910821014155,953.3779337533842,1386420
2022-12-19,970.6160888671875,972.4696590238776,957.0005257309124,957.0029447650486,1308960
2022-12-20,973.2212524414062,974.7824144425965,959.4703416521618,973.9196452837376,933520
2022-12-21,981.8560791015625,983.489753216118,969.6735867337126,974.6447020691116,1407560
2022-12-22,981.48876953125,987.9364399527819,974.2822303497163,985.7614331133556,753760
2022-12-23,973.0858764648438,988.6613285177625,969.3303556472565,976.3362911786264,1488080
2022-12-26,961.7154541015625,978.5427274695891,959.9029485340888,975.1255762667448,667640
2022-12-27,955.8428955078125,967.5251189475622,954.3445694172754,961.8362588707915,805820
2022-12-28,959.1102294921875,961.638061037195,952.652883692464,956.5195620636155,706920
2022-12-29,957.3896484375,962.6845602243058,948.8128742967581,958.936296282784,797020
2022-12-30,947.626220703125,961.3529411654832,945.492337628494,958.9144957983966,852880
2023-01-02,945.4778442382812,952.894602932251,942.563321097264,948.1410238313667,503280
2023-01-03,953.4890747070312,955.1154916301472,941.3404494813512,947.2879103063113,628300
2023-01-04,943.4647827148438,956.9063531223278,942.5029510899521,956.0363267979104,639680
2023-01-05,955.8428955078125,961.5535268910374,943.4453459990856,944.4362059464958,1027860
2023-01-06,961.1233520507812,963.1146890814183,955.8695050961093,957.0029110502599,787720
2023-01-09,970.811767578125,974.6108310828251,961.6671107879325,963.5255189611123,722880
2023-01-10,967.8272705078125,975.8047143536277,964.4970864003245,969.7171262409761,633360
2023-01-11,954.9874267578125,970.7731586744202,953.0106038423088,970.0529945046951,650200
2023-01-12,960.5433959960938,964.2530145270017,954.1029827951386,954.987464320043,661240
2023-01-13,956.24658203125,964.2529952478322,953.3803805010485,964.2529952478322,695420
2023-01-16,953.8903198242188,958.9363071523419,952.2179411841219,958.9363071523419,485300
2023-01-17,964.0475463867188,965.0359873558451,952.7834611972128,953.9047720441206,803740
2023-01-18,958.1314697265625,968.6947423167134,955.7147957319884,964.2505048010566,727980
2023-01-19,951.256103515625,961.5946425912144,947.8993690875545,958.1315296600977,619980
2023-01-20,928.0052490234375,950.6156654684821,925.5788988507283,950.2410691926691,1440440
2023-01-23,936.0794067382812,939.6029366309145,925.6369668749628,930.4195745959415,758000
2023-01-24,932.3865966796875,939.3128218271092,925.5281044822899,937.6694717774368,754240
2023-01-25,929.7186889648438,935.2770392295585,925.5861527763975,935.2045272085481,823200
2023-01-27,928.7930908203125,937.3795407860647,919.5952152408072,930.905261576536,895540
2023-01-30,926.3546752929688,928.6626108814303,917.2728540560357,928.2928526603783,996600
2023-01-31,919.1941528320312,928.0029187370634,914.9045560071398,928.0029187370634,2350000
2023-02-01,922.6788940429688,926.89355942074,914.2398871511051,923.1694859546097,1376100
2023-02-02,916.141845703125,924.5712360737319,911.1103724512325,924.5712360737319,1418440
2023-02-03,918.5440673828125,920.9776158519232,907.2243440487151,918.5972271357745,1111560
2023-02-06,919.3753662109375,921.236193521504,906.4606736078142,918.3361845177636,1382680
2023-02-07,917.2728881835938,923.1647115963943,912.536183124246,919.4962166601065,797460
2023-02-08,918.0896606445312,921.4705853803107,913.0267401604036,915.9194920035973,465340
2023-02-09,918.3506469726562,922.4130901833385,915.9605233129599,918.2878110877494,694680
2023-02-10,919.4889526367188,921.7267953018713,912.2969278706005,918.8195291644727,527660
2023-02-13,919.6314697265625,927.9544807002031,915.9170135226826,922.9277870538159,649780
2023-02-14,922.343017578125,930.9028583140276,919.6653238094581,923.8848273252343,771780
2023-02-15,930.94873046875,932.778169212923,914.9551984050487,921.961133993765,639960
2023-02-16,948.7306518554688,956.9956652941806,925.1028249832058,939.1195344526483,3480140
2023-02-17,919.3656616210938,946.1303272231195,909.7351917522216,946.1303272231195,3768700
2023-02-20,909.78369140625,925.344631978419,907.7029087779947,919.7862808330798,1306220
2023-02-21,911.0233154296875,915.1364995384603,906.736137862832,912.5893155532646,899080
2023-02-22,902.586669921875,912.6714457535248,900.5083066919059,912.6714457535248,841600
2023-02-23,901.32275390625,909.8366916434653,896.6343709703771,901.9003130288512,985360
2023-02-24,902.9129638671875,911.037850840176,899.7278037948839,905.8299061440166,777500
2023-02-27,900.1023559570312,910.8444604387707,893.7827178395053,903.8361056091809,1032500
2023-02-28,902.3861083984375,905.0444499068421,892.2433342869246,900.4624452561252,2183640
2023-03-01,907.647216796875,909.6554871421869,897.801688834229,903.8361170059038,1278520
2023-03-02,893.287353515625,908.6694605439144,892.0814355011598,908.667041509784,781400
2023-03-03,891.7479248046875,899.7108543423709,889.6019464762225,896.5377894984017,920360
2023-03-06,894.8871459960938,896.7818396966392,890.5443897967775,895.2327138659314,1058980
2023-03-08,895.0513916015625,897.736342223515,889.2175668570882,889.5776489026147,914920
2023-03-09,895.8948974609375,897.9877749946725,890.7860743675518,894.1694181117584,1132300
2023-03-10,893.4806518554688,895.619432059614,887.1634916436717,895.619432059614,472680
2023-03-13,885.34619140625,894.1646333740383,882.5718540905976,890.7837084623199,729520
2023-03-14,882.7941284179688,891.0277537174682,880.2977441566799,886.919407687309,877580
2023-03-15,869.6813354492188,887.9393220899785,864.2027535401263,884.5028182205991,1559160
2023-03-16,891.7841186523438,894.1694042754996,868.4439206472532,869.519328806283,1660860
2023-03-17,911.47998046875,912.2944279208285,892.9586170368362,894.1162133139865,2668600
2023-03-20,915.3323364257812,917.8529112336579,901.5210072188003,913.502897436342,1512900
2023-03-21,914.8271484375,930.854547693188,909.6385561911491,917.852829150448,1955240
2023-03-22,909.62158203125,918.7711357821244,903.7732427344716,918.7711357821244,564960
2023-03-23,920.4845581054688,926.548014681053,904.326708064344,909.6216197931985,1133700
2023-03-24,916.0693969726562,923.1695575530163,912.922882399359,918.5802955418634,525980
2023-03-27,913.0678100585938,924.5132047244897,909.3968962070329,918.3361714740589,717080
2023-03-28,915.7261352539062,919.3004056765502,911.0861327968579,913.5028068891573,709620
2023-03-29,920.8953857421875,924.3777916857299,912.352419674904,914.9527632214832,972120
2023-03-31,952.3871459960938,954.6781484997001,925.8279191869669,925.8279191869669,2968880
2023-04-03,952.4330444335938,956.5196191406583,936.9952994351451,956.2296300456837,1274800
2023-04-05,958.0686645507812,960.5313002708158,947.3845579184538,950.1879234423456,943020
2023-04-06,952.5682983398438,958.9362580286477,947.577890053006,956.7612513950141,819560
2023-04-10,943.9625854492188,952.964696527533,942.5512265257685,952.1696013035701,448280
2023-04-11,950.9419555664062,951.9279775307878,941.2946109374,949.6563273588982,882520
2023-04-12,939.6173706054688,951.9278938694147,935.9754263470762,951.9278938694147,1137640
2023-04-13,940.8282470703125,951.2030134174588,938.4550563651796,942.5029858557137,923020
2023-04-17,978.4822998046875,986.4863526226028,942.6067851357639,946.852897985144,3887020
2023-04-18,998.6301879882812,1000.5031104777021,976.3363686787238,976.3363686787238,2797200
2023-04-19,996.5736083984375,998.7461370239201,985.4230412122454,998.5625264356169,1797480
2023-04-20,989.5362548828125,1001.5036299423418,985.0363793144157,995.4280781148377,1044260
2023-04-21,995.6445922851562,1000.023620667009,990.3279715299268,994.4909243610217,886100
2023-04-24,1004.9929809570312,1005.9499040016708,990.9911178870761,995.8438052168084,1157360
2023-04-25,1003.822265625,1016.6170928965628,986.47111413342,1005.9498152477775,3369280
2023-04-26,1021.3604125976562,1024.408477205859,994.4617345891692,1000.6064867333378,2497880
2023-04-27,1027.2406005859375,1029.7981669206886,1020.0878111992092,1023.3035660324242,2044640
2023-04-28,1057.07080078125,1061.3551929544683,1026.400283211845,1028.923813564598,3330320
2023-05-02,1056.3154296875,1073.4698376209797,1052.752436034175,1058.94581176814,1783400
2023-05-03,1062.623046875,1066.0305658535617,1048.1815609147673,1056.2741961278696,1140260
2023-05-04,1053.78466796875,1068.4156643108345,1051.0692550448716,1062.7759970358625,1270680
2023-05-05,1069.6251220703125,1072.483794578008,1056.5121108062224,1058.9433758997823,1101520
2023-05-08,1067.8472900390625,1083.2336027108709,1057.0222830299444,1071.089728241018,1513120
2023-05-09,1067.2691650390625,1075.701922821712,1061.214187130998,1068.6608481726414,865740
2023-05-10,1071.08984375,1074.9710217054198,1067.1794920305006,1067.2693851734775,1208820
2023-05-11,1069.62255859375,1080.0760134644447,1066.2465857781478,1073.4696994283352,1378740
2023-05-12,1058.66162109375,1072.0319783746727,1056.0312391199438,1069.5837545032905,1339220
2023-05-15,1058.294921875,1069.6276237204797,1056.5778206818156,1059.9173862319278,1451400
2023-05-16,1057.9937744140625,1068.1265566820096,1055.0597954188493,1062.5889974579802,1545140
2023-05-17,1055.6669921875,1063.3807242132505,1049.230738812838,1057.9937774766154,1335760
2023-05-18,1053.0972900390625,1066.2321229568047,1051.6691989379442,1061.374573421694,1023500
2023-05-19,1053.6097412109375,1058.9458116213066,1044.6695255435059,1058.9458116213066,1464400
2023-05-22,1044.12060546875,1054.0396842159269,1040.5891572749022,1054.0396842159269,1021900
2023-05-23,1039.6953125,1049.7163795506672,1037.67449613854,1041.9443008496905,1109180
2023-05-24,1038.5732421875,1044.2760004762376,1033.4436415257605,1039.695364568352,887280
2023-05-25,1043.15380859375,1050.7849992672038,1035.1849850514063,1044.3730581634923,1630040
2023-05-26,1048.3443603515625,1050.6394816575391,1038.0584741204214,1043.6422849802677,1263180
2023-05-29,1055.5189208984375,1061.3746641577109,1046.9040038807289,1055.300354869176,1068740
2023-05-30,1047.9896240234375,1055.4775555718875,1044.9098949391534,1053.1167343280642,939620
2023-05-31,1052.781494140625,1061.7800563403116,1045.1016806119696,1048.259087502036,8495880
2023-06-01,1062.5550537109375,1065.0154929793987,1047.9095875221235,1058.2659175937915,1197320
2023-06-02,1070.9173583984375,1073.2756894733309,1059.9174267620765,1068.6610169003523,1164960
2023-06-05,1060.6046142578125,1074.9610679376315,1058.4599872775814,1068.6147082705174,1630180
2023-06-06,1054.3505859375,1065.3359295734012,1050.083152730536,1062.5477008570572,1570460
2023-06-07,1086.5245361328125,1089.2934343627107,1056.5122077133083,1056.5122077133083,3136240
2023-06-08,1075.8936767578125,1096.7155569343336,1072.9088218401826,1091.0055646988835,1458580
2023-06-09,1072.2286376953125,1082.2619194063677,1070.6475624169916,1073.5620918229333,1418300
2023-06-12,1082.71630859375,1085.613761160364,1070.07695448256,1071.089734644597,1247040
2023-06-13,1092.589111328125,1101.5950264803694,1082.861916534638,1085.6136185267046,1666940
2023-06-14,1104.0601806640625,1105.141032765632,1092.9485372025038,1094.1629244660621,1447540
2023-06-15,1115.5946044921875,1117.2363993198226,1099.3849046785167,1104.060296132192,1475140
2023-06-16,1115.7086181640625,1125.7491345087249,1111.2761044758586,1115.594532168556,1470820
2023-06-19,1107.2711181640625,1124.5226521567251,1105.638929434223,1118.4507155900042,866620
2023-06-20,1115.0771484375,1117.2339905020913,1103.635224028095,1107.2711519358484,1377540
2023-06-21,1111.9708251953125,1120.6221498347609,1105.821209853591,1115.1040396843355,1292840
2023-06-22,1094.5467529296875,1111.929450529277,1092.5940086098865,1107.5212482268767,998060
2023-06-23,1094.73876953125,1098.7754219840692,1090.697254784801,1094.5468868216706,870300
2023-06-26,1099.3023681640625,1102.6637545234,1093.1915328435734,1093.9225371308637,700300
2023-06-27,1099.6156005859375,1110.921498879772,1093.1963066430949,1099.3289624906495,882660
2023-06-28,1104.8057861328125,1107.5211987827802,1096.8345907243497,1101.2063849300712,1112480
2023-06-30,1112.1019287109375,1114.6254588973827,1099.020581034081,1105.0925179458716,737240
2023-07-03,1099.38720703125,1114.8075540662583,1096.9803720182106,1114.8075540662583,1105380
2023-07-04,1098.974365234375,1109.7071058749336,1094.1872600234183,1104.9953069070766,602980
2023-07-05,1112.3739013671875,1114.5160378650373,1096.834606263951,1097.126106652132,777760
2023-07-06,1122.0672607421875,1136.2999046169343,1112.6217224530692,1114.0789873154831,1807340
2023-07-07,1112.6800537109375,1129.227267519618,1109.9500539841704,1124.767951719188,1129280
2023-07-10,1096.8468017578125,1119.2960100429705,1095.3774404332637,1110.8729762999458,727760
2023-07-11,1110.0618896484375,1115.2862463438394,1095.3921123605228,1098.2920554806885,1370520
2023-07-12,1120.1533203125,1122.0939683206507,1108.347079102807,1114.2732659529227,961800
2023-07-13,1108.529052734375,1123.140597588745,1106.3966409751838,1120.1531338978612,864320
2023-07-14,1123.9423828125,1126.9516684261257,1107.5214672463649,1108.5293852140576,909140
2023-07-17,1120.6729736328125,1136.4405588728825,1115.0503843264482,1126.9513794978698,835900
2023-07-18,1116.1263427734375,1126.4655929416122,1108.5169734263084,1126.4655929416122,651680
2023-07-19,1114.367919921875,1118.4507042590772,1107.5940343507636,1114.8075423559533,557620
2023-07-20,1117.62255859375,1121.34102708807,1105.1411701340721,1114.370514484318,755840
2023-07-21,1116.3885498046875,1128.5033669134245,1113.0004805963324,1117.9625094999267,736860
2023-07-24,1108.4976806640625,1119.5972289335732,1103.0401715094733,1116.2721318720037,841620
2023-07-25,1106.2049560546875,1124.0370020519351,1101.4614923546135,1124.0370020519351,1251520
2023-07-26,1107.5164794921875,1112.3788915303069,1102.760919317348,1107.079347452176,689240
2023-07-27,1084.4625244140625,1112.3788474595992,1072.3550584366371,1110.3969292926854,3587480
2023-07-28,1092.0208740234375,1099.3533306671354,1077.7590566963831,1084.4624986376245,1344220
2023-07-31,1095.537841796875,1100.4293091696043,1089.5338579274292,1100.235054610216,972180
2023-08-01,1097.500244140625,1102.1780074948294,1089.3055010168157,1098.2094274095161,1300380
2023-08-02,1111.5189208984375,1114.2318430292971,1093.4634492871812,1102.1778636961608,2093220
2023-08-03,1091.773193359375,1111.7935085475588,1088.1858881624305,1111.7935085475588,899420
2023-08-04,1090.738525390625,1102.6079771076277,1088.6740666702287,1092.751989324155,820200
2023-08-07,1090.9715576171875,1095.4550662195297,1075.9471905505281,1090.7384047337246,824920
2023-08-08,1079.796875,1092.8976721228848,1073.5184683838213,1091.4914020173967,1160640
2023-08-09,1079.269775390625,1085.9658644013284,1076.5592249340668,1082.2619830634205,745700
2023-08-10,1068.1630859375,1080.5401131244544,1063.560510145329,1076.5787671005976,1411580
2023-08-11,1061.00537109375,1069.1466286755249,1056.5170001677723,1068.1630223537543,767260
2023-08-14,1063.779052734375,1070.6039336524327,1054.537612041738,1061.0953040128395,815760
2023-08-16,1066.130126953125,1074.9757056283413,1058.2341185633763,1074.9757056283413,578600
2023-08-17,1052.5069580078125,1070.0354029388238,1049.3470610145864,1063.803130212683,1399840
2023-08-18,1060.403076171875,1062.8318509684207,1041.9443877181272,1052.507186232714,1313340
2023-08-21,1070.3294677734375,1077.215067786334,1055.8053238699663,1060.4030370836551,741920
2023-08-22,1069.9215087890625,1073.1518506607501,1064.097311143758,1070.3295856780994,810440
2023-08-23,1077.557373046875,1081.7664583103124,1066.2320257999534,1073.5183494386774,1227560
2023-08-24,1080.5570068359375,1082.747766369376,1075.621779315554,1082.4077616282746,920400
2023-08-25,1077.8172607421875,1082.283691468142,1074.0647568647871,1077.8900765370402,839280
2023-08-28,1070.3343505859375,1079.0828019920302,1068.6608915748166,1077.9630514440178,830140
2023-08-29,1071.72119140625,1077.3947761301786,1066.2321366426156,1072.0830171831508,1048560
2023-08-30,1078.30322265625,1082.2620782433357,1069.1539281356077,1071.7212190633302,1296640
2023-08-31,1068.000244140625,1082.6991941262406,1052.6333810780884,1080.8047971996182,4661300
2023-09-01,1064.5587158203125,1073.9896676771768,1061.8603801279526,1071.089724694481,716980
2023-09-04,1055.9437255859375,1067.686873741276,1050.8092632053779,1067.456092732093,1481820
2023-09-05,1066.4482421875,1068.5928691313711,1056.7380060927635,1056.7380060927635,1246260
2023-09-06,1068.860107421875,1073.5185405240657,1057.7120539887846,1066.4484097673817,1125840
2023-09-07,1063.62353515625,1072.7946501157737,1060.0314864705788,1067.6068205487795,823180
2023-09-08,1062.9896240234375,1067.6577810399415,1060.403002762686,1066.0378073375955,609540
2023-09-11,1074.8323974609375,1078.3735698659696,1062.5112284381373,1064.2890487838786,939540
2023-09-12,1084.0955810546875,1087.8480850476133,1069.491388629656,1075.1844217558935,987580
2023-09-13,1077.394775390625,1096.3076731975605,1075.9496069493646,1082.0458554084971,1016500
2023-09-14,1091.865478515625,1093.4344576102226,1076.2872831348805,1079.8333181997002,1621120
2023-09-15,1098.8892822265625,1102.7122301593006,1084.1539265205645,1092.9485093719102,2322820
2023-09-18,1108.4637451171875,1109.4644288874106,1090.6486566309732,1098.777818801805,1150640
2023-09-20,1101.704345703125,1108.8110024359457,1095.671307049607,1095.671307049607,1149000
2023-09-21,1094.5760498046875,1101.2041861043056,1085.6623983365914,1100.7184311162357,923660
2023-09-22,1094.5274658203125,1099.7469602772865,1087.1197019886206,1093.9202720636165,766020
2023-09-25,1099.6883544921875,1103.0862668810792,1090.5683538454425,1096.3487896146507,688540
2023-09-26,1117.505859375,1120.2917159785281,1097.6142194292172,1102.6636512313978,1320020
2023-09-27,1111.0673828125,1117.5060081093936,1104.6772618578009,1117.4793247915604,833060
2023-09-28,1094.8162841796875,1112.7649047673729,1090.4129442890999,1112.3787675553137,1039620
2023-09-29,1093.2838134765625,1102.9066477933306,1089.5483862587275,1095.423578328026,904580
2023-10-03,1083.9742431640625,1097.5486981446932,1081.0548512360317,1093.283755547798,1000260
2023-10-04,1116.5660400390625,1134.6651546537878,1095.4259762646764,1107.7664757442794,4269760
2023-10-05,1113.2872314453125,1122.4436409103096,1106.3068760319572,1117.4792396537948,1360000
2023-10-06,1112.9739990234375,1120.5201599277218,1108.2451221228964,1116.7483246970833,776240
2023-10-09,1111.4971923828125,1116.3037469865371,1107.5212597490975,1108.1066323995783,475100
2023-10-10,1115.6844482421875,1118.0622283878251,1108.7527150994188,1115.2934486840745,793260
2023-10-11,1127.0511474609375,1130.5412067880347,1113.83614556019,1115.6844100140556,1346760
2023-10-12,1120.8865966796875,1131.8088471124565,1115.3927992302251,1128.068558331915,1084440
2023-10-13,1144.164306640625,1146.3745155120685,1115.0700027059145,1120.8819851264595,1815820
2023-10-16,1122.50927734375,1143.9529397073213,1116.024401140248,1143.9529397073213,1732160
2023-10-17,1133.0379638671875,1134.8303711010558,1123.5511558300502,1123.5511558300502,763320
2023-10-18,1130.00927734375,1138.956964196409,1126.951487872598,1133.0380116481153,713420
2023-10-19,1172.2408447265625,1176.838439216458,1122.1181940668348,1129.7153489527507,5848240
2023-10-20,1179.3983154296875,1202.0005052556746,1165.899167725424,1170.666942219876,4158680
2023-10-23,1175.4176025390625,1198.597932440807,1172.0464917462384,1180.3844941954708,1584600
2023-10-25,1178.5726318359375,1191.5422648401845,1173.2487767402774,1179.4129783833812,2227000
2023-10-26,1143.7392578125,1178.4707383857476,1137.6867698230706,1178.4415646251591,2538800
2023-10-27,1168.5782470703125,1176.8870757141585,1138.6265219940974,1143.9771789943693,2608740
2023-10-30,1174.1522216796875,1177.9557207813405,1159.256527580036,1170.6693967352703,1452280
2023-10-31,1177.2174072265625,1181.841803879163,1171.7405675535256,1180.38453901618,1032780
2023-11-01,1166.3660888671875,1182.3596020192736,1161.8369671775893,1182.3572163876224,1273800
2023-11-02,1178.0479736328125,1179.904591533009,1161.4999197997158,1172.1069156337708,2141360
2023-11-03,1172.539306640625,1182.3572547375582,1171.454679175276,1179.567496994285,954280
2023-11-06,1186.732421875,1191.6645958535014,1175.453632963269,1179.916672494566,1485520
2023-11-07,1190.6385498046875,1196.0373533811266,1178.4509544041734,1186.607786665229,1059300
2023-11-08,1186.341552734375,1192.7492399252749,1183.336730454996,1190.616604558159,726100
2023-11-09,1183.6640625,1192.8615065366007,1181.9833851752992,1189.6857540104947,844460
2023-11-10,1179.2889404296875,1184.7756546835287,1175.3045777134594,1183.664188893336,566340
2023-11-13,1176.7802734375,1187.1454867614316,1174.1492791536243,1187.1454867614316,570560
2023-11-15,1181.08935546875,1184.7511807189558,1172.9765380295014,1184.55579748954,1533940
2023-11-16,1176.635986328125,1185.899393964492,1174.8331645020105,1182.11530506601,1388360
2023-11-17,1190.81201171875,1196.2767781303332,1175.741857329135,1177.4714402725137,1401020
2023-11-20,1187.3675537109375,1192.3143996431675,1180.696134609143,1190.9097396871023,1082300
2023-11-21,1190.83154296875,1193.098608663099,1181.392195198451,1187.4872453326109,906580
2023-11-22,1189.7274169921875,1197.991722367554,1185.288710629562,1190.6654473811934,736420
2023-11-23,1191.80126953125,1201.406656035087,1189.7418733288737,1192.8150435436446,736280
2023-11-24,1179.37451171875,1195.6880580565335,1177.864764663602,1194.5717016775234,808240
2023-11-28,1183.26611328125,1185.2887712313554,1166.876703302927,1179.3281508135506,1753940
2023-11-29,1175.883544921875,1188.9529891211728,1173.1255162202817,1183.3832550068146,1254300
2023-11-30,1184.1236572265625,1189.2073200171503,1170.8929414253473,1176.4945249516804,2944060
2023-12-01,1189.12890625,1190.4186979535045,1180.2269220797846,1189.1948689626643,1273000
2023-12-04,1192.265625,1198.7246036596682,1179.3598344025474,1191.5913261881456,1987840
2023-12-05,1202.3349609375,1205.5083278132263,1192.2654494010742,1194.6204254282682,1343740
2023-12-06,1219.9044189453125,1226.1776758556473,1206.8837608399876,1208.193114755122,1592160
2023-12-07,1220.234130859375,1229.7516083484427,1212.321706348035,1219.9044365646039,1201700
2023-12-08,1211.1636962890625,1230.0277203782257,1209.539200446142,1221.1990942078942,1401520
2023-12-11,1223.5662841796875,1227.3063582755635,1203.8057389733376,1215.5805013493639,1078740
2023-12-12,1218.861328125,1233.2058928114673,1211.7818468538453,1223.566270910453,1282460
2023-12-13,1223.612548828125,1225.3519127065936,1212.893191106108,1219.4108554651395,891440
2023-12-14,1211.3446044921875,1228.4789274783382,1209.2339167929829,1228.4789274783382,2094520
2023-12-15,1190.487060546875,1219.105574222589,1183.3343406332183,1214.1170992870593,3190820
2023-12-18,1189.8935546875,1200.9525081311158,1187.1940931731226,1194.571659107648,1326480
2023-12-19,1245.3690185546875,1255.8881034254703,1197.5471238303544,1200.4247919958168,7057320
2023-12-20,1226.21923828125,1259.4767337225496,1224.1403987978974,1255.350664376173,2889760
2023-12-21,1227.103515625,1233.560108199844,1216.933806786003,1226.2191620003275,2212760
2023-12-22,1239.4449462890625,1241.4726137838531,1226.3291021379537,1233.1691847793606,1776560
2023-12-26,1248.9039306640625,1250.7580435780885,1239.2764755999303,1245.1883093779127,1235700
2023-12-27,1256.642822265625,1258.9635645493213,1249.8052446582892,1250.7579465815975,1428320
2023-12-28,1282.5108642578125,1288.5740672277168,1259.3181079504552,1263.9425362705792,3155440
2023-12-29,1298.6533203125,1302.0586902655582,1277.4172619968735,1282.5155954773322,2068160
2024-01-01,1337.353515625,1340.9127588244455,1301.5701138137854,1302.0586911838357,2632200
2024-01-02,1330.0615234375,1353.017384497474,1320.3339905834127,1343.5878170523886,2831540
2024-01-03,1301.3355712890625,1339.5471872899845,1298.2966344427095,1336.0147825418628,2026920
2024-01-04,1324.8458251953125,1326.4898831972753,1302.158826733488,1311.8814682295333,2647800
2024-01-05,1302.74267578125,1345.5421018984991,1291.041271409365,1345.5421018984991,5154128
2024-01-08,1279.7308349609375,1313.7846566106668,1275.6756185981594,1310.8531921481663,2064756
2024-01-09,1266.6856689453125,1289.9907843826786,1263.9251353845564,1289.844187323258,1626054
2024-01-10,1259.6015625,1281.2454479540784,1255.8638734654148,1265.4155864005504,2052936
2024-01-11,1249.3900146484375,1265.390923361495,1245.9211869238698,1260.529602433234,1551334
2024-01-12,1245.6767578125,1250.7334614041847,1236.1005948198447,1249.3898738011196,2214110
2024-01-15,1244.6754150390625,1258.6486575121562,1236.41838517253,1252.712489643993,1787668
2024-01-16,1241.9881591796875,1249.2434617416734,1236.760405042669,1249.2434617416734,1386740
2024-01-17,1242.5010986328125,1249.3655149315982,1233.8531841672886,1241.988068562244,1603238
2024-01-18,1222.420654296875,1245.8723694872226,1219.5624287954147,1238.543708490239,1269820
2024-01-19,1228.3568115234375,1232.1432863396099,1221.2968920128278,1226.3292630441879,1882782
2024-01-23,1203.3173828125,1220.564191068325,1195.0604714216977,1211.6721051209363,1381076
2024-01-24,1228.259033203125,1230.9217559650683,1199.4574216197334,1210.6457954774028,1318076
2024-01-25,1212.7222900390625,1235.123610513583,1205.6623707893982,1233.6823311060493,1571546
2024-01-29,1220.735107421875,1223.88640784924,1210.0108571655028,1212.7223663564207,1265438
2024-01-30,1217.559326171875,1236.66263082753,1215.5805638575089,1227.306421386681,1336068
2024-01-31,1224.374755859375,1227.1840754308798,1212.5023032052225,1225.8404878097253,1432188
2024-02-01,1205.7113037109375,1226.7689175953167,1203.219511315889,1226.3292456581146,1641132
2024-02-02,1212.355712890625,1219.48898946793,1203.3903906467733,1205.8088245219758,1508122
2024-02-05,1203.219482421875,1223.8863293242666,1200.2880181600206,1223.8863293242666,1065954
2024-02-06,1200.263671875,1210.6703947837755,1194.9382257063348,1203.048658596005,1540366
2024-02-07,1221.248046875,1227.0865226146145,1195.4022323248964,1206.7861089498497,3094808
2024-02-08,1183.847412109375,1228.2102608572036,1177.0317817009716,1223.373273358452,3308894
2024-02-09,1197.0633544921875,1204.7827808199659,1182.3815819853173,1193.5211688776608,1677638
2024-02-12,1201.436279296875,1205.7845704441318,1191.7868756471114,1201.7782596205482,890538
2024-02-13,1200.605712890625,1210.0108277723782,1194.547281605632,1208.7404788289596,621970
2024-02-14,1215.0919189453125,1220.148742436428,1189.7103484352406,1197.0145562589528,1018616
2024-02-15,1202.132568359375,1222.4412375403506,1194.5137222939377,1222.4412375403506,1680952
2024-02-16,1218.840087890625,1220.2365115893808,1199.7073846382173,1203.8474926249946,1493232
2024-02-19,1231.3829345703125,1237.38490053012,1215.7777752275076,1222.4412301812115,955040
2024-02-20,1244.1953125,1245.3712797048568,1223.470251172212,1234.2002491591984,1262888
2024-02-21,1246.2532958984375,1249.8789258446395,1233.7838083328852,1244.195383077769,1786364
2024-02-22,1255.831787109375,1257.2036890494849,1237.1399969824727,1254.2884721881703,1504742
2024-02-23,1263.5975341796875,1265.5573597464647,1250.3441898607039,1256.7381446959669,1211238
2024-02-26,1265.99853515625,1268.0074046260393,1257.5958291436964,1268.0074046260393,1323894
2024-02-27,1273.249755859375,1274.5971360473163,1257.5956717813096,1266.5373766649209,1261744
2024-02-28,1259.62890625,1276.336467938653,1254.4109182494958,1274.3766422681138,985574
2024-02-29,1272.0247802734375,1276.9243442677257,1247.9434710888158,1259.8983593875744,2774576
2024-03-01,1274.5970458984375,1281.995435345355,1265.312396092774,1272.0247748124793,1511456
2024-03-04,1268.5462646484375,1274.4257419191545,1262.8136786148714,1271.3879163013337,1268620
2024-03-05,1243.8277587890625,1271.5348169495282,1240.5695965979087,1268.9870676100252,678604
2024-03-06,1241.0841064453125,1257.5956135143285,1228.933163571565,1244.489279566142,1983280
2024-03-07,1254.75390625,1257.228210166382,1234.200257758814,1239.5897785350533,1297304
2024-03-11,1279.521240234375,1289.075390793276,1248.6785063281407,1254.7539183234155,2990598
2024-03-12,1269.060546875,1281.2605332488135,1257.3751582733441,1276.8509255610345,1726470
2024-03-13,1265.5330810546875,1300.1729806765773,1250.7854626032956,1271.4125588842003,3627604
2024-03-14,1280.1336669921875,1283.661329376961,1261.0988117723234,1268.9871581704203,2245994
2024-03-15,1275.6749267578125,1288.5362821947508,1266.6352551457883,1282.1913707695135,2533984
2024-03-18,1264.259033203125,1279.1781815251313,1253.6759272111171,1275.6749215257198,1285192
2024-03-19,1222.955810546875,1266.41492336867,1209.285953937151,1264.08763025096,3497728
2024-03-20,1249.5113525390625,1251.8386455199704,1223.9356514935796,1231.750432421607,1399290
2024-03-21,1251.1771240234375,1255.292829590614,1237.2133665005522,1249.8787873993165,1807754
2024-03-22,1260.8538818359375,1269.9671196623053,1243.0195148855203,1244.587351603424,2027126
2024-03-26,1267.076416015625,1272.1719152194548,1240.6431699932232,1258.2081564735452,1941704
2024-03-27,1257.4486083984375,1269.2566057631554,1250.2462730728805,1267.076323655585,1801192
2024-03-28,1284.83740234375,1292.8481188909004,1257.7427855153892,1257.7427855153892,4365832
2024-04-01,1266.83154296875,1294.7590627792088,1265.3126300089382,1284.8374438991773,1486064
2024-04-02,1285.3028564453125,1288.5855409339215,1265.5575864001212,1272.416977112317,1445766
2024-04-03,1251.3243408203125,1285.6212947669746,1246.9392542036458,1285.3028708990687,3850278
2024-04-04,1249.19287109375,1259.1879336928796,1231.7994190913776,1259.0899663376451,2782752
2024-04-05,1243.337890625,1262.1277676214863,1241.549597497223,1261.6378111899562,1532454
2024-04-08,1223.935546875,1248.0413766088843,1221.3877976478545,1240.0795855126453,2436980
2024-04-09,1226.262939453125,1235.768046057342,1223.4211683223157,1227.8307760575583,867882
2024-04-10,1238.4140625,1241.0597796784523,1221.9759984625605,1231.7506064396482,989760
2024-04-12,1242.62744140625,1253.7984716423082,1232.828313062035,1241.892506780434,2479930
2024-04-15,1251.1771240234375,1262.6176539114224,1229.790574822534,1229.790574822534,2293646
2024-04-16,1247.47802734375,1265.8757943136447,1245.616169115834,1249.4622550523702,1537722
2024-04-18,1206.5421142578125,1245.78754874491,1181.088904097746,1244.5382556635107,6077666
2024-04-19,1194.3668212890625,1210.853927699814,1180.7950514676331,1190.5941805254556,3702024
2024-04-22,1204.65576171875,1216.0717696198974,1189.540678738387,1193.778753698179,2504706
2024-04-23,1225.5035400390625,1229.7906588697838,1188.6097963493148,1199.9033161641835,2248818
2024-04-24,1224.9644775390625,1242.431495425264,1219.134044074408,1232.264899860291,1447036
2024-04-25,1255.5867919921875,1263.0586275169576,1210.8048223336593,1234.6656764464847,6481728
2024-04-26,1216.4393310546875,1265.4594959800618,1210.706864726266,1261.6132901431138,2643128
2024-04-29,1229.692626953125,1236.8459187984822,1219.9914660703582,1225.8709430152758,1243124
2024-04-30,1228.5167236328125,1243.3135037410448,1225.160593806647,1233.563298863097,1625278
2024-05-02,1230.9176025390625,1244.9793286079496,1227.3408965615558,1228.5167441840063,2223826
2024-05-03,1203.3819580078125,1236.1845149584105,1193.6562756518617,1232.2893855146199,2257460
2024-05-06,1204.018798828125,1215.0673394737316,1198.898778417213,1212.3480575542105,1431992
2024-05-07,1229.129150390625,1238.7813877571703,1205.0723614462684,1209.7024257865608,2146918
2024-05-08,1243.999267578125,1248.408875064617,1217.8600464636718,1226.091337695442,1398140
2024-05-09,1231.48095703125,1249.3398448646658,1225.870979867978,1243.9993676597903,1404310
2024-05-10,1241.1575927734375,1248.898928217624,1226.5813891192695,1231.4809533727714,1394832
2024-05-13,1232.852783203125,1245.4201169312444,1227.8552518804097,1240.9370637487193,680762
2024-05-14,1218.6932373046875,1234.1757895258638,1216.0719224207332,1227.8799208443284,1113494
2024-05-15,1207.7425537109375,1224.4010716931573,1205.2927716547288,1219.011551169498,868812
2024-05-16,1209.384033203125,1215.067456167563,1185.8416022073993,1210.1924134862827,1944988
2024-05-17,1198.1884765625,1209.384029087565,1192.4560101259904,1209.384029087565,1442356
2024-05-21,1205.684814453125,1219.7955836495555,1191.5740452566943,1208.2325639815,2574902
2024-05-22,1209.7757568359375,1218.7665043231723,1206.223573054493,1211.172180376636,1574654
2024-05-23,1212.2255859375,1218.7665517610906,1203.112468617902,1215.5818351434234,1563326
2024-05-24,1209.090087890625,1217.541837061373,1204.3375340197153,1213.5976635247014,907544
2024-05-27,1205.24365234375,1214.601867057043,1202.8429139270029,1213.6219542962062,1071662
2024-05-28,1201.2261962890625,1209.040977689221,1198.4334684669032,1205.8562607860997,1043344
2024-05-29,1213.22998046875,1223.421097232787,1197.9433651318238,1199.266223451876,1739200
2024-05-30,1178.2471923828125,1211.7112389302845,1176.1648776514621,1207.7670659272503,2548428
2024-05-31,1153.7982177734375,1188.438229124497,1148.9476975160874,1188.438229124497,5065946
2024-06-03,1153.8719482421875,1170.481423859093,1151.3976442744538,1163.5485880185365,2145030
2024-06-04,1189.4918212890625,1194.5138751118257,1140.3491633729063,1158.2325745466478,3117062
2024-06-05,1229.71728515625,1261.1724663784134,1190.5942134632435,1190.5942134632435,4057558
2024-06-06,1210.8782958984375,1233.71031381071,1201.691612664144,1233.71031381071,1944280
2024-06-07,1226.0914306640625,1232.8528532463547,1208.7224993378072,1213.3525636260474,2022404
2024-06-10,1248.5069580078125,1256.7382500016527,1228.3452986474915,1229.7906462004476,1590348
2024-06-11,1245.444580078125,1261.6376621509366,1241.5494508312518,1254.2883165461737,1138822
2024-06-12,1243.1663818359375,1251.7160969835697,1235.1800686938366,1246.4490657505437,960816
2024-06-13,1250.2462158203125,1280.9664574916185,1247.0124558051186,1271.0203188697585,2162544
2024-06-14,1245.714111328125,1256.54219530536,1241.5985255332823,1256.54219530536,858944
2024-06-18,1249.5604248046875,1251.8386743490526,1241.5495893544028,1248.8989357791525,519108
2024-06-19,1237.654541015625,1254.0926041896655,1233.6369219630312,1249.3889743213804,1568614
2024-06-20,1244.366943359375,1249.9523992641246,1224.8911736975833,1237.1400854345593,1314826
2024-06-21,1224.10693359375,1248.4088171276812,1219.2564134310182,1240.8635369593756,2543088
2024-06-24,1239.6141357421875,1240.569526738418,1217.2965992028435,1224.1069448870048,1448402
2024-06-25,1232.4609375,1243.656490314028,1227.3409164826396,1242.03961009321,625460
2024-06-26,1241.6719970703125,1247.918941121865,1228.5411417284954,1235.9640529018848,958712
2024-06-27,1241.4271240234375,1251.348741886871,1228.835267498191,1240.1777111836473,1732622
2024-06-28,1250.197265625,1261.000828733912,1238.7568548573765,1241.4270934534354,2364066
2024-07-01,1258.257080078125,1269.5260772905813,1252.8185161848087,1254.1904180299775,1849028
2024-07-02,1246.669677734375,1268.007305268715,1241.1331458704046,1266.7333706386776,1162200
2024-07-03,1250.123779296875,1258.9675164152402,1244.832226148685,1249.4378881706295,631912
2024-07-04,1247.012451171875,1256.7381333061676,1245.493658142343,1254.2883513698982,627352
2024-07-05,1261.22119140625,1263.8915494219852,1240.8145556434647,1249.6828141352487,1583026
2024-07-08,1275.552490234375,1283.6858146170412,1254.9988424316216,1261.2212650139365,1448552
2024-07-09,1290.104248046875,1293.5339428558063,1270.7509701964768,1287.2624769958222,1665146
2024-07-10,1281.9464111328125,1298.3599506899955,1272.9312611337843,1292.455952089804,1069980
2024-07-11,1270.554931640625,1289.3693294541824,1256.101217623524,1283.6857872815085,2107598
2024-07-12,1278.29638671875,1283.6124620846106,1266.953942671641,1276.3365609054595,1451786
2024-07-15,1276.385498046875,1283.440822539546,1272.416803258332,1278.3208019525907,695922
2024-07-16,1283.004150390625,1288.687715882199,1264.1820325547824,1281.6755543355125,1514138
2024-07-18,1292.72265625,1296.5854237265537,1267.10979158111,1267.10979158111,1733594
2024-07-19,1278.3538818359375,1301.8015155870887,1272.7440810529952,1296.5608960399527,1077872
2024-07-22,1273.1624755859375,1294.174331387512,1262.3366826998063,1278.353959383749,1490342
2024-07-23,1270.3328857421875,1282.6102938388008,1254.8076920348904,1277.738735559847,1936998
2024-07-24,1250.5758056640625,1270.062280022218,1239.4055802701282,1270.062280022218,2622088
2024-07-25,1220.6817626953125,1258.079951725208,1210.2496603091238,1252.2488588073934,6938362
2024-07-26,1218.8365478515625,1226.5623230583747,1206.3377265390302,1226.5623230583747,3239386
2024-07-29,1215.5888671875,1223.7819755260691,1210.0283226048043,1222.1335747003338,1605802
2024-07-30,1209.3638916015625,1220.5587442564088,1206.0915981111275,1215.6134219405167,3429516
2024-07-31,1208.724365234375,1218.8857995211313,1206.5837627879748,1215.4412292358475,1644722
2024-08-01,1222.3304443359375,1226.4147448077942,1208.7244389342945,1212.9808958486658,2653524
2024-08-02,1227.79248046875,1237.0927718683006,1212.9807806902788,1220.362002479469,2310948
2024-08-05,1235.5673828125,1244.4248497588587,1217.9263332265862,1224.2987645855774,2651820
2024-08-06,1234.3863525390625,1243.9819410878015,1230.6957415587783,1237.0435443900367,1898862
2024-08-07,1241.423095703125,1244.4493485404819,1235.2474495298686,1239.3317495581189,1299940
2024-08-08,1224.840087890625,1242.505765371168,1219.377935283071,1239.3318637801117,2850012
2024-08-09,1232.516357421875,1236.0593197586702,1225.381176549509,1233.4513842391168,540012
2024-08-12,1216.9666748046875,1235.0998040469894,1214.6292879311031,1231.0893883081942,950040
2024-08-13,1222.6748046875,1226.2670234465204,1217.1635162499874,1217.4095569850288,623692
2024-08-14,1217.704833984375,1226.2423752682807,1210.815693516011,1223.7573398576342,1123752
2024-08-16,1242.72705078125,1246.6637023080946,1216.1055169132069,1225.2827877303348,1719668
2024-08-19,1231.753662109375,1252.839400786236,1230.4743223919172,1244.9660974034473,955402
2024-08-20,1239.3072509765625,1242.9978622063913,1229.7362898812896,1235.419855202643,969464
2024-08-21,1255.6688232421875,1257.2680879332963,1240.8571237404738,1244.916795648673,1249546
2024-08-22,1255.2998046875,1262.2135732291679,1252.347315926965,1262.1889451287484,1269810
2024-08-23,1244.5723876953125,1255.4720639684701,1240.0452623522349,1255.2751593049002,1023074
2024-08-26,1239.8238525390625,1252.347301526917,1234.1156596128333,1244.5723905194923,1266798
2024-08-27,1240.7587890625,1246.3439617593306,1235.8626025006731,1244.3017515921242,782130
2024-08-28,1226.51318359375,1239.553343820524,1225.2829797987713,1239.553343820524,1130322
2024-08-29,1232.442626953125,1239.7745925468923,1225.6026226752101,1229.6622946618493,1799588
2024-08-30,1230.57275390625,1238.7167263799913,1226.1686487134475,1232.4426875467195,3808974
2024-09-02,1235.0753173828125,1238.077062608518,1228.7521421460974,1230.203758553774,1751182
2024-09-03,1245.3350830078125,1259.2363834503576,1231.1877418494703,1231.1877418494703,1975054
2024-09-04,1247.3033447265625,1250.6002661216446,1236.9450070956411,1242.530179112453,1005886
2024-09-05,1232.61474609375,1247.4264454336083,1226.340707758729,1247.303425074098,2238592
2024-09-06,1231.7781982421875,1239.676129135783,1224.3232127130477,1234.4355100177224,1673400
2024-09-09,1238.446044921875,1240.0453097062184,1224.667763702917,1227.8170370695618,1167196
2024-09-10,1247.672607421875,1253.7743697918231,1237.0928554756829,1244.474077763724,3044078
2024-09-11,1243.416015625,1260.5158454024158,1239.7745409426761,1253.3314084339115,1959876
2024-09-12,1243.9080810546875,1249.8868223271343,1224.298588169256,1244.9167518685656,3109758
2024-09-13,1245.6549072265625,1260.2205658827688,1244.104898747798,1244.9660412664605,1465434
2024-09-16,1254.6109619140625,1257.5634507292316,1230.203672987166,1244.966117063012,788794
2024-09-17,1253.2576904296875,1272.1781981765482,1249.2471545253281,1255.3735445574644,1390374
2024-09-18,1278.0093994140625,1279.9532174179215,1252.839479142833,1254.7831770096088,2354058
2024-09-19,1296.240966796875,1317.3020774567706,1278.00932455139,1280.8880491669681,5068578
2024-09-20,1328.3984375,1330.7111961746373,1294.7399958815315,1301.0632902600503,4645516
2024-09-23,1340.9957275390625,1343.3086064846357,1323.6991124699812,1331.1540984500664,2144494
2024-09-24,1326.8485107421875,1361.4911204818004,1315.8259331787701,1340.9220897203247,3080066
2024-09-25,1327.3160400390625,1330.8836308010643,1308.4692951585882,1321.36180602282,1437914
2024-09-26,1355.9305419921875,1359.3504843109317,1332.5320431791683,1332.5320431791683,2317212
2024-09-27,1351.1080322265625,1367.0022873123607,1343.8744588373136,1353.2240065187157,2194334
2024-09-30,1323.674560546875,1348.3032627868763,1321.1403889654473,1338.4616331314976,1766384
2024-10-01,1332.089111328125,1333.5407275761163,1315.2844577526253,1323.6990985903146,1105518
2024-10-03,1316.244140625,1326.1595339838152,1304.1881448615106,1321.2387193864727,1624730
2024-10-04,1278.50146484375,1317.9664961320873,1274.638697260755,1310.412997266873,2066068
2024-10-07,1266.5439453125,1289.2534572003387,1263.123882970951,1281.8476070161043,2205716
2024-10-08,1270.431396484375,1276.4593947827902,1255.5951875027006,1264.944735883916,2404340
2024-10-09,1238.076904296875,1269.5701164888465,1214.924448493957,1269.078035048347,4733190
2024-10-10,1236.3299560546875,1245.8025235153655,1233.1560548809905,1244.4739276911512,2060004
2024-10-11,1236.0101318359375,1241.0293382805553,1228.2844775877738,1240.0451754429023,1256928
2024-10-14,1231.2125244140625,1239.897714716506,1226.8329270411743,1239.897714716506,1340768
2024-10-15,1222.453369140625,1231.212443171342,1216.425371245094,1231.212443171342,1590308
2024-10-16,1211.6275634765625,1226.7836963292705,1196.4714306238545,1225.2828238629875,2473286
2024-10-17,1170.51416015625,1217.8770012995963,1163.7726680936514,1217.8770012995963,5255508
2024-10-18,1156.5145263671875,1172.9500001422293,1144.6308063923354,1171.1539507515822,3278370
2024-10-21,1158.6795654296875,1168.2013897658867,1148.026049841539,1161.3122493039143,1497408
2024-10-22,1156.5145263671875,1173.6143582111445,1151.4953191770971,1158.6058727078153,1934262
2024-10-23,1145.1473388671875,1168.644228936812,1141.678260631491,1156.4160765535048,1414522
2024-10-24,1111.4398193359375,1151.4706969625236,1090.4525916533985,1150.9786154680953,5910994
2024-10-25,1112.448486328125,1125.144211495528,1110.6278090292615,1116.532786303675,2683018
2024-10-28,1118.03369140625,1141.1368916403771,1110.1603881435308,1117.4923537521086,1751130
2024-10-29,1115.7454833984375,1124.79985458042,1112.473189659071,1121.9457580106964,1859662
2024-10-30,1120.125,1130.4340820862906,1112.202440802898,1121.3305754942364,1787546
2024-10-31,1113.5556640625,1125.3902466522163,1112.104047850463,1125.3902466522163,1319530
2024-11-01,1123.0775146484375,1128.3181340234441,1116.2130024649405,1128.2935059235892,243228
2024-11-04,1105.3133544921875,1125.3903021433225,1097.7844841058775,1123.4219762978598,1926320
2024-11-05,1113.3096923828125,1115.9915123539101,1100.441810059457,1110.1357909440978,1451860
2024-11-06,1119.7806396484375,1121.7981015904193,1111.1445858343864,1116.0407724267443,1613946
2024-11-07,1113.506591796875,1124.3323840333578,1103.098996723647,1118.5011706147852,1783914
2024-11-08,1129.6468505859375,1130.8032901690124,1111.5137193423714,1117.0250081303996,1669990
2024-11-11,1121.478271484375,1129.2531825523638,1109.2499991916804,1121.945724842311,1547190
2024-11-12,1110.234130859375,1127.0879203305533,1102.754516931697,1127.0879203305533,2210678
2024-11-13,1099.925048828125,1108.1427849239317,1093.4049696884435,1102.8775374951504,1526776
2024-11-14,1074.115478515625,1104.6982944412046,1071.9502479214893,1101.7950617641873,2318476
2024-11-18,1089.0745849609375,1091.904053152553,1067.1769615649582,1078.0027529067906,1383330
2024-11-19,1089.5419921875,1104.0583935998472,1084.498157798464,1094.8811234736454,1612040
2024-11-21,1088.0904541015625,1107.1832379658995,1076.1821073028543,1085.3102420254984,1655768
2024-11-22,1105.8546142578125,1108.5856902034295,1084.6458567120721,1089.5666709791053,1543916
2024-11-25,1110.603271484375,1123.7418229638,1105.3380236794615,1111.3906499066582,4059604
2024-11-26,1114.6875,1125.8577248413637,1107.429298642534,1117.024886877828,634244
2024-11-27,1118.9686279296875,1120.371108165559,1107.4047134544387,1120.272715899568,874722
2024-11-28,1100.417236328125,1126.6205757733894,1096.3575640197037,1119.01794075049,2492756
2024-11-29,1099.6297607421875,1113.580317860805,1095.8653857163115,1095.8653857163115,2698320
2024-12-02,1108.0936279296875,1110.627799266185,1093.9462866674355,1103.6402669136344,936544
2024-12-03,1112.9405517578125,1115.474843217201,1107.1832230254936,1113.0882002149629,1532464
2024-12-04,1111.021484375,1119.4852610021962,1102.975904883959,1112.5961209344905,1937738
2024-12-05,1114.810546875,1120.4694836611675,1092.91292191983,1111.021543662981,2375568
2024-12-06,1115.9423828125,1127.8261022700863,1109.6929721646486,1115.2780247725027,1291202
2024-12-09,1096.7757568359375,1120.2726454082049,1089.2960228980419,1117.0248598753255,1939702
2024-12-10,1089.6898193359375,1102.2625252924709,1087.500080757304,1096.8496289629097,1830596
2024-12-11,1102.7791748046875,1109.15160565448,1093.8970804657981,1094.881243381197,1469722
2024-12-12,1094.4139404296875,1109.1517580857962,1090.0098348054341,1107.1588038808059,1931220
2024-12-13,1108.905517578125,1111.046119882549,1086.6388325679586,1094.8811966324952,1109322
2024-12-16,1101.6473388671875,1110.8738659933783,1096.628132137954,1108.9055402064575,1331372
2024-12-17,1084.0308837890625,1099.285409830194,1082.5792674351453,1095.373386050288,2997812
2024-12-18,1076.6988525390625,1089.4437141793733,1072.983613523296,1084.0308181698542,1932332
2024-12-19,1063.0927734375,1079.7497794665567,1056.6957142450356,1075.19802581038,3107980
2024-12-20,1064.6181640625,1070.2771004557142,1055.7114422061798,1062.8958790732609,3303524
2024-12-23,1058.762451171875,1072.7375157069923,1056.8432615156632,1067.8167014147584,877434
2024-12-24,1066.1929931640625,1070.2772937607742,1058.811770448471,1058.811770448471,645132
2024-12-26,1057.9259033203125,1070.7692777302723,1056.2036181769045,1062.010203544953,1047852
2024-12-27,1065.651611328125,1067.349268263628,1058.467174270808,1062.4038257790212,925334
2024-12-30,1062.8468017578125,1071.2614436048582,1057.4831613719982,1069.7851990799088,2470980
2024-12-31,1067.8414306640625,1070.055797305322,1056.867989725517,1060.4355804253237,1271114
2025-01-01,1067.4476318359375,1072.3684460889556,1061.5672828309941,1067.816692904914,908580
2025-01-02,1082.6776123046875,1086.3928513826922,1064.445970048882,1067.3246946660897,1258328
2025-01-03,1098.6702880859375,1101.2537158364617,1081.6197129873103,1082.6776401065028,2022900
2025-01-06,1075.197998046875,1104.6736296639017,1067.8167760923197,1103.9847636696402,2276932
2025-01-07,1088.803955078125,1090.6001244244785,1072.688287845348,1077.7567507276508,1191638
2025-01-08,1092.37158203125,1094.8566174249133,1079.897389136387,1093.8970826079353,899000
2025-01-09,1110.160400390625,1117.910683375364,1084.5721645045023,1090.1818450862454,2294636
2025-01-10,1106.14990234375,1120.9616028328523,1102.8776085817078,1118.0337420767496,1619708
2025-01-13,1100.95849609375,1112.6699386630303,1093.1835850441817,1104.7228711857224,1609062
2025-01-14,1091.953369140625,1110.4310516746082,1082.2101323720638,1107.7737397538697,1405098
2025-01-15,1082.4068603515625,1092.470021620178,1068.8992492389511,1091.9533120956053,1447250
2025-01-16,1067.4722900390625,1091.559652459475,1061.1736235901535,1085.0888295890952,2651618
2025-01-17,1091.04296875,1095.5455861073265,1069.0715800253274,1073.057367694796,911802
2025-01-20,1089.4683837890625,1094.8812800048167,1083.7356826699363,1092.027183427276,802216
2025-01-21,1080.832275390625,1102.2624465370977,1078.4211243436541,1094.881224796894,1528828
2025-01-22,1086.41748046875,1088.9516519540375,1079.700496401531,1080.8323077963776,896072
2025-01-23,1082.0625,1087.3032396194294,1065.3563584980802,1079.7004849699103,992014
2025-01-24,1086.466552734375,1093.7740101019974,1077.7075992973807,1083.563320321493,1327200
2025-01-27,1070.1541748046875,1098.276582705754,1067.1279218248944,1073.7463935561284,1099972
2025-01-28,1061.0753173828125,1073.6480232009026,1054.333825146736,1070.1541966445525,1442066
2025-01-29,1073.08203125,1075.1487493843515,1048.7486267299453,1061.075291507899,794290
2025-01-30,1091.1168212890625,1098.6701992571716,1073.0819645589147,1077.1662645093195,1149120
2025-01-31,1138.282958984375,1174.59859953707,1087.2541288970071,1091.1170169209956,6279774
2025-02-01,1145.1719970703125,1168.2014343786557,1110.7509215464281,1138.1844640765926,2493130
2025-02-03,1140.2020263671875,1168.2014140578885,1137.54471433721,1145.1719771501405,2281742
2025-02-04,1131.5167236328125,1143.0068741286045,1123.7664404017578,1142.809969456362,2487034
2025-02-05,1106.66650390625,1130.7538657888624,1095.0041980854996,1123.8155897335878,2950590
2025-02-06,1101.991943359375,1116.5329764007383,1095.865552421527,1116.5329764007383,1973914
2025-02-07,1101.9422607421875,1108.3307138131295,1093.2509032153193,1106.3497831360728,1585116
2025-02-10,1099.9366455078125,1115.5116902086866,1092.5823913296604,1106.8451176987412,1520362
2025-02-11,1087.283447265625,1105.4090133553293,1078.5920887643615,1099.936667565169,953674
2025-02-12,1086.416748046875,1096.4452103365384,1075.4968427057347,1096.4452103365384,1006516
2025-02-13,1078.3939208984375,1094.5632191537754,1075.9672082802335,1086.416665942577,1022294
2025-02-14,1087.456787109375,1101.8927721436544,1074.6797590982899,1078.3940043976506,1921722
2025-02-17,1097.683349609375,1099.4166641700035,1074.655027589598,1087.456842064239,1603030
2025-02-18,1100.6051025390625,1104.1213030665883,1089.487152621291,1097.683277975821,906118
2025-02-19,1091.96337890625,1101.397586551477,1088.298705083353,1092.4833974516898,852958
2025-02-20,1092.854736328125,1096.9156201961857,1082.9748683649673,1091.9632933067414,1316934
2025-02-21,1096.9156494140625,1098.4757049696427,1084.2129789668518,1097.906114818334,1188490
2025-02-24,1099.6146240234375,1108.2565312480936,1087.5557804834307,1089.0166927476246,968084
2025-02-25,1114.4716796875,1117.4430760473917,1096.3710202536345,1100.6299491589564,1285668
2025-02-27,1128.2391357421875,1130.0220218607592,1114.2735975014539,1119.3249469621758,1502006
2025-02-28,1084.38623046875,1124.1782261763717,1082.0834467821023,1119.7211318875668,3687132
2025-03-03,1082.3558349609375,1089.5119231842045,1065.1464989015506,1083.692939049016,1043550
2025-03-04,1063.0169677734375,1071.7331114692508,1048.9028361258518,1069.7026090801887,2085044
2025-03-05,1088.0263671875,1094.1425400993528,1044.9411173261835,1044.9411173261835,1693328
2025-03-06,1090.106201171875,1097.633714072804,1074.8035590186282,1083.0739209737233,2514922
2025-03-07,1108.5537109375,1112.2927423336657,1085.1787496164939,1090.007268867497,1051212
2025-03-10,1113.481201171875,1126.1592071879243,1067.2760850427355,1108.9250843214413,1013160
2025-03-11,1114.9669189453125,1125.3915920836164,1106.2261096313339,1109.717524555944,957110
2025-03-12,1087.283447265625,1116.304133300601,1085.3767529126317,1113.7783980416264,717178
2025-03-13,1085.525390625,1095.3310231518985,1081.6378861227452,1090.5520755278471,584340
2025-03-17,1076.809326171875,1091.1710752262911,1067.7217572869406,1077.4035812618067,820010
2025-03-18,1076.809326171875,1076.809326171875,1076.809326171875,1076.809326171875,0
2025-03-19,1081.5882568359375,1096.1480503923126,1079.681562507791,1092.7309929983955,845086
2025-03-20,1100.184326171875,1103.7499777459543,1080.1768507784652,1091.4929673368854,953748
2025-03-21,1123.6087646484375,1126.6543974041263,1105.3346053950409,1109.7669138980498,1585274
2025-03-24,1120.9840087890625,1133.3896121775324,1119.2506943289768,1125.7135052828667,861902
2025-03-25,1116.675537109375,1129.130591543879,1104.467978126241,1119.2259372320905,1484284
2025-03-26,1111.02978515625,1124.1040010803927,1109.370828142377,1116.7001754334624,1066938
2025-03-27,1110.3365478515625,1123.1878127981931,1102.0166139458463,1109.4203189538612,1731172
2025-03-28,1114.64501953125,1133.067652120625,1110.8317518540916,1110.8317518540916,1432302
2025-04-01,1106.349853515625,1133.018182814548,1098.475701935983,1120.1667975044827,2040110
2025-04-02,1094.8109130859375,1104.3689284416268,1063.7598467679886,1104.3689284416268,2601704
2025-04-03,1112.1192626953125,1113.8031264165954,1087.0357748411589,1088.546258755138,635716
2025-04-04,1120.2906494140625,1130.517277628005,1098.0547486440948,1106.3498967057878,1183470
2025-04-07,1113.7784423828125,1117.9136841619688,1069.702728122221,1069.702728122221,1474570
2025-04-08,1126.8524169921875,1130.591447991362,1104.9879420421892,1116.7497184560837,1747016
2025-04-09,1161.2464599609375,1170.0368404995097,1125.2677312972378,1130.7152910676207,3706748
2025-04-11,1169.4423828125,1174.6918974960852,1149.9550497212426,1161.6672540466122,2236634
2025-04-15,1172.661376953125,1179.347017918437,1161.6177852688877,1179.347017918437,1561748
2025-04-16,1180.2882080078125,1183.6558148056472,1162.3112354470095,1162.3112354470095,1354424
2025-04-17,1196.7794189453125,1200.0478822972814,1168.0559216789884,1174.6919916503628,1815842
2025-04-21,1188.2613525390625,1198.9584277664642,1183.853829647143,1189.0537732619912,953130
2025-04-22,1192.1737060546875,1198.4631371800922,1183.6061561406696,1191.034646660381,975908
2025-04-23,1205.0992431640625,1209.3087212515024,1188.5585188065743,1198.1165344099288,1165112
2025-04-24,1205.000244140625,1245.5103052891684,1178.1586545856587,1205.8916872282805,4674476
2025-04-25,1195.244140625,1205.9906662061196,1182.2690678581284,1201.8802105488924,2256568
2025-04-28,1191.5299072265625,1197.6707445038971,1181.6252529686526,1188.5585109491894,1961052
2025-04-29,1182.3680419921875,1191.5298467154778,1168.3529327477086,1191.5298467154778,1952120
2025-04-30,1182.7147216796875,1191.7279327277263,1170.8787083949583,1176.177674156188,2040862
2025-05-02,1154.78369140625,1181.031025810111,1152.406550146879,1176.1777209277343,1265148
2025-05-05,1153.0008544921875,1164.7874180225112,1150.772307136277,1163.252148148089,1827594
2025-05-06,1167.015869140625,1175.7814638363993,1153.8922024602828,1157.3588313947128,1742026
2025-05-07,1158.0521240234375,1166.76826810701,1152.5551134705227,1154.3874503214943,1353304
2025-05-08,1159.191162109375,1163.8464220549163,1146.5132774741614,1152.9017309713568,2693092
2025-05-09,1151.614013671875,1163.3015531602741,1134.9246967116078,1140.0256174435722,1816458
2025-05-12,1180.5357666015625,1183.1109525304319,1161.815945850311,1168.6501814777741,801500
2025-05-13,1173.800537109375,1183.5071465221918,1159.8349989632625,1178.6538418157834,2333552
2025-05-14,1173.8995361328125,1178.257608045939,1165.4311295613797,1171.225327932659,1203066
2025-05-15,1187.6175537109375,1195.9373661179718,1159.5873352959466,1173.7014668594463,1928224
2025-05-16,1192.9166259765625,1195.7889999961133,1177.019606957387,1195.7889999961133,1369102
2025-05-19,1192.42138671875,1199.5032389107862,1186.6766387110943,1190.5394781709713,845862
2025-05-20,1168.00634765625,1198.3641369896773,1165.926394453538,1198.3641369896773,1555350
2025-05-21,1184.893798828125,1187.5680070285068,1168.006315503225,1168.006315503225,1350296
2025-05-22,1169.591064453125,1181.130010752029,1158.8445388510472,1181.130010752029,2161612
2025-05-23,1195.6898193359375,1200.444101764903,1164.8369179010303,1166.7682771279337,1154460
2025-05-26,1215.3011474609375,1220.6991359799154,1191.232787865031,1195.6898825378707,1248708
2025-05-27,1218.7181396484375,1229.1675982946565,1204.5049849131,1213.3697230530363,1584098
2025-05-28,1197.9678955078125,1216.6381440262576,1196.4821974149959,1214.3601461611242,1447242
2025-05-29,1205.8917236328125,1208.2688649695144,1191.7775905225312,1199.1565099965621,1862596
2025-05-30,1186.6766357421875,1216.786809712033,1183.8538333807955,1205.8916897227514,2134920
2025-06-02,1191.678466796875,1196.383177433474,1184.1013823271737,1188.558476614478,2052718
2025-06-03,1184.299560546875,1201.6327069514207,1179.644421017942,1196.3337406604608,1468888
2025-06-04,1187.3203125,1190.440302465954,1181.080332568092,1182.8136468929097,1174082
2025-06-05,1189.202392578125,1193.0156604622434,1178.9015274928895,1191.0347295191764,1467916
2025-06-06,1197.076416015625,1199.8992181247283,1183.6061112322568,1190.4897971567732,1004606
2025-06-09,1196.1356201171875,1202.0784127935551,1189.0537679965641,1200.9393533492994,678874
2025-06-10,1204.1087646484375,1207.823009979351,1192.9660286556978,1196.1355905485977,1351562
2025-06-11,1198.06689453125,1213.3200855016978,1192.520312607383,1209.6058403419986,1751374
2025-06-12,1181.4271240234375,1202.4745128210511,1171.86910916465,1201.929708513135,2717158
2025-06-13,1177.0692138671875,1178.6539344717455,1162.2122314998967,1169.7397450513708,829756
2025-06-16,1183.5072021484375,1186.0823881627452,1171.2749779006544,1173.7511415502634,532308
2025-06-17,1169.7396240234375,1182.070869749855,1165.2825297744066,1178.7033841535006,1531068
2025-06-18,1159.2408447265625,1170.779791976332,1151.6141878370101,1170.6806487012416,1308554
2025-06-19,1148.39501953125,1159.2406878260485,1143.9874970178603,1159.2406878260485,1474774
2025-06-20,1168.9471435546875,1187.5679402718065,1148.3949877910177,1157.9035517610268,22941194
2025-06-23,1168.3035888671875,1188.013754916867,1164.2425837311512,1175.1872754938126,1297744
2025-06-24,1171.62158203125,1180.436748544824,1167.6101486747734,1176.1776988306988,1100860
2025-06-25,1190.737548828125,1202.8707509289286,1174.692056453308,1174.692056453308,2300288
2025-06-26,1204.1087646484375,1210.1507004451953,1190.1432263854883,1198.4631601080187,3115098
2025-06-27,1217.628662109375,1220.1048257045486,1201.4841480126986,1212.8249289160235,2375672
2025-06-30,1220.897216796875,1225.998137860462,1209.8535032490518,1222.2343209245437,1658010
2025-07-01,1193.5604248046875,1223.9180937639178,1191.1337119369591,1223.224816319667,1077220
2025-07-02,1182.61572265625,1195.4422016038968,1178.6538609388087,1193.7584587365538,1475052
2025-07-03,1182.8138427734375,1193.0652573458933,1181.130099798771,1188.5090193552765,1263638
2025-07-04,1189.9752197265625,1192.0639182039135,1177.1942499762101,1186.0463588285445,790114
2025-07-07,1204.5465087890625,1206.485988399062,1187.5880215568675,1193.257363043616,868414
2025-07-08,1202.457763671875,1211.3099940253194,1197.0370793069835,1204.5465835843777,711576
2025-07-09,1207.3812255859375,1211.7078412450428,1200.7669126559226,1203.5021448032028,790360
2025-07-10,1194.2520751953125,1211.9067559621665,1192.3623755126587,1205.9887566090497,569850
2025-07-11,1195.29638671875,1207.8286981733916,1192.1136198592378,1195.545044173861,741064
2025-07-14,1190.02490234375,1200.8663926009767,1182.1176431577876,1196.1916806091774,942914
2025-07-15,1201.662109375,1203.5021503632606,1183.6593328963238,1190.0248669730329,1064608
2025-07-16,1223.394775390625,1238.3142238709984,1197.2359604891237,1201.5129176194105,2810630
2025-07-17,1217.9739990234375,1228.3678321138764,1216.4820542880764,1222.4000531724323,546708
2025-07-18,1229.4619140625,1231.799269890468,1208.972563756088,1222.897381438182,899652
2025-07-21,1229.660888671875,1232.5452180031384,1215.934948660959,1229.8099860122854,957974
2025-07-22,1215.1890869140625,1232.0977953057459,1212.4538546742315,1229.7604393110287,774548
2025-07-23,1219.6649169921875,1227.8706136814315,1210.2657129867848,1223.3947791236621,720228
2025-07-24,1154.8150634765625,1230.8544687583912,1148.7975041744985,1219.814101442787,5372012
2025-07-25,1131.192626953125,1151.2343221843544,1126.9156698432353,1151.2343221843544,3178714
2025-07-28,1108.6641845703125,1143.7745453626287,1105.083541399776,1131.2422335583633,1879938
2025-07-29,1105.879150390625,1122.9868562874594,1103.9893294337664,1109.0122586329464,1801922
2025-07-30,1109.75830078125,1113.7368203448843,1104.8845900328415,1109.0123283630685,929698
2025-07-31,1117.814697265625,1126.8658043312419,1104.5364134712797,1106.5256731083284,1346218
2025-08-01,1132.137451171875,1137.7073541690092,1115.527180884661,1117.814756740116,1410024
2025-08-04,1132.5849609375,1137.1603553765274,1122.937099964302,1136.861917855799,812794
2025-08-05,1127.5621337890625,1135.0715161748567,1119.008341513333,1133.7287901840648,1135934
2025-08-06,1110.6534423828125,1130.0983830331204,1107.0727992183497,1128.904875783225,1127544
2025-08-07,1111.300048828125,1117.1682681749041,1101.5526271282547,1111.996241200351,1014230
2025-08-08,1090.6116943359375,1120.351152873928,1087.5283659034894,1115.9747569949127,1242852
2025-08-11,1099.0660400390625,1102.9451209339215,1081.1627018302813,1091.1090008351598,1038967
2025-08-12,1085.2406005859375,1103.641252735213,1083.1519021924885,1102.0498692647172,758197
2025-08-13,1091.009521484375,1094.8886022347256,1080.7647853250874,1085.240619710543,813725
2025-08-14,1083.5498046875,1097.0767466368754,1078.874971449518,1093.9934183227558,941698
2025-08-18,1137.9560546875,1163.6175549074978,1114.482813116333,1114.482813116333,3478231
2025-08-19,1155.1630859375,1161.7276184023674,1124.1305630080258,1143.4264056103345,1851158
2025-08-20,1183.907958984375,1186.3945336092982,1150.488298893585,1158.743775214241,1652532
2025-08-21,1173.0665283203125,1183.90801851306,1162.5234756634727,1183.6095809771525,991563
2025-08-22,1156.655029296875,1184.6041026499095,1151.7813189492822,1168.6900257041507,921658
2025-08-25,1146.8082275390625,1160.5341681605148,1142.6308306967653,1156.6550874270804,931358
2025-08-26,1155.958740234375,1172.6685699496952,1142.8296750400336,1142.8296750400336,3619892
2025-08-28,1156.15771484375,1161.926494889977,1148.7974299705086,1159.340481668236,1065888
2025-08-29,1149.990966796875,1178.0396009960516,1143.8243103850568,1154.0690462526763,1593255
2025-09-01,1168.0933837890625,1169.6847673528443,1149.9910466835413,1151.681990369571,643866
2025-09-02,1194.4510498046875,1196.042433333235,1166.1040981622782,1168.0933579266577,1773623
2025-09-03,1188.3837890625,1200.0209096996446,1184.9025846000477,1200.0209096996446,827824
2025-09-04,1206.088134765625,1231.5506347047078,1201.512861727433,1223.394718480747,3346196
2025-09-05,1202.0101318359375,1209.867731660062,1184.6041100675232,1205.4913361896204,1434458
2025-09-08,1181.32177734375,1204.496700493893,1178.8352028175445,1202.0101259676876,1112974
2025-09-09,1195.7440185546875,1197.5344009426078,1181.520883817611,1188.7816092468818,1295618
2025-09-10,1210.9619140625,1212.652736341684,1195.2467129362683,1201.7118073439942,1015673
2025-09-11,1214.244140625,1218.3220986302517,1205.5907882865274,1205.5907882865274,783400
2025-09-12,1211.061279296875,1216.4323047619353,1203.0048018066727,1213.6472926201184,632659
2025-09-15,1205.9886474609375,1213.4483710534794,1203.1041967222002,1205.690209951327,523120
2025-09-16,1197.7332763671875,1208.4753278472988,1194.7493866687992,1205.4914381489104,1137133
2025-09-17,1197.832763671875,1206.088118486698,1189.1794112237224,1200.518215671261,1005661
2025-09-18,1202.60693359375,1206.784451834298,1193.5558261947288,1198.628414173101,1345158
2025-09-19,1188.0853271484375,1205.4913491033121,1184.6041227574626,1205.4913491033121,2395784
2025-09-22,1181.918701171875,1194.7493291251474,1177.6417442442664,1192.4617533154308,1107323
2025-09-23,1162.1256103515625,1188.0854267022848,1158.7438443768622,1183.4107146943174,2114020
2025-09-24,1172.270751953125,1178.8352848763102,1155.1631665878808,1161.6282608060503,1395188
2025-09-25,1167.1981201171875,1185.9966484224817,1165.3082991335739,1178.1390483841574,1273981
2025-09-26,1156.356689453125,1172.6686439831756,1153.9695534266914,1163.716974945136,1011036
2025-09-29,1146.3109130859375,1155.8593354542834,1143.0285859836415,1153.7706370322667,2130382
2025-09-30,1146.708740234375,1153.3727114419714,1140.2436464242578,1149.394192174207,1409305
2025-10-01,1160.1363525390625,1162.9212434411497,1138.8512481595,1151.6819982950838,727804
2025-10-03,1163.6175537109375,1165.0100598651647,1148.2007901361587,1153.7706933382833,1159975
2025-10-06,1175.35400390625,1177.3432635363968,1157.2517898378244,1157.2517898378244,639965
2025-10-07,1170.48046875,1185.7976714744277,1168.6900864346571,1175.3540579360754,922441
2025-10-08,1174.1605224609375,1176.1497821347384,1152.3781047498635,1163.7169091734831,893579
2025-10-09,1181.42138671875,1182.7143326774262,1166.6013776416564,1168.789514750048,922191
2025-10-10,1193.0584716796875,1195.5450462350848,1178.0395856480416,1180.0288452923596,1110822
2025-10-13,1181.7197265625,1194.3515987849366,1175.5530699224173,1192.5612164495426,1062394
2025-10-14,1169.1873779296875,1187.8864675037457,1164.7115436458223,1183.708949323273,1293553
2025-10-15,1214.8409423828125,1218.4215856167714,1169.1874072591957,1169.1874072591957,2283392
2025-10-16,1269.7445068359375,1279.5913671349344,1209.9672740922251,1214.8409848881713,6927367
2025-10-17,1282.5751953125,1304.5564907785995,1254.5266820266756,1257.112695361256,3171952
2025-10-20,1278.4971923828125,1298.5886661411737,1273.9219195028143,1282.575150353794,1246633
2025-10-21,1280.3870849609375,1285.0617968013464,1270.4407862240848,1273.1262383171234,245138
2025-10-23,1265.9649658203125,1296.7984922462133,1263.9757060508996,1280.0886616172322,1751448
2025-10-24,1275.115478515625,1277.6020531617164,1252.636867997915,1267.5563158744628,1433533
2025-10-27,1276.110107421875,1285.260653546752,1268.9488210123866,1275.1154775641805,1107997
2025-10-28,1264.174560546875,1281.9784594433547,1256.913713954219,1276.9058714062562,1343829
2025-10-29,1266.163818359375,1274.1208572807222,1259.6987242357804,1268.153078089712,836932
2025-10-30,1273.0267333984375,1274.5186781313644,1260.8921767217676,1271.1369124537753,728703
2025-10-31,1264.7713623046875,1277.1047974036921,1262.7821024956475,1273.0268390781168,943037
2025-11-03,1259.8975830078125,1263.0804713781406,1248.757777248606,1262.7820338570928,847050
2025-11-04,1258.206787109375,1262.1853065943058,1243.9835313848357,1259.2014169806077,770668
2025-11-06,1259.30078125,1272.0320914151678,1253.3330023753474,1258.2067127392681,1171263
2025-11-07,1255.9190673828125,1264.0751050299518,1249.6529721549566,1257.2121347582056,596683
2025-11-10,1256.1180419921875,1266.3626564363824,1253.4324685907732,1256.3169193931333,737986
2025-11-11,1261.2901611328125,1263.3788596551337,1248.2605336304632,1261.1907224250417,729912
2025-11-12,1271.3358154296875,1279.9891679036207,1254.8249843360766,1263.1798992915108,824792
2025-11-13,1268.3519287109375,1282.3763066454585,1263.4783396063588,1273.1262005288309,691337
2025-11-14,1264.7713623046875,1272.1316478810922,1255.6208157490166,1268.3520056780028,675047
2025-11-17,1263.4783935546875,1271.1369951158424,1257.3116154086997,1265.1692157960497,774802
2025-11-18,1258.30615234375,1263.080424012819,1245.87327967927,1255.3222629042748,810387
2025-11-19,1272.131591796875,1273.1262216575449,1256.2175140261556,1261.091224626394,726287
2025-11-20,1272.3304443359375,1281.6799891264577,1268.3519249710162,1281.0832355046746,796864
2025-11-21,1273.8223876953125,1281.9784252332868,1266.163786492181,1268.1530461724517,673231
2025-11-24,1262.3841552734375,1278.8951078919692,1252.7362943079568,1278.099355447181,2636542
2025-11-25,1256.4163818359375,1264.075104553466,1244.0830687896535,1260.5939000677104,1065974
2025-11-26,1269.9434814453125,1275.8117006151708,1250.3491999281139,1250.3491999281139,810809
2025-11-27,1259.5992431640625,1272.6288696765455,1253.730902874002,1269.1476652655506,708607
2025-11-28,1254.32763671875,1262.8814288536962,1251.443185969294,1259.4997846109952,626947
2025-12-01,1253.830322265625,1257.2120879243255,1244.8786539180626,1253.830322265625,644563
2025-12-02,1252.1395263671875,1255.023977178099,1244.2819263701444,1244.2819263701444,911551
2025-12-03,1235.2308349609375,1251.2443512625023,1229.4619332651996,1250.249721412532,642993
2025-12-04,1235.7281494140625,1238.3141627400423,1226.577481948965,1235.2308344892674,664641
2025-12-05,1240.2039794921875,1242.2926778862227,1227.5721075967606,1230.8544346550846,911699
2025-12-08,1208.2763671875,1241.29802900868,1206.287107525627,1240.2039604776048,1534927
2025-12-09,1209.27099609375,1214.9403375598429,1200.816642537255,1208.375804963637,810028
2025-12-10,1202.805908203125,1215.2387811423998,1198.5289513461046,1209.271002131548,514862
2025-12-11,1208.4752197265625,1213.8462449860792,1199.3246740361055,1202.9053170708594,339626
2025-12-12,1231.650146484375,1233.340968601226,1208.8730994748335,1212.453742520076,841766
2025-12-15,1236.822265625,1241.2981001206274,1218.918927642491,1231.3518012414556,857798
2025-12-16,1233.937744140625,1257.2121064705827,1227.77108775391,1229.859786116199,1086329
2025-12-17,1227.969970703125,1234.7335021508634,1217.725356245691,1230.3571065914311,526222
2025-12-18,1226.8759765625,1237.2201517625622,1220.9081971872467,1228.0694838716379,707432
2025-12-19,1237.7174072265625,1239.5076681042303,1223.096275611005,1224.1904655757078,754446
2025-12-22,1250.4486083984375,1253.1341818628018,1233.3410234137705,1239.308802559321,880387
2025-12-23,1249.75244140625,1254.7255907950532,1244.3814157833865,1253.2336459784121,663261
2025-12-24,1252.9351806640625,1257.3115763121143,1241.198621215625,1244.381388187966,598956
2025-12-26,1265.7659912109375,1270.1423870703306,1244.6798858176567,1257.2121983217683,1433973
2025-12-29,1273.126220703125,1279.591314792633,1263.9756745577324,1268.1530714035034,888206
2025-12-30,1267.2579345703125,1282.0779444014315,1260.892278910964,1277.1047948886253,2043408
