Price,Close,High,Low,Open,Volume
Ticker,NTPC.NS,NTPC.NS,NTPC.NS,NTPC.NS,NTPC.NS
Date,,,,,
2021-01-01,80.0753402709961,81.00503385740049,79.87323189693286,80.80292548333725,13493039
2021-01-04,80.0753402709961,80.84334962529314,79.63069938091374,80.6412412512299,22325584
2021-01-05,78.90308380126953,79.54983286705826,78.4180250858561,79.54983286705826,23510160
2021-01-06,79.1052017211914,80.03490130323472,78.6201429468644,79.2264679567374,21952878
2021-01-07,78.41803741455078,79.63068747766239,78.29677117466818,79.30731289392786,24999580
2021-01-08,80.964599609375,81.24755004261873,78.70098380771154,78.90309214115089,43240591
2021-01-11,80.03490447998047,81.85387958179821,79.79237199926189,81.44966289250537,22036573
2021-01-12,80.964599609375,81.65176670949742,79.46899917549518,80.03490004198262,24262426
2021-01-13,82.90484619140625,84.36002258531573,80.96460483166969,81.04544693668845,49236964
2021-01-14,82.62187957763672,83.95579573658851,82.21766293358203,83.8345295098008,29301114
2021-01-15,81.20711517333984,83.75368107159517,80.76248059926736,82.86440575559415,24067229
2021-01-18,78.86265563964844,81.57090543762934,78.25633078183829,81.20710682223,23613664
2021-01-19,80.56038665771484,81.53050423582008,78.86267781210212,79.2264703619273,22934496
2021-01-20,79.468994140625,80.60079580189299,79.22646168872103,80.51995370721049,25599184
2021-01-21,77.69043731689453,80.15616129890621,77.2862206751127,79.7923626205887,22667011
2021-01-22,76.03315734863281,78.01381654506956,75.10345778317719,77.85213234579766,26029669
2021-01-25,75.34597778320312,77.04369257291442,74.94176115095878,76.84158425679226,18599824
2021-01-27,73.80996704101562,75.26514336475897,73.4057503675552,75.18430126363828,22812859
2021-01-28,74.05250549316406,74.90136311383425,73.04196364372717,73.40576241023923,32227832
2021-01-29,71.9101333618164,74.86091588572712,71.26339047834604,74.37585718116034,36962884
2021-02-01,74.37584686279297,74.69922134359355,71.4654888712982,72.23349786632626,29033297
2021-02-02,76.11398315429688,77.08410047796583,75.10344170553525,75.10344170553525,29279584
2021-02-03,78.37760925292969,79.30730882046788,76.23526585242206,76.88200881881531,31420256
2021-02-04,80.0753402709961,81.00503385740049,78.41804913653435,78.66058165255346,39264443
2021-02-05,80.43912506103516,82.46020860528228,79.34774118071321,81.16671637053562,54911202
2021-02-08,81.08585357666016,81.61133022982493,77.69043038781126,77.77127247538616,53737961
2021-02-09,80.80291748046875,81.81345925069901,80.43912491032884,81.16671621846614,28074809
2021-02-10,80.72206115722656,81.24754401878,79.75194369578666,80.84332738187065,19070866
2021-02-11,81.09712219238281,81.59720593385154,80.2219708756302,81.59720593385154,18452535
2021-02-12,79.971923828125,81.59720389594386,79.0134326637942,81.51385766759896,21660998
2021-02-15,79.34683227539062,80.59704500888256,79.18013978782268,80.38867621996724,12574055
2021-02-16,81.6805648803711,82.63906257676985,79.5968770007698,79.88859203213181,32865663
2021-02-17,82.80575561523438,83.47253828471328,80.84709026714246,81.55554287914454,28774857
2021-02-18,86.18133544921875,86.88978808508472,82.97245725694746,83.09747344763892,50705280
2021-02-19,86.8481216430664,88.97348615089128,84.51439467412779,86.38971405435734,61069583
2021-02-22,85.0561294555664,88.59839833725195,84.51436941364429,86.93144827528228,30636415
2021-02-23,86.18133544921875,86.80644183832008,83.80593244241591,85.13949146738321,31233104
2021-02-24,86.0146255493164,87.26483816694548,85.09780423483713,87.09814569482569,16153025
2021-02-25,90.01531219482422,91.84895489967312,85.84793663024902,86.34802042621595,68361756
2021-02-26,89.431884765625,92.47406392929351,87.34819692261333,89.26518592283767,67331805
2021-03-01,90.390380859375,91.51557744114619,89.30686693914002,91.26553234321682,27205189
2021-03-02,93.8076171875,94.76610838505029,89.93195702549767,90.39036447673696,53649872
2021-03-03,93.93265533447266,95.59960578483712,93.34922522040964,95.39123697854156,31702057
2021-03-04,92.34903717041016,94.18267971871498,92.09899211431862,92.93246715607717,28057179
2021-03-05,90.59874725341797,93.64093285600957,90.3487085210267,92.5157426629718,24778407
2021-03-08,92.14067840576172,94.43273501924921,91.26552697341133,92.22402464719731,28163362
2021-03-09,91.26553344726562,93.22419887503659,89.55690676153777,92.84913758251638,20611697
2021-03-10,91.39054870605469,92.18234753105006,90.80711230334866,91.97397874985016,13207045
2021-03-12,90.93213653564453,93.43256195656369,90.51539896549134,92.5157405740088,21763020
2021-03-15,92.0989990234375,92.51573657557975,89.76526618787673,91.64058517251686,20350674
2021-03-16,91.30720520019531,92.89080289761806,91.09883641275435,92.14068034995918,15360040
2021-03-17,88.80677795410156,91.59891837753577,88.47338662915928,91.43221953560932,18850429
2021-03-18,86.51471710205078,90.22367871826764,86.01462695967118,89.51522616177694,20023557
2021-03-19,90.43206024169922,91.30721175534467,85.01447137929328,85.30618643087135,72249183
2021-03-22,91.55725860595703,92.1406951196602,89.05683275585946,90.68211337376995,31980425
2021-03-23,90.55708312988281,91.84896589419604,90.0986692193422,91.68227339522376,14060206
2021-03-24,88.34835815429688,91.18217468763183,88.0149668517439,90.01530830815153,15196366
2021-03-25,85.84795379638672,88.76511727490471,85.55623872031727,88.34837963511643,22543755
2021-03-26,86.8481216430664,88.14001087078925,86.4313840030154,88.14001087078925,17402475
2021-03-30,89.7652816772461,90.59875692535019,87.18150967990572,88.22335374003583,36129962
2021-03-31,88.80677795410156,90.84878948614329,88.43171032895,89.76526926980851,23063667
2021-04-01,89.93196105957031,90.64041359519904,89.14015593005928,89.59856976077147,13753303
2021-04-05,88.59840393066406,89.84861655606998,86.4730399239099,89.51522525084636,15666099
2021-04-06,88.39002990722656,90.09864991173457,88.18166114870779,89.80693492159025,17393454
2021-04-07,87.88995361328125,89.47355769870029,87.7232611238312,89.09849641798222,15692013
2021-04-08,87.51487731933594,88.72341355780095,87.26483226914534,88.34835234142484,11394998
2021-04-09,85.68124389648438,88.30668540723246,85.3478525805275,88.30668540723246,19751417
2021-04-12,82.55574035644531,84.59775252909992,81.72226496206994,84.59775252909992,20221362
2021-04-13,83.84759521484375,84.30600907120758,82.72240508248126,83.01412010066257,19192856
2021-04-15,84.47270965576172,85.84794499789862,82.76408932309194,84.34768710485635,13865351
2021-04-16,85.38951873779297,85.76458633621971,83.76424488800764,84.93111126270719,14654851
2021-04-19,82.55574035644531,83.68093086706953,82.22234892691264,83.34753943753687,11652043
2021-04-20,82.55574035644531,84.09766856425722,81.80561122972496,82.68075657847153,16528675
2021-04-22,82.47235870361328,83.13914132800353,80.88876109877961,81.72223619981223,18614270
2021-04-23,85.47289276123047,85.84795409477887,81.68057768241097,81.68057768241097,29484794
2021-04-26,85.34786224365234,86.63974499575095,84.05597313264258,86.63974499575095,24369413
2021-04-27,85.0561294555664,86.30634200204366,84.76440810759384,85.0561294555664,17763436
2021-04-28,86.34803009033203,86.6397451407191,85.13949358490939,85.72292368568353,15160578
2021-04-29,85.88961029052734,87.51488416721145,85.55621898382257,87.18149286050668,11588556
2021-04-30,85.38951873779297,88.05664278837912,85.0561337955161,85.22282626665454,15321193
2021-05-03,86.88977813720703,87.18149314694078,84.22266039262666,84.51437540236041,12186212
2021-05-04,86.4730453491211,88.39004070524419,86.26467656514731,86.93145921742769,12992684
2021-05-05,86.59807586669922,88.05665748884653,85.6812544045603,87.30652852567424,14956169
2021-05-06,85.88961029052734,87.59823040416006,85.55621898382257,87.51488416721145,13547274
2021-05-07,87.55654907226562,87.93161026918652,86.13963779286671,86.68139780090425,13229291
2021-05-10,89.7652816772461,90.01532679524192,88.01498492800981,88.34837629903375,23980945
2021-05-11,93.93265533447266,94.51609180744701,88.93180398337928,90.01532431968072,45613487
2021-05-12,94.4327392578125,97.30822604932455,93.14085020138774,95.18286182331241,62158914
2021-05-14,92.84911346435547,94.97447083474647,91.80726974585711,94.97447083474647,16227312
2021-05-17,92.97415161132812,93.55758164819812,91.64058634035014,92.68243023398264,12832920
2021-05-18,93.43255615234375,95.18285256647306,93.14084114314058,93.84929369660836,14892142
2021-05-19,93.30753326416016,94.30770718195623,92.47405817878521,94.30770718195623,12610425
2021-05-20,93.1408462524414,93.97432138669144,92.432393660111,93.34921503600391,10303689
2021-05-21,94.05767059326172,94.30771568498302,92.72411160820675,93.59926307032046,12171685
2021-05-24,94.099365234375,94.97451050813956,93.39091248163834,93.64095126318018,11341268
2021-05-25,94.4327392578125,95.72462195532637,94.22437046541566,94.93282308778274,15289982
2021-05-26,92.59909057617188,95.01616985298617,92.43239808490644,95.01616985298617,17466748
2021-05-27,91.93231201171875,93.05750219761572,91.09883685788235,93.01582589635959,34169451
2021-05-28,90.80712127685547,92.5157479951043,90.30703742433985,91.93231789365461,13383166
2021-05-31,92.0989990234375,92.80745159029725,89.8486187854335,90.80711006823236,14754293
2021-06-01,91.84894561767578,92.89078940353376,91.26551564115924,92.47405188919058,10271211
2021-06-02,92.64076232910156,92.80745481218116,91.72394095434251,91.76561089565709,6492771
2021-06-03,93.1825180053711,93.51590295567328,92.05732154191512,93.01581917130969,12140851
2021-06-04,93.1408462524414,94.18269017025395,92.55741620203064,92.9324774688789,8930671
2021-06-07,97.01651000976562,97.30822504432619,93.3492180296748,93.47424057560386,28407410
2021-06-08,96.84980773925781,98.76680308532198,96.68311525651772,97.93332795380027,43191813
2021-06-09,98.43341064453125,100.85048977031258,96.51642167911956,97.09985172100343,49807823
2021-06-10,98.76679992675781,99.9336663453539,97.76663234448138,99.47525249411281,22144392
2021-06-11,99.016845703125,99.64195203620304,97.97500181466161,99.10019194241998,13871562
2021-06-14,98.51676940917969,99.10020588414511,96.89149525809235,99.01685963312472,14179055
2021-06-15,98.1833724975586,99.14186380641564,98.01667365682347,98.5167574612077,8148417
2021-06-16,99.85032653808594,100.517102849581,97.39157100501124,98.18337622098207,21585917
2021-06-17,97.84999084472656,100.51710897095273,97.47492318519053,98.5167671968275,14466025
2021-06-18,94.6410903930664,98.47507418608157,94.09933036212834,97.84996792551682,43927941
2021-06-21,98.35006713867188,98.72512841046692,94.2243677132834,94.3910601987677,34597018
2021-06-22,98.60011291503906,99.10019673389837,97.47491637396718,98.76680540168859,16712010
2021-06-23,97.72496032714844,99.05851928157898,97.47491524116928,99.05851928157898,12590251
2021-06-24,98.35006713867188,98.76680471129336,96.43307176104872,97.6832844789132,14046692
2021-06-25,96.72479248046875,99.26688784054292,96.43307109452145,99.26688784054292,12768348
2021-06-28,96.80814361572266,98.22504888089436,96.68312106669903,97.43325000192976,10709748
2021-06-29,98.01667022705078,98.80847538528722,96.1830275555007,96.89148011683095,33488455
2021-06-30,97.01651000976562,98.72513027442656,96.80814121952082,98.22504644962119,16739618
2021-07-01,97.80829620361328,98.18336379283171,96.43306109429909,97.3498887397819,12479506
2021-07-02,97.9333267211914,99.2252157023543,97.5165891606757,97.97500302080718,17215972
2021-07-05,98.85015869140625,99.26689629664735,97.72496842903753,98.2667285876332,16409169
2021-07-06,98.05834197998047,99.1418557415206,97.55825821627656,98.43340321303089,14979094
2021-07-07,97.89166259765625,98.51676901618256,97.39157873461747,97.55827759490461,14545289
2021-07-08,97.89166259765625,98.93350662853344,97.6832937914808,97.80831634696834,12037089
2021-07-09,98.1833724975586,98.68345630194284,96.89148350723129,97.51658985243922,9585144
2021-07-12,98.22504425048828,98.97517315035734,97.6416141944294,98.35006679361824,7651672
2021-07-13,99.93367004394531,101.68396655716353,98.43341225609502,98.47508855644502,30663035
2021-07-14,100.64212036132812,100.80881284113673,99.85032154387152,99.97533772427272,9539611
2021-07-15,100.26705169677734,101.01717415942399,99.35022404881363,100.64211292810067,11278872
2021-07-16,99.26689147949219,100.68380308389973,98.60011515881001,100.14204295159423,17198632
2021-07-19,101.18389129638672,101.55895259558231,98.7668119268174,99.26689577871525,14364285
2021-07-20,98.72512817382812,101.68396747591281,98.51675938801682,101.68396747591281,11360716
2021-07-22,99.35025024414062,99.76698788167295,98.80849640247797,98.97518891392622,9520328
2021-07-23,98.76679992675781,100.10035882276317,98.60010744934854,99.51692879292033,10442400
2021-07-26,99.47526550292969,100.01702566372377,98.39175154025276,98.51676773520342,5370055
2021-07-27,99.05852508544922,99.6836314781116,98.51676494002628,99.43359273639328,5280342
2021-07-28,97.34990692138672,99.64196374535086,96.51643171267249,99.64196374535086,11010096
2021-07-29,97.3082275390625,98.55844031258366,96.05801476554136,98.10002641872816,11897018
2021-07-30,98.51676940917969,99.97535105822624,96.89149525809235,97.47492537414644,14546264
2021-08-02,98.14169311523438,98.9751682160007,97.51658678965964,98.85014567910368,11742555
2021-08-03,98.05834197998047,98.76679450847018,97.09984439018376,98.76679450847018,21122697
2021-08-04,98.22504425048828,99.05851939280707,97.14153038082026,98.39174309429845,9432176
2021-08-05,97.099853515625,98.18337373790439,96.64143964645048,97.5582673847995,11045322
2021-08-06,98.05834197998047,98.9334869767348,97.05816809366259,97.09984439018376,8434733
2021-08-09,97.26653289794922,99.26687423022503,97.14151673129619,98.76679048688352,7816050
2021-08-10,95.30787658691406,97.68327935446109,94.72444655941491,97.43324063935162,9774255
2021-08-11,97.47492218017578,97.76664358755531,95.47458678558621,95.5996029785647,8056886
2021-08-12,99.30855560302734,99.51692436998339,97.09984540151137,97.47490663846818,8640167
2021-08-13,98.55843353271484,99.55860113916548,97.6832821078876,99.55860113916548,9744939
2021-08-16,99.05852508544922,99.51693898363271,98.43341869278684,98.55844124310153,8768804
2021-08-17,97.84999084472656,99.60028751249443,96.84981677820835,99.47526495931575,8758578
2021-08-18,97.14153289794922,99.10019826136914,96.7664652588406,97.84998551549546,9357721
2021-08-20,95.14117431640625,97.51657683943095,94.55773799005527,96.9331468719897,11684504
2021-08-23,94.51608276367188,96.47474808365287,93.51590877380809,96.26637929729509,6271685
2021-08-24,94.97449493408203,96.9331667089903,94.7244561935419,95.1828637306543,11791078
2021-08-25,95.01615905761719,96.05800290693317,94.84946658529071,95.59958906967005,9491958
2021-08-26,93.97431182861328,95.43289316519929,93.30752924546711,95.09950187362621,11668986
2021-08-27,94.51608276367188,95.09951282190937,93.43256253104713,93.93264634652365,8095717
2021-08-30,95.8079605102539,96.26637436029567,94.39105537925094,94.39105537925094,9915170
2021-08-31,96.64142608642578,96.97481736641814,95.59958231076828,96.05799611562148,11386659
2021-09-01,96.18302917480469,97.26654300481309,95.64126908034525,96.68311297010936,7508413
2021-09-02,97.099853515625,97.26654599955536,95.84964080941523,95.93298705138042,5700524
2021-09-03,97.5166015625,98.26673053860918,97.09986394898505,97.5166015625,9364904
2021-09-06,97.05818176269531,98.05835578987109,96.59977423095349,98.05835578987109,7005043
2021-09-07,96.55809783935547,97.43324931746189,96.05801400568507,97.26655046696445,7723357
2021-09-08,97.71473693847656,98.18595707504424,96.3010634554853,97.5433788133795,10508654
2021-09-09,98.14311981201172,98.31447139586547,97.24350765516976,97.62905198716264,5757417
2021-09-13,98.52867889404297,98.95706445445185,97.80042474867685,98.22881030908573,6322443
2021-09-14,99.29976654052734,99.51395930418826,98.35731968774822,98.7428640476801,7369292
2021-09-15,106.41096496582031,106.96786747224189,99.3854447611551,99.3854447611551,48721413
2021-09-16,106.23960876464844,107.69611691531252,105.38283772622385,106.66799428386072,17684303
2021-09-17,106.0254135131836,106.83934336589988,104.14051988760686,106.36812322782775,15763396
2021-09-20,105.12580108642578,106.19676485681173,104.3547124010632,104.95444949782168,7431359
2021-09-21,106.32527923583984,107.43908414466438,104.61173724481375,104.78309536590272,8629222
2021-09-22,106.58230590820312,108.80990903787018,106.239596225952,106.75365748100693,11698183
2021-09-23,108.12449645996094,108.80991586748455,106.79650534576932,106.92502230176049,11053966
2021-09-24,106.45380401611328,108.55289049473099,106.19677008391157,108.38153889769279,8598140
2021-09-27,108.681396484375,109.49533282971261,106.6679860076241,107.35340539984064,8490460
2021-09-28,113.05094146728516,114.50744968960575,109.10979580396658,109.23831277338182,35900138
2021-09-29,120.50483703613281,123.58921789399844,111.8942988650601,112.57970521277416,75859390
2021-09-30,121.53300476074219,122.68963808255806,119.17688386746464,121.44732240803366,34614825
2021-10-01,119.86225128173828,123.6748924871457,117.97735779686523,120.76186339844438,22452069
2021-10-04,124.70304107666016,127.95877399812412,120.37634423848371,122.90381646726718,58612212
2021-10-05,124.57450866699219,126.67360825248694,123.54638599502297,124.703032171794,24390676
2021-10-06,122.7752914428711,126.20237556926924,122.34690592707132,125.47411496309425,14421296
2021-10-07,122.34687805175781,124.78866709151019,121.87565147708388,123.5463519933956,10035682
2021-10-08,120.89039611816406,123.2893445148756,120.20497668769437,122.98948250193078,10686586
2021-10-11,124.06043243408203,125.73113312155091,121.19024460880686,121.66147123175624,17449923
2021-10-12,123.84625244140625,125.30276054764431,123.20367418218756,125.08856779457142,16030831
2021-10-13,125.388427734375,126.15951632299378,123.97474789085848,124.66016723256772,19100941
2021-10-14,128.00157165527344,129.0297072294418,125.81681624338287,126.37371211831834,29263867
2021-10-18,128.13011169433594,129.97216420170594,127.40185108074951,129.5866198482202,25346029
2021-10-19,128.21575927734375,130.31485842986734,126.88777484799877,129.32956405610832,20234486
2021-10-20,125.3027572631836,129.0725443891369,124.48882743749911,129.0725443891369,16129487
2021-10-21,126.71646118164062,127.27337033168133,125.00291870143836,126.54510954827873,20818539
2021-10-22,124.1461181640625,126.88779594401016,123.37502945925755,126.67360318453228,11379569
2021-10-25,123.2893295288086,125.30274640983689,122.64675134209148,123.97474887596418,14079380
2021-10-26,122.68962097167969,124.78870758737459,122.0470426358574,124.48884554129802,16224116
2021-10-27,121.0617446899414,123.84625043477278,120.67620035531466,123.37502377098988,15072448
2021-10-28,117.67750549316406,121.53297510501203,116.77789330240853,121.06174842668406,19999659
2021-10-29,113.65068054199219,117.29195769636881,110.13792689586134,112.23701346431469,29217522
2021-11-01,115.0643539428711,115.92112498775728,112.15132454628491,114.12190056418085,10043407
2021-11-02,117.07775115966797,120.63335863052895,115.66408424817213,115.66408424817213,21525811
2021-11-03,117.1634292602539,119.04832276532262,116.13530671869708,118.19155180181072,9808728
2021-11-04,117.50614166259766,118.49143619213908,117.33479007106955,118.49143619213908,1026849
2021-11-08,120.2049789428711,120.4620128682805,116.9920875584748,118.83414005621327,12765483
2021-11-09,118.66279602050781,121.14742695335434,118.27725164448533,120.59053097390957,9556650
2021-11-10,117.72034454345703,118.4486052116874,117.1634485547794,118.40576404179922,5479056
2021-11-11,117.07775115966797,118.02020448285711,115.1071883311072,117.8060117342494,11418813
2021-11-12,116.90641021728516,118.40575959402315,115.36421967226825,118.40575959402315,9306659
2021-11-15,117.50614166259766,117.93452717806215,116.52086020634468,117.63466516121007,3991733
2021-11-16,115.0643539428711,118.06305259997272,114.80732001474752,117.97737026616863,5762128
2021-11-17,116.90641021728516,118.23440799419663,114.80732370450977,114.80732370450977,15264066
2021-11-18,115.92112731933594,117.89170337686703,115.44990062051279,117.0349323147482,9942974
2021-11-22,111.50874328613281,117.29194768474422,111.12319894088304,115.66408797222817,15990636
2021-11-23,114.37892150878906,114.59311424569691,109.79519170964632,111.42306435411824,11510010
2021-11-24,115.9639663696289,117.6346672955963,114.42177587131721,115.23570575081018,7570759
2021-11-25,115.83543395996094,117.12059043083319,113.35080334558967,116.09246786879292,13919886
2021-11-26,110.39495086669922,114.85015754435354,109.66669027229447,114.12189694994879,13323593
2021-11-29,108.38153839111328,110.82334112568314,107.139222976782,109.4953433765888,16077669
2021-11-30,109.02411651611328,110.90901021843351,106.83934771586739,109.49534321001553,22883512
2021-12-01,109.40965270996094,113.90770040341627,107.82462768721497,111.38022859984655,17010938
2021-12-02,110.26642608642578,111.6372649281865,108.46720827741989,109.40965507864735,12916313
2021-12-03,108.80992126464844,111.59442712378313,108.29585995182933,110.26642940707659,12827354
2021-12-06,106.53947448730469,109.32398028812945,106.23960593916007,108.80991898607523,8158812
2021-12-07,107.39624786376953,108.2958600646231,106.23960827456082,107.18205510515146,8701301
2021-12-08,109.02411651611328,109.36682624471088,106.96786468117205,106.96786468117205,12093435
2021-12-09,107.99598693847656,109.36681922827677,107.65327723186552,109.02410952166572,11518172
2021-12-10,108.0816650390625,108.55288517615216,106.58231576018392,108.03882387357976,8389566
2021-12-13,107.78179931640625,110.1807608401649,107.52476539005916,109.32398326455599,13223189
2021-12-14,108.25302124023438,109.19546809121431,107.09638162600243,107.09638162600243,11649242
2021-12-15,108.55288696289062,110.05223626644792,107.86747406039382,108.08166681804487,11916145
2021-12-16,109.15264129638672,109.83805426601084,108.16735320736687,109.28115827089276,10758513
2021-12-17,107.56759643554688,109.40964876668525,106.32527462395264,109.15262140116633,13041775
2021-12-20,104.3118896484375,107.48194035369085,102.04144474711781,106.66801035918249,14185935
2021-12-21,104.69741821289062,106.83934580756224,103.54077861909681,105.85406434332872,10168470
2021-12-22,104.9972915649414,106.15393113956185,104.22619633631307,105.42567707677448,7885198
2021-12-23,106.71083068847656,107.43908473131032,105.21148143814189,105.46850881621287,9836979
2021-12-24,103.88348388671875,107.09637514094716,103.5836153436529,106.92502355537924,8509575
2021-12-27,104.39755249023438,104.65458642322838,103.32658866383343,103.88349116089081,5097217
2021-12-28,106.32527923583984,106.75366473359635,104.48322028815801,104.52606145259124,6511374
2021-12-29,105.51136016845703,106.882192593794,104.69742371769989,106.75367562402765,8960770
2021-12-30,108.7242431640625,109.53817301405338,104.74025663503305,105.59702765045253,32394253
2021-12-31,106.58230590820312,108.63855746506637,106.239596225952,108.63855746506637,9155163
2022-01-03,107.95316314697266,108.42438988647856,106.83935805540143,107.43910177264941,9034081
2022-01-04,113.86487579345703,114.2075920829471,108.59573867296062,108.80993145140827,33986738
2022-01-05,113.09376525878906,113.82202579469462,111.97996041052234,113.60783305746207,16122852
2022-01-06,112.15132141113281,113.39364985011981,110.78049562160909,113.39364985011981,8037648
2022-01-07,112.53688049316406,113.26512802775414,110.90900768534391,112.49403932682618,8820039
2022-01-10,112.96527099609375,113.35081536357511,112.0228175882157,113.05094025926236,7324926
2022-01-11,113.3508071899414,114.80731529167065,112.23700226275264,113.22228369452263,11971883
2022-01-12,114.67879486083984,114.97865684407,113.39363845854407,114.25040939340792,10439580
2022-01-13,115.62123107910156,117.0777390037506,114.37891588082111,115.15000446643339,15114699
2022-01-14,115.9639663696289,116.64937274817751,114.2075831096986,115.15002341684728,9344382
2022-01-17,117.03491973876953,117.67749796631045,115.1928543091797,115.3642058885331,9803141
2022-01-18,115.66410064697266,118.0202212157073,115.15003274811467,117.03493966173416,6473378
2022-01-19,115.49273681640625,115.92112232902402,113.9077051904052,114.89299971339906,21136414
2022-01-20,115.57840728759766,116.82073574585428,114.93582901192913,115.23570410322317,8466412
2022-01-21,114.89299011230469,116.60653201958269,113.56499251950679,114.85014894996529,12437749
2022-01-24,113.60784149169922,115.87827944560657,112.23700264232504,113.9505446673987,14284658
2022-01-25,115.92112731933594,116.22098934710418,112.2798503053309,112.40836073533316,10007486
2022-01-27,115.66410064697266,116.52087176287617,114.07906885323528,114.97868113959191,18760325
2022-01-28,120.07645416259766,123.37502784470547,118.23440168450941,119.9479437379081,34009553
2022-01-31,121.70433807373047,122.86097122144803,118.70563920638268,121.66149690382473,27928927
2022-02-01,120.9332275390625,123.50354066910242,120.33349042337758,123.37503024191588,17413984
2022-02-02,120.9332275390625,122.30406643773257,120.5905243510393,121.6614881552226,10783943
2022-02-03,120.49234008789062,122.211780589316,120.1837325666756,121.2418404836182,9571728
2022-02-04,118.33203887939453,121.1977552363506,118.06750852476097,120.80096643168662,7213085
2022-02-07,119.16971588134766,120.22783737764307,118.3320475755919,118.3320475755919,10562489
2022-02-08,119.03743743896484,119.61057527443498,117.09757077902194,119.43422620618044,8721631
2022-02-09,119.08153533935547,119.56650539759049,118.02342741066141,119.30197505177391,5144026
2022-02-10,120.31598663330078,120.6686982291635,118.42021057836094,119.16969749224735,6081460
2022-02-11,120.9332275390625,121.41819762411848,118.55248120419213,118.55248120419213,8426925
2022-02-14,116.83305358886719,120.31599853324335,116.21582505327456,118.77292046697528,7705072
2022-02-15,119.34607696533203,119.74286579427381,115.20179921650538,116.48036043303514,12674466
2022-02-16,117.45026397705078,120.53641963274055,117.14165648422434,118.94925117604306,12946623
2022-02-17,117.0534896850586,118.94926586875029,116.78895933383886,118.5965677035057,5811964
2022-02-18,116.7008056640625,118.24388386953214,116.3040033618538,117.05350387205445,6760078
2022-02-21,116.34807586669922,118.28794261744262,115.64266610609104,116.74486465248754,12212740
2022-02-22,116.48033905029297,116.83303717692317,112.77694817510597,115.55448964967484,13578566
2022-02-23,114.80500793457031,117.67072440563656,114.49640038735329,116.39217667099858,9263264
2022-02-24,109.69081115722656,113.746900849825,109.0294919662392,111.98338300719205,18045779
2022-02-25,114.93726348876953,115.51040131959547,110.21984858740026,110.21984858740026,10424521
2022-02-28,117.7148208618164,118.1116097018965,113.57055645122904,113.70281491306443,13262687
2022-03-02,115.46632385253906,119.03745004479757,115.0254444079287,117.09758317942656,12587947
2022-03-03,116.48033905029297,117.67070531859821,114.84907994184334,116.48033905029297,15628119
2022-03-04,114.80500793457031,117.58255658696311,114.40821911410656,116.39217667099858,15883138
2022-03-07,114.67274475097656,115.06953355507953,111.89520294039667,113.74689523835448,14985637
2022-03-08,117.93524932861328,119.74285771017198,115.06953298978716,115.06953298978716,28572640
2022-03-09,115.9512939453125,118.11160053322693,115.59859577141447,118.11160053322693,14286413
2022-03-10,117.22984313964844,119.03745157672819,116.34808423908008,117.1857525037054,13101323
2022-03-11,116.34807586669922,117.62662348960473,115.9512870809109,117.18574407104613,8669803
2022-03-14,116.52444458007812,117.1857638193625,115.28998738191036,116.34809547385049,5670284
2022-03-15,115.55451202392578,117.22984863166303,115.20180037443066,115.77495175939508,6895190
2022-03-16,117.0534896850586,117.27392940197961,115.99538173475224,116.74486869954015,5561866
2022-03-17,117.18575286865234,118.42022340603634,116.30399396533797,117.71481359247022,13995384
2022-03-21,117.18575286865234,117.62663232030954,116.12764487558971,117.18575286865234,9172207
2022-03-22,117.14167785644531,118.28795368832296,116.17173766300832,117.53846667937015,10343712
2022-03-23,117.67072296142578,117.93525332334605,116.56852433223563,117.1857528736675,11892811
2022-03-24,119.39015197753906,119.65468234354833,117.58255696138453,117.7148154171025,11276181
2022-03-25,118.8170166015625,120.05147372987916,118.33204649594752,119.9192152713358,7266868
2022-03-28,118.86112213134766,119.47835077283841,117.97936308505365,119.47835077283841,7778682
2022-03-29,118.46430969238281,119.30197792885963,118.06750743680252,119.03744757666362,5116935
2022-03-30,119.302001953125,119.87513995282063,117.67074233156768,119.03747154765958,24047012
2022-03-31,119.03743743896484,119.56649809829995,118.42020897278822,118.42020897278822,11615450
2022-04-01,126.0474624633789,126.48834201970733,120.62464930236992,121.68275754664285,32589741
2022-04-04,127.23780059814453,128.73678790336524,124.76887320771357,125.07749417698189,15437496
2022-04-05,131.4702606201172,132.79289900279613,127.63460392851887,128.2077418458504,23958626
2022-04-06,134.9091339111328,136.93718240594072,130.7648690897451,132.5724778232603,52737388
2022-04-07,135.3500213623047,139.31793729800742,134.2037318455198,134.86505116813692,37738903
2022-04-08,134.0714569091797,136.58446195397568,133.32195638703078,136.58446195397568,17585569
2022-04-11,134.99728393554688,136.31992219701374,133.8950853843245,134.42413261616792,15583159
2022-04-12,134.556396484375,135.4381552727272,133.01331860475864,134.6445642904674,11306524
2022-04-13,135.74679565429688,137.73075340861143,134.68868754291069,134.9532179344009,19454061
2022-04-18,143.90306091308594,144.38803103648974,136.23176058099335,136.58445878642843,82098517
2022-04-19,141.65457153320312,146.68060836854414,140.6405541110969,145.40204711296587,38522118
2022-04-20,141.5222930908203,143.90303925563933,140.19965483763508,142.97718978749526,20047692
2022-04-21,143.462158203125,144.07938668999688,141.39003303615706,142.49223156791828,21966151
2022-04-22,141.4781951904297,143.7266827962547,140.94914798907587,142.1836049134728,9922564
2022-04-25,137.64259338378906,141.8750260692601,137.0253512837971,139.84699101354497,12008027
2022-04-26,138.4361572265625,139.71470503232612,137.55439826333597,138.965217986328,11735823
2022-04-27,137.24575805664062,140.72871623810724,136.84896926957683,138.25978879532826,17873048
2022-04-28,140.81687927246094,141.16959086921992,136.89305525869761,139.31789198630742,29123808
2022-04-29,137.73072814941406,141.96317327332196,137.2898487293106,141.4341125873689,28941216
2022-05-02,138.8770294189453,139.62652988017848,134.90911429268974,136.31993394163214,13368198
2022-05-04,139.89105224609375,142.75676883790436,138.7006857345475,139.31791430956116,24511385
2022-05-05,139.6706085205078,141.74274737879233,138.4361514057256,140.72872999554792,33396072
2022-05-06,140.19967651367188,141.39005650741007,137.5984902378236,137.95118844470758,22604305
2022-05-09,140.19967651367188,140.905086382014,137.51030895881553,140.15558587416783,22958742
2022-05-10,137.0694122314453,142.18361631541023,136.23174400453257,140.15556824449297,20322427
2022-05-11,134.51229858398438,138.39203166121553,132.30790173224608,135.83493669502735,13794764
2022-05-12,130.9852752685547,134.90909932264537,130.50030522713408,133.23376294817982,11818556
2022-05-13,127.10555267333984,132.26384813233048,126.53241471326284,132.26384813233048,22913410
2022-05-16,130.7207489013672,131.29388676935878,124.90113513674555,126.44421311703151,16286682
2022-05-17,132.70472717285156,132.92516691898587,129.00134212871012,130.0594502192399,13925542
2022-05-18,130.94119262695312,133.05740854010514,129.7949034012572,132.70471037277068,17611218
2022-05-19,130.5003204345703,130.98529053250536,128.5163628603961,130.0594409736427,11701170
2022-05-20,131.9111328125,133.10149921857598,130.19169224610252,133.10149921857598,17841739
2022-05-23,132.39608764648438,136.98124448904497,130.85300963916137,136.14356280712593,26055890
2022-05-24,129.53038024902344,133.89509767621328,129.0013329686122,132.39609674528126,16581141
2022-05-25,134.60049438476562,135.04137384682457,129.97126003314673,130.85301895726462,19926619
2022-05-26,135.92315673828125,136.7608386275605,132.79292276936715,135.04139765868274,22698086
2022-05-27,132.66061401367188,136.67261940319625,131.82294581146994,136.67261940319625,10245727
2022-05-30,133.05743408203125,134.46825393133767,131.2057481662137,132.3079469689296,12513990
2022-05-31,137.55438232421875,139.31790004632413,132.57245014110006,133.23376928688958,124665699
2022-06-01,138.25979614257812,141.25777097589986,137.77482606391857,137.9511751503658,16084988
2022-06-02,140.24374389648438,140.46418360287478,136.0112988428744,137.11349737482638,17646975
2022-06-03,136.67262268066406,140.59644689896865,136.40809233294829,140.1996581046812,14063328
2022-06-06,136.84896850585938,139.89103379580106,136.31992127758414,137.37802918870665,18485464
2022-06-07,138.65658569335938,139.05337450363405,135.34998985011552,136.8489772748048,14911957
2022-06-08,138.4802703857422,140.86101728270364,137.6426019253675,137.6426019253675,16416591
2022-06-09,136.8048858642578,139.31790407271504,136.4080970562311,136.93715776998195,13821409
2022-06-10,136.89306640625,138.08344627856826,135.79086780394525,135.87904907395875,7908849
2022-06-13,131.29391479492188,136.58446899949215,130.2798972875426,135.79089125063663,19208167
2022-06-14,133.498291015625,134.42414054417054,131.29389378317035,131.29389378317035,17034328
2022-06-15,130.63255310058594,135.5263168416344,130.10350592466523,134.51229966352497,15172295
2022-06-16,126.0474624633789,132.39612538359285,125.20979399727018,132.35204819162104,18494040
2022-06-17,123.8430404663086,127.37007622728326,123.04946280191875,124.41619185021118,21387729
2022-06-20,121.02141571044922,124.68070996576624,119.03745807585169,123.8430416554065,16578770
2022-06-21,123.40216827392578,124.54845765476058,121.46230118189926,121.85909003749511,51398446
2022-06-22,121.37410736083984,123.40215552438896,120.40418064232372,123.40215552438896,8317317
2022-06-23,120.36007690429688,122.6967323561414,119.6105765380825,121.59453384969179,11257409
2022-06-24,120.44829559326172,121.59457163249172,118.99338503992428,121.59457163249172,21879039
2022-06-27,122.12361907958984,122.60858921089297,120.58054086017265,121.02142035143471,12872030
2022-06-28,122.2117919921875,122.82902054677969,120.93323079140744,122.12361071814288,14272044
2022-06-29,124.98933410644531,126.17971409881255,120.62462989205571,121.50638886282428,53487394
2022-06-30,126.00336456298828,126.92921426889332,124.46028620467176,125.47431719859651,19270932
2022-07-01,124.01940155029297,126.26788975615224,123.22582380920144,125.20978161650523,9592229
2022-07-04,124.6806869506836,125.38609667035323,122.87309220315501,122.87309220315501,17526429
2022-07-05,124.19573211669922,127.19370664895341,123.62258082508755,124.68068869208481,11370649
2022-07-06,122.52039337158203,125.20976063961506,120.00738864275591,124.76888120074318,15929985
2022-07-07,123.8430404663086,125.87108871978376,123.00537216399184,123.44625163411366,18144208
2022-07-08,126.70874786376953,127.14962730202522,124.32800158810338,124.32800158810338,15375888
2022-07-11,127.6786880493164,129.61855488732786,126.6205800880895,126.97327825697423,16779135
2022-07-12,129.70672607421875,130.5884848824607,127.01735901816649,127.01735901816649,19138561
2022-07-13,131.02938842773438,131.69070765575879,130.05944817813557,130.27988792081038,13644449
2022-07-14,130.7648468017578,131.64660569663874,129.618557547498,131.38207533725986,9775869
2022-07-15,132.04339599609375,132.39609417619062,130.63257636656,130.8971067289192,11518139
2022-07-18,132.0874786376953,133.6305566277278,131.64659921197173,133.49828472726733,8286352
2022-07-19,132.92514038085938,133.3219291537685,131.6025021681145,132.08747220370196,6798359
2022-07-20,132.7488250732422,134.24781273802265,132.39611338739232,134.1155542649384,7271345
2022-07-21,133.01333618164062,133.36603436175983,132.2638357306709,133.14559463554204,7521568
2022-07-22,131.33799743652344,133.4983042475369,130.63258756130546,133.14560603721506,6800124
2022-07-25,132.35202026367188,132.6606278152359,129.92718321553684,131.5584291569927,7996687
2022-07-26,132.2638397216797,133.10150801566894,131.51433924809407,132.2638397216797,5774871
2022-07-27,131.99929809570312,132.7487985053786,131.42616022094356,131.86703964908858,5403197
2022-07-28,132.5724639892578,133.10151128840877,131.42617465923658,132.30793361239537,6030744
2022-07-29,134.8650360107422,136.18767450732594,132.66063851643594,133.1015180152972,11771461
2022-08-01,137.99526977539062,139.05337777923936,133.14559575772512,134.82093230927117,14221965
2022-08-02,140.6846160888672,141.16958610895017,138.0393397479467,138.52430976802972,18278835
2022-08-03,140.7728271484375,141.91911660596296,138.6125201638176,141.1255388416782,10147608
2022-08-04,136.40811157226562,141.52231634932429,134.95321463648546,140.81690647411372,15754128
2022-08-05,137.2017059326172,138.56842162045956,134.90912714826777,136.14358436779463,33864055
2022-08-08,140.55235290527344,141.08141358805747,136.62852878077,137.11349883089335,16964235
2022-08-10,139.96823120117188,141.22636712016612,139.2942268775707,141.00169901229907,14055597
2022-08-11,138.08102416992188,140.9567871406696,137.36209713988904,140.3726417879503,15810624
2022-08-12,142.43960571289062,142.88894200851487,137.13744290958655,138.12597453236663,17998843
2022-08-16,142.66424560546875,143.60785438192525,141.04663251906516,142.88891370878443,8309725
2022-08-17,145.0906524658203,147.06772895189545,142.88890788558544,142.88890788558544,19674110
2022-08-18,144.50653076171875,146.16906654429786,143.69771733998962,145.09066236131216,9585888
2022-08-19,141.7655792236328,145.2703962994093,141.22637026767333,144.73120105610317,9599472
2022-08-22,140.64224243164062,142.84398725433363,140.19290619383986,141.3611831546526,11400211
2022-08-23,142.5743865966797,143.06865921406055,139.87836909749768,140.59730983981038,14362373
2022-08-24,144.50653076171875,146.48360738263472,141.99024519298337,142.79904490205934,20602844
2022-08-25,142.7990264892578,145.5399798140516,142.39462668686397,145.00078464841027,12889454
2022-08-26,146.84307861328125,148.01135558670458,142.79905242942235,142.8889251630141,30724938
2022-08-29,144.64134216308594,146.84308713735376,144.41667402871872,145.40521930499636,10928330
2022-08-30,147.3822784423828,148.68535072266596,145.18053373257294,145.40520183995463,24663153
2022-09-01,144.41664123535156,147.60693076146296,144.05717778705093,145.13558184460436,14554158
2022-09-02,145.4051971435547,149.53908195826668,144.91092458074874,146.48360128162508,25106698
2022-09-05,147.83163452148438,148.37084353671588,145.76468491330346,146.12416216100942,15226001
2022-09-06,151.38136291503906,151.7408401023399,148.10121414275295,148.99988654202613,27866331
2022-09-07,150.34793090820312,152.90913962784313,149.76378548211775,151.4263353013492,19415892
2022-09-08,149.89857482910156,152.0553833308971,149.13469772369473,150.97697907999932,11595205
2022-09-09,149.71884155273438,152.19019088758492,149.1346962096319,150.66243669228146,16415150
2022-09-12,149.53909301757812,151.06684718153807,148.73029328237288,150.48270185041997,15469466
2022-09-13,150.437744140625,151.8306890093191,148.86506754656915,150.0333443303981,15644741
2022-09-14,154.88621520996094,155.51528323509714,148.2809666643943,148.2809666643943,38751148
2022-09-15,157.35755920410156,158.30115435279612,155.15580062340354,156.72847748809983,29483891
2022-09-16,155.2906036376953,156.99807582451362,153.94259494936924,156.32407148035057,26126152
2022-09-19,153.67300415039062,156.45889450601516,153.26860425042054,155.91968549761856,13304030
2022-09-20,154.48178100585938,155.60512151262873,153.5831086004439,154.48178100585938,15395199
2022-09-21,151.51620483398438,154.61662254076393,151.11179119655853,153.6730135745296,7370283
2022-09-22,151.5610809326172,152.45975325054,149.94348173047726,150.07827709310513,7447846
2022-09-23,147.3373260498047,151.42628790185086,146.16904927598412,150.2130747689119,12264388
2022-09-26,142.52944946289062,147.24747960717565,140.73210464602013,145.98933000777467,21951865
2022-09-27,142.88893127441406,145.27040797725917,141.5409224888064,143.24839479884764,8367800
2022-09-28,141.9453125,143.29332119176192,139.29423148206558,141.8105171158852,14261815
2022-09-29,143.38316345214844,145.31530334800752,141.99021869081602,142.6642228934623,17623352
2022-09-30,143.4730682373047,145.18055432316575,141.4510549840925,143.7876091173108,12015533
2022-10-03,144.10211181640625,147.47213301218142,142.8439623423927,143.65277565696957,10528629
2022-10-04,146.07920837402344,147.38228067403762,145.00080418479283,145.5399994230815,9013773
2022-10-06,146.39376831054688,148.3708590986605,145.94443198827673,147.60698186573876,6456408
2022-10-07,147.65187072753906,148.1461432655153,145.00079002176892,146.5734666436421,8825983
2022-10-10,147.3373260498047,148.82014362480245,145.450122380696,146.21398563510252,10484521
2022-10-11,144.731201171875,147.7417456592057,144.0571968327132,147.7417456592057,13805741
2022-10-12,148.2809600830078,148.55056457114406,144.82106552934275,145.49506989335643,12496248
2022-10-13,148.05625915527344,149.89854008456118,147.60692301216184,148.1461318689561,9447511
2022-10-14,148.37081909179688,150.52762737206695,148.14615099124157,149.40428686929033,9588164
2022-10-17,151.38136291503906,151.920571839664,147.38227348080386,148.3708186050654,13426449
2022-10-18,150.03335571289062,152.28003673198947,149.53908314615833,151.8307005281697,20635735
2022-10-19,147.42724609375,151.0668729482741,147.24751431223217,149.62899127081945,6947654
2022-10-20,150.03335571289062,150.88709175761764,145.1355938337857,147.38227485288454,12020720
2022-10-21,148.32589721679688,151.38137819773047,147.83162460476686,150.5276420747626,7414335
2022-10-24,150.03335571289062,150.93202812053016,149.4042877700735,150.03335571289062,685185
2022-10-25,152.190185546875,152.50471267813523,148.6853547492146,150.48269965694197,8131380
2022-10-27,153.3584442138672,154.1223212620347,150.572567917189,152.6844398934793,16225577
2022-10-28,156.41395568847656,156.9980873445516,152.68445648285643,153.35846087647585,16185760
2022-10-31,155.5602264404297,156.36902626362777,151.92059981072802,152.68446326315842,24233760
2022-11-01,163.37863159179688,164.4120992815254,155.91964854426706,156.36898470721886,41101936
2022-11-02,162.61477661132812,164.18745339424746,161.76104052884543,163.46851269381082,22146420
2022-11-03,160.09849548339844,163.4235946016174,159.2896957432474,161.17691342047146,16719953
2022-11-04,159.02008056640625,161.3116979596166,158.48088534677913,160.90729811673307,14881752
2022-11-07,158.03155517578125,161.31170411989893,157.13288272943083,159.82890006848208,12799401
2022-11-09,155.82980346679688,159.73903426293447,154.79633559375787,159.73903426293447,14929008
2022-11-10,154.66152954101562,156.54873340242736,153.26858454231578,155.91966544862345,10668583
2022-11-11,154.07737731933594,156.00953117033364,152.45976428744206,155.47032225548492,16963169
2022-11-14,154.07737731933594,155.82978572361586,153.76285021288444,154.88619069160904,10224241
2022-11-15,154.66152954101562,156.50379703873003,154.03244787455876,154.84126128315205,13899999
2022-11-16,152.72938537597656,155.42540281849213,152.01044464877498,154.6615394373717,9781274
2022-11-17,151.24655151367188,153.49323227378983,150.5276109279039,152.72935533028928,12778124
2022-11-18,149.04483032226562,151.9205794005312,148.3708259892665,151.4712431785318,11134908
2022-11-21,147.74176025390625,149.35937357022152,147.51709211865844,148.28096926356292,12788632
2022-11-22,150.1232147216797,150.52761452563618,148.14613834805238,148.50560179320226,15198091
2022-11-23,151.0219268798828,151.2016586498628,149.40431352475298,150.84219510990286,12004998
2022-11-24,152.32496643066406,152.7743026148253,150.61749441591215,151.60602579347565,10986350
2022-11-25,152.54966735839844,153.89767620103524,151.5161993974389,152.99900363927736,12358833
2022-11-28,153.1337890625,154.48179781732009,152.2351165592866,152.77432554627632,5471921
2022-11-29,152.9091033935547,154.2121893438354,151.9205719810259,153.67298041870873,7693168
2022-11-30,154.75140380859375,155.33554916892865,152.54965889694193,152.8641997611726,9133076
2022-12-01,154.75140380859375,156.05447620833425,153.53820414510608,155.9196808166093,9214914
2022-12-02,154.7064666748047,155.33554840015262,153.80779416734103,154.9311348016706,6376672
2022-12-05,157.4024658203125,157.8518020215839,154.03244431077695,155.51526200256416,9861212
2022-12-06,157.44741821289062,158.16635895065167,156.23421857353202,157.80689543809817,7008295
2022-12-07,154.43685913085938,157.26767173706546,153.94258656286948,156.45887205319306,7718718
2022-12-08,153.08888244628906,154.97608667316342,152.77434155214888,154.43689134233745,4225180
2022-12-09,152.32496643066406,154.34697925938968,150.97695787818031,153.8527067142819,6174919
2022-12-12,151.7857666015625,152.77431175089416,150.57256705936774,152.77431175089416,7153044
2022-12-13,152.05538940429688,152.77433017116266,151.0219214793773,152.549662038558,5166993
2022-12-14,154.21221923828125,156.09942341675895,152.28006497590127,152.729401263061,8562333
2022-12-15,154.66152954101562,156.4139380239883,154.30205234408987,154.57165681362096,10644546
2022-12-16,152.5945587158203,155.56018003733672,151.92055449332344,154.48176231122093,9433166
2022-12-19,154.3919219970703,154.79632183698766,152.3249727220285,152.59457718619092,7706855
2022-12-20,152.54966735839844,154.0774079708558,151.47126302682,153.80780345979744,7387632
2022-12-21,150.93206787109375,153.71795855354978,149.71886802885487,152.77434953448198,8454254
2022-12-22,149.08975219726562,151.56110140538135,147.87655263178254,151.4263060245454,6979001
2022-12-23,146.48361206054688,149.49417030881588,145.8994804422994,147.65188900969545,5313321
2022-12-26,148.8651123046875,150.75233027003037,145.4950900184722,145.5849627645003,8321609
2022-12-27,148.460693359375,151.15671084306578,147.87656172297028,150.07830659212027,9244387
2022-12-28,149.04483032226562,150.61750709926358,148.10122151353622,148.28095325980533,9652984
2022-12-29,149.85362243652344,150.43775401043536,147.38227334086864,148.28094573928854,19571340
2022-12-30,149.5840301513672,150.79724347305685,149.17963028168853,149.85363463537087,8626291
2023-01-02,150.97695922851562,151.47123177804417,149.53907794127838,150.12322321350388,7322962
2023-01-03,150.61752319335938,152.05539102980757,149.89858241880793,150.97698672430775,9629995
2023-01-04,149.71884155273438,151.42631378993318,148.01135560288165,150.84218215948462,11995082
2023-01-05,152.6844482421875,153.08886182665577,150.21309893229972,150.97697602223562,18887530
2023-01-06,151.87562561035156,154.70643799909328,151.47122579948154,153.17869776211123,13216749
2023-01-09,153.1337890625,153.6729980494897,152.28005292697813,152.99899367207968,6012344
2023-01-10,150.93206787109375,153.40341764297506,150.2131270131061,153.13381310714766,7557693
2023-01-11,149.22454833984375,151.69589733347584,148.73027579858692,151.3813565219528,8463293
2023-01-12,149.1346893310547,150.2580298859928,148.7752258385358,149.98842541027702,7628932
2023-01-13,150.79725646972656,151.11178363429406,148.73030686442712,149.359374906217,5090393
2023-01-16,149.1346893310547,151.5611021871904,147.96641241138838,151.5611021871904,10321015
2023-01-17,150.70733642578125,151.15667255925862,148.99986460362746,149.71880515972137,13015434
2023-01-18,152.280029296875,152.5046973878154,150.16815746962644,150.52762093007027,5536057
2023-01-19,151.60604858398438,153.13378909726313,150.3479125642617,153.13378909726313,6812613
2023-01-20,151.60604858398438,152.68445284555443,150.66243971286528,152.68445284555443,8545359
2023-01-23,149.94349670410156,152.32497309935488,149.17961967252452,152.23510037352722,7787735
2023-01-24,149.22454833984375,150.57255688182488,148.64040307739404,150.25801607030184,7033092
2023-01-25,149.08975219726562,149.71883387490854,147.7417435382934,149.17962492625838,9257370
2023-01-27,149.44923400878906,150.1232383590578,147.38228459210083,149.4042976429071,13756671
2023-01-30,151.74082946777344,154.79630992610174,150.16815287926443,150.61748904740986,30768122
2023-01-31,153.8077850341797,155.1557937153299,150.39284067872183,152.6395218139722,24990701
2023-02-01,152.77432250976562,156.18928069663235,150.25803680825047,154.79633560180665,13878016
2023-02-02,149.98843383789062,153.53820116107352,148.73029783072855,152.77432405573325,19898080
2023-02-03,152.66265869140625,153.49259199560794,149.89619558278866,151.6943937891983,11730514
2023-02-06,153.12374877929688,153.86147515128528,151.279439884806,151.69440657187442,7588936
2023-02-07,152.3860321044922,154.64530782982195,151.50998813805344,153.53872523690137,8699758
2023-02-08,152.61654663085938,152.8470852209362,151.32553615481268,152.70876769527365,8839686
2023-02-09,153.07765197753906,153.67704679364485,151.8327377336745,153.0315414368475,5507650
2023-02-10,152.15550231933594,152.89322878113722,151.3255688441607,152.2477234036718,9468345
2023-02-13,154.7836456298828,155.10639127727023,151.97107146028642,152.2477206373054,9829152
2023-02-14,153.12374877929688,155.38302436085615,152.01716625679438,155.38302436085615,12916373
2023-02-15,152.89320373535156,153.53870900707528,151.4177510534463,153.07763180284982,11855678
2023-02-16,154.36865234375,154.64530149839396,152.7087855578073,153.07764171669223,7923121
2023-02-17,154.9680633544922,156.44350208159432,153.49261055642936,153.9997983351985,10182025
2023-02-20,154.82972717285156,156.76625715431845,154.23033240623388,154.64529909627385,6679716
2023-02-21,159.7632598876953,160.68541434592154,155.8902139773372,155.8902139773372,26883881
2023-02-22,157.22735595703125,159.71717050990028,155.38304679624494,159.486631864802,12225021
2023-02-23,156.39739990234375,158.2878052626842,155.84410160553765,157.6422999637172,11184381
2023-02-24,157.68844604492188,157.8728741617759,156.212992968163,156.99683005349678,8338893
2023-02-27,158.97943115234375,159.99380673698573,157.22734321991967,157.82673802023288,17669762
2023-02-28,157.22735595703125,159.53274240801412,156.62796110816058,159.34831430612792,19044910
2023-03-01,158.84112548828125,159.57885196221605,156.72016715232948,157.64232172700747,9318790
2023-03-02,157.5039825439453,158.7949931428543,156.99679478331672,158.7949931428543,7725981
2023-03-03,159.16387939453125,161.37704466440124,158.14950377111322,158.61058104158295,12962719
2023-03-06,163.0369110107422,163.6824163172378,159.25607210404436,159.44050018147735,12402804
2023-03-08,164.9273223876953,165.20395745481795,161.7919889410286,162.0225275442706,22099710
2023-03-09,165.48060607910156,168.01653070688957,164.14348499864164,164.51234113429967,18874546
2023-03-10,166.67941284179688,166.90995144877033,163.95906009370228,164.14348816508905,12399692
2023-03-13,165.71115112304688,167.4171424764387,165.48061251155934,167.18660386495117,13669178
2023-03-14,164.05128479003906,166.90996945325844,163.4057794350751,164.74290068556363,9217542
2023-03-15,164.3279266357422,165.5728408205654,163.91295993112138,165.480619743556,8548173
2023-03-16,165.6189422607422,165.98779840659506,163.17522456384685,164.32791760833712,9405016
2023-03-17,163.17523193359375,167.55546570048827,162.20696691829863,167.55546570048827,47276890
2023-03-20,162.29920959472656,163.7285520388726,161.3309444505655,163.7285520388726,5627841
2023-03-21,163.3135528564453,163.72851952984584,161.65367209188346,163.08301425222726,12894327
2023-03-22,160.77764892578125,163.9590792597164,160.27046111695992,163.9590792597164,7893205
2023-03-23,161.00819396972656,162.16088718522872,160.17824641198774,160.50100614071317,5759884
2023-03-24,159.25607299804688,161.56145915630165,158.93332737846748,161.56145915630165,4977283
2023-03-27,157.91896057128906,160.40877494566604,157.41177277424012,159.20997126290342,12077986
2023-03-28,158.61058044433594,159.532734981803,157.22734863813534,158.01118562336697,8750986
2023-03-29,160.45489501953125,161.7459057878553,158.33393669645997,159.20998072289146,20272070
2023-03-31,161.46926879882812,163.4518954709371,161.00819151964353,161.192619617125,8125121
2023-04-03,163.95907592773438,164.23572509701134,161.7920071845196,161.9303388046387,9098662
2023-04-05,162.20697021484375,164.42014944777705,161.51535434285728,164.42014944777705,10829323
2023-04-06,161.5614776611328,162.85250250020238,161.23873200458698,162.6680603296481,7159274
2023-04-10,163.77464294433594,164.14349911170825,161.56146372721955,162.1608725879006,10968456
2023-04-11,164.2357177734375,165.75726703017025,162.80637552171123,164.2357177734375,9208605
2023-04-12,162.11474609375,164.42013209033072,161.65366889443385,164.14348295654915,7591360
2023-04-13,159.5788116455078,162.39138520188683,158.88719588923226,162.29916413933333,9944382
2023-04-17,156.39739990234375,160.40876330582734,156.07464021738016,158.93332463261137,17401126
2023-04-18,156.85848999023438,157.45788480179812,155.84411438655275,156.7662689095501,16199789
2023-04-19,154.09202575683594,156.72015769346973,153.8153765869373,155.61357508483647,16314641
2023-04-20,156.48960876464844,156.95068599381415,153.8153664638715,154.09201561556299,15498083
2023-04-21,156.48960876464844,156.7201473792313,155.29080515462553,156.4434982275398,6672391
2023-04-24,157.64231872558594,157.91896790691453,155.10639369350412,155.38304287483268,8088991
2023-04-25,157.7806396484375,159.02553977352355,157.08902377751383,157.9650677331583,9175412
2023-04-26,156.62796020507812,158.3339377263918,156.3052004754166,157.78065342392338,9032416
2023-04-27,157.64231872558594,158.01118899101132,155.65969205616125,156.7662747105137,9054900
2023-04-28,158.61058044433594,159.07165771306947,156.3974151827996,158.51835936220462,21552892
2023-05-02,161.93032836914062,162.29918452376504,159.1177544595083,159.20996146268422,8893428
2023-05-03,162.62196350097656,164.74290774807403,161.46927029235314,161.93034757580253,11194149
2023-05-04,162.62196350097656,163.63632508198796,161.19262110809112,162.71417051508922,4671155
2023-05-05,160.68544006347656,162.6680668375964,159.5327468062063,162.62197036407568,5958697
2023-05-08,163.2674560546875,163.7285333019072,160.91595927967487,161.19260844219886,6287186
2023-05-09,162.29920959472656,164.74291365626215,161.561483100558,163.4057923004981,7918748
2023-05-10,163.2674560546875,163.5441052172115,161.3309259879804,162.29919102133394,6231734
2023-05-11,165.5728302001953,165.98779687819882,163.17522306134848,163.77463188154013,12125975
2023-05-12,161.3309326171875,165.29619992040486,160.91596589183067,165.15788236893974,8920297
2023-05-15,162.25308227539062,162.99080869328654,160.31656625824505,160.45488380555506,7980565
2023-05-16,163.63632202148438,164.1435098379851,161.8381234638561,163.12913420498364,7874923
2023-05-17,162.29920959472656,164.00520123305614,161.42316553894753,163.63633095049062,6639494
2023-05-18,161.46926879882812,163.86686220801084,161.0542879907925,163.22135683134482,6921939
2023-05-19,159.80938720703125,161.69980685910775,159.4866274843736,161.3770471364501,6657753
2023-05-22,160.547119140625,163.2674723566514,159.67106102666602,159.80939265722063,13339834
2023-05-23,160.5932159423828,161.97644782499063,159.3483156906132,161.33094242729945,8359389
2023-05-24,161.3309326171875,161.6536923318881,159.9477008186904,160.45488862566498,8507023
2023-05-25,160.9159698486328,161.884234945582,159.90159420974095,161.33093658419338,7986243
2023-05-26,160.9159698486328,163.45189487490066,160.54711365501495,161.37704712613606,6926193
2023-05-29,162.5758514404297,163.95908327786222,161.19261960299715,161.33093715835565,9943211
2023-05-30,163.0369110107422,164.14349354630045,161.9303284751839,163.22133908817517,9727639
2023-05-31,160.3165740966797,163.22135529990342,158.56447200964038,163.22135529990342,41785992
2023-06-01,160.82371520996094,161.10036433293428,158.47223284208482,160.08600297664393,11602551
2023-06-02,160.96206665039062,162.20696675080404,159.9015805600822,162.20696675080404,7262018
2023-06-05,160.547119140625,162.48363532972886,160.03993130384936,162.11477912350782,12239684
2023-06-06,161.7458953857422,162.0686550925471,160.03991798523944,160.91596195533126,4889564
2023-06-07,163.5441131591797,164.1435079812885,161.74590055093,162.25308836169373,6270083
2023-06-08,167.87823486328125,169.9991930947375,164.235727286955,164.83512210257982,27382635
2023-06-09,168.56983947753906,169.90696064125643,166.49499192561055,169.67642202437548,10235269
2023-06-12,171.24407958984375,171.93569543154018,168.4315056860862,168.5698372970017,17450400
2023-06-13,170.9213409423828,172.12013052676974,170.59858124137963,171.52073573457628,8332566
2023-06-14,172.6273193359375,173.73390192014355,170.92134195598342,170.92134195598342,15061573
2023-06-15,172.16624450683594,172.71954284219746,170.92134435871426,172.4428936745167,9840499
2023-06-16,173.54945373535156,174.01053093128553,171.56682742121927,172.3506502117314,8562558
2023-06-19,171.38241577148438,173.54947035735177,170.78300691678518,173.54947035735177,5363723
2023-06-20,172.90396118164062,173.36503841145833,170.18360833990823,171.52072949218748,6035600
2023-06-21,172.90396118164062,174.01054371901105,171.98180672200522,172.90396118164062,5906854
2023-06-22,170.13748168945312,173.31891145969826,169.07700978969112,172.90394480635482,6683123
2023-06-23,172.16624450683594,172.9039709303309,169.44589151172428,170.18361793521927,15255365
2023-06-26,170.50637817382812,172.8117646503318,170.09141142224993,172.8117646503318,7231775
2023-06-27,171.5668487548828,172.39678218237916,170.41415562171503,170.5063626297918,6787438
2023-06-28,174.3794403076172,175.76267220618328,170.87525001705725,171.5668659663403,32476741
2023-06-30,174.42552185058594,176.73090815086312,173.36504978084298,173.45727086123858,9579059
2023-07-03,176.36203002929688,177.60694410494634,174.010533481381,175.20933702256946,7352149
2023-07-04,178.944091796875,179.6357077037908,174.2872085427829,176.22373871053185,13258826
2023-07-05,178.34466552734375,179.58957966689763,177.37641460875773,178.89796382735886,6558910
2023-07-06,181.4339141845703,181.80277038934338,177.74529585299075,178.4369117901619,16276609
2023-07-07,177.60696411132812,182.35605420561842,177.19198332539347,181.4338996963612,12652336
2023-07-10,176.63870239257812,178.29858335472704,175.02493197095362,177.6530639293081,10238356
2023-07-11,177.4225311279297,177.9297189484421,175.947092279394,177.65306976716604,11236383
2023-07-12,175.94708251953125,179.5895900032221,175.4398947271528,178.6674354974289,9191559
2023-07-13,173.2728271484375,176.86923818723352,172.3967831763712,176.86923818723352,10612659
2023-07-14,172.85787963867188,173.6878272341307,170.36806499422087,173.3189569458281,12369394
2023-07-17,171.98182678222656,174.24110265766663,171.33632139938112,173.78002537406815,9058800
2023-07-18,172.7656707763672,174.42553780764817,171.7974056274782,172.44291103641666,7177677
2023-07-19,177.56085205078125,181.2955805954756,175.39378334420425,176.1315097594833,31761232
2023-07-20,177.8835906982422,179.1285048545732,176.91533976660745,177.69916261940512,8936996
2023-07-21,179.91236877441406,181.06506202880945,177.14590496386518,177.79141037213407,11031250
2023-07-24,180.6500701904297,181.66444582085978,177.9297170900457,180.28121399988876,9981788
2023-07-25,185.03030395507812,185.67582339379828,180.65006986326927,181.20336821904033,18028061
2023-07-26,185.9063720703125,186.4135458410379,184.4309190892138,185.8141509823829,13857423
2023-07-27,186.2291259765625,187.19739115881796,184.98422566020238,186.04469786350504,16013422
2023-07-28,193.65243530273438,194.06740199276248,183.96981353759767,186.13688213246476,39630520
2023-07-31,201.3524627685547,201.90574708660964,193.3297064826137,195.68120352949424,43494779
2023-08-01,207.62307739257812,209.00630912489635,201.81351537361033,202.45902070116665,63510580
2023-08-02,202.0440673828125,207.62309114938535,199.96921964685876,207.53088413703114,22647784
2023-08-03,202.96620178222656,206.19374238440034,200.9835612554579,202.0440473244626,29868065
2023-08-04,200.9835662841797,204.90272282773594,200.66082065846325,204.44164558731754,12879897
2023-08-07,200.9835662841797,204.1188999616011,200.70691712573654,202.59733662564403,12929354
2023-08-08,200.6147003173828,203.24283201677,197.34104925618402,203.15062501576836,15314866
2023-08-09,201.67518615722656,202.59734065641,199.6003385340638,201.4446475324307,12554174
2023-08-10,200.47637939453125,203.6578236242946,199.64644598648215,202.1362602815902,10970619
2023-08-11,199.16729736328125,202.43999943263094,198.8400214492068,200.9439013509316,7970536
2023-08-14,199.16729736328125,200.10235509738118,198.0452309359311,199.44781753708097,9283695
2023-08-16,203.3282928466797,203.7958216940015,198.27898700274355,199.12053322078353,9687712
2023-08-17,201.7387237548828,205.52571076236833,201.17768335827384,205.19843481970477,11865239
2023-08-18,201.1776580810547,202.58024462849735,199.44780989991764,201.78545414565542,14101163
2023-08-21,204.5906524658203,205.29194582600854,201.69196753656894,203.0945542569454,13336739
2023-08-22,207.30230712890625,207.86334750446952,204.6374010146044,205.01141841974692,16930149
2023-08-23,207.30230712890625,208.42437361218333,206.69452527858726,208.42437361218333,13507905
2023-08-24,206.50750732421875,207.95683540510146,205.38542662336286,207.58281801671538,11182959
2023-08-25,203.74908447265625,207.44257411644563,203.0945468804902,207.44257411644563,7413549
2023-08-28,204.49713134765625,205.0581717165277,203.09454469332684,203.74908227844404,4851793
2023-08-29,206.74127197265625,207.3490537963742,204.0763517071417,204.9646537063636,8799235
2023-08-30,206.0867156982422,207.5828137567818,205.47893388762523,207.5828137567818,5490930
2023-08-31,205.9932403564453,207.25555985124544,204.5438978835859,207.25555985124544,18532999
2023-09-01,215.7178192138672,216.60612121926604,202.11272615188298,203.70233573484285,29859815
2023-09-04,220.48660278320312,221.1411403026223,215.53079424843315,218.5229759570978,21895573
2023-09-05,219.3645477294922,221.51516908013835,216.65287176952975,221.51516908013835,13952922
2023-09-06,216.8398895263672,220.53337910439103,213.56718735596067,220.2061031802107,14623019
2023-09-07,218.8970489501953,222.54376886735204,214.45552415137212,217.86847960543287,30334731
2023-09-08,224.64764404296875,227.7800934859837,219.73859042704538,220.67364825864982,28856420
2023-09-11,227.31256103515625,228.06059587452665,222.6840134264144,227.78008994368776,22493483
2023-09-12,219.8321075439453,229.0424188602768,218.8970496884081,228.34112546862386,21174310
2023-09-13,221.74896240234375,222.96454045533332,218.00873101951458,220.76716307863146,9151928
2023-09-14,222.49700927734375,223.66583157263116,220.62689360488386,222.49700927734375,7568464
2023-09-15,220.86062622070312,223.75931080222958,220.29960016056293,220.29960016056293,14098284
2023-09-18,225.5359344482422,226.42423648868856,220.72039257203068,221.60869461247705,11163399
2023-09-20,226.0502166748047,230.0242122109698,224.74114149944296,225.81645223150085,18936709
2023-09-21,223.4320526123047,227.1255279721276,221.70220428826073,224.46062187254117,10134737
2023-09-22,222.49700927734375,223.75934306339428,220.6736493502654,223.10480543160338,7209300
2023-09-25,224.08657836914062,224.64761871198118,221.74893405371938,223.61904950605637,8027642
2023-09-26,224.60089111328125,227.40606464325856,223.52558030059674,224.1801179373547,10681642
2023-09-27,223.7593231201172,224.88138957001524,222.40349223199667,224.32034921114172,9679279
2023-09-28,221.65545654296875,225.53594074433335,220.34636704926933,224.03985681019813,32887087
2023-09-29,229.6034393310547,235.16703023452425,223.94633694301612,223.9930926853006,35038887
2023-10-03,225.5359344482422,230.67875225570475,224.92815259631823,228.48137502595316,14885044
2023-10-04,219.8788299560547,225.3489236437587,216.4658747864321,225.3489236437587,25424437
2023-10-05,218.6632537841797,221.98269727977254,216.98014703264687,221.84244432874837,22472389
2023-10-06,220.2528533935547,222.0762131320162,218.47623512778927,219.03727547863073,8825123
2023-10-09,219.4580535888672,220.95415171316876,215.530813847387,218.6632630529594,10659145
2023-10-10,220.58013916015625,221.4684555240929,218.56977050754784,219.64508131841274,11665907
2023-10-11,223.19827270507812,224.1333304158391,220.67361973959314,220.9073841672834,14313043
2023-10-12,225.90997314453125,226.98528392146827,223.10479970780867,223.43206138138302,13170027
2023-10-13,226.3307342529297,227.96708533720516,224.03984558851386,224.92814760926498,11880728
2023-10-16,227.63978576660156,229.08912800140448,225.34889734015704,227.07875972812306,6936948
2023-10-17,229.97747802734375,231.14630035343095,227.49958040317918,228.94892294109744,10084205
2023-10-18,226.28396606445312,230.77224593087146,225.90994868718843,229.9306854302533,6987265
2023-10-19,223.94631958007812,226.09695514777798,223.0112618782824,224.60085711776549,11485237
2023-10-20,225.3489227294922,226.42423345861354,222.12297627427884,223.43205144606566,9040953
2023-10-23,221.1879425048828,225.25543568791872,219.73859994951795,225.16193846141664,7058625
2023-10-25,216.9801483154297,220.954143653559,213.52043758051036,220.67362348200368,23949207
2023-10-26,216.60614013671875,218.14899411354094,212.95942031486658,215.8581052886415,17410264
2023-10-27,221.23468017578125,222.96452853716355,216.93340860830432,216.93340860830432,10519462
2023-10-30,219.3645477294922,222.91775566595902,215.67105830588557,222.0294536818423,8812268
2023-10-31,220.48660278320312,221.79567782204145,218.3827230128822,219.2710249512259,6583581
2023-11-01,217.49444580078125,221.32817414627934,217.02691690978028,221.32817414627934,6718059
2023-11-02,219.97235107421875,220.39312423758136,218.56976435111002,218.99053751447263,6057787
2023-11-03,221.24684143066406,222.09651414975113,220.2555469879775,220.2555469879775,6825146
2023-11-06,222.66299438476562,223.93750359019216,221.43567801960648,222.1909507370605,5338605
2023-11-07,225.7784881591797,226.1561317495306,222.04934593894814,223.08784780537567,7002346
2023-11-08,223.4654541015625,227.43061775751872,222.75738864851218,226.43933764775107,9777991
2023-11-09,224.6455841064453,226.2977369840593,222.80461663822996,223.93751858746788,13987058
2023-11-10,229.17718505859375,229.64922869414184,222.61578140560113,224.55116319247395,9589671
2023-11-13,231.9622344970703,236.58827066650812,229.696430858802,231.25416905940793,18792969
2023-11-15,233.47279357910156,235.03053187124402,232.19826995416386,235.03053187124402,10965645
2023-11-16,238.2404327392578,240.03419282307848,233.80321096394468,234.88891998783933,22145147
2023-11-17,237.5323486328125,238.948479452788,236.96589054257123,238.85406496920527,5618928
2023-11-20,237.0131072998047,241.119878199233,236.30504186139,236.96590005611807,6283832
2023-11-21,236.02182006835938,238.66526733425073,233.47278729274683,238.47645275932177,6851869
2023-11-22,239.4677276611328,239.7981639642798,235.40816396891736,236.77708761435943,5275418
2023-11-23,238.61807250976562,241.40312725041545,237.62677793275347,239.798181671535,8200025
2023-11-24,239.7037353515625,242.48880412807614,238.85406263014895,239.13729167249596,7149443
2023-11-28,243.149658203125,243.85772363622814,239.46772371323976,240.60063993070733,6151585
2023-11-29,243.95216369628906,245.0378583786089,241.78077433164938,245.0378583786089,8637363
2023-11-30,246.6899871826172,247.02042348274637,241.68633627639747,243.5273179405054,21687673
2023-12-01,253.91232299804688,260.0488912247731,247.11488205316854,247.68134026711866,29121320
2023-12-04,259.4351806640625,263.4003588814041,257.97185686144684,260.5680969579481,20464526
2023-12-05,269.4897155761719,270.52818849653744,257.54698887940503,259.81282131612767,18883076
2023-12-06,265.3829650878906,272.1331840114384,263.3531830075595,271.8971621692776,13415314
2023-12-07,267.9319763183594,272.1331765176366,265.571757961745,266.0910232869557,25133786
2023-12-08,269.1120910644531,275.5790952576272,265.28854877213445,270.4338364205108,20815064
2023-12-11,271.23626708984375,272.3691833631711,268.49841970910325,270.0561579764851,8071675
2023-12-12,267.5543518066406,272.46361759846366,265.14694056543993,271.3779228977508,8640883
2023-12-13,277.6088562011719,278.41133616021585,268.592834102889,268.82885592547507,23629670
2023-12-14,278.88336181640625,281.8100379899432,277.18401632790386,281.10197256785796,24900443
2023-12-15,288.041015625,289.8347755747752,278.50572897250385,281.33799062307173,28843558
2023-12-18,286.2472839355469,289.4099533752507,284.8783458114525,288.89071687921944,13307504
2023-12-19,292.33660888671875,295.0272632901764,285.58639086489075,287.9466089712122,15650536
2023-12-20,281.0075988769531,295.82978205553246,278.6473804606991,295.02730203175406,23497233
2023-12-21,285.0671691894531,286.2000566524847,276.80640538892885,279.2610092977928,17868637
2023-12-22,285.86962890625,291.67578897193164,282.8485667696947,287.00254521449483,15207726
2023-12-26,292.2894592285156,293.3279611109644,287.56902231853076,289.31558973747724,9917180
2023-12-27,288.9378967285156,294.7912493122202,286.57767855948265,294.17759835052306,12630732
2023-12-28,296.3489990234375,297.8595444723954,290.54286786491184,291.8173914878219,37591916
2023-12-29,293.7527770996094,296.77386818431887,290.9205150119167,296.77386818431887,12682889
2024-01-01,292.4309997558594,295.7824976716591,290.5900182571079,294.55519587999396,8024960
2024-01-02,288.8907165527344,293.4223241114112,285.16156015769747,293.4223241114112,13506040
2024-01-03,289.07952880859375,290.7788743419336,286.34165272195344,290.0236160629507,14259987
2024-01-04,299.3700866699219,303.760086824481,291.34534467145073,293.51673392300455,40057506
2024-01-05,297.3403015136719,307.44201816209477,295.2161051254336,304.8457781320258,27456415
2024-01-08,298.7564697265625,300.5502300271446,295.12172746856714,298.7564697265625,10136462
2024-01-09,301.87188720703125,303.47684699815403,298.37875298459005,300.0781272595298,12229517
2024-01-10,295.8297424316406,301.8718950057037,290.77886993512664,301.7774805194476,14455000
2024-01-11,295.4049072265625,299.55888553957715,294.8856707416573,297.34030345747516,10316319
2024-01-12,295.1689147949219,297.67074059984236,292.383874299354,297.5763549104669,12341629
2024-01-15,299.5589294433594,300.21980216760414,292.2894735329764,297.29312537793174,9706124
2024-01-16,294.08319091796875,299.5116928370003,292.80866731385765,299.5116928370003,10162832
2024-01-17,292.0062255859375,296.53786245927733,289.9292505621771,292.43107644668424,13502940
2024-01-18,282.5653381347656,293.8943865674794,279.96909786893536,291.67580429841433,32481018
2024-01-19,291.2037353515625,292.147822639055,284.83114616098817,286.81370641571635,28651237
2024-01-23,285.6807861328125,297.67067601957655,283.5093683343207,295.9241377873984,21652362
2024-01-24,291.58135986328125,293.3279270795942,281.57402901289345,286.0112507179851,23922028
2024-01-25,297.1514892578125,299.46451475747625,291.9118160630759,292.6670744080123,32525422
2024-01-29,306.4035339355469,307.5364502653257,298.4732060608724,300.030944405874,24694773
2024-01-30,297.8123474121094,305.83708938403726,296.915452961332,303.85450031107416,20918448
2024-01-31,299.7477111816406,302.10792937992125,295.12168927526204,300.73899130041553,20931224
2024-02-01,303.9961242675781,308.669368137189,299.3701020518451,302.1551424253049,24020951
2024-02-02,313.90899658203125,315.0419127558519,305.0345825912865,305.8842553160244,32346639
2024-02-05,317.3077392578125,321.98095398772887,314.42825577896815,319.1014993201417,19651482
2024-02-06,318.59466552734375,320.3106035522021,313.6374659781979,320.3106035522021,12024661
2024-02-07,315.2581787109375,322.1219616876012,314.25719035902625,322.1219616876012,8080437
2024-02-08,315.44879150390625,319.595676344339,312.6842113078097,318.35639080240543,17754869
2024-02-09,309.72900390625,319.35739691534815,304.6764955323825,317.40313194439074,18304439
2024-02-12,301.38751220703125,311.4449021603439,299.814564033004,310.9205667072858,11714289
2024-02-13,306.535400390625,308.8233570774267,301.1492296333164,303.67548362470063,15426888
2024-02-14,312.6842041015625,313.9711723454955,303.48481184208947,305.915729230849,14085723
2024-02-15,323.4089050292969,324.9818533546234,314.7338187811085,315.5441343100877,21973316
2024-02-16,321.9789123535156,326.9361122784451,321.0732605485046,325.9351241109213,20307449
2024-02-19,322.9322509765625,325.9351576025525,321.74061905413976,324.50519929564524,8496898
2024-02-20,329.5577392578125,330.3203720584349,322.0266021619284,324.6958751492596,19340526
2024-02-21,320.40594482421875,331.7979266876826,319.0713231074519,330.7969676732504,17751633
2024-02-22,323.69482421875,324.3621496095673,315.16275867941926,323.1705179063727,16083122
2024-02-23,321.9789123535156,324.12384959347247,319.214332396086,324.12384959347247,9665454
2024-02-26,321.8359375,322.69390661783973,318.9283383156978,322.2172538754205,7711995
2024-02-27,320.40594482421875,322.21721923215745,318.49933405953146,320.40594482421875,8882923
2024-02-28,317.7367248535156,320.7873142186282,316.3067665434771,320.0246814236382,12977628
2024-02-29,319.92938232421875,320.31069876613867,315.16285406877023,317.7367618711646,13149469
2024-03-01,327.4604187011719,328.2707341438379,319.3573224596582,319.92931154227966,13027254
2024-03-04,337.3271484375,341.5693403493554,329.60536826484133,331.7503055854369,38075510
2024-03-05,341.5216979980469,343.14232899752415,337.0411504766042,338.32811873000367,15918221
2024-03-06,335.515869140625,342.6656601088789,328.89038453968016,342.6656601088789,13120921
2024-03-07,335.7542419433594,337.374843998093,333.3709779576529,335.56356918747167,9172926
2024-03-11,331.7026672363281,336.65983848351686,330.5110353366324,335.8018693342511,10664917
2024-03-12,328.6520690917969,333.132616551108,326.55478536774166,331.7503119476296,9637912
2024-03-13,307.4410095214844,328.41372955085694,304.58109315384263,327.7940868230493,23722232
2024-03-14,306.82135009765625,311.68321347659827,301.72116036771286,306.0586883189086,20859127
2024-03-15,301.530517578125,310.8252461897208,291.473156204659,307.5840133129101,43285007
2024-03-18,302.3408203125,307.8223266982901,300.24356575956807,302.29316667660964,13690352
2024-03-19,298.8135986328125,303.0557903402333,295.620019624201,299.6238849741519,13388060
2024-03-20,299.0042724609375,302.6268509158834,293.9040820774771,301.24454626592393,10026655
2024-03-21,309.8243103027344,311.11127864096886,302.1978657414363,302.4361921339769,23370426
2024-03-22,309.5859680175781,311.96923182063875,306.15406232265565,309.34764163727203,14709219
2024-03-26,313.73284912109375,314.87679827740845,305.1530995321445,305.1530995321445,11208959
2024-03-27,316.1160888671875,318.49935246073903,311.0635525933144,316.4974052236411,45209520
2024-03-28,320.1199645996094,324.1238592032676,314.8767845242624,316.4020790919691,19868037
2024-04-01,326.3641357421875,328.31840033224563,320.45363015006274,323.17055657696807,8580656
2024-04-02,328.69970703125,329.4623688456532,324.8388316015551,326.9837688608464,9745257
2024-04-03,334.84857177734375,337.56549839177484,326.03049550989766,328.27076935311544,21679943
2024-04-04,338.0897521972656,345.7638780752732,336.1831414090757,338.42341490371325,28962927
2024-04-05,337.99444580078125,341.47403407173266,335.1345293649797,339.75806675470704,11208130
2024-04-08,346.5265808105469,348.909844777607,336.75519854560025,338.99547249315236,11447140
2024-04-09,345.95452880859375,349.76775046334285,343.5236116407202,347.9564759958515,10010148
2024-04-10,345.5732421875,351.15008515579945,344.4769466859719,347.09853679911845,12886638
2024-04-12,344.8582763671875,357.0129219060448,344.1432972178429,345.5732555165321,30924494
2024-04-15,344.28631591796875,348.9098539541833,336.3262082401158,338.90014502926823,18126999
2024-04-16,342.4750061035156,345.0489426298416,338.0421412793547,344.14329075398507,15328939
2024-04-18,334.75323486328125,344.38162664473583,332.8943065141011,342.7609955882007,22966560
2024-04-19,334.1812438964844,335.94486495601234,326.98379873911165,327.07913511119517,12867942
2024-04-22,326.8883972167969,338.4233977180968,325.9350918711121,338.4233977180968,37382916
2024-04-23,330.9399719238281,332.36993005896716,327.9370656585507,329.84367650540275,14651106
2024-04-24,335.2298583984375,336.65981658505893,331.0829738387206,333.4662374830896,11132307
2024-04-25,342.42730712890625,343.7619288540685,332.7989168881537,334.61019130748616,19865014
2024-04-26,339.37677001953125,344.52461408333477,338.42346448576853,343.8573176652465,10986589
2024-04-29,346.0498962402344,346.66953899625423,340.28240960659383,342.9039997296259,13652173
2024-04-30,346.2405700683594,348.38550744850943,342.5226553353725,347.908854697365,14566548
2024-05-02,351.8173828125,355.20163478991424,346.2405689167192,346.2405689167192,27892188
2024-05-03,347.90887451171875,362.63742790536827,343.5236631329251,354.9156470785367,26844664
2024-05-06,340.139404296875,351.62675348449346,337.85147682435496,350.62576521411984,15319437
2024-05-07,332.84661865234375,341.7123775014994,330.6540275791264,341.52170475923015,10028071
2024-05-08,338.85247802734375,341.76004839197395,329.0810958906137,329.0810958906137,9595776
2024-05-09,329.891357421875,341.28336981097533,328.74740827470174,339.8534115575774,9043486
2024-05-10,338.90008544921875,339.7104008953898,331.3212955299917,331.41663189293655,11699095
2024-05-13,334.5149230957031,339.3767873851862,330.32038435103095,338.90013459391486,10691781
2024-05-14,339.18609619140625,340.5684008479736,333.94291577247316,334.18124215515195,10891985
2024-05-15,344.4769592285156,346.5265603003602,339.99641159860573,340.80672711796086,8538183
2024-05-16,344.572265625,346.8601928804129,336.56447659219464,346.8601928804129,13114162
2024-05-17,348.385498046875,349.3864571602361,343.5236342978903,345.52558161718684,8509179
2024-05-21,354.6296691894531,356.63161668887676,348.2901930184259,349.86314137776696,10939593
2024-05-22,356.3932800292969,359.7298494013384,353.29503704097255,357.489575575881,14001806
2024-05-23,354.9156188964844,358.06154443894985,352.246375187036,357.5372089689184,15370357
2024-05-24,357.4419250488281,360.49248533142804,351.4837654040122,355.582967602615,13317821
2024-05-27,352.3893737792969,362.7327443175096,350.8164255160146,362.2084379272739,21891930
2024-05-28,348.33782958984375,355.82128370599327,347.09854405656506,355.2016409393539,10200096
2024-05-29,347.5751953125,349.2434799576302,343.1899841410712,344.6199424083257,18146672
2024-05-30,342.90399169921875,347.76582635765067,340.4730452774284,347.0031936131131,14425073
2024-05-31,342.2366943359375,349.52947601511,338.90012489255093,346.47891569384547,30515612
2024-06-03,373.5050964355469,374.83974745667666,356.0119631676685,367.02263044395676,39261174
2024-06-04,315.7824401855469,373.600411717231,299.29026702194284,373.600411717231,84042244
2024-06-05,325.0771484375,326.26878021329725,300.5771874900787,324.12384301686217,46418629
2024-06-06,333.4185791015625,342.95163354335125,328.8903782417128,331.5596218483843,33171039
2024-06-07,343.7619934082031,345.0966153839904,331.4643574077863,335.56355971039955,23930193
2024-06-10,347.86114501953125,352.81834488445253,344.9058923728502,347.9564813808899,16072588
2024-06-11,350.24444580078125,354.5820034165549,347.8611819764801,351.53141408441905,11235777
2024-06-12,353.9623107910156,356.53624720734973,348.3378143140135,352.29402621183687,12134524
2024-06-13,352.67535400390625,358.82415654637947,350.768743151808,358.82415654637947,11243702
2024-06-14,351.24542236328125,353.53334973988905,349.0051486245418,352.7230342481014,10298434
2024-06-18,352.3893737792969,354.8679739085229,351.48375100592835,354.43897479463897,10228382
2024-06-19,345.5732421875,353.5810025327781,344.66759032956486,352.5323606690045,8337334
2024-06-20,340.94970703125,347.8611719219554,340.3777179114352,345.57324453527144,14338604
2024-06-21,342.9992980957031,346.0022336145044,340.09172803544317,343.14231719094073,17931844
2024-06-24,345.81158447265625,347.6228591792907,338.947772950848,340.9020667624763,9335598
2024-06-25,344.00030517578125,347.67053727259895,341.0450522240874,347.24153814849427,14983828
2024-06-26,348.0041809082031,349.76780200191007,342.8563367342674,346.04991615921074,15918394
2024-06-27,359.5391540527344,363.30472231575226,347.09852924187913,348.0041519875216,55378829
2024-06-28,360.68316650390625,371.3125177400812,359.1102181394406,360.30185009624444,25141039
2024-07-01,352.4847106933594,364.1627031368851,350.6257533204211,363.92437676048667,23389211
2024-07-02,353.1043701171875,355.2016539654993,348.09951597663013,355.2016539654993,13702830
2024-07-03,355.24932861328125,356.774623402925,351.4361061854611,353.24738102016,9207317
2024-07-04,355.5352783203125,363.0663855378561,354.39130014616035,356.4409010399906,14916930
2024-07-05,362.0654602050781,363.44776498105387,353.67638244713703,356.8699620694207,15946104
2024-07-08,359.8251953125,363.4477448040075,358.5858806287697,363.06642839846626,8898299
2024-07-09,359.4438171386719,362.4944062908382,357.5372061917115,361.4934471807137,8355819
2024-07-10,363.5906982421875,365.87862553784595,352.7230217683793,361.11209821665165,17715196
2024-07-11,359.49151611328125,365.40199286040774,357.1082523218813,364.54402371401886,19873143
2024-07-12,359.5391540527344,361.6840913713352,354.62963667534063,361.2551213631596,16151583
2024-07-15,367.6422119140625,370.78813710594,359.30078988590213,360.92142065983035,22951140
2024-07-16,362.68511962890625,370.5975443076396,362.2561204807796,368.59559677067773,11893034
2024-07-18,360.11114501953125,365.0206624223283,356.7269222030353,365.0206624223283,15709153
2024-07-19,347.622802734375,360.349435439441,345.95451831104424,360.1111090932509,13330099
2024-07-22,356.0596008300781,359.6344964207415,345.4302504256871,347.71817778519676,18715538
2024-07-23,364.5916748046875,367.6422347373944,344.6675679636162,359.1101685601744,49882257
2024-07-24,374.2677307128906,376.5556580063129,363.87670698135776,366.1646342747801,36868466
2024-07-25,373.8387451171875,377.79495711426136,368.2142484990822,372.6947959754538,25973101
2024-07-26,377.7949523925781,380.84554158422503,371.5031594602401,376.50801326078374,20381410
2024-07-29,375.5069885253906,389.2345803675826,374.31535678400985,385.1353788142615,27751449
2024-07-30,387.9476623535156,393.4291686604816,378.4622615418234,378.4622615418234,34447139
2024-07-31,396.5750427246094,397.90966445372595,389.472905923402,390.37855768203735,29727771
2024-08-01,403.67718505859375,404.5351541038871,396.19373181686694,400.2929334180308,28803487
2024-08-02,400.1023254394531,406.3941183938803,394.0488297647423,396.813409864805,24233263
2024-08-05,393.9534606933594,396.241387858908,385.7550283486189,388.61494457869776,42489503
2024-08-06,395.6217346191406,405.1071348331824,393.95345019604787,393.95345019604787,18230579
2024-08-07,399.9935302734375,404.5094431491151,398.74446296171675,404.5094431491151,15556736
2024-08-08,391.7304382324219,400.66614631340633,389.9048376091993,400.04161262124416,16447385
2024-08-09,394.5648498535156,400.04159280751026,392.21083385008035,397.59145861347866,10954753
2024-08-12,385.1487121582031,393.940300811881,384.428089656718,393.940300811881,26254763
2024-08-13,380.680908203125,388.65578653162726,379.5279003213666,387.21454134053346,11355664
2024-08-14,380.82501220703125,384.3320361726653,378.2307592339828,383.275117208749,9424614
2024-08-16,382.4584045410156,385.2448352520981,377.8944616261004,382.4584045410156,13844122
2024-08-19,387.3106384277344,391.5382852134501,385.72527454836717,386.54195671619846,10677045
2024-08-20,390.33721923828125,392.21084961950777,387.3106103566289,388.70379637658596,10126083
2024-08-21,392.9314880371094,393.65211062478795,389.32837509871626,391.5382726387141,9726854
2024-08-22,387.55078125,393.9883245717221,386.49386239950707,393.7481170748921,10445288
2024-08-23,386.2056579589844,390.00091913816664,383.8996423356456,387.55081419112753,11513586
2024-08-26,398.6003723144531,399.6572912874761,386.20566990553044,386.68608495488564,13772637
2024-08-27,393.60400390625,399.8974580039009,393.0755591347684,399.2248652745565,8441188
2024-08-28,393.02752685546875,398.1679735741486,391.39413333623094,393.98835692168154,15884745
2024-08-29,393.84423828125,396.43849118894053,387.9351392384066,393.0275268605173,19014705
2024-08-30,399.8974914550781,402.779981698179,395.38157834533723,396.53458617146043,22633988
2024-09-02,393.9403076171875,402.68386665069295,391.730410303339,401.43477003321783,11107165
2024-09-03,390.4813232421875,395.4295920945257,389.7126709373954,394.4207322792103,7538160
2024-09-04,389.2322692871094,392.25887815923033,384.235941167711,384.3320300396623,11052003
2024-09-05,387.4547424316406,392.40301164103147,386.1095861400889,389.47249153007215,14246871
2024-09-06,379.335693359375,388.79987524995437,377.3179737049684,387.4547190396146,17956121
2024-09-09,374.5796203613281,377.366021786975,370.2078258128648,375.87674686081084,12293356
2024-09-10,380.7769470214844,383.75552611864373,374.48352175865654,374.8198181493725,15852309
2024-09-11,374.3874206542969,383.6594247113386,372.32164192483253,383.3711874271179,11492592
2024-09-12,388.9920654296875,390.3372216830461,375.3482665059757,375.68456289986716,24028069
2024-09-13,385.6771545410156,391.34604565313725,383.70746477804096,388.99202975619244,12017217
2024-09-16,394.9972229003906,395.86196404478534,386.25366394661097,386.68604917991075,11479712
2024-09-17,399.9935302734375,401.29065668004324,394.0364016731159,395.7178542277737,14432501
2024-09-18,397.92779541015625,403.3084500422854,396.8228466169479,402.1074123709266,10303840
2024-09-19,407.34393310546875,414.9344850400012,404.07708730384036,407.3919628816425,59601773
2024-09-20,407.34393310546875,413.01282483772934,400.2337668992966,411.28331306236,36084164
2024-09-23,411.5715637207031,413.63734249357003,408.35277714231654,410.7548523019772,14139629
2024-09-24,411.33135986328125,414.550146470297,410.2744409191886,414.550146470297,12539885
2024-09-25,419.0179748535156,419.8827160014345,408.97728948112103,411.3313347436495,19443168
2024-09-26,417.5767517089844,420.795538288058,413.6853723561796,420.795538288058,20041825
2024-09-27,419.7866516113281,425.16730586639505,416.51983523860395,418.92191041299037,53885913
2024-09-30,425.8399353027344,430.8842936031918,416.61595997459904,419.78668774886,20903229
2024-10-01,422.861328125,430.21167244300176,421.61223141570485,428.5302197868873,15984996
2024-10-03,418.2973937988281,425.16732321342835,415.0786070693809,415.0786070693809,13563784
2024-10-04,413.58929443359375,422.1406757594696,409.60182638708625,415.9433103926612,18347292
2024-10-07,399.1768798828125,416.03943654026097,393.0275437371532,413.73345014674265,23431004
2024-10-08,404.4613952636719,410.94699768405394,395.1893624197327,397.7836151167672,18706355
2024-10-09,402.0593566894531,408.112574434227,400.6661413515542,407.82433714055463,13916492
2024-10-10,406.14288330078125,413.0608422281992,404.02904541278286,404.22122315613063,15866037
2024-10-11,405.95068359375,409.93812231372095,403.16428239920435,407.34389885212545,8639087
2024-10-14,407.8723449707031,409.3135900059353,403.5486098650066,407.96843383749297,8483177
2024-10-15,409.89013671875,410.4666406575297,406.95958724754024,409.9381664960615,9365964
2024-10-16,407.6321716308594,412.58044080212534,404.7496813187967,408.6410315111982,6219440
2024-10-17,401.38677978515625,408.92930203814,400.28183101942926,407.05567158853614,11968387
2024-10-18,408.3047790527344,409.26560919115974,398.21606259926824,401.3387605491506,8828971
2024-10-21,408.352783203125,411.9558959960937,402.6838916066289,409.36164305627346,9139781
2024-10-22,399.465087890625,409.60183305229253,397.2551905343637,406.2869870179006,14242323
2024-10-23,392.3069152832031,398.50428111257094,385.9654601265195,397.7836585427471,22522821
2024-10-24,395.7658996582031,398.9846862546203,390.86566044060453,393.21970583914117,9400171
2024-10-25,383.2751159667969,391.53826058217504,376.2610680582568,386.73411014558394,19642277
2024-10-28,388.07928466796875,390.5774488770113,382.2182149950405,383.2751340052749,11716022
2024-10-29,396.0060729980469,398.07185160419766,388.6076996966923,392.97946440557433,20284308
2024-10-30,392.49908447265625,398.55230219830895,389.9048315489726,397.9277685158538,12264297
2024-10-31,394.57757568359375,396.9944419189493,390.08221038638476,395.3993161041669,12204072
2024-11-01,397.67120361328125,401.63487041239284,396.7044570526572,398.2995829771342,2145479
2024-11-04,387.6170349121094,400.52307754891115,380.6081225351178,400.08805930992804,13866505
2024-11-05,389.695556640625,390.6623032313967,383.94340262442756,386.6986363086798,6665326
2024-11-06,395.3026428222656,397.1394552943553,389.7438503787435,393.1758181977058,9700643
2024-11-07,390.37225341796875,397.23615996997137,388.63212139194627,397.23615996997137,7589295
2024-11-08,384.4267578125,390.758965385453,382.396584166952,389.7438638112974,7536509
2024-11-11,379.496337890625,387.5686773026435,378.77127799438557,384.91012434976545,12243693
2024-11-12,367.6536560058594,381.671479259083,366.4452229667883,380.07635354806126,10549517
2024-11-13,368.6688232421875,374.7109895156508,366.7353300346793,371.23069584158293,20602407
2024-11-14,360.1130676269531,372.3907598545337,359.00131506369064,367.4119918274149,15086601
2024-11-18,354.5059509277344,367.3636674887354,350.5906099278422,367.3636674887354,16383636
2024-11-19,354.5059509277344,365.91354774864834,352.9107956114292,355.76270956803853,17055094
2024-11-21,344.3067932128906,352.2341270769762,343.00167941172515,351.6057476920491,21276150
2024-11-22,353.2975158691406,354.8926416739167,343.87173761038196,345.17682176707785,15949254
2024-11-25,356.1494445800781,364.656832434369,355.27937853320293,361.5632314868514,18388844
2024-11-26,349.62384033203125,358.0828715902508,348.27040123126807,357.69617891899844,11222231
2024-11-27,357.0195007324219,359.24303557144066,349.333883111466,351.7023945343867,14225274
2024-11-28,350.01055908203125,359.48469249879605,347.6420478549115,357.406193421034,16837860
2024-11-29,351.557373046875,353.24917949031783,348.2221151886026,351.1706803317835,14280017
2024-12-02,346.2886047363281,351.79904203112784,345.1284971464958,351.55735540847627,12510350
2024-12-03,355.2310485839844,357.69624060325225,346.2886425689031,347.06202804477715,14205760
2024-12-04,360.3547668457031,362.6749526029096,355.76272085638834,356.6811418553563,22035954
2024-12-05,356.87445068359375,361.51485140462955,352.2824049873329,360.3547438486804,18758283
2024-12-06,357.21282958984375,358.85631043100994,355.811035372216,357.16450406624074,9736086
2024-12-09,357.5511779785156,360.8864355064634,355.5210045469004,358.56624994294316,10878679
2024-12-10,356.87445068359375,358.8562986331101,354.2158979120743,356.7294446147903,7913822
2024-12-11,353.3458557128906,358.42127498099643,352.5724702921891,356.9711551901091,9998662
2024-12-12,343.77508544921875,354.7959904228358,341.26153847210094,353.8292438549262,22538216
2024-12-13,345.27349853515625,346.385251083718,336.47609968944107,343.9200593672219,14269143
2024-12-16,341.1648254394531,346.9653042947663,340.00474737004714,345.27349796196665,12168143
2024-12-17,337.4428405761719,342.0832412929004,335.70270874662407,340.29475443862253,15646176
2024-12-18,330.3856506347656,339.3280566870599,328.6938440843316,337.92626231559433,14672392
2024-12-19,326.1802673339844,329.27386797430245,323.9084071296348,325.7935746296352,14513129
2024-12-20,322.16827392578125,332.46411833973616,319.99309428187127,326.56695873791665,20375797
2024-12-23,322.55499267578125,327.00203287410466,319.5097468289478,324.7301724953429,8884187
2024-12-24,324.15008544921875,325.64856020646164,320.71814721978757,323.95675385338063,7755462
2024-12-26,323.521728515625,326.1802815401117,321.2015426857165,324.1501078754055,9030212
2024-12-27,323.8600769042969,328.69380939540576,323.08669150682414,325.45520272581047,9090597
2024-12-30,320.3797912597656,325.6002165742575,316.5128051745475,323.8600846370144,36657549
2024-12-31,322.2649841308594,323.4734173775607,315.3527518602808,319.12305768943594,8580998
2025-01-01,322.55499267578125,323.5217392622531,317.86626583083984,321.9266132951274,7843971
2025-01-02,326.7602844238281,327.3403381665524,319.02631319486176,322.55493166752586,16543382
2025-01-03,328.548828125,333.04419378055627,325.84192002396406,326.80866659517034,8689629
2025-01-06,316.6094970703125,330.3373099657643,315.594424987681,330.3373099657643,10538077
2025-01-07,317.6728820800781,319.3646883287518,314.28926958273075,316.1260818950245,13891401
2025-01-08,314.57928466796875,319.5096973967305,311.147346618064,319.5096973967305,8993608
2025-01-09,309.697265625,315.11105224806533,309.16553731666653,313.27421018643054,12403467
2025-01-10,297.9996337890625,310.3256527049118,297.37125441155246,309.6972733274018,15941143
2025-01-13,288.2838439941406,299.6431163894061,286.97873020136575,291.08740319539794,29630336
2025-01-14,300.0780944824219,302.30162903614274,290.2172983184006,290.4589849327554,22732888
2025-01-15,310.66400146484375,313.51588600969205,302.15661434988056,302.15661434988056,21894626
2025-01-16,314.6759948730469,316.41612682239185,310.95401483958733,313.90260945172975,14865186
2025-01-17,315.30438232421875,318.0596159005053,312.59750377723475,314.48264185371033,7129232
2025-01-20,324.8751525878906,325.79357357265724,313.7575677330373,315.3527230752912,17991880
2025-01-21,313.5158996582031,327.00202605954723,313.03252637504045,326.56697830359525,12774630
2025-01-22,311.6790771484375,316.12611711234416,306.7970189452083,316.12611711234416,11068145
2025-01-23,312.88751220703125,314.28930649309245,308.923845486948,310.3256397730092,6477347
2025-01-24,312.88751220703125,318.9296780904621,311.3890668690456,313.99926482902987,7492600
2025-01-27,311.4857482910156,314.24095233932104,304.52516137281737,312.88751307821667,13803855
2025-01-28,307.6670837402344,313.0808702187769,297.90293786866414,311.77575650031605,22008929
2025-01-29,310.56732177734375,312.16244764623127,302.8816750871184,309.35888861867704,16056888
2025-01-30,312.2591247558594,315.9327497165881,310.4706378002037,311.5340648686554,10375720
2025-01-31,315.66912841796875,317.8612751430935,309.3849625794539,314.15899478937325,13195557
2025-02-01,309.5311584472656,322.2943012327426,308.60557340577117,317.66643549106175,10097627
2025-02-03,303.24700927734375,305.9750026082059,296.18342432228917,302.1265845069146,15881217
2025-02-04,310.8951110839844,312.210405002783,302.3213642401468,306.75438968995746,12141064
2025-02-05,311.3822937011719,314.7435677661699,310.21313679767115,312.7462902666593,12226722
2025-02-06,304.7571105957031,314.4025803942938,303.3931140758996,314.3051457001162,13384442
2025-02-07,308.8004455566406,311.0412949899565,304.07514507380057,305.4391416737709,8937447
2025-02-10,302.5162658691406,308.7029973818034,301.0548346330578,308.36199081347183,6806132
2025-02-11,297.74224853515625,304.31868877557804,296.3295198496121,304.31868877557804,13241830
2025-02-12,298.37554931640625,299.5934087013712,292.2862523915816,298.3268468341657,7616083
2025-02-13,298.8139953613281,300.6651357094654,295.3065543300232,298.2781193836465,9086906
2025-02-14,292.6272277832031,300.32409232941427,290.678652974902,298.96009591018185,7446248
2025-02-17,294.5758056640625,295.40395591280685,285.2713430176396,289.8505057580668,6464173
2025-02-18,303.1982727050781,304.36739982991213,289.8505224664086,293.40666578706475,15793327
2025-02-19,306.7057189941406,308.21588258634193,302.6137289884958,303.19830748441575,13079903
2025-02-20,316.7895812988281,318.7381563395503,303.4905625924784,304.5135525956993,22888146
2025-02-21,317.86126708984375,321.27127302030954,313.28210437577576,314.98710734100865,10809296
2025-02-24,311.8694152832031,317.03312681861235,311.23613439420285,313.81799016190746,6034113
2025-02-25,310.50543212890625,313.2334251829092,307.63127216641857,311.8694286559077,10686112
2025-02-27,307.58258056640625,311.08999183623087,306.4134236545345,307.24157398936904,7302366
2025-02-28,303.4418640136719,307.5338538120983,298.6678313161639,305.92628532939875,21127180
2025-03-03,306.31597900390625,309.62855050272066,299.7882707012502,303.2956818571158,9779703
2025-03-04,305.68267822265625,306.8031028098022,300.08052555403384,303.2956621489558,8734999
2025-03-05,317.8126220703125,318.88431462732643,305.43915784959415,305.48786033567757,10493615
2025-03-06,329.21173095703125,330.08858373555825,314.889722953373,320.54057839978606,26294903
2025-03-07,321.0764465332031,330.0399037837353,320.24832591150175,327.2144758676641,8992315
2025-03-10,320.9302978515625,326.33761133817166,317.9100006427666,320.97903006649653,11383132
2025-03-11,321.80712890625,324.6812887417573,315.3768556012048,318.59199225372737,10299324
2025-03-12,321.6609802246094,326.1914107029773,318.0074024625559,322.4891304639199,6984859
2025-03-13,323.36602783203125,325.94788386048464,320.0047536665378,323.4634625323853,8965150
2025-03-17,323.1224365234375,325.8991617856791,322.00201186895947,324.38902808610794,4353561
2025-03-18,323.1224365234375,323.1224365234375,323.1224365234375,323.1224365234375,0
2025-03-19,332.5243225097656,335.057476037498,327.7016170699998,330.28347308113456,30582397
2025-03-20,332.9627685546875,335.83692870603574,331.5500397210629,335.83692870603574,15002119
2025-03-21,342.26715087890625,344.75160158248633,332.9627181251139,333.20628997451047,36406837
2025-03-24,357.5148010253906,358.53779098150085,344.5567597615945,347.82062875107556,24588471
2025-03-25,357.5148010253906,361.89909466511006,354.78677825427314,359.51207845699406,23189083
2025-03-26,345.5310363769531,359.51206715743194,344.21574237979854,357.5147897886035,18668095
2025-03-27,351.3768005371094,355.0791110834549,341.97493158401426,344.80035954510913,37930538
2025-03-28,348.4051818847656,354.9328896568477,347.2847573158828,352.6920405190821,11327077
2025-04-01,343.0953369140625,353.5689275309925,341.82877505819636,343.2902063070703,18736320
2025-04-02,342.70562744140625,344.36192808126043,338.1264643073824,343.09533649404995,13593404
2025-04-03,349.6717529296875,352.0587690280462,342.7056037468002,342.7056037468002,10317410
2025-04-04,341.39031982421875,349.6230607492348,339.5878820777657,349.6230607492348,10872963
2025-04-07,340.8057556152344,342.3646215618517,315.66915000777334,319.5663000078693,18025165
2025-04-08,343.8747863769531,349.03849825419917,341.00062634743813,347.6745016953884,17506712
2025-04-09,340.3673400878906,345.67718906100674,339.24691542258313,344.8977709632871,7462119
2025-04-11,350.8409118652344,352.2049083298919,341.97489024562117,341.97489024562117,11246077
2025-04-15,353.17919921875,358.9762214163254,352.25361425177806,357.5634927262931,17497327
2025-04-16,350.0614929199219,353.66636862551644,348.6974963428764,353.1792248670791,11541484
2025-04-17,354.6406555175781,356.05338430771565,348.0642147902604,350.01278982057676,12288196
2025-04-21,355.176513671875,358.73268700780767,352.49722291531526,356.39437310667483,7375594
2025-04-22,350.987060546875,357.6122034398902,350.4512143323274,357.6122034398902,12077119
2025-04-23,354.4457702636719,354.8842115190356,348.6974801279932,353.6176496991534,9719205
2025-04-24,353.8612060546875,357.0276401984787,352.3023402219348,354.39705224740277,7491123
2025-04-25,347.2847595214844,356.3943230274272,342.0723159263955,353.861199545306,9785640
2025-04-28,352.2049255371094,353.56892206840587,344.6054950535328,344.6054950535328,5315840
2025-04-29,347.7719421386719,354.98166383970954,344.99521676024034,354.64065726114853,9472828
2025-04-30,345.43359375,351.7177595182053,342.9491727158124,347.8206098282529,16739088
2025-05-02,339.7340393066406,348.7949005277519,338.66231718525614,345.4335969954307,8221620
2025-05-05,339.6366271972656,342.94919873850176,336.66503249345936,341.97491124208557,9492646
2025-05-06,333.0114440917969,340.5134694755459,331.25773854559543,340.02632574239055,8904223
2025-05-07,333.2550048828125,334.8626029351123,328.33486523462,329.3091526685506,8465490
2025-05-08,331.25775146484375,334.2780486747787,329.6988855113714,332.2807414512095,14286109
2025-05-09,326.1427307128906,330.0398805944487,322.09944365735294,325.606884497334,11322011
2025-05-12,339.587890625,340.22120127585947,329.40660425783733,331.64745357768135,7978210
2025-05-13,332.7191467285156,340.80572024633017,331.74485932960346,339.6365932073706,14738980
2025-05-14,329.84503173828125,335.0087734924971,329.06561360661266,333.64477689562915,22485535
2025-05-15,333.1575927734375,334.9112982237066,324.09670199266805,330.7705767183953,43307763
2025-05-16,334.2780456542969,338.6623393840688,333.20632346266257,334.18061095816745,6920351
2025-05-19,336.2752990722656,338.75974984782056,333.59600865128397,334.27802174250905,6218209
2025-05-20,333.7908935546875,340.708340546268,332.76787387026775,337.980317787376,9986143
2025-05-21,337.2496032714844,338.4674626143201,331.11160407675004,333.74216241753874,5930972
2025-05-22,332.62176513671875,338.0777813881208,329.5527652868353,337.24963102027374,8717514
2025-05-23,335.7394714355469,336.08047800000486,331.4038802579263,333.2063180418661,4045937
2025-05-26,334.667724609375,342.16974954326605,333.742139678725,341.9748801685317,16655082
2025-05-27,329.84503173828125,335.6420544410898,328.1400285589724,335.154910675573,24937330
2025-05-28,331.3064270019531,331.93973761456283,328.4322969377317,329.8937280753369,10985957
2025-05-29,330.62445068359375,333.44987832987596,329.35785916429944,332.23201902260837,15884093
2025-05-30,325.3145751953125,331.9884502069465,324.2915852609797,328.8220159790005,19143010
2025-06-02,323.999267578125,326.1914142592568,321.8071208969932,325.3145615333826,29479727
2025-06-03,319.8098449707031,326.14271318794476,318.59198569815663,324.43771020637973,14081719
2025-06-04,320.7841491699219,321.466162291383,316.4972902528783,320.5405773026706,15654279
2025-06-05,320.1995544433594,323.0737142237834,319.17656454613314,320.73543036377174,16270360
2025-06-06,324.2915954589844,324.9248763779097,320.5892851747618,321.1738636125753,11402511
2025-06-09,328.43231201171875,328.8707235333864,324.19415557156725,325.3145802152433,19416373
2025-06-10,330.47833251953125,332.13460343293355,328.1400187287834,330.0885937324766,12061248
2025-06-11,329.4066162109375,333.7909100476415,328.7733352699927,332.23204407023434,10807496
2025-06-12,325.1197509765625,332.8653187697685,324.0967312607765,329.4553125162716,11881618
2025-06-13,323.41473388671875,324.34028913297107,318.2022900348364,318.39712968688724,11711773
2025-06-16,325.1197509765625,326.0453062627747,322.09945377688626,323.46345033170604,8065112
2025-06-17,326.5811767578125,328.23744764203144,324.53516709340613,325.412019883039,6796992
2025-06-18,323.8531494140625,327.26315556256503,322.2455810334901,326.58117217260093,17835507
2025-06-19,321.5635681152344,324.58386522383717,320.1021369078034,323.85314962012166,11610604
2025-06-20,326.5811767578125,327.36059485239855,321.22259559207384,321.51486994431997,16592862
2025-06-23,324.04803466796875,327.06833192253436,321.8558877508818,325.1197568851237,8277787
2025-06-24,321.4661560058594,323.17115904328085,313.0872779896664,322.4891459351549,100814893
2025-06-25,322.343017578125,325.1197428330004,320.9302888439042,322.97629849133307,17963666
2025-06-26,328.48101806640625,329.1142989820799,322.78143035955463,323.8531525345608,13754087
2025-06-27,329.6014404296875,332.52430285052264,325.85045744259764,330.23475107385036,50845169
2025-06-30,326.2888488769531,328.57843024555393,325.07098960991993,327.11699912511415,11858890
2025-07-01,324.04803466796875,326.62989064595877,323.60959339139316,326.62989064595877,8903292
2025-07-02,325.1684265136719,327.0195666655982,322.78141044086397,324.09670440480113,11326880
2025-07-03,325.9966125488281,327.701615721434,322.4891715043168,325.9966125488281,15786429
2025-07-04,326.8734436035156,327.3605873346684,323.7070093510226,327.06831298913426,5899185
2025-07-07,328.7733154296875,330.28344910026277,325.16843993278087,326.8734429886082,9454556
2025-07-08,334.37548828125,335.0574717045421,328.3348937726892,329.50405068818344,12092302
2025-07-09,335.1549072265625,336.7137732067535,333.98575030819535,334.4241915858069,9079872
2025-07-10,332.67047119140625,336.1291798444743,332.4268993219537,335.1548923666643,6426072
2025-07-11,333.8883361816406,335.1548980310419,330.7706043067986,331.7448918010749,17234194
2025-07-14,333.30377197265625,336.129199880142,331.20905971708385,334.2293272920089,11516965
2025-07-15,333.2063293457031,335.2523390689663,332.1833393505192,334.3267540387368,8450777
2025-07-16,333.644775390625,334.96003976527084,332.0371771853544,333.20633411047925,6001484
2025-07-17,333.839599609375,335.6420373968367,333.20631869294095,335.34976304552697,7562006
2025-07-18,333.30377197265625,335.0574776440899,331.8910431524654,334.18062480837307,6370338
2025-07-21,332.76788330078125,333.98574267420366,330.5757364286209,333.303759264824,4463318
2025-07-22,332.08587646484375,333.79087946735797,331.30642868110164,332.7678598261138,4728372
2025-07-23,334.22930908203125,335.15489408385076,332.18332915446274,333.0114497285289,5058422
2025-07-24,330.1860046386719,334.76516746057104,327.8477207492971,334.76516746057104,9098453
2025-07-25,324.6325988769531,331.16030712602645,323.99928823127567,330.1860196500847,7790739
2025-07-28,324.3890380859375,327.9451815479893,321.8558846154022,324.87618184054446,4605823
2025-07-29,325.9966125488281,326.873465376732,320.0534526863084,323.4634590315202,7551356
2025-07-30,330.0885925292969,333.49859877333046,323.95059318319426,326.38631192893257,12537358
2025-07-31,325.6556091308594,331.35519716693904,324.43774971002597,327.40931480370114,8935384
2025-08-01,322.3917236328125,326.14273640586663,321.7097402313719,324.43773330292333,7107542
2025-08-04,323.46343994140625,324.7300017588626,318.7868719799893,322.39171777815415,8193399
2025-08-05,325.0223083496094,325.7530239575299,322.78142931225005,323.90188369737683,9855535
2025-08-06,323.56085205078125,326.77598858323086,323.0737083499318,325.02228315332957,13872826
2025-08-07,321.27130126953125,323.9018893974965,320.19957907914187,323.560882827887,8731389
2025-08-08,326.1427307128906,328.8220212564618,321.1738586673253,321.51486522854043,11247218
2025-08-11,327.5067443847656,330.3809044661656,325.3633296773396,326.3863196816912,11993280
2025-08-12,331.3551940917969,333.0601972651404,327.1170374000495,327.604181163862,7221182
2025-08-13,331.20904541015625,334.1806103730856,330.42959757538017,331.55002224667015,5417151
2025-08-14,330.62445068359375,331.6961728205679,327.65285613412476,331.20902909766085,5689423
2025-08-18,327.4093017578125,333.01145487042396,326.8247530454211,332.6704780324939,6511340
2025-08-19,326.43499755859375,331.89101321396157,325.55814480197415,330.18601017996497,10316115
2025-08-20,333.2063293457031,334.5703259169135,327.8477480258161,329.11430989917676,10824544
2025-08-21,330.0885925292969,335.4959059845728,328.2374522291147,333.54733098798215,11135121
2025-08-22,328.3348693847656,330.1860095860536,326.87343821539724,329.79630055413406,8534844
2025-08-25,329.1630554199219,332.62176433668,328.3836075385126,328.3836075385126,7142387
2025-08-26,324.6325988769531,328.72458843617204,323.21987014367994,327.50672909124484,13113388
2025-08-28,322.2942810058594,324.34029062561814,320.24830111899445,322.73272225755545,10486948
2025-08-29,319.1278381347656,322.976285404538,318.59199193750806,322.4891416859791,11813425
2025-09-01,322.1968994140625,323.07375224815706,319.56631117888287,319.56631117888287,6897558
2025-09-02,327.6528625488281,329.55273499851813,322.5865855711445,322.5865855711445,9224639
2025-09-03,325.6556091308594,329.3091873933597,324.9248934783593,327.8477560883596,10778333
2025-09-04,324.81903076171875,329.59216919528404,324.08091749984493,328.2143637799006,7934237
2025-09-05,323.490478515625,326.5413228978578,320.7840629911934,324.8190584732195,5678244
2025-09-08,321.5221862792969,325.70482858302927,321.1777273769136,323.5396840828277,5239184
2025-09-09,318.9633483886719,322.94914796612073,318.52046842055296,322.40787692411345,9735495
2025-09-10,320.4888000488281,322.85075668455676,319.9967244983052,320.3411833904529,6509477
2025-09-11,325.8031921386719,328.21437421770185,320.8332413642303,321.27612134900113,10309925
2025-09-12,326.44293212890625,328.2143920966744,323.1952154761205,326.7381654455649,5257048
2025-09-15,325.8524475097656,328.5096375596649,325.40956748449446,325.754026389271,6566824
2025-09-16,329.73980712890625,330.47792043843276,325.9508495004629,325.9508495004629,8784889
2025-09-17,331.06842041015625,332.1017970741923,329.2477348882994,330.1826904366309,7936518
2025-09-18,331.6097106933594,332.24940287367366,328.804874173928,331.65890623265017,6497322
2025-09-19,333.28277587890625,334.1193103504831,331.1176614021352,331.6097369696617,10646331
2025-09-22,333.8240661621094,334.95583392381485,331.5113050632019,333.77484058661287,6966213
2025-09-23,337.5638427734375,338.6464150398427,332.7415081691703,334.0701182218535,10738268
2025-09-24,342.0909118652344,344.84652279874786,336.82569772743255,337.85904431902344,14653575
2025-09-25,335.10345458984375,345.24019905873377,334.6113790324431,343.7639723865318,13228081
2025-09-26,332.5446472167969,335.34948382934107,331.1176461570167,335.10344605690574,6337702
2025-09-29,335.54632568359375,338.301936718208,332.64306795855805,333.72564016283786,16922231
2025-09-30,335.05426025390625,337.61302913447474,333.77484577971336,335.6939524740484,8308029
2025-10-01,334.857421875,337.6130330245518,332.69227737613147,334.9066174179206,6022078
2025-10-03,336.57965087890625,338.0558774178488,333.3811600445307,334.85738658347327,8506827
2025-10-06,333.7256164550781,336.3828061852815,330.33028342692836,335.2018429831596,8436245
2025-10-07,332.64306640625,335.98917408521186,331.511298666383,333.7256386054779,16130172
2025-10-08,328.5096435546875,333.873279363479,327.03341682205604,333.873279363479,13223442
2025-10-09,330.5271301269531,331.0684011810283,325.9508338346163,328.5096024908693,6824759
2025-10-10,334.3161315917969,336.5304715065776,330.62556506716226,330.67476060726113,8970962
2025-10-13,336.2844543457031,336.6781087923391,330.87162311120863,332.59388759491145,6663149
2025-10-14,331.314453125,337.5638184529958,329.88745208774424,336.5796673787888,7545848
2025-10-15,333.8732604980469,336.3336382467429,331.4128827493509,331.6097249828098,8121744
2025-10-16,336.08758544921875,337.1701576170371,334.26689998978424,334.8082010906468,6788416
2025-10-17,335.59552001953125,338.7448155054184,334.75898559041366,336.0875955620819,7032129
2025-10-20,336.5304870605469,338.9908648573518,334.9066136875287,335.9891859249046,6896835
2025-10-21,336.57965087890625,338.0558774178488,335.6446953906803,337.5146063671322,346988
2025-10-23,337.2193603515625,339.7289636169493,335.64471262240147,338.3511280827413,8710859
2025-10-24,334.21771240234375,337.8098578335593,332.790681324371,337.0225489839997,7584711
2025-10-27,336.3336486816406,337.4654164743728,335.0542642261885,335.3003020086915,6752390
2025-10-28,333.77484130859375,337.46540795294777,331.9541557572641,336.9733324003672,13186584
2025-10-29,341.99249267578125,344.45287032093074,333.77482533420056,333.8732464467879,15423201
2025-10-30,339.67974853515625,343.46873630345164,338.00670967379386,343.46873630345164,6721032
2025-10-31,331.6097106933594,339.5321146892116,330.2811007595333,339.5321146892116,18651312
2025-11-03,329.887451171875,332.1509866227039,328.11596122287625,331.51129443302676,10242245
2025-11-04,325.3603515625,330.6747613633437,324.4746216013439,330.0842647112706,11887651
2025-11-06,321.4729309082031,327.67310047474126,319.45543329165474,326.78734051244567,11587302
2025-11-07,323.6564636230469,324.6489703926429,318.4458030826677,321.96918999917244,8578167
2025-11-10,323.0113525390625,325.79035948383523,321.5722055529706,323.6564759060022,5246998
2025-11-11,324.20233154296875,324.9963551352011,320.43081791879985,323.50759497478134,6103758
2025-11-12,324.6986083984375,325.7903719861034,323.1105913880966,325.045991852091,6850550
2025-11-13,324.5001220703125,327.4776425776202,323.11058826911164,324.6986052641234,7276001
2025-11-14,325.9888610839844,327.4279777287404,323.75572084900506,324.5497141503254,9169855
2025-11-17,327.72576904296875,328.96640258675814,326.0881085340428,326.53474872536896,6283156
2025-11-18,325.9888610839844,327.2791077708557,324.6985841082101,326.58434091552317,6776200
2025-11-19,324.1527404785156,326.4851376137269,322.6143367009101,326.4851376137269,6935056
2025-11-20,324.1527404785156,327.52725768169756,323.7557437997128,325.5422439987782,5155775
2025-11-21,324.20233154296875,325.93921839679183,322.5647014242876,324.4008450132526,6142545
2025-11-24,321.0263366699219,324.64898043320596,319.6368029183904,324.25198377087,13719726
2025-11-25,321.27447509765625,323.16023202926664,320.08345477826816,321.02634838852583,8074651
2025-11-26,323.6564636230469,325.3437069580184,321.5721933491146,321.8699332644323,7101095
2025-11-27,324.8970947265625,326.2865981361298,322.5646977771625,324.6985812585232,6755179
2025-11-28,324.00384521484375,325.6910885402578,321.8203182185401,325.5422185834422,8930988
2025-12-01,324.64898681640625,325.79036360140253,323.0113566215068,324.64898681640625,6936186
2025-12-02,326.13775634765625,327.4776466503896,324.3016126208665,324.99637953010756,5806943
2025-12-03,320.53009033203125,326.5347444905355,318.8924298443442,326.5347444905355,8546132
2025-12-04,320.53009033203125,321.86995031082324,318.69394665325495,320.48044681758057,5965357
2025-12-05,320.87744140625,321.72107825739164,318.54507462043483,319.8353213653072,6574010
2025-12-08,317.1059265136719,320.7782138345562,315.4682963312413,320.7782138345562,7906928
2025-12-09,317.45330810546875,318.99168153992724,313.1855106643288,315.0712978277346,7152584
2025-12-10,319.190185546875,321.2744558363941,317.1059152573559,317.45329868709297,5484712
2025-12-11,320.1827087402344,321.0263456017354,316.7585480683971,319.2398151381619,6317942
2025-12-12,322.61431884765625,323.5075991866605,320.48043531438657,320.48043531438657,4261023
2025-12-15,321.5225830078125,322.8624429276532,319.1405425083109,320.6293026760478,10219819
2025-12-16,318.5946960449219,321.3737030848919,316.6592955889,319.63681611268436,5241263
2025-12-17,318.8428039550781,319.984180697448,317.1555303088596,317.6021704766537,5043027
2025-12-18,316.1134033203125,319.7360469395152,314.62464317908655,319.5871769831731,5554193
2025-12-19,317.5029296875,318.1976965858744,315.12091934706694,316.56006636988315,10833662
2025-12-22,318.29693603515625,321.224812858892,317.1059157851905,317.55255595115347,8925871
2025-12-23,320.82781982421875,322.3165800090179,317.8502994546204,318.6442927709519,6024641
2025-12-24,320.133056640625,324.202340583696,319.8353167157995,321.4729468801477,5678004
2025-12-26,321.67144775390625,323.3090778540973,319.88491740823196,320.1330440988337,4174183
2025-12-29,323.06097412109375,323.35871405541303,320.6293202648354,321.6714706127625,14043845
2025-12-30,322.4654541015625,323.11057746546095,320.9270806731198,322.5647108396016,8035909
