Price,Close,High,Low,Open,Volume
Ticker,ONGC.NS,ONGC.NS,ONGC.NS,ONGC.NS,ONGC.NS
Date,,,,,
2021-01-01,67.06398010253906,67.96344338443947,66.92006817339028,67.45974614253052,15130377
2021-01-04,69.76236724853516,70.01422134963143,67.42376280609479,67.67561690719106,39545073
2021-01-05,68.32322692871094,69.43856356535318,67.89148566255164,69.43856356535318,26998014
2021-01-06,69.76236724853516,71.45336254497934,69.25867002611858,71.16553320793217,50306161
2021-01-07,70.44597625732422,71.2734837029348,69.87031747171102,70.51793223305361,25285200
2021-01-08,72.42477416992188,72.89249610741017,70.91367717101825,71.20150098803805,36022114
2021-01-11,73.79195404052734,74.04380260754849,70.55388691911753,73.03640284957692,36301647
2021-01-12,74.43958282470703,75.19513421613556,72.49674423230294,73.39620756024715,28353142
2021-01-13,75.73480224609375,77.64166534836724,74.90729499530852,75.518928879841,42401579
2021-01-14,75.59090423583984,77.31786952404042,74.9792647488893,76.994064904975,24455634
2021-01-15,72.96446990966797,76.34644999591113,72.42479188591287,75.73481600029976,28185982
2021-01-18,69.54650115966797,73.28826616827341,69.1147598878886,72.9644615869109,33623461
2021-01-19,70.58988952636719,71.23750429979772,70.15814817404322,70.33804086166897,26085121
2021-01-20,71.1295394897461,71.81313472660531,70.40996902350712,71.23747615765934,18486566
2021-01-21,68.14334869384766,72.10098786907382,67.56769538047556,71.27348588798336,26939349
2021-01-22,66.74017333984375,68.68301176941499,66.56028068933205,68.07137785565278,27311961
2021-01-25,65.73278045654297,67.45975118485292,64.7613611374588,66.9560539052948,28522112
2021-01-27,64.54548645019531,66.02060850930131,63.969833212167195,65.76875987454598,34022621
2021-01-28,65.22907257080078,65.7687504925285,63.89786812851662,64.04178004502226,26810222
2021-01-29,63.53807830810547,66.88407679186379,63.142312331157534,65.30102386384668,33858273
2021-02-01,65.37298583984375,65.6248344438831,63.646015356607286,64.04178137001757,24228098
2021-02-02,66.8121337890625,67.60366040649401,65.62484111797102,66.56028515940997,22141489
2021-02-03,67.17192840576172,68.5750946620122,66.92007974127239,68.07139184314441,25912911
2021-02-04,70.26606750488281,70.94965735282489,67.63963381719502,67.81952646032586,49670027
2021-02-05,70.26606750488281,71.92107652775385,69.65443361621553,71.2015059552305,30514219
2021-02-08,71.70521545410156,72.53272278900388,71.30944940570402,71.59727876000329,29096831
2021-02-09,72.6766357421875,74.36762567385477,71.81315315704755,71.81315315704755,39638657
2021-02-10,71.95706939697266,73.75599613189698,70.9496693274373,73.39621078491211,21467230
2021-02-11,71.5613021850586,72.20891689734414,71.16554160358145,71.95706825642438,11287104
2021-02-12,69.7983627319336,71.52533362946441,69.47455809047307,71.16554825455754,18187705
2021-02-15,70.84171295166016,71.41737154292323,68.79093814135214,69.79833793111892,26118576
2021-02-16,74.65547180175781,75.44699859758165,71.41740314529602,71.41740314529602,76236798
2021-02-17,74.83843231201172,75.75332757254976,73.7771560434186,74.6554532599041,21014091
2021-02-18,81.02310943603516,84.53630892363506,75.64352725771008,75.89969677399667,110000964
2021-02-19,76.92439270019531,82.12099668424352,76.00949743595874,81.02312236715963,48225988
2021-02-22,77.80270385742188,79.44951550985394,77.07078756745207,77.50993622461833,36592043
2021-02-23,82.1209945678711,83.73121354187639,80.1082250384225,80.32780212981149,90860972
2021-02-24,83.14567565917969,84.42652895458454,81.24269473710791,83.43844324351623,26071364
2021-02-25,87.13461303710938,88.19588913749841,84.42652014468212,84.90226672157524,62038881
2021-02-26,81.24269104003906,86.65887155952373,80.54737294494879,84.53631364977038,55154985
2021-03-01,85.67079162597656,86.10994021984378,83.07248693747312,83.65802211868096,41672980
2021-03-02,83.0724868774414,85.37802397367484,82.52354973948475,84.82908683571819,36303917
2021-03-03,83.43843841552734,84.75588967677169,82.85290328073499,83.47503645548069,19434630
2021-03-04,82.4869613647461,85.6342035582089,82.19419932411716,83.40185670190644,38272786
2021-03-05,84.1337661743164,86.54909190291242,83.07248990258401,85.08525948172151,57756103
2021-03-08,86.54908752441406,89.54994271922735,85.78057330853679,87.06142661228075,63866178
2021-03-09,85.45121002197266,87.50057746383922,83.58482161655571,87.39078892515404,26817643
2021-03-10,83.731201171875,85.63418187449287,83.14566607072648,85.56099138286844,23841269
2021-03-12,84.20696258544922,85.92696457012673,83.43844832774684,85.45121791460039,20691698
2021-03-15,83.69461822509766,85.52440876602274,82.56015144017066,84.90228109892372,19679802
2021-03-16,84.24354553222656,85.12184823956977,83.03588279967774,83.29205791270091,20680669
2021-03-17,80.03504180908203,84.06058123379567,79.5958931704743,84.02398877129048,31017863
2021-03-18,80.65716552734375,82.12099797309646,78.68099395920864,80.51078451639953,26710696
2021-03-19,80.87674713134766,82.88951685633594,76.44865150274224,77.76610301091121,50386785
2021-03-22,80.21800231933594,81.425664984232,79.4494937755487,80.87672791692258,15825065
2021-03-23,78.42481994628906,80.73035703429296,78.02226381292682,80.21801235691582,15815643
2021-03-24,76.70482635498047,77.58312363418918,75.27758629616892,76.85120737348927,31083656
2021-03-25,74.65546417236328,78.82738493659932,74.14312498520388,77.58312943402458,37295495
2021-03-26,74.94821166992188,76.11927634299879,73.37459089793875,75.38736022431611,26637085
2021-03-30,75.7533187866211,77.80268616617009,75.09459315861771,76.15587488820007,31843017
2021-03-31,74.7652359008789,76.26566065916815,74.58225686322824,75.24098251558605,19587582
2021-04-01,76.37545013427734,77.03417579470546,74.03332065728533,75.38736443567375,22299747
2021-04-05,75.71673583984375,76.485250156386,72.75247829906219,74.76524804001971,24878516
2021-04-06,76.08268737792969,76.41205302106692,74.14311389934622,75.13119966060293,15156974
2021-04-07,76.59503173828125,77.10737084659986,75.71672894449259,76.04609458619238,10330347
2021-04-08,75.8265151977539,77.36353806028782,75.60694369400753,75.9729017843288,26105970
2021-04-09,75.972900390625,76.77800705774688,75.38736522322152,75.38736522322152,17645822
2021-04-12,71.7643814086914,74.8384270336557,71.32522724734469,73.81374329730856,27005598
2021-04-13,74.69203186035156,75.02139183477625,71.76436778875053,71.76436778875053,25505623
2021-04-15,76.92439270019531,78.13205556580309,75.9729049758358,76.30226503732995,28659714
2021-04-16,78.53461456298828,78.9371651434004,76.26566975815845,76.55843737014402,21627285
2021-04-19,75.42398071289062,77.5465336215604,74.58227580906717,76.08270094850344,19166492
2021-04-20,75.27757263183594,76.85119342351373,74.80182603192262,75.60693823981143,23082015
2021-04-22,75.46056365966797,76.44864947251538,74.39928733921663,74.94822452236274,14844968
2021-04-23,74.94821166992188,75.86310681827523,74.362676541345,74.65544410563344,12790334
2021-04-26,75.2409896850586,77.36354225679592,75.02141258532417,77.03418219127188,11797791
2021-04-27,75.53375244140625,76.11928765701435,75.24099041767987,75.24099041767987,8886250
2021-04-28,76.04608154296875,76.41203958159316,75.60693301343476,75.93629301456612,6887787
2021-04-29,76.1558837890625,77.50992765905669,75.78992568451933,76.77801144997036,14990087
2021-04-30,79.15674591064453,82.4869615968313,75.60695310929027,76.22908082349413,81358264
2021-05-03,78.82737731933594,81.02312605340187,77.58312193699636,79.15674297989251,33975507
2021-05-04,80.2546157836914,80.73036245028779,78.82737578390227,79.04695288666296,30811922
2021-05-05,81.3158950805664,83.4384533438483,80.87674644294067,82.26738844882038,47588366
2021-05-06,80.6937484741211,82.59672918073176,80.108213371744,82.19417868391452,26083818
2021-05-07,81.57205200195312,82.2307776482618,80.25460629341279,81.13290343243969,28016564
2021-05-10,83.3652572631836,84.13376593164566,82.34057345448998,83.32865921912837,33477142
2021-05-11,86.43929290771484,86.87844146418244,81.0597105268139,82.37716178029353,48355326
2021-05-12,84.24354553222656,88.67164035687995,83.21886183236462,86.87844248610233,49718697
2021-05-14,82.66992950439453,84.90227606561265,81.64525132948513,84.90227606561265,23626454
2021-05-17,83.62141418457031,84.46311881396558,82.15758198877916,83.40183712157098,19960145
2021-05-18,84.97547912597656,86.00016303641759,83.65803317033361,84.17037233351508,29395737
2021-05-19,84.09716796875,84.75589363009756,82.99929372786313,83.80440038769807,25295575
2021-05-20,81.8282241821289,83.95077645592868,81.38907004430305,83.03588130891953,21131045
2021-05-21,82.52354431152344,83.47503752169507,81.2792891142931,81.2792891142931,20562816
2021-05-24,82.74311828613281,83.40183831641454,81.13289949724798,82.88949927417836,24785960
2021-05-25,83.87759399414062,85.70738446340232,83.21886830839095,83.73121299023065,25820379
2021-05-26,82.96269989013672,84.46313032901033,82.70653033776445,84.46313032901033,12045621
2021-05-27,81.86482238769531,83.18227372555614,81.46227184518249,82.70652709887989,22821449
2021-05-28,82.23078155517578,84.57291667732106,81.86482346584782,82.85290919021784,19331994
2021-05-31,83.1822738647461,83.69461295028417,81.53546248170304,82.3405691521531,16430926
2021-06-01,86.0733413696289,86.6954690037784,83.58482524895366,83.69461379241,51620011
2021-06-02,86.1831283569336,87.39079114499269,84.90227506925093,86.36610739803112,27162991
2021-06-03,89.65973663330078,90.61122994957093,86.69547371914021,86.95164886249742,64241347
2021-06-04,91.81888580322266,92.7337810606644,90.28186288753602,91.19675814497776,72354379
2021-06-07,91.59931182861328,93.31931374953432,91.41633278204556,92.91675761345441,28709907
2021-06-08,91.34314727783203,92.14825400996378,89.76952627443771,92.03846545920089,15261479
2021-06-09,90.794189453125,93.68525565574598,90.06227339331448,92.95333959593546,29718157
2021-06-10,90.72100830078125,91.34314152120365,89.62313403049794,90.5746272983744,12245640
2021-06-11,90.42823791503906,92.66057870727445,89.65972376343603,90.72099989271946,18360366
2021-06-14,91.34314727783203,92.07506350414774,88.74484244078019,91.05037967049022,19547491
2021-06-15,91.7457046508789,94.05124205144591,91.37974651060091,91.9286837210179,32779493
2021-06-16,92.73377227783203,93.86824452324473,92.29462371266733,92.95334935245286,31654780
2021-06-17,91.56271362304688,92.9533554913071,90.39164884390887,91.92867171553235,18124616
2021-06-18,88.0129165649414,91.16015822667408,87.02483088456205,91.16015822667408,87912730
2021-06-21,88.52526092529297,89.29377515823661,87.06142854564975,87.3907941815159,15669821
2021-06-22,89.33038330078125,90.90399881954401,88.92782711723663,89.80612441068925,23629008
2021-06-23,90.28186798095703,91.05038227419627,89.11080310217926,90.39165653485946,21978870
2021-06-24,89.29377746582031,91.08696994359308,88.81803081332626,91.08696994359308,24358397
2021-06-25,88.4886703491211,91.45292763052602,88.08611420252262,89.98909521973519,34557609
2021-06-28,89.5499496459961,91.12357065770371,89.14739906984241,89.69633624247918,23728169
2021-06-29,87.39080047607422,89.6231416653741,87.17122336968114,89.14740057498543,20857415
2021-06-30,86.14652252197266,88.52524984105261,85.67078152541801,88.08610129896087,19094044
2021-07-01,86.98825073242188,87.64697651616484,85.8537838231606,86.18314392299298,16012542
2021-07-02,86.69546508789062,88.45206495161739,86.36610505647555,87.82993734556835,20014124
2021-07-05,88.52526092529297,88.89121902020378,87.02483608660509,87.2078151340605,12050022
2021-07-06,88.92781066894531,91.4895171491207,88.59845064083927,90.02568487473476,30193164
2021-07-07,87.75675201416016,88.12271010797728,86.21972913694374,87.75675201416016,18479814
2021-07-08,85.67079162597656,87.39079354266825,85.52440503863593,87.39079354266825,17151883
2021-07-09,86.29291534423828,86.84185245764428,85.34142211403704,85.70738018964104,11240925
2021-07-12,86.76866912841797,87.35419874731627,86.36611297836238,87.09802919004342,8420962
2021-07-13,88.12271118164062,88.41547877707679,86.80525979421658,87.09802738965276,8580799
2021-07-14,88.41548919677734,89.11080743181323,87.90314444836524,88.04953105537359,12709481
2021-07-15,85.56100463867188,87.39079513315127,85.04865994977119,87.24440854314646,28589465
2021-07-16,85.48780822753906,85.92695679904853,84.71929403933972,85.78057021916067,19691248
2021-07-19,83.87759399414062,85.30483391061117,83.5848264022433,84.02398058212798,14395883
2021-07-20,82.41375732421875,82.8895039382515,81.68184117465361,82.01120679240417,18634406
2021-07-22,84.53631591796875,84.75589299813977,83.40184364388033,83.73120926413685,11710140
2021-07-23,84.38993835449219,85.45121458899004,83.98738221915723,84.53631935784453,7841690
2021-07-26,83.84100341796875,84.60951208187018,83.51163777565885,84.06057492876452,8149770
2021-07-27,83.91417694091797,84.82907201095834,83.4384303876817,84.42651594651004,9704729
2021-07-28,83.69461822509766,84.31674589219666,83.03589251354911,84.0971743777322,11020097
2021-07-29,83.98738098144531,84.75589519791296,82.92610476258736,83.6580209367176,14142749
2021-07-30,84.38993835449219,85.45121458899004,83.29206407711759,83.65802216957579,12236156
2021-08-02,85.70738983154297,86.00015744177732,84.0239858448314,84.13376881260129,10895726
2021-08-03,86.29291534423828,86.51248683915443,84.28014592841629,85.01206207962429,15163353
2021-08-04,85.89036560058594,86.7320703537458,85.3414284464483,86.14653515570133,14304543
2021-08-05,85.52439880371094,85.81716637297143,83.95077800500312,85.04865220167227,11033147
2021-08-06,85.37802124023438,86.51248793857762,85.01206315997969,85.01206315997969,6606584
2021-08-09,84.17036437988281,85.63419680388077,83.65802526511455,84.90228059188179,8294214
2021-08-10,84.06058502197266,84.68271275337618,83.36526677818252,84.2435640949783,14300982
2021-08-11,85.63418579101562,85.85376286000793,84.06056502077561,84.53631161420773,11308648
2021-08-12,85.08525848388672,86.2929213340219,84.38994032560637,84.97546993676943,13519139
2021-08-13,84.97547912597656,85.5976068481478,84.42654191510582,85.48782387323611,10342014
2021-08-16,84.53631591796875,86.62227584328502,83.95078076023077,85.56099965197167,14771886
2021-08-17,83.32865905761719,84.902280019624,82.48695430267611,84.902280019624,16025745
2021-08-18,82.8529052734375,84.35333560238182,82.6333337806671,83.36524992472248,10074307
2021-08-20,80.65716552734375,81.79163790643317,79.412910182085,80.98653117808469,23878081
2021-08-23,81.79163360595703,81.97461265205537,79.41290600667864,80.76694983099087,16886027
2021-08-24,82.8529052734375,84.31673756154825,82.04779863179199,82.81631281668095,17368602
2021-08-25,84.64611053466797,85.7805773061209,82.92610856344237,83.07248957134678,18637317
2021-08-26,84.57291412353516,85.08525319949266,83.73120942668174,84.60950658091662,8779246
2021-08-27,85.37802124023438,85.63419077959723,84.13376041692214,84.53631653883316,9706825
2021-08-30,87.93974304199219,88.12272211382984,85.45122654818447,85.45122654818447,15933414
2021-08-31,88.23249053955078,88.56185056006906,87.13461635905406,87.82993443973791,13376290
2021-09-01,87.61036682128906,89.47675536310756,87.39079531194876,89.14739530705839,10964080
2021-09-02,86.84185791015625,87.93973220590013,86.36611126518508,87.0248369594469,13031666
2021-09-03,90.098876953125,90.39164452995647,86.95164085839866,87.79333996368317,21326802
2021-09-06,89.03760528564453,91.01377675736367,88.67164719206119,90.6112262048684,12505630
2021-09-07,87.79334259033203,89.84271010538932,87.50058058881862,89.65973106240482,8530847
2021-09-08,88.42521667480469,88.8340787199601,87.34731589619507,88.46238801401884,7801721
2021-09-09,90.80403900146484,92.0306194438453,87.8676790731541,88.5367234664116,27242637
2021-09-13,91.47308349609375,91.7332658516628,90.02348636383768,90.84120476914752,9921031
2021-09-14,92.14212036132812,93.22002677203074,91.28723630619658,91.658926998532,16593684
2021-09-15,95.48734283447266,97.15995105932248,92.3651430833731,92.3651430833731,42437332
2021-09-16,95.67318725585938,97.56881216074535,94.70679480500687,96.37939734192659,22431820
2021-09-17,94.96697235107422,96.41656378957437,92.73682818627404,95.67318240130764,25968166
2021-09-20,95.5245132446289,96.19355199081417,92.95984959345155,92.95984959345155,29857432
2021-09-21,100.50515747070312,101.09986482653792,95.9705379865489,96.34222866605823,51537119
2021-09-22,99.35291290283203,100.54232760022222,98.460857551339,99.98479158765167,16424387
2021-09-23,102.40080261230469,102.84683605384575,99.91047002605337,100.20782943478129,18688982
2021-09-24,101.17420959472656,103.99904974301288,99.98479485842736,103.25566836860077,33667173
2021-09-27,104.07340240478516,104.63093848909651,102.214948790414,102.62381085419578,34196564
2021-09-28,105.7088394165039,106.74958024739367,104.8167839493846,105.41149137516437,46109879
2021-09-29,107.60444641113281,110.61514303529722,103.59019180764614,104.7052637911812,68003697
2021-09-30,107.41862487792969,108.57086845146893,105.07697773098005,107.60447024969082,26714630
2021-10-01,108.71954345703125,111.24703599844987,107.12127778276673,107.9389906200015,42893182
2021-10-04,109.7231216430664,110.39216050281223,109.277088174501,109.87179568488746,16099471
2021-10-05,121.65435791015625,122.36057929337427,110.76382526527357,111.50720664289285,131238378
2021-10-06,124.96243286132812,128.419152248579,123.2526531676906,123.40132719689791,101221817
2021-10-07,119.2383804321289,126.48634959329692,118.56934166218447,126.48634959329692,59769140
2021-10-08,119.64723205566406,123.84734370111514,119.3127126998918,121.84020488028199,30561341
2021-10-11,122.65792846679688,123.54998385975362,120.94814901348825,121.72870173598781,18143592
2021-10-12,121.58003234863281,123.2898118669259,120.9853249496917,122.7322758072499,11619888
2021-10-13,118.94100952148438,121.76586076623936,118.71799286001188,121.65434676395381,16690451
2021-10-14,118.23483276367188,120.24196059462172,117.93747335046707,119.68442445585221,14821875
2021-10-18,120.50213623046875,123.0296285948755,119.8330861271136,121.72871107196896,22899876
2021-10-19,117.9002914428711,121.54285566879386,117.45425807748886,121.54285566879386,10331930
2021-10-20,115.1498031616211,118.4578602945923,114.22057617889948,118.38351759873343,17118996
2021-10-21,115.22413635253906,119.16406070289142,114.88961693497464,117.15693285440304,31555789
2021-10-22,116.74805450439453,117.71445262087519,114.85242961112485,116.71088316470292,27317028
2021-10-25,119.98180389404297,121.13404781736337,118.12334961226966,118.1976923207825,34568006
2021-10-26,121.24552917480469,121.87739665430192,119.16405867206308,121.58004858666813,33022684
2021-10-27,117.37992095947266,121.61720410191522,116.71088222282394,121.24551339419922,21652522
2021-10-28,111.6558837890625,116.59937689507952,110.54081169128271,111.50720977797852,24815027
2021-10-29,110.80101013183594,112.88248051194225,108.53369438463265,111.43287757410504,18736450
2021-11-01,113.84884643554688,114.1833771093584,110.31778510926065,111.5071997774598,11444653
2021-11-02,113.70020294189453,115.07546331201831,112.51079929769476,114.44358447318264,20609479
2021-11-03,112.99398040771484,114.62941732920635,111.35854348622333,112.39927297905409,11591857
2021-11-04,113.03116607666016,113.625873580706,112.43645857261433,112.99399473082563,1114216
2021-11-08,115.1498031616211,115.63300799849802,112.77098435447434,113.70021133719594,16568525
2021-11-09,116.45069885253906,117.5657710203314,115.22412400520777,116.3391961730001,13601954
2021-11-10,117.23126220703125,117.97464371924211,116.30203531676769,116.4878806948204,13900618
2021-11-11,114.10906219482422,116.59939479950894,113.77454278274313,116.41354942134149,14158749
2021-11-12,114.96394348144531,115.67016497505189,113.96038527065419,114.4807500477053,10552485
2021-11-15,117.30560302734375,120.61364843537946,115.9675140580536,116.30203346460075,45750584
2021-11-16,116.82238006591797,118.71800486548321,116.56220338713827,118.49498818145793,12956283
2021-11-17,117.00826263427734,118.38352317067567,116.41356641182728,116.71091452305231,11420415
2021-11-18,114.70376586914062,116.71089361815747,114.25773243909185,116.71089361815747,18351511
2021-11-22,112.96934509277344,118.48098010528106,112.54537045434124,116.59237863848708,21558590
2021-11-23,113.08494567871094,113.85580422016415,110.5411101394418,112.39117769635021,21216047
2021-11-24,118.28823852539062,120.13830604619913,114.85792043533242,114.85792043533242,36294271
2021-11-25,119.56016540527344,120.25393339297804,117.59447375695308,118.71221629819627,11554142
2021-11-26,113.39331817626953,117.36323573085448,112.73808358382573,117.36323573085448,23135841
2021-11-29,111.0807113647461,112.58388304410207,109.38481330355792,111.77447928987442,18736522
2021-11-30,109.53901672363281,113.89436330584603,108.76815808873707,110.50259001725249,22980651
2021-12-01,109.65460968017578,110.7338067576705,107.65037309355307,109.7702337376338,14278744
2021-12-02,111.00365447998047,111.50470793761554,108.22855841303277,108.30564898914761,8561767
2021-12-03,112.46826171875,113.20058677705127,110.34840063125742,111.0036351268843,10690334
2021-12-06,110.50257873535156,112.42972512583646,110.04005889668794,112.39117984555314,7749262
2021-12-07,112.46826171875,112.73806692574188,111.38906441551933,111.77449370415434,10253663
2021-12-08,114.39542388916016,115.89860773139117,113.16205705338425,113.31622643755998,12266948
2021-12-09,113.58602142333984,115.55170147820137,112.81516280970978,115.24336273769693,7989291
2021-12-10,113.74018859863281,114.08707261559839,112.19847140112473,112.7380700677788,10324085
2021-12-13,112.5068130493164,116.01422211695395,112.04430493550747,114.81938890546832,13595587
2021-12-14,113.23912048339844,113.6630950540722,110.96509002916267,111.19634995520003,12331999
2021-12-15,110.96509552001953,113.8558153326062,110.69530206159953,112.77661797418813,10361033
2021-12-16,112.0442886352539,112.73805658622219,111.42759947752246,112.00574335745182,12156709
2021-12-17,107.45770263671875,111.85160682313979,106.76393448221584,111.15782690626608,17667617
2021-12-20,103.29503631591797,106.10866506286,101.48351418304277,105.99304099581134,17238729
2021-12-21,104.87530517578125,105.49199435117758,103.1408734863109,104.10444664712776,8615570
2021-12-22,105.45344543457031,106.33992800699482,104.29715768147715,105.91595347838721,4968143
2021-12-23,108.30563354492188,108.69106284579348,105.72325252413458,106.76391634143545,6324169
2021-12-24,106.76390075683594,109.15356677836176,105.76178236837777,109.11502150142739,5657495
2021-12-27,105.87742614746094,106.41702477794882,104.83676240394517,105.26073695731708,4404298
2021-12-28,107.53477478027344,108.30563338084887,106.763916179698,107.26496956512453,8738089
2021-12-29,107.0722427368164,108.57542624686472,105.9545002455854,108.07436115605947,6571286
2021-12-30,108.30563354492188,108.84523221366837,106.76391634143545,106.95663099187125,11556524
2021-12-31,109.77024841308594,110.19422295105747,107.49621813425188,108.26707665333919,6393760
2022-01-03,110.27132415771484,110.57966289018154,108.84523105472685,109.73172549471379,3765911
2022-01-04,113.93289184570312,114.54958101546069,110.3098591466328,110.3098591466328,16351836
2022-01-05,115.89859008789062,116.476734012315,113.6245479085934,114.47249703602981,12977680
2022-01-06,116.2454833984375,116.70799151759144,114.35688211322825,116.0913140253862,9012777
2022-01-07,121.0633316040039,121.41021558176404,116.66944044018499,116.78506451198255,30889365
2022-01-10,122.0654525756836,122.87484461993705,120.56226903665818,121.98836201796055,16418985
2022-01-11,124.06967163085938,124.60927022146352,121.48730274640846,122.412330582068,14457548
2022-01-12,127.15310668945312,127.73125056202932,124.4165566734523,125.41867507172451,21220614
2022-01-13,126.38226318359375,127.57709634778388,125.68849515915748,127.15312177179788,7445346
2022-01-14,124.14676666259766,125.8811983279052,123.49153221742334,125.61139314168813,11646259
2022-01-17,127.84688568115234,129.65839608103735,125.11033568040921,125.26450502642986,32577835
2022-01-18,126.30519104003906,129.81258839135617,125.95829524716663,129.7355095858939,11175409
2022-01-19,131.23867797851562,131.8168219343681,127.11457972182029,127.42293022236295,36648534
2022-01-20,128.61776733398438,131.7397353807722,128.34796210808875,131.7397353807722,14474454
2022-01-21,126.1509780883789,128.2708387830422,125.1103262593276,127.42290156259662,8625926
2022-01-24,127.73123931884766,129.7354759389748,126.22806773493541,127.34581010438984,28783449
2022-01-25,127.30730438232422,128.50213767082766,125.64996295019897,125.64996295019897,14249846
2022-01-27,127.73123931884766,130.08235987951358,126.80621155662213,127.26873131891797,25936832
2022-01-28,130.1209259033203,134.66898665423798,128.15523424365085,129.1573527135184,32790065
2022-01-31,133.05018615722656,134.78461783896253,130.69906530284428,132.27932763201056,24031034
2022-02-01,131.7782440185547,134.82313241288207,129.8896432495946,134.12936454260807,14220953
2022-02-02,132.0480499267578,134.16791058542262,131.43136083721848,131.46990611075833,12478192
2022-02-03,129.1188201904297,132.0095400454393,127.96253224842584,131.0459667604361,12529302
2022-02-04,130.73760986328125,133.12726422090103,130.31363532426832,131.04594856672654,17434362
2022-02-07,132.66476440429688,133.58979233444506,130.42926749720644,131.58555535048376,11723574
2022-02-08,128.69483947753906,133.35853630782995,128.34795546389415,132.58767771645523,13231599
2022-02-09,126.38226318359375,130.73762126436827,125.72704044104141,129.42715225452636,17938632
2022-02-10,130.35220336914062,131.3543102115421,127.30730226957277,127.84691273839772,26763203
2022-02-11,129.619873046875,131.4313955199867,128.81048090078212,129.4657036743987,12884995
2022-02-14,128.11668395996094,135.94090501299647,127.34582543822546,130.19799961617318,44604164
2022-02-15,126.53641510009766,131.04594192420075,120.56226186531791,131.04594192420075,31146458
2022-02-16,129.92823791503906,130.1980314061003,126.80625778725565,126.80625778725565,15960268
2022-02-17,132.39495849609375,132.89601185823503,129.88966816065093,129.92821344136217,24640791
2022-02-18,129.42710876464844,132.39491803694355,128.50208112210342,131.97094360342072,11829998
2022-02-21,127.28497314453125,130.51773828290195,127.01233803476451,130.40088447620897,14222260
2022-02-22,128.49237060546875,129.69978843057223,127.16811087862412,129.69978843057223,29399172
2022-02-23,125.2206802368164,129.6219000131874,124.3637999099307,129.50505809872925,21301826
2022-02-24,122.0268783569336,126.50600110120914,121.52054749686691,125.2206923725728,28766189
2022-02-25,124.24696350097656,124.94803879130632,122.14372574372895,124.16906096371399,20225258
2022-02-28,125.14276885986328,126.07755165450374,121.36473396217662,125.02592695366172,20210070
2022-03-02,126.9344253540039,131.14091244739558,126.11649631754518,129.037662957571,41103406
2022-03-03,132.659912109375,133.82837872474894,126.89546967510921,131.1019566222097,42345653
2022-03-04,128.72605895996094,133.20518052740286,127.63549498499917,132.50410538439255,32658756
2022-03-07,145.6298828125,147.8499740756456,130.1671821559868,130.1671821559868,132538155
2022-03-08,139.51492309570312,151.86171359492587,138.50224961938096,148.0057760180236,73127816
2022-03-09,136.6326904296875,143.1761105577199,135.42528444533224,142.55292599034678,51977091
2022-03-10,135.81475830078125,137.8011418032078,128.53131250436496,131.06298987187517,62112814
2022-03-11,136.86639404296875,137.41167611360655,133.7504829121726,134.37366751558338,26187452
2022-03-14,133.82838439941406,136.7105997956317,132.89361344472962,135.54213313071176,20214021
2022-03-15,127.5575942993164,132.0367159312008,125.92173642708231,131.10194509831962,42333127
2022-03-16,130.32298278808594,130.75142293716024,126.07755633545668,129.31030931379868,25545119
2022-03-17,132.659912109375,133.59468302442275,128.21974134820536,129.77769683537065,66314748
2022-03-21,134.4126434326172,136.32113697298703,132.65994310010737,133.75050744138733,20614652
2022-03-22,136.67166137695312,141.1897352832695,135.3863526792227,137.25589476433217,39742745
2022-03-23,136.78851318359375,138.42435951255098,136.2042798047679,137.48958848368136,10994784
2022-03-24,138.22959899902344,140.52758097826685,137.48957251570872,139.35911435632033,20332589
2022-03-25,136.9442901611328,139.6317610083091,136.39900811603658,139.0475276986509,13608989
2022-03-28,137.3727264404297,138.58013240413868,136.04845480006006,136.7105906202449,15253027
2022-03-29,133.20518493652344,136.47688885595872,132.8546473534154,136.2821444335369,14210783
2022-03-30,126.19439697265625,128.41448834056703,125.53226112292643,126.97337473174673,95239532
2022-03-31,127.67443084716797,128.72605541901157,125.53224233036143,126.07753618909842,33523683
2022-04-01,130.8292999267578,131.06299560970243,127.40180286442408,127.67443792264598,28335224
2022-04-04,130.90721130371094,131.68618904204155,128.8039737874697,130.05033103704446,17745513
2022-04-05,133.86732482910156,134.56840001679933,131.88092928228244,132.62095573290932,20054934
2022-04-06,134.60736083984375,135.1526429008088,132.65991641764188,132.8936121255576,12969222
2022-04-07,131.53042602539062,135.38636433686173,131.02408324764085,132.89363737998968,24550313
2022-04-08,133.12728881835938,133.43888704098032,131.41354019584304,131.64723589124455,9529874
2022-04-11,133.36097717285156,134.56839496074917,132.07566874827887,133.2051840132452,9724979
2022-04-12,131.56932067871094,134.13994930776553,131.0240386995189,133.20517850254268,13184429
2022-04-13,135.7368927001953,136.20428417274832,132.9715189078176,133.51680103495684,23458303
2022-04-18,136.9442901611328,139.43701657175637,136.39900811603658,137.10008333312356,23916912
2022-04-19,137.99591064453125,140.060208918298,137.10009094118004,138.1127644447017,17880666
2022-04-20,136.71060180664062,138.15171546907698,136.16531973224176,137.80116595543836,10076403
2022-04-21,135.6589813232422,137.64537712282083,135.46423687007288,136.86639931014358,12246720
2022-04-22,135.54212951660156,137.33378073229085,135.30843381259734,135.65897142547504,10267952
2022-04-25,132.153564453125,134.76314455007125,131.10195167075992,133.2051891217467,12583497
2022-04-26,130.0503387451172,133.75048322149485,129.0766165144915,133.28310368254915,20086229
2022-04-27,128.41448974609375,131.5693401959349,127.24602309466891,130.82931369395064,13981957
2022-04-28,128.37551879882812,129.310289599404,126.5449165710813,129.310289599404,13030499
2022-04-29,124.98700714111328,130.43985267946513,124.24698048101753,129.6998260193694,15964743
2022-05-02,121.79317474365234,124.05220544145867,121.4426252506677,123.19532517056273,23405519
2022-05-04,126.38915252685547,126.81759270928293,123.03954549095678,123.8574745871804,23661920
2022-05-05,128.41448974609375,131.1798513121266,127.28496247404378,127.90814706538852,26878516
2022-05-06,130.0503387451172,130.4008763708909,125.49332583754352,127.67445412513894,16768573
2022-05-09,128.33657836914062,130.32297391690065,126.77862294129066,128.7260672261031,9952775
2022-05-10,120.31310272216797,125.9217397538893,119.1056849165962,124.9869688963118,22602956
2022-05-11,123.54586791992188,124.63643194493753,119.7678213220884,119.96256574700236,15084514
2022-05-12,121.91002655029297,125.41542667474229,119.96258203671002,123.85747106387593,21459069
2022-05-13,119.61204528808594,124.87014551373316,119.14465384685849,124.63644979311944,12934346
2022-05-16,119.57308959960938,121.71527850123104,118.24882974676751,120.11837167004335,13205775
2022-05-17,127.09020233154297,127.5186424280545,121.16997916078999,121.5205167356609,17843200
2022-05-18,127.129150390625,128.14182371516927,124.79221743533317,126.1943795857594,12616832
2022-05-19,124.63644409179688,126.23335090897454,122.92269536278619,123.50692869446648,8932407
2022-05-20,126.11648559570312,127.59655036590908,124.71433523670107,125.92174116959102,7235654
2022-05-23,120.81945037841797,127.90814057211603,120.46890089178025,125.99964751559182,18029557
2022-05-24,117.35298156738281,122.88372779473873,116.96349273126637,122.61108085495484,19141394
2022-05-25,118.87200164794922,119.3783323979076,114.97711315209578,119.1056854486953,19366472
2022-05-26,118.32671356201172,119.41728952617618,115.36660766876085,119.02780065745823,12824105
2022-05-27,112.01699829101562,121.13103521968253,109.91376082843968,120.74154636045525,52469252
2022-05-30,112.21174621582031,114.74342387965473,109.95270363018304,113.45810347241532,40261336
2022-05-31,117.82038879394531,119.18359990395791,113.26336404311448,113.26336404311448,57675204
2022-06-01,116.65193176269531,119.1057072088763,115.8729539212082,117.78144725559991,22780094
2022-06-02,118.7551498413086,119.10568743452859,113.73074597513774,115.13290823427431,25429955
2022-06-03,118.0930404663086,120.1183756356797,117.74249094364573,119.92363118364837,16747177
2022-06-06,119.92361450195312,121.52052116372775,119.02779490172307,119.26149058890459,30327268
2022-06-07,126.07754516601562,126.93441350199528,120.11835864502439,120.58575001829065,61411715
2022-06-08,127.28497314453125,129.62190664328955,126.27231147074275,127.36287568232657,45994327
2022-06-09,128.9597930908203,130.36195568120672,128.14186392257326,129.31033076685205,31122996
2022-06-10,128.2586669921875,129.81662231252386,127.24600554297352,127.7523362675805,17812698
2022-06-13,124.28590393066406,127.71340131865576,123.4290236405375,126.19439706457437,12237777
2022-06-14,121.4815902709961,125.0648930452618,120.97525943575042,124.28591521487868,12844437
2022-06-15,117.93721008300781,122.49423403697787,117.46983063020032,122.26053836744637,16223385
2022-06-16,111.82225036621094,118.05407191906136,111.08222393406122,116.18451832145243,25130676
2022-06-17,110.18641662597656,113.06863234919805,109.56323195673056,110.96539449096935,22922034
2022-06-20,104.6946029663086,108.20000277838933,101.26710568233244,107.96631896658953,28656582
2022-06-21,108.35581970214844,109.21268817386157,105.16200588017321,106.01888623814459,20581784
2022-06-22,105.04515075683594,106.68099684425059,102.04608176719061,106.68099684425059,31824106
2022-06-23,105.0062026977539,106.25255996149521,102.98085580057075,104.38301812275469,26829020
2022-06-24,106.99259948730469,109.83586354077212,105.31779018099246,106.71995251833887,25461812
2022-06-27,110.22534942626953,111.08222968867969,106.91469405480913,109.05688282457763,24188349
2022-06-28,116.34034729003906,118.20988938578856,110.73169723027306,111.23803996730517,54387675
2022-06-29,120.07939910888672,122.61107645274667,113.88652921423422,116.34031592542105,165860322
2022-06-30,118.0540771484375,120.31310780691028,116.26242599537797,119.1835924776739,38725546
2022-07-01,102.08502197265625,117.74246538548628,101.26709307441946,116.02871695686258,125788305
2022-07-04,98.15118408203125,101.22814342798665,96.67112535566076,101.22814342798665,85993413
2022-07-05,99.24176788330078,100.17654476184369,98.1511978298984,98.93017559045315,44595740
2022-07-06,94.21735382080078,96.20374940437735,93.36047950865873,95.81426054039201,59092334
2022-07-07,96.20374298095703,96.71007965895609,94.45104321004891,94.45104321004891,36229792
2022-07-08,94.64579010009766,98.42383073851295,94.2563012519491,98.42383073851295,42778692
2022-07-11,97.76171112060547,98.0733034203726,94.29526238640922,94.64580000919175,31521678
2022-07-12,96.67115020751953,98.73544270315415,96.20376468512455,97.2943348661324,25216226
2022-07-13,96.94378662109375,97.2943302034377,94.56790785314273,95.38583099235377,27166975
2022-07-14,99.0470199584961,103.29245217003415,96.43744574107329,96.90483119233689,38464081
2022-07-15,98.57962799072266,100.02072957003118,97.06061794561809,99.39755099058382,18088858
2022-07-18,101.189208984375,101.81239358634633,98.89122690797225,98.96912944056528,21010247
2022-07-19,99.63125610351562,103.75983464122653,96.94377928152922,101.65659707891425,33778758
2022-07-20,103.25350189208984,106.40836411871958,102.9808549283815,105.16199497927718,60317150
2022-07-21,103.68194580078125,103.99353215385536,102.6692723239042,103.60404326938398,20853780
2022-07-22,103.17559051513672,104.22721512924443,102.47451536323558,104.22721512924443,11630255
2022-07-25,101.11131286621094,103.1755991193795,100.02073690021527,102.82506151419615,21705935
2022-07-26,99.86494445800781,102.51347592080637,99.51440685026806,101.92924261248778,22172845
2022-07-27,100.17655181884766,101.42290919178133,99.55336718925173,100.56604072656283,20187969
2022-07-28,101.46185302734375,101.65659746693558,99.9038975106091,101.57869493659592,25736737
2022-07-29,104.49984741210938,104.77249434520512,101.18919238633151,101.61763247280096,19738642
2022-08-01,107.81053161621094,108.27792308908465,103.75984910092141,104.46093631023199,20592826
2022-08-02,106.48625183105469,106.75889878726116,104.85040575258601,106.48625183105469,15037928
2022-08-03,105.6683349609375,107.84947520183256,104.22723314707078,105.94098194839616,15853543
2022-08-04,106.1357192993164,106.83679452550624,104.38301934758458,104.65566631680132,14311959
2022-08-05,106.3304672241211,107.88842278784448,104.07143641122525,105.23990308401778,66480753
2022-08-08,106.3304672241211,107.10944500598278,105.20095181767317,106.17467404500029,12451233
2022-08-10,104.22721862792969,106.52520046547288,103.9545716784515,106.2525535159947,15829467
2022-08-11,103.4482421875,105.94096848037516,102.8640089054391,104.77250191625338,19479706
2022-08-12,108.43370819091797,108.82319709382088,103.99353707507642,104.30512344289554,40876891
2022-08-16,109.0179443359375,110.53694871889104,106.01888683856939,108.66740669160335,31230003
2022-08-17,108.78424835205078,109.68007998128185,108.04422179660479,109.01794407647012,15694770
2022-08-18,108.1063461303711,110.29957700580681,107.42843353744773,110.25969764690454,42597708
2022-08-19,107.34867858886719,110.45907362830181,106.91003001421082,109.66153519055233,35382493
2022-08-22,105.19530487060547,107.26890947546552,103.52048161542123,107.26890947546552,31231393
2022-08-23,106.67076873779297,107.02965860993245,103.75975823441921,105.19531772297712,24268146
2022-08-24,108.46521759033203,109.58176643303287,107.26891004337983,107.42841528241286,22730039
2022-08-25,108.90387725830078,110.17993147048898,108.58485457815054,109.26276712518275,14620592
2022-08-26,108.98362731933594,110.25969374218776,108.54499089535999,108.86400141633729,12105053
2022-08-29,108.3854751586914,108.94376183333068,106.67077228507506,107.02966216914925,9198908
2022-08-30,110.53883361816406,111.53575667687957,109.70141581494886,109.98054696970664,21720398
2022-09-01,107.42841339111328,108.66460026842782,106.9897648643927,107.66767733018536,20349294
2022-09-02,105.87323760986328,108.26585314906923,105.51434771287678,107.42843527645276,17495310
2022-09-05,106.3916244506836,106.7903936760152,105.79347061268618,105.99285522535199,14865879
2022-09-06,105.35484313964844,106.98978736665457,105.03582043063182,106.9499201763155,10870488
2022-09-07,105.6738510131836,106.03274090348498,103.7198841264568,104.47754326586454,12042788
2022-09-08,105.15544128417969,106.98976984028133,104.8762979807016,104.99592387106647,14629497
2022-09-09,106.87014770507812,107.02965295432594,105.23519151897948,105.67384008151382,12327341
2022-09-12,106.87014770507812,107.9866966192833,106.55113720658248,107.66768612078766,13500202
2022-09-13,106.79039001464844,107.78731304379741,106.471379513109,107.02965397553831,10846178
2022-09-14,106.23210906982422,106.94990090869341,105.27506545413515,105.63395528883483,8597956
2022-09-15,105.75360870361328,107.18916825087524,105.27508074154488,106.55114719407952,10810473
2022-09-16,104.67693328857422,105.27508719308035,103.68001011439732,104.55730737546193,20909579
2022-09-19,104.11865234375,107.14930104081897,103.4407397591986,105.35483943762345,19411428
2022-09-20,106.23210906982422,106.55113172136714,104.71679102577234,104.7965375615557,13080582
2022-09-21,104.39778137207031,106.23212229604613,103.7198809708969,105.43458382209764,11156865
2022-09-22,102.60330963134766,104.35790383562255,102.16467324974907,103.99900182235805,11366882
2022-09-23,102.56344604492188,102.96221525634152,101.68614891201042,102.2843027291399,10407849
2022-09-26,98.45612335205078,102.72295910647208,97.81809621610603,101.52665138124796,12848954
2022-09-27,99.253662109375,102.00517353582336,98.77514023491226,99.17390947775384,14465123
2022-09-28,97.73832702636719,98.85487584629433,96.90090932668713,98.85487584629433,15267018
2022-09-29,101.00824737548828,102.24442834008902,98.49600000457824,98.49600000457824,20597761
2022-09-30,101.12787628173828,105.5940842288565,100.09107387937254,100.09107387937254,33530494
2022-10-03,105.59407043457031,107.66767496841638,104.15851117056678,105.03579603529458,50966493
2022-10-04,106.79039001464844,107.66768714808775,105.11556662736054,107.58792843796762,14137567
2022-10-06,105.79345703125,108.90386389121471,105.59407244418057,108.86398453990694,14570735
2022-10-07,106.91002655029297,107.06953179878069,104.63703720856421,105.314949726475,13532236
2022-10-10,106.27200317382812,106.87015703784591,105.4345853303089,106.07261855248886,10183057
2022-10-11,104.55728912353516,106.47137641603534,103.87937661564497,106.27199181600531,13176461
2022-10-12,104.75668334960938,105.27507848953445,102.96222178444685,104.55729873125799,9401804
2022-10-13,103.56037902832031,105.15545602732735,101.80579067857106,104.63704870096701,13320136
2022-10-14,101.76591491699219,105.91311891185018,101.32727237760133,105.27508565579939,13205955
2022-10-17,101.92540740966797,102.24441789391685,100.48983589160815,101.28737427170027,9320940
2022-10-18,102.6431884765625,102.9622111346096,101.7658974635056,102.44380387883433,6490293
2022-10-19,101.92540740966797,102.64318708396291,101.60639084068413,102.64318708396291,7381712
2022-10-20,103.3609848022461,104.47753373004613,100.33033635175522,101.28738002836533,18748363
2022-10-21,104.91618347167969,106.3916222735313,102.6830734216259,103.16160135001984,11945173
2022-10-24,105.9131088256836,106.87015253388388,105.59408614330283,106.07261408213847,2154912
2022-10-25,104.27816009521484,105.99286302249081,103.56038030460441,105.6339731271856,10232002
2022-10-27,105.11557006835938,105.43458058034174,103.91926239421903,104.27815226256695,13865026
2022-10-28,106.63090515136719,108.14623574708232,105.11558672512496,105.35485073176133,22918037
2022-10-31,106.91002655029297,107.82719085620013,105.91310353540675,107.18915769277888,8753855
2022-11-01,107.78732299804688,108.2259716052761,106.94991731180309,106.94991731180309,11630848
2022-11-02,108.82411193847656,111.01734253227663,107.94682700263866,108.34559620151138,21117499
2022-11-03,108.78424835205078,109.02351233994776,107.86708392949635,108.78424835205078,7561534
2022-11-04,109.940673828125,110.37931021462485,108.50510226743657,108.78423340707553,7498344
2022-11-07,110.49895477294922,110.85784464185238,109.06338312786556,110.49895477294922,9987481
2022-11-09,110.57869720458984,110.8578405197299,109.26276367771939,110.81796116478553,12033732
2022-11-10,111.53575897216797,112.33329743555286,109.58178000129799,109.66153871542495,15908521
2022-11-11,112.01427459716797,112.69218715791764,111.01735151928382,112.13391266819676,18492513
2022-11-14,111.05723571777344,112.45292808765568,110.538840562463,112.13391755661414,12743505
2022-11-15,113.52959442138672,114.32713280953986,111.65537434143884,111.65537434143884,24636519
2022-11-16,113.96822357177734,114.28724620848917,112.61241083179253,113.88847703970133,11460200
2022-11-17,114.2074966430664,114.68602455167976,113.01118904100328,113.21057364134714,13368536
2022-11-18,113.05108642578125,114.24739421864666,111.81489927259257,114.1676354980001,19958908
2022-11-21,113.42791748046875,114.18159903451877,112.54862872304976,113.88849852273063,16348881
2022-11-22,113.21855926513672,113.80474748820534,111.29250129395847,113.00920541561615,11198874
2022-11-23,114.30719757080078,114.43280476464587,112.67424016109251,113.51165552791157,9010911
2022-11-24,116.77755737304688,117.23813832921454,113.46976959720406,114.30718487098417,11803087
2022-11-25,117.69873046875,118.32679198376154,115.35396492378477,116.40073411547066,9789098
2022-11-28,116.90320587158203,118.24306296997656,116.44262480296828,116.81945921258094,8925344
2022-11-29,117.447509765625,118.15931796629161,116.8194482160762,117.2800292413343,13558920
2022-11-30,118.15930938720703,118.7454975686361,116.90318637931162,116.90318637931162,17720938
2022-12-01,117.280029296875,118.9129867708862,117.07067544692624,118.45240574540998,27727625
2022-12-02,117.99181365966797,121.25774107949523,117.69872596398002,118.78736843725578,24518337
2022-12-05,120.37845611572266,120.54593662951223,117.74060288419057,118.4942715852157,18440387
2022-12-06,119.28982543945312,119.87601368482248,118.20118282494123,119.62479927819662,10977472
2022-12-07,117.782470703125,118.70363275277245,117.32190245624619,117.90809067968324,9731670
2022-12-08,119.45729064941406,119.75039112348121,117.53124562992286,118.28491430903301,10150945
2022-12-09,117.8243408203125,119.70852541587595,117.48937978116794,119.33169105235218,9438307
2022-12-12,119.20606231689453,119.33166948939066,116.56819669299527,117.23813142817329,8946335
2022-12-13,120.88091278076172,121.13212716734888,119.37356257151679,119.7922702530879,12593054
2022-12-14,123.60250854492188,124.43992387983884,120.67155487271249,120.88090870644173,17692988
2022-12-15,123.47689056396484,124.6492797184721,122.80695572966701,123.64437107805325,11426194
2022-12-16,123.2675552368164,126.03102885704516,123.10007469757899,124.23059069883723,20540447
2022-12-19,122.09516906738281,123.56064603168761,121.42523418525447,123.14193832760053,10635055
2022-12-20,122.13702392578125,122.43011160755916,119.83413190150863,121.8439234660602,6714207
2022-12-21,120.16911315917969,122.93258660971853,119.499178265421,122.68135942731585,10011408
2022-12-22,119.12232208251953,121.55082125281376,118.5361339494771,121.42521407357,9123323
2022-12-23,117.07066345214844,120.16909755834276,116.65195579515073,117.74059825893349,8007752
2022-12-26,118.32679748535156,119.6247938989811,116.81944722365097,117.65686261593521,7150680
2022-12-27,121.25773620605469,121.76017771187355,118.99671748501171,118.99671748501171,8765357
2022-12-28,120.50407409667969,121.13213566308617,119.49917814601837,120.12723971242485,9534858
2022-12-29,121.13212585449219,122.26264169365919,119.33168795442764,119.54104179294417,36752195
2022-12-30,122.89070129394531,124.56553197597523,121.0483900993012,121.80205879503706,9644998
2023-01-02,125.98914337158203,126.28224387042702,123.30941666850069,123.35128999375638,9631496
2023-01-03,125.23546600341797,126.1147546614489,123.93746967755746,125.36107319258926,14991139
2023-01-04,122.47199249267578,124.64927747038982,121.42522332607172,124.60740414813687,13535874
2023-01-05,122.68134307861328,123.10005073417169,120.71341198631133,122.13702823756479,16320559
2023-01-06,123.39315032958984,124.02121180847554,122.51386170356115,122.84882271445612,16804116
2023-01-09,124.0630874633789,125.77979160369854,123.76999973763095,125.02612284840946,18660445
2023-01-10,125.0679931640625,125.86353522615175,124.43993162379023,124.43993162379023,18490715
2023-01-11,122.93257141113281,125.61229787691833,122.47199042999537,125.1935902173286,12538238
2023-01-12,122.38825225830078,124.14682966147934,122.05329121862134,123.68624864846166,13270422
2023-01-13,123.05819702148438,123.51877807157769,122.17890824911453,122.59761597139105,8854484
2023-01-16,123.60250854492188,123.76998905631648,122.26263889787714,123.6862424116472,9696320
2023-01-17,123.81185913085938,124.77488162957462,122.80695053296428,124.18869346609823,18484595
2023-01-18,124.98421478271484,125.40292236992663,124.10492629398182,124.1467996082913,12139643
2023-01-19,127.07779693603516,127.37089746024559,123.97936226814276,123.97936226814276,18437610
2023-01-20,126.95219421386719,127.70586304854892,126.07290538810757,127.28715530084875,17512691
2023-01-23,127.5802230834961,128.20828454381274,126.74280780307392,127.7477035839919,16742252
2023-01-24,127.41273498535156,128.29202362113324,126.95216678474827,127.58022827060037,8276792
2023-01-25,127.66397857666016,128.4595206722724,126.57533597205881,126.65908262546864,9827342
2023-01-27,123.64437103271484,129.0875707952296,122.76509513958702,127.66396725908379,13052535
2023-01-30,121.34148406982422,124.6492850600541,119.95975379695342,123.51876918010912,12688399
2023-01-31,121.34148406982422,123.85373022264,120.79716918122536,121.5508379158922,19050398
2023-02-01,120.79717254638672,122.26264950968778,119.2060883831236,122.09516898375666,11526089
2023-02-02,120.12724304199219,121.42523953746455,117.78247724016236,119.75040864729263,11886667
2023-02-03,120.83905029296875,121.71833905870511,117.32190800796884,120.16911538679126,9250428
2023-02-06,120.16911315917969,120.75530139948907,118.5780289672049,118.66176284270894,6436143
2023-02-07,121.13212585449219,121.38335301630087,119.08046079261894,120.50406433894256,8681511
2023-02-08,120.50407409667969,122.17890494043031,119.8760125302732,121.76019722949266,10325869
2023-02-09,122.43013000488281,122.59761053077187,119.9178837827117,121.13213356783872,8078404
2023-02-10,122.84884643554688,123.10007363119973,121.25776215965533,122.38826537317428,6396208
2023-02-13,124.0630874633789,124.60741514481663,122.76510380459716,123.47689923393794,6563018
2023-02-14,124.31430053710938,124.94236202124223,123.10005089004122,124.48178104395608,6991500
2023-02-15,123.51876831054688,125.10985241828455,121.8439375537937,124.77489137811176,12631259
2023-02-16,130.55303955078125,131.01362051922482,124.27242483003276,125.61229441496978,30949761
2023-02-17,131.1392364501953,132.98154748940775,129.29691263303994,130.21807454161763,19874561
2023-02-20,129.67376708984375,132.14413972209528,129.29691997442842,131.64168542017063,8348393
2023-02-21,129.0457305908203,130.55306823259937,128.50140286200352,129.71565275252382,7599927
2023-02-22,128.6269989013672,129.38066758192906,127.03590211870663,129.17131375089033,9599697
2023-02-23,129.50625610351562,130.80425222446303,128.33387992985197,128.71071421581945,18675946
2023-02-24,133.24575805664062,133.54664082172056,128.73259528375442,130.45189538771106,14648507
2023-02-27,133.46066284179688,134.14838546700176,131.52645033684328,132.38610033904487,11904749
2023-02-28,130.7097930908203,133.63259802209183,129.97908529939303,132.51505033052842,17607584
2023-03-01,133.07383728027344,133.33173493212203,130.53787212440437,130.66681439171893,7707977
2023-03-02,132.42910766601562,133.28875781234845,131.22558959081752,132.81594760842134,8219892
2023-03-03,132.60104370117188,133.8475338710288,131.91332091590635,132.38613115060272,8260104
2023-03-06,135.9966583251953,137.28613361864006,131.999290162405,132.9878826404909,14491522
2023-03-08,136.0396270751953,136.55542237734448,134.4492691579182,134.57822454206521,7339476
2023-03-09,134.36331176757812,136.81330665515296,134.14839924495476,136.72734951643525,5314022
2023-03-10,133.93348693847656,134.70716677428155,132.55804154457948,133.76155954354428,4689681
2023-03-13,133.93348693847656,135.8247145171705,133.41769163646032,134.27734172834113,8785721
2023-03-14,131.78436279296875,134.8361232676965,131.56945026823044,133.93348804035173,7177342
2023-03-15,131.13963317871094,132.7729632189746,130.49489556536153,132.38612327440904,9832270
2023-03-16,130.83872985839844,131.87030725452254,127.22820241335499,129.97907984209198,18551936
2023-03-17,131.65541076660156,133.15979847814975,130.6238332449839,131.95629355579914,16593429
2023-03-20,130.92469787597656,132.5150425087133,130.3229454982595,131.52645025369364,8749355
2023-03-21,130.2799530029297,132.17118027612014,129.76415778423353,131.65538505742398,6148489
2023-03-22,130.2799530029297,131.35451544419897,129.67820065926236,131.01064759266242,4329409
2023-03-23,131.3545379638672,131.65540762867386,129.2054127128786,129.89313541663884,4484564
2023-03-24,128.43170166015625,131.69837420493022,127.91591954290838,131.26854921528147,8301726
2023-03-27,129.1624298095703,131.05365743957765,128.3027796943652,128.56067735237067,7437261
2023-03-28,126.54049682617188,129.16243235261402,126.06768663005606,129.16243235261402,8964539
2023-03-29,128.3887481689453,129.67822332383707,125.93874012776311,126.58347770520899,24012834
2023-03-31,129.8501434326172,131.52645841644178,128.99049337760778,129.033478503802,7998472
2023-04-03,132.085205078125,135.69574523909696,131.6124081154796,132.81591275765905,20016785
2023-04-05,131.4404754638672,135.26592833280708,131.13960584401616,134.75013310275162,15880397
2023-04-06,129.4633331298828,131.91332847645896,129.2913925857959,131.69841591357218,10670936
2023-04-10,135.09400939941406,135.3948921844897,128.94751636618065,129.54926881911223,17431401
2023-04-11,136.72732543945312,136.9422379242315,134.44924523047197,135.05101068162512,13305621
2023-04-12,135.52383422851562,136.72735224959632,134.62121210922967,136.6843671207685,7333339
2023-04-13,136.46945190429688,137.9738395630844,135.82471433624508,135.9536566029677,11610851
2023-04-17,137.67294311523438,137.93084074029295,135.8247008505477,136.77032110335648,9358885
2023-04-18,137.62998962402344,138.0168295550436,137.02822404552555,137.67296163629914,8008560
2023-04-19,137.62998962402344,137.93085929605255,135.867704252465,136.08261678272285,11374283
2023-04-20,136.8133087158203,137.62998680786538,136.2545413954712,137.20016175614464,5733670
2023-04-21,137.20016479492188,137.41507732554223,136.4264718143567,136.598399215409,3512214
2023-04-24,137.75892639160156,138.1887514349451,136.94226143269273,137.2001590821427,7028440
2023-04-25,138.102783203125,139.09138868763358,137.54401588547805,137.715943281891,10169778
2023-04-26,138.53260803222656,138.91946107006422,137.32910314203238,137.5440156665113,9177783
2023-04-27,137.5869903564453,138.31768501390584,137.2001504651758,137.7159326144623,6456825
2023-04-28,136.64138793945312,137.37209580967223,133.11683021489455,137.37209580967223,12656744
2023-05-02,141.197509765625,141.67031987991234,136.98523009408555,137.1141723447013,16612560
2023-05-03,138.53260803222656,140.4238487414167,138.27472349662744,140.036995703579,8029435
2023-05-04,138.40365600585938,138.57558338987636,136.8562833152694,138.2317286218424,9929482
2023-05-05,137.80191040039062,139.2203277850186,137.28611510567904,138.44664796017048,5488707
2023-05-08,141.84226989746094,142.14315268655562,137.54401929450756,137.80191695412876,9699470
2023-05-09,142.05715942382812,143.13172190055906,141.326451692764,141.84224692848193,7600834
2023-05-10,143.51858520507812,144.12033766686903,141.84227009108204,142.05718262152308,10901429
2023-05-11,143.60455322265625,144.97998552567816,142.7878882431714,142.7878882431714,7877677
2023-05-12,142.27210998535156,145.28088572522304,141.84228487965564,144.55017779865148,16373574
2023-05-15,142.35806274414062,143.21771284980036,141.32647212357324,142.2720924866868,8559162
2023-05-16,144.4212188720703,144.8510439282372,143.34665623165313,144.67911652921438,12249266
2023-05-17,143.77647399902344,144.42121155058857,142.78788166684453,144.42121155058857,7360259
2023-05-18,143.00279235839844,144.80804960940267,142.70190959128828,143.99138467795655,7433090
2023-05-19,141.7562713623047,143.34662901505578,140.98259165498737,142.87381891959865,5969632
2023-05-22,142.35806274414062,143.04577233489272,141.06858758565102,141.06858758565102,7331865
2023-05-23,141.84226989746094,143.6045552681158,141.3694597076921,142.3580652167033,10119254
2023-05-24,142.9168243408203,143.08875173162107,141.5413789799759,141.8422617517916,6107980
2023-05-25,142.701904296875,143.90540908622634,142.0571667774614,142.9168168033462,8077606
2023-05-26,140.76771545410156,143.90543333031238,139.52122533001318,142.74491347018346,14873707
2023-05-29,136.6843719482422,137.75893462079125,134.53524660314403,137.54402208628144,43253971
2023-05-30,136.55543518066406,139.00543030253348,135.17998965745196,137.2861299571287,16117505
2023-05-31,133.15980529785156,137.0282310399518,128.99050986836474,136.68437622087558,83741017
2023-06-01,132.085205078125,134.10538763880137,131.6983652372257,132.98784011836798,13982606
2023-06-02,132.98785400390625,133.2457516305057,131.8703063667874,133.2457516305057,9851058
2023-06-05,133.589599609375,134.105394836402,132.77293476426348,133.675569852952,11850547
2023-06-06,132.085205078125,134.0194173998385,131.6983652372257,133.6755626784206,8118800
2023-06-07,132.25717163085938,132.81593894262994,131.13962389009887,132.04225910829848,12180164
2023-06-08,134.19137573242188,134.66417275797465,132.55803279532253,132.8159304293086,13850599
2023-06-09,132.60104370117188,134.87911149031655,132.2142037335916,134.70718407330543,11764248
2023-06-12,133.28875732421875,133.46068472941164,131.18261709686047,133.11682991902586,11017643
2023-06-13,133.80453491210938,134.2773450979526,132.60103000016275,133.41769498449938,10073644
2023-06-14,135.69577026367188,136.168567313509,133.976470105081,134.19138262490486,9695952
2023-06-15,135.52383422851562,135.73874675543507,134.27734419582677,135.39489195925182,7426254
2023-06-16,134.96507263183594,136.38349012279835,134.40630528502535,136.03963531202572,11466647
2023-06-19,135.6527862548828,136.21155356414485,134.53523851913937,135.73874339318962,4718221
2023-06-20,135.17996215820312,135.65277228045125,134.57820978316823,135.43785978099464,6059738
2023-06-21,137.71592712402344,138.0168098703589,134.62119500002913,134.9650497525114,8284206
2023-06-22,136.64138793945312,138.36068822964373,135.394897852509,137.71595062082224,10629027
2023-06-23,134.87908935546875,136.68435973087736,133.589614263668,136.68435973087736,8722650
2023-06-26,134.87908935546875,136.039622184977,133.97646728498339,134.96505960847637,4273205
2023-06-27,135.69577026367188,136.55542034296732,135.26594522402416,136.55542034296732,9730174
2023-06-28,136.29751586914062,137.6729480567919,134.5782157966626,135.69576346721703,40243993
2023-06-30,137.80191040039062,138.4036628327413,136.64137754589922,138.4036628327413,7840112
2023-07-03,140.03700256347656,140.337885359374,137.54402240428692,137.801920069739,9548822
2023-07-04,138.5756072998047,140.03700999192827,137.54402970049514,139.69315516456538,5394282
2023-07-05,139.95103454589844,141.32646679274094,138.70454456315332,139.2633118638676,8795342
2023-07-06,142.18612670898438,142.52999463241403,139.73613170099574,139.95104423418175,9845699
2023-07-07,140.5527801513672,142.70190523013426,139.9510277527561,142.27208021438085,7597171
2023-07-10,139.90805053710938,142.18611800250028,139.6931380170831,140.89664288234258,5437687
2023-07-11,141.49839782714844,141.9282228349864,140.03698230672472,140.3378650590986,6343183
2023-07-12,144.12033081054688,145.28086366660568,142.0571758633526,142.658928296516,15614026
2023-07-13,144.24929809570312,145.53877332340508,143.73350275773421,144.97999285440204,11350009
2023-07-14,145.4958038330078,145.92562895511418,144.59316845314007,145.28089127195463,9448062
2023-07-17,143.04574584960938,144.7650457425961,142.83083336298603,144.2492636450304,4968847
2023-07-18,143.47557067871094,144.55013311074808,142.74487609525602,143.04574570589608,4322257
2023-07-19,143.34664916992188,144.3782266304595,142.78788187131957,143.7334890779711,5968174
2023-07-20,143.7334747314453,144.50716758753794,142.70189737387292,143.56154735805288,5217131
2023-07-21,146.6133270263672,147.00016694752202,143.1317415015346,143.86244933266448,7842863
2023-07-24,147.0001678466797,148.07473047713788,146.35543026840477,147.5589351676301,8451631
2023-07-25,148.71945190429688,149.02033465503678,147.25804950902776,147.8598018932894,10480578
2023-07-26,148.67648315429688,149.83701604385573,147.85981817734267,149.45017611974265,9103949
2023-07-27,147.0001678466797,149.2782353763632,146.7422701919258,149.1063079789338,7731146
2023-07-28,147.68788146972656,150.39577388503807,145.19488845006921,146.74226116619812,9004252
2023-07-31,152.20103454589844,152.58787442098694,147.34400419399822,148.54752205976214,9277749
2023-08-01,151.90016174316406,152.15805938251037,149.83700686283112,150.69665691583964,5584773
2023-08-02,151.2554168701172,153.5764692772653,149.5791019714668,152.15805200545762,8975495
2023-08-03,147.94577026367188,151.12647264058913,147.42997501672616,150.65366251709187,6152393
2023-08-04,149.0203399658203,149.96594714129716,147.9457774137657,149.0203399658203,4605271
2023-08-07,148.67648315429688,150.00894344154824,147.94578843479874,149.83701604385573,2240015
2023-08-08,149.0203399658203,149.40717986111625,148.37560243458753,148.63348695330572,3631238
2023-08-09,152.07208251953125,152.37296527189196,148.97735033356426,149.02033545778983,4852294
2023-08-10,153.57647705078125,154.5220973579959,152.07208945480633,153.10368001439278,10430692
2023-08-11,152.3300018310547,154.47912717606735,151.90017676205215,153.7914044422193,4112277
2023-08-14,153.01773071289062,155.1238710121801,152.4589633476251,154.7370310579793,12876956
2023-08-16,153.9203643798828,154.26421919835386,151.12650134883881,151.5563264305379,8371665
2023-08-17,152.8028106689453,153.9633435918,152.24404333110863,153.61947566932972,5199363
2023-08-18,151.12176513671875,153.14763369534822,150.13037089574433,153.14763369534822,6734650
2023-08-21,151.768310546875,151.98382930279098,150.25967925546317,151.12175427912706,3599820
2023-08-22,151.85452270507812,153.36315412115442,151.38039192626033,151.76832308812126,5348036
2023-08-23,151.294189453125,152.75971458336483,150.86315187633548,152.5873021834936,6379611
2023-08-24,149.22518920898438,152.32865134655168,148.9665640756319,151.29416396736258,7976333
2023-08-25,150.60450744628906,151.07865135098805,149.00967650858314,149.2251952694262,4757915
2023-08-28,151.0355224609375,151.55277267156967,150.47517902793538,150.94932286197832,4354221
2023-08-29,151.46658325195312,151.81142116357026,150.82002696617,151.38038363971484,4596468
2023-08-30,151.5096893310547,152.50107037224365,150.8631330465694,151.4665829479114,5937955
2023-08-31,150.13035583496094,151.72519984502011,149.1820812284619,151.55278747604032,15823452
2023-09-01,156.68211364746094,159.2683383569101,150.34585784762288,150.34585784762288,22460960
2023-09-04,157.7165985107422,159.00971084587408,156.72521764882865,158.49247380435267,10998180
2023-09-05,157.84596252441406,160.34597515492544,157.24249940636687,158.1907873168216,13506519
2023-09-06,157.80284118652344,160.9925162538819,157.1993912798699,159.39767214309197,11954407
2023-09-07,156.68211364746094,159.65626943248364,156.03555747009867,159.4838570826975,11137801
2023-09-08,159.0097198486328,159.44075731808113,156.8976388791801,157.3286763486284,9737214
2023-09-11,158.1045684814453,160.30286262289493,157.15629376156068,159.87182507179588,10845871
2023-09-12,155.94937133789062,159.39767153909747,155.3459214335237,159.35457830995946,15524470
2023-09-13,158.5355987548828,159.2252614358264,155.94937356701053,156.8114486296346,10578786
2023-09-14,161.98390197753906,162.84597705598094,158.7942268181485,159.2683707421359,17746404
2023-09-15,160.90631103515625,165.25979289074786,160.00114270982405,165.25979289074786,19924829
2023-09-18,160.9925079345703,161.63906419133565,159.57008943137484,160.17353930684502,5022956
2023-09-20,162.24252319335938,163.36322339897237,160.51837307833065,160.73389184270926,12687099
2023-09-21,160.9494171142578,162.45804852590177,160.3890735659074,162.414942140439,7814108
2023-09-22,159.57009887695312,161.81148614055036,159.48388610925952,160.86321146702818,7814821
2023-09-25,159.91490173339844,160.94938903290532,159.69938299790869,160.34593920437794,5540062
2023-09-26,161.85458374023438,162.1994084838515,159.69939620707547,160.34595246702315,12446655
2023-09-27,161.42352294921875,163.19077910233702,160.60455443559385,163.19077910233702,5630907
2023-09-28,161.59596252441406,163.36321897530777,160.7769938727963,162.84596869311704,14890642
2023-09-29,165.38909912109375,165.73392387005828,162.19941099917747,162.5011425201872,10085766
2023-10-03,159.13905334472656,163.19080329237795,158.32007155548376,163.19080329237795,22118500
2023-10-04,157.54421997070312,159.13906412128813,156.9838764335904,159.00974496749322,9360058
2023-10-05,157.07005310058594,158.62179063986335,156.03556579247427,156.2510845297567,11128340
2023-10-06,156.42349243164062,158.1907486578446,155.69073663829124,158.1907486578446,5759904
2023-10-09,156.6390380859375,159.22526330415624,156.25110693404903,157.67352554238064,14622727
2023-10-10,158.19076538085938,159.05284039655888,156.94075923893925,157.15627799286415,11819690
2023-10-11,157.9752197265625,159.22522565562883,157.54418229211075,158.96660056411406,8499601
2023-10-12,159.0097198486328,159.35455771672324,157.75971381807668,157.9321261750121,8677885
2023-10-13,159.39768981933594,160.56149653240087,158.6649338350775,159.05286502135817,7435899
2023-10-16,160.82008361816406,162.24250201570467,160.561458503824,162.0269832794579,12376549
2023-10-17,160.5614776611328,161.2511403302531,159.95802775848557,161.2080339470166,4381065
2023-10-18,161.1649169921875,162.11320474430272,160.3890547617081,162.07009836389375,10181113
2023-10-19,160.6045684814453,160.90628682642114,159.52697477606017,160.34594336130888,9148124
2023-10-20,160.51837158203125,161.466659398146,159.61319014923467,161.20803425245822,7912216
2023-10-23,159.3545684814453,160.30284308575764,158.79421184077754,160.30284308575764,4723090
2023-10-25,158.9235382080078,160.21665076249374,157.75973164728202,159.3545757261698,6812004
2023-10-26,155.94937133789062,158.75111525137117,155.0872962875889,158.19077173036362,8474867
2023-10-27,159.2683563232422,160.17353770450256,155.43212520232214,156.03557507175555,6422123
2023-10-30,162.759765625,163.10459036965523,159.13905318923688,159.4838779338921,7352638
2023-10-31,160.4752655029297,163.62184733202363,158.7942217841043,163.1045970396675,9404675
2023-11-01,160.9494171142578,162.75978006991937,159.52699847353944,160.47527318261103,9167869
2023-11-02,160.51837158203125,161.76837777293065,160.13044044061024,161.20803425245822,11471209
2023-11-03,163.79425048828125,164.35459397826344,160.1735381083318,160.90629396798383,7464912
2023-11-06,166.63909912109375,167.4149613547042,163.4063178906828,163.96666137559916,8962124
2023-11-07,166.55287170410156,170.6908339457515,165.82011591555292,166.72528405704128,13921916
2023-11-08,168.40635681152344,169.44084418252115,165.77702542599798,166.98392516645856,10186886
2023-11-09,166.1218719482422,169.57017240655225,165.69083439095343,169.3977600144812,5303833
2023-11-10,168.88050842285156,169.39775874942418,166.1218707076494,166.1218707076494,6025889
2023-11-13,168.79429626464844,170.08740883079096,167.32877132053116,168.88049587652517,11181086
2023-11-15,171.98394775390625,175.00120999520286,170.3891038789617,171.1218728278215,19769385
2023-11-16,173.96673583984375,175.34604793311127,173.27707321609975,174.57018570278706,18629240
2023-11-17,169.2684326171875,173.49259488308743,168.57876998183917,173.14777014252363,13199928
2023-11-20,170.56155395507812,171.12189747605677,169.82878490067097,170.69085995092817,6423265
2023-11-21,169.76243591308594,172.20410278658156,169.58486285005932,171.36062057623795,10720353
2023-11-22,169.58486938476562,170.33957186665543,168.4750207631376,169.76244245463477,7538825
2023-11-23,169.27410888671875,170.25078110756164,168.3418468689543,169.58487192461158,6541617
2023-11-24,167.6759490966797,170.33958600974557,167.05442297859798,169.4517070387236,5751331
2023-11-28,172.20411682128906,172.648056289015,167.27638601994,167.67594237925923,9277764
2023-11-29,170.47274780273438,173.58032393455505,170.20638142470125,173.58032393455505,8791333
2023-11-30,173.09197998046875,173.7134924690465,170.5171367215226,171.04985590546517,14965403
2023-12-01,172.73683166503906,176.02198067549492,172.47046530247107,173.35834414572705,9935740
2023-12-04,179.3959503173828,182.81427625586855,174.0686764463274,174.46821927706495,28615290
2023-12-05,179.3959503173828,181.08291495736714,176.8210931509312,179.529126744976,14557746
2023-12-06,179.30712890625,180.90531352675237,176.7766823427475,180.90531352675237,12662213
2023-12-07,176.59910583496094,178.3748636152942,174.06865912676005,178.3748636152942,16425880
2023-12-08,173.9798583984375,177.8421368251215,172.33729065045765,177.44259405117808,10414387
2023-12-11,175.62245178222656,178.3304851777206,172.47047893002718,174.95654259716855,10108266
2023-12-12,173.4915313720703,175.62244885754353,172.73684243701348,174.86774637452987,10719911
2023-12-13,171.49380493164062,173.49153246614412,170.51714626576862,173.49153246614412,10892122
2023-12-14,173.9798583984375,174.29062141592468,171.58258820682087,173.9354617462313,15257294
2023-12-15,178.508056640625,179.30714223630386,174.7789679475288,175.13411409050676,22863981
2023-12-18,176.6879119873047,179.04078579810331,175.22291713121615,178.50806655405188,8061011
2023-12-19,177.8421630859375,180.727769782009,176.95428410253086,179.35155464813712,16739742
2023-12-20,180.4169921875,188.2303293217686,178.41926463573594,179.12957047484346,57762576
2023-12-21,179.92864990234375,183.56895873538406,178.64122823386344,181.0828951577924,22823936
2023-12-22,181.0828857421875,181.57122181117302,179.17395166555556,181.1272823935418,9910694
2023-12-26,184.10169982910156,185.12275516984832,180.8165369805275,181.5712394831366,17052969
2023-12-27,182.50350952148438,186.3657745847888,181.5712339724258,186.01062844607924,20361303
2023-12-28,184.94517517089844,185.47789437518628,182.32593515960232,183.34699046212154,22010872
2023-12-29,182.0595703125,184.67881034579372,181.34926448619407,184.67881034579372,12171663
2024-01-01,182.32594299316406,183.87973111468568,181.79321021803088,182.90305887626062,4820168
2024-01-02,183.8353271484375,187.12047633657002,180.8165307893226,182.3259357428584,21141219
2024-01-03,184.90078735351562,186.85411829183644,181.57124136275604,182.45912029362526,11650902
2024-01-04,190.58319091796875,191.249100059608,185.83304716971585,186.8984990867474,31054419
2024-01-05,192.181396484375,193.11367209372935,189.1626134662308,191.2935175322199,20743811
2024-01-08,193.51321411132812,196.04367453367527,192.75852513389583,193.55761076834358,19310595
2024-01-09,192.35897827148438,196.62080014431262,191.73746568643736,196.22125730735084,11951525
2024-01-10,188.31912231445312,190.89396573542254,186.18820480072537,190.89396573542254,16500666
2024-01-11,188.09715270996094,190.00608694938174,187.2092737989825,190.00608694938174,12586419
2024-01-12,198.35215759277344,199.55079962818823,188.54110575754035,189.828527561679,39228118
2024-01-15,207.31973266601562,209.05109389089407,199.46199862116137,202.88033796224656,57884916
2024-01-16,208.74032592773438,212.1586514185179,205.18881047884364,208.6071359696272,34505065
2024-01-17,206.0323028564453,210.649270458268,204.83366091410696,206.1654792731687,26010955
2024-01-18,207.36410522460938,208.2075874107119,199.46197544144206,204.2565292931062,19232183
2024-01-19,214.9110870361328,215.35502647907134,208.65153818110824,209.5394170669853,26391844
2024-01-23,204.1233673095703,218.1074609175645,202.43640270620173,217.53034501324308,20282617
2024-01-24,208.07443237304688,208.65154825755508,202.52518906832466,205.10003254253286,14458601
2024-01-25,207.8080596923828,210.87123919424468,206.6982110650447,208.6515419395684,18291957
2024-01-29,224.18942260742188,226.36472320629855,212.2918507476365,213.97881524114325,54127939
2024-01-30,221.2593994140625,233.77848265745413,220.77106335307488,227.74091751491636,51491099
2024-01-31,223.9674530029297,225.83200411609124,218.68457624624781,222.36926826992791,33293192
2024-02-01,219.88319396972656,226.09834598152693,217.92986318989483,226.09834598152693,29758133
2024-02-02,228.40684509277344,230.84851204711794,221.0818442297399,221.9697231222288,30482663
2024-02-05,233.4677734375,237.99593426411735,226.49791847884876,230.89290288631523,34001868
2024-02-06,241.76939392089844,242.74606605045602,231.02608178349954,235.5986523265288,36708949
2024-02-07,241.41427612304688,244.74382211710116,237.55199735076096,244.166706230648,23756939
2024-02-08,242.5241241455078,244.7438214689994,238.9282253198173,242.43533083338525,25252940
2024-02-09,237.55197143554688,244.74379541731074,230.0937946416817,244.16667959381678,26743792
2024-02-12,228.98397827148438,236.70853605870212,228.00730599669936,232.57990431556803,30906374
2024-02-13,230.4045867919922,232.97943031961756,226.14276513595922,229.07276837122924,20711842
2024-02-14,238.7062530517578,239.41654534936404,227.29700351102542,229.07276135095532,36168962
2024-02-15,246.2088165283203,248.4729240580835,238.8394322453609,241.1923059914204,32831246
2024-02-16,247.4700469970703,250.4429195777976,243.55124041884838,247.87542371672208,27044984
2024-02-19,247.42498779296875,251.38882708049883,245.3980217092047,247.47004797921127,15322964
2024-02-20,249.18170166015625,253.280666503854,246.88445694625403,247.56011230460993,18968785
2024-02-21,245.8935089111328,253.2356247095773,244.67732381130173,248.64116293937428,16340579
2024-02-22,247.4700469970703,248.64117195493574,241.8846183692038,246.70429875885662,16791453
2024-02-23,245.2178497314453,248.64115904007534,244.22688309184645,247.65019240047647,9464646
2024-02-26,243.10081481933594,244.94759522166518,241.2540069245185,244.94759522166518,8661999
2024-02-27,242.65037536621094,243.4161236320653,238.68653595133208,241.47922287358423,19582774
2024-02-28,239.4072265625,243.50619159884195,238.3712271294948,243.23594043979304,9118196
2024-02-29,238.3712158203125,239.94774498910758,235.578501508521,238.73155984611114,17179832
2024-03-01,243.73141479492188,245.8935340792496,240.08288661447415,240.08288661447415,12930057
2024-03-04,251.5239715576172,252.74012917235626,245.4881062061952,245.71332465225595,22280353
2024-03-05,255.62295532226562,256.7040149408881,249.22674547914036,252.2446783796806,18544484
2024-03-06,252.46990966796875,256.11843795431025,246.43404356026682,256.11843795431025,16807149
2024-03-07,250.5330047607422,256.16346590921046,249.7672565460533,252.46987789731807,11386963
2024-03-11,246.83946228027344,252.69514295480548,246.11877411732752,250.5330509734765,10684598
2024-03-12,243.5962677001953,248.28082241254933,242.38008258328742,246.8394188477876,13780189
2024-03-13,230.03814697265625,244.13681746425286,227.695869424686,243.95663169422107,20079496
2024-03-14,237.155029296875,238.14599598141817,226.2994971913971,227.47063588779085,21404057
2024-03-15,233.10107421875,239.99275265367712,224.22746260989692,237.7856285430383,34961065
2024-03-18,235.66860961914062,236.97486023364334,232.02005395434847,233.2812993648872,9246173
2024-03-19,233.55154418945312,237.78566225564958,231.20926669522717,236.02894726185812,8758348
2024-03-20,237.695556640625,238.37121198781696,231.70475139402035,233.7317174355962,10484778
2024-03-21,236.884765625,240.48826065642052,236.34423587178986,238.46129470124646,12163200
2024-03-22,237.155029296875,238.9567769078674,232.83084602748792,236.88477815222083,13025089
2024-03-26,239.1820068359375,241.3440985743749,233.59657797686012,235.7136370198566,10830926
2024-03-27,235.80372619628906,241.61437342620127,233.91188564521386,238.73156615861166,28563001
2024-03-28,241.4792022705078,244.13679088040683,235.9838942852694,236.4343311688126,18888942
2024-04-01,243.14584350585938,244.58724714591665,241.2540029465647,241.4792214061834,6440401
2024-04-02,245.4881134033203,246.88445681283983,242.74045927781918,243.32602175624714,14439120
2024-04-03,248.05563354492188,251.34381777720094,246.70432269665736,247.7853548797752,22600929
2024-04-04,242.33506774902344,251.02849497832528,239.0468836665399,251.02849497832528,24624383
2024-04-05,241.38914489746094,244.94757990003527,240.0828668948471,241.29905201926576,13029904
2024-04-08,243.5962677001953,245.03767126495703,240.17295828981176,241.0287718961645,13011300
2024-04-09,242.2900390625,245.62325589603577,241.43419788642944,243.23594563185057,13173933
2024-04-10,245.03765869140625,246.118718182627,242.47016301912063,243.19087851076276,11137195
2024-04-12,239.36219787597656,245.48812918525533,238.73157517098227,244.94759936561576,21894584
2024-04-15,252.10955810546875,254.90227260193546,240.62341625898358,242.4251639996087,75063828
2024-04-16,255.08241271972656,263.55062099926664,247.96551514944775,249.5420443102526,79082544
2024-04-18,246.9745330810547,259.18138888988847,246.25384507799893,257.6498925177887,34136482
2024-04-19,247.96551513671875,252.96535376373419,246.92951575816895,249.31682584591067,32658724
2024-04-22,249.36187744140625,250.4429370877012,246.6142231214324,249.81231437861433,14184019
2024-04-23,249.36187744140625,251.11859249351335,248.235785098386,249.40693763062035,8799147
2024-04-24,251.6591339111328,252.6050405258542,248.91145197207857,250.08260455827042,9253985
2024-04-25,254.0013885498047,254.58695104353743,250.44292590771795,251.65911108238606,17050557
2024-04-26,254.85719299316406,257.7850328485826,254.22659782748897,254.94728587182811,11070290
2024-04-29,255.12747192382812,256.97425222238434,254.181537935493,255.80312727585894,8952420
2024-04-30,254.8121337890625,257.9651917668492,253.55091609644455,256.29856990866523,10658906
2024-05-02,254.76712036132812,256.3887098286919,251.38884333659786,253.14555838645313,15677336
2024-05-03,257.7400207519531,263.9110122850058,255.84818011877428,255.84818011877428,28913016
2024-05-06,254.18153381347656,260.1273063134235,247.9655101740946,260.08227362101303,15491865
2024-05-07,246.47906494140625,256.74902025303044,245.03766143447115,255.75805362373222,13179001
2024-05-08,249.4069061279297,252.46987141556255,245.35297420511066,246.38897353133402,12797721
2024-05-09,238.95680236816406,250.93841426088198,237.11002186712136,249.76728918595094,14869187
2024-05-10,243.46116638183594,244.31700756592775,238.23610886813907,240.53332626808583,9530738
2024-05-13,240.44320678710938,244.94757569467038,236.073963448278,244.94757569467038,7163239
2024-05-14,245.84844970703125,247.42497882615794,240.03783030631305,241.38914097985023,9123849
2024-05-15,246.34397888183594,248.64119632918582,245.48813768008384,247.2898854795707,6368662
2024-05-16,250.1276397705078,251.6591364399596,246.6592696608602,248.64120329279893,23757779
2024-05-17,249.9474639892578,255.30764697224362,249.1817157081203,251.1636217088715,11529157
2024-05-21,252.3347930908203,255.84819591652806,250.7582637145741,253.23566702010388,17559555
2024-05-22,250.44293212890625,255.84817526837907,249.4519653881719,255.84817526837907,17935064
2024-05-23,255.3527069091797,256.3436461623345,251.43390011515194,252.1996483955348,17719819
2024-05-24,255.1725311279297,257.60490164494456,253.91131317160287,255.8481865501572,11041667
2024-05-27,250.1276397705078,256.0283804745811,248.37095211230292,255.8481946925902,13719808
2024-05-28,247.10968017578125,251.61404931855878,245.98358789008685,251.61404931855878,6927361
2024-05-29,244.90255737304688,246.65924485458345,243.4611537395511,246.65924485458345,8327205
2024-05-30,240.26303100585938,247.83036472024023,238.73153469197385,245.93852441852403,15390964
2024-05-31,238.14599609375,241.83958419652402,236.92981095725912,241.83958419652402,24167379
2024-06-03,255.93826293945312,258.1453873476224,246.11874360125086,250.39789433284022,30195397
2024-06-04,212.87648010253906,256.74903108627916,200.89485590259739,256.74903108627916,72779900
2024-06-05,222.96627807617188,224.99324424050073,207.60637617056457,222.51584115076548,37078551
2024-06-06,227.29046630859375,233.77675502833944,224.54279842317382,228.82194904507983,30881233
2024-06-07,234.58753967285156,234.9478837061073,226.8400329879035,228.37151574860596,22010688
2024-06-10,233.46144104003906,237.8306844922771,232.47047435615724,237.8306844922771,14138524
2024-06-11,246.43402099609375,247.74029902430763,238.95677933162764,240.3981829335392,47270206
2024-06-12,248.19073486328125,251.4338860805003,247.37995393209823,250.44291939017128,20560662
2024-06-13,249.13665771484375,250.44293582314702,245.48812953887614,250.44293582314702,16013386
2024-06-14,248.10064697265625,250.62311018898833,247.3799589065542,249.5420505973478,10642648
2024-06-18,248.4609832763672,251.34379043606944,246.8394214318388,251.29875774302178,17044769
2024-06-19,244.6322784423828,249.1817077961661,244.22690171287914,248.55108511584365,13361607
2024-06-20,244.90255737304688,246.8394306184533,242.42515432851863,244.85749718583563,12826509
2024-06-21,242.9206085205078,247.51507028266872,242.2449531876161,244.54219781493947,17406416
2024-06-24,243.14584350585938,244.36202868629795,240.17297083588753,242.92062504624067,7282347
2024-06-25,240.53330993652344,243.95661945547909,238.73156229654947,243.3260242769805,14425434
2024-06-26,241.208984375,242.47020232421457,237.92080017053337,240.44323606896245,10650910
2024-06-27,240.98374938964844,241.52427918584235,237.3802540716724,240.89365650820153,22830930
2024-06-28,247.01962280273438,248.1457151249706,241.74950523617116,242.33506774523633,19532912
2024-07-01,245.8935089111328,248.46097718662674,244.67732381130173,247.74028916060843,11750972
2024-07-02,247.6051788330078,252.0644878168888,244.5872459898837,246.11874250504746,24470518
2024-07-03,247.4700469970703,250.1726684313631,246.8394243320739,248.64117195493574,9125400
2024-07-04,249.58706665039062,251.25368862117674,245.9835715751712,247.74028642133493,13444669
2024-07-05,259.6318359375,260.62277510740614,249.09160165180356,249.76725699082291,39781962
2024-07-08,269.4963684082031,272.964737736019,258.8660694867644,261.25337935130534,53136198
2024-07-09,267.96490478515625,271.92874374007306,264.27131695506927,270.98280981819937,18686252
2024-07-10,268.59552001953125,270.0819563023679,260.2174046126431,269.99189091567047,19278800
2024-07-11,274.54132080078125,276.7484728509745,265.8929258693465,270.26216977927606,36020507
2024-07-12,276.6583557128906,280.8474134787922,274.04582713251557,276.3880770713081,31788101
2024-07-15,290.53179931640625,291.5677986836884,278.0546917387393,280.8924386986813,51435537
2024-07-16,290.6669006347656,295.12623655151646,288.0543723418896,291.5227416668642,37468292
2024-07-18,298.8198547363281,300.26123084298047,289.7660564211787,292.8740820726827,48189915
2024-07-19,287.9643249511719,300.1711822963225,286.5229212711648,299.9909965266384,26579496
2024-07-22,289.0002746582031,291.29751911011715,283.3247812922673,288.27958668847543,22234557
2024-07-23,283.009521484375,289.540857058546,267.91988412335917,288.324671832444,37871058
2024-07-24,287.8742370605469,293.4596661077905,281.1627431569519,282.01855684657716,28259305
2024-07-25,302.513427734375,304.089956971361,284.7662293906541,286.52291690208847,42054664
2024-07-26,298.7297668457031,304.94579076003953,297.3784561037827,303.1440431041457,25703985
2024-07-29,299.9009094238281,305.89171523273035,297.9640360785801,300.71169041806115,26721790
2024-07-30,299.0000305175781,304.72058506308423,298.1892495369723,299.0901234026429,19792253
2024-07-31,301.072021484375,303.9998612033576,297.0631222567739,299.1351209070598,21393361
2024-08-01,307.8736267089844,310.53121546396454,303.7296016556623,304.3151641377379,36044960
2024-08-02,297.3784484863281,304.49534604630963,296.0721704722709,304.49534604630963,22939377
2024-08-05,279.49609375,291.2524857294358,275.6673801369863,288.5949245406004,37986023
2024-08-06,275.75750732421875,290.4868011430386,274.90166611900844,283.5950937881623,28386636
2024-08-07,296.4775695800781,298.1441915889094,281.0726222833583,281.432966300609,66110716
2024-08-08,290.71197509765625,296.38746882280077,289.8111013322374,296.38746882280077,23478224
2024-08-09,299.5855712890625,302.55847132550764,295.6667922517953,300.84681660345615,29814474
2024-08-12,307.4682312011719,310.53122425720073,297.19827490342243,299.76577085098177,34754596
2024-08-13,302.603515625,310.8014730205616,299.94595430770806,309.99069206770116,28943385
2024-08-14,295.6217346191406,303.14403641500894,294.40554947975096,302.55847393826184,17812763
2024-08-16,296.9280090332031,302.4683773870676,296.07216792893314,299.5855702392506,16584396
2024-08-19,302.06298828125,305.1710140337177,300.48645905745957,301.79273712559535,19636518
2024-08-20,297.3784484863281,302.69359843656815,295.5316406908511,302.5584728643349,14972714
2024-08-21,295.2163391113281,298.63964836710943,294.13527961345767,297.8739001804916,11835143
2024-08-22,292.19842529296875,297.73879371688855,291.5227699365764,295.98207879327373,13387819
2024-08-23,289.5201721191406,294.87660761962707,288.29454023788503,294.5134646156345,13229612
2024-08-26,297.64569091796875,298.7805303467348,293.06092300212947,293.69644416465474,21346682
2024-08-27,298.55352783203125,301.9126355279345,295.9660886933512,299.05284604035654,20165503
2024-08-28,297.6002502441406,299.86992886926686,294.74046071768913,298.3719465178911,12446738
2024-08-29,299.23443603515625,299.73375425119883,295.01283932576655,296.05688595406156,13799961
2024-08-30,300.27850341796875,303.5922289046537,299.18904651816337,300.00615304603735,19666466
2024-09-02,296.1476745605469,301.36793533614235,295.7845038200232,299.59757494722106,8975511
2024-09-03,292.51617431640625,297.7818173207613,292.01682842593567,296.8739459264907,10321111
2024-09-04,285.43475341796875,287.06893850891356,279.987525193557,285.97948178161704,25397204
2024-09-05,282.711181640625,287.74988512635275,281.57634225726827,287.74988512635275,15571640
2024-09-06,280.3507080078125,284.29995457247406,275.72058552445696,282.8019721392685,27946491
2024-09-09,271.3627624511719,280.2599190089704,267.50430890828926,280.2599190089704,30369085
2024-09-10,268.36676025390625,273.72319535141725,267.8220319358809,272.4521810800468,15618589
2024-09-11,259.0157165527344,265.4616094623597,257.1545911414516,265.4616094623597,44826300
2024-09-12,266.9595642089844,267.595085247882,260.10514647504056,261.4669535246481,21964895
2024-09-13,264.59918212890625,269.8648261916933,264.2360113333691,268.45763633013314,13672371
2024-09-16,265.5523986816406,268.1852203410374,264.5083520570913,267.64049193073924,10971110
2024-09-17,267.5042724609375,269.2746325747582,265.23459421554344,266.6418113513077,11873436
2024-09-18,263.6459045410156,270.3641487746297,261.376225563035,270.18259108001655,13421760
2024-09-19,258.9703369140625,262.55644030431506,256.4736903706316,260.92225503408264,17067311
2024-09-20,259.87823486328125,262.42026415681994,258.92498080471455,260.5591385354121,16585530
2024-09-23,268.2306213378906,269.0930825607491,261.05841497601165,261.83011122196484,14621229
2024-09-24,271.86212158203125,274.1771827379663,267.5497321184374,269.0023042992383,16986759
2024-09-25,271.18121337890625,273.45089200542526,269.365470477691,271.86211696686195,10609614
2024-09-26,268.0036315917969,271.1811812929583,264.6444965395838,269.6831714118688,27812412
2024-09-27,269.8193664550781,270.954205601161,263.01033157858086,265.7339455291798,35706130
2024-09-30,270.18255615234375,273.9955997187971,266.6872454368992,269.63782772683936,16294341
2024-10-01,265.0530700683594,271.5897276173655,263.9182308022781,269.63780962091306,10919818
2024-10-03,265.14385986328125,270.54570635787604,263.7820526165134,267.8220918643404,28124665
2024-10-04,268.0490417480469,272.08908072471695,266.1879163847938,269.63781676264153,23104209
2024-10-07,262.7834167480469,269.0023143579936,255.5658272408884,268.7299639904191,20917962
2024-10-08,266.41485595703125,266.823381436643,254.70329349953852,261.60312122867214,10572360
2024-10-09,261.9209289550781,265.00768652807216,260.4229465143939,264.417575591565,13147475
2024-10-10,262.14788818359375,265.2346456547643,261.0584313321036,262.10250569229777,7237212
2024-10-11,265.5977783203125,266.5964424441315,262.82878151457743,264.46293902189035,7011704
2024-10-14,260.1051940917969,265.91556635927117,258.87956198156985,265.7340086763741,12690951
2024-10-15,257.5631408691406,260.0143771550144,254.9757017012423,260.0143771550144,15087155
2024-10-16,259.10650634765625,260.78607407174536,254.79411695917656,256.92762040836885,18188885
2024-10-17,255.6566162109375,261.1038451314573,255.06650528575565,258.7433737246909,13343303
2024-10-18,257.1999816894531,258.28943855840686,253.47773075027922,256.01975983645247,14028398
2024-10-21,251.11721801757812,257.8354603878866,249.25606514819978,255.24802152940686,10299773
2024-10-22,245.85159301757812,252.52445413535528,245.125306894381,252.3882789505108,10028511
2024-10-23,245.89698791503906,249.1199204819763,240.6313168783898,245.12529164088795,18823321
2024-10-24,244.30821228027344,247.34958717330514,243.62730869404416,246.8502412531143,7488521
2024-10-25,239.7234344482422,245.39763075411838,237.49916611996073,245.125280413851,12961181
2024-10-28,239.08795166015625,240.6313164999936,231.7795837243444,236.63668766518683,13835091
2024-10-29,240.5859375,241.08525572182998,235.5018517701131,239.0879551284718,9122757
2024-10-30,237.5445556640625,241.67538732106536,236.99982726131034,240.58593051556105,11166643
2024-10-31,241.6299591064453,243.5818770068781,237.09060226542235,239.1333128438827,16173656
2024-11-01,246.71405029296875,248.7567609209694,243.89964344207172,244.9436899996204,2955757
2024-11-04,240.8582763671875,249.0745293323811,236.18274410076032,248.75676879453835,14355959
2024-11-05,242.7648162841797,243.8542730890721,239.31491591208282,240.7675157499269,11676017
2024-11-06,244.26278686523438,245.67000414605306,240.04119043485056,243.03718265121427,19244545
2024-11-07,240.7675018310547,245.5792090780815,240.40433111306064,245.5792090780815,6766663
2024-11-08,238.3616485595703,241.94775202662066,235.72882678041339,241.4484337896568,7836093
2024-11-11,233.23216247558594,238.18007280164235,232.41508373802685,238.18007280164235,8450657
2024-11-12,232.55126953125,238.95177996420668,231.87036593451236,236.81827648655445,22445400
2024-11-13,229.28294372558594,233.27758652641722,226.059997219523,232.55127272297227,17483332
2024-11-14,227.6941680908203,230.87171824481058,226.0599966695929,229.28294316781546,12454540
2024-11-18,227.55796813964844,228.87439279412496,224.33503564908494,227.96652136511696,14636541
2024-11-19,230.67393493652344,237.55694183413758,229.8368174626488,232.53420860536636,17397559
2024-11-21,225.2326202392578,230.6739261914427,223.97694407604982,230.6739261914427,16189440
2024-11-22,228.4416046142578,229.6972807833126,226.48831164982423,227.69749233291353,9637581
2024-11-25,239.88229370117188,242.30065524637888,230.62743465987228,231.13901277821554,31973671
2024-11-26,236.48727416992188,240.20782125617433,234.90604449681675,238.99865480735093,9242451
2024-11-27,236.5338134765625,237.6499749037025,233.04580014627334,237.18490645966398,11689970
2024-11-28,234.5805206298828,239.41722961542175,233.65038374063445,237.18490675833073,14202863
2024-11-29,238.76614379882812,240.57989364817968,234.627023409252,236.06873838371857,11476347
2024-12-02,239.55673217773438,240.2543348088699,235.04557701204834,237.64996300684004,13677959
2024-12-03,244.0214080810547,246.20723535392577,240.76592910863684,242.20762987078373,15345326
2024-12-04,242.48667907714844,245.83514890345424,241.83557195229847,245.41660436792748,10713838
2024-12-05,243.04473876953125,244.85851691570863,238.95214245450245,242.48667938811323,12896743
2024-12-06,241.882080078125,244.62599518055774,241.4170116462228,242.5796827259783,8783386
2024-12-09,240.8124237060547,243.09127033252665,239.69627652238333,241.88207540164453,6800856
2024-12-10,238.95213317871094,240.67289189934687,236.71981058312574,239.64973576392643,11318782
2024-12-11,238.67311096191406,240.62640393869944,237.78946963880173,239.51022841324416,5353032
2024-12-12,236.30126953125,240.53339503641044,235.8827107873906,239.97530724942328,7123877
2024-12-13,236.48727416992188,238.8591115831992,232.0691245049971,235.32460320546798,11143128
2024-12-16,234.20846557617188,238.394067278244,233.65037777975573,236.25476384176065,7283872
2024-12-17,230.1158447265625,234.8130385292964,229.27872726153578,234.1619455906354,10066884
2024-12-18,227.09291076660156,230.20887495317368,226.39530811522832,230.115855589219,8430930
2024-12-19,224.95359802246094,226.90687684988953,221.88414364477413,223.23283920978088,9518542
2024-12-20,220.5354461669922,227.09289940769523,218.8611970488878,224.6280425065704,15556528
2024-12-23,224.02346801757812,225.3721636236746,220.30292058406394,221.60510650868906,7722901
2024-12-24,222.25619506835938,226.25578631871218,221.93065569003272,224.16297842881661,3577400
2024-12-26,223.46536254882812,225.09310192223268,222.30269156782484,223.23282835262745,6330006
2024-12-27,220.3494110107422,224.162977719591,219.79133742419282,223.23284088258023,6487888
2024-12-30,216.39633178710938,220.44243274884485,215.00112651654706,219.55880558270778,19401112
2024-12-31,222.5352325439453,223.1398157953823,216.1172942103781,216.3963239001112,12004845
2025-01-01,220.39593505859375,222.5259565021495,219.83786143566397,221.19585335827955,9418453
2025-01-02,228.8787841796875,229.53917340299554,220.442436038596,220.48894572019452,19745810
2025-01-03,240.8031463623047,244.3934610325359,230.66464602836137,231.0925010378835,49760410
2025-01-06,236.58961486816406,241.37051781320847,233.88291316966053,241.0077508087842,19265884
2025-01-07,245.0817413330078,248.71857970123506,240.02179476725883,241.04495094517185,52956766
2025-01-08,252.3740234375,254.3924329269534,247.18387221330116,247.83497937390536,42237794
2025-01-09,244.7934112548828,253.54600248702272,243.4261089394364,253.025128117855,14706472
2025-01-10,244.64456176757812,247.88144792930763,240.41245084006678,245.55610601627473,13053552
2025-01-13,237.86387634277344,249.83474643133005,236.8221276839926,247.44428807845344,20416370
2025-01-14,242.17971801757812,243.69584556794788,238.8777436780231,239.52882241731075,8470150
2025-01-15,240.14273071289062,245.99329958358473,239.68697272914466,242.67270413922932,9344731
2025-01-16,244.7934112548828,247.07225790913486,241.83558286163932,241.83558286163932,14195450
2025-01-17,247.9465789794922,248.34653099966272,243.0447397701798,243.69584689854545,12148143
2025-01-20,250.54165649414062,251.57412319191795,246.49558377258398,249.36970332692505,9676264
2025-01-21,247.23037719726562,250.5323802306793,246.30955074765427,249.32318522676456,8989218
2025-01-22,245.6026153564453,247.7791604890967,243.42609860931694,247.41639350514714,7919682
2025-01-23,244.6724853515625,245.39799095414006,242.9238519294574,244.62598986359262,5026675
2025-01-24,238.5894012451172,247.0815548275274,237.8824881890279,244.61666958264428,6306281
2025-01-27,233.2597198486328,238.52429786519056,232.07844206634238,237.18489852035134,6944911
2025-01-28,231.30641174316406,234.7665217615959,229.47405531138293,232.5341991270804,8029472
2025-01-29,233.83639526367188,234.39448304326055,229.74379885589428,231.51105316998874,5651586
2025-01-30,238.7847137451172,241.27747348679105,233.40852432707885,234.3944670366293,12588155
2025-01-31,244.2632293701172,245.08175435594168,237.38023641425707,239.05448561582426,8850307
2025-02-01,239.55673217773438,244.16092089743842,236.02222353419046,241.41700586076246,10921673
2025-02-03,231.6040802001953,238.44059185911323,227.74401787396363,237.7429892079078,25719512
2025-02-04,236.3477783203125,239.51023792060602,234.39448526599114,234.7665343274038,8402532
2025-02-05,243.37030029296875,244.62599071327855,239.74277226748117,240.90544332600436,11590755
2025-02-06,238.25454711914062,244.57949469511416,236.53380247191254,244.30043661035901,12327998
2025-02-07,236.12008666992188,240.81593777479367,234.79197623086444,239.96214008512692,10098454
2025-02-10,230.00125122070312,236.78413871359692,229.38463166467506,236.1675046822518,7582536
2025-02-11,226.6809539794922,230.00124420364347,224.6413529176402,230.00124420364347,6711630
2025-02-12,225.21054077148438,228.8628658718984,222.1274140809821,226.72839354770454,5985956
2025-02-13,222.8863525390625,227.15529741862653,222.17486172580183,226.25407861689322,10079210
2025-02-14,218.6648406982422,225.73231313160343,215.10738667386732,222.93378552749203,8065352
2025-02-17,221.653076171875,222.26971016532622,213.49465770160478,218.38022166155025,6692422
2025-02-18,224.45162963867188,224.9733779617011,217.76361343789318,220.2775417272197,6170974
2025-02-19,226.0643310546875,226.53865822245842,222.45944168456518,223.88242318787795,6168581
2025-02-20,229.4794921875,230.190982983214,224.35676424848603,224.64136346183508,8929816
2025-02-21,227.58218383789062,230.57045387084366,225.87461750513728,229.4794926301209,5697387
2025-02-24,222.31715393066406,225.7323009241851,221.98511911621827,224.16702702823588,6883143
2025-02-25,221.03646850585938,224.54648678449416,220.60957693385134,222.93377724839894,5519036
2025-02-27,219.13916015625,221.84283090934352,216.76752422382307,221.51079608867695,9664032
2025-02-28,213.6844024658203,218.6648380393855,211.69222244626732,218.1905108419031,17237276
2025-03-03,213.57057189941406,214.39589660379607,207.14817749230878,213.21007859160696,11928529
2025-03-04,215.1168670654297,216.05604013486897,204.4160465649641,208.79883974702997,12428265
2025-03-05,217.1849365234375,219.37632582972915,215.11686244358586,215.45837860010644,7466729
2025-03-06,220.65701293945312,221.5772088392448,215.06943926176103,219.60400600646042,10439208
2025-03-07,220.93212890625,224.32831349165966,219.30044213392318,220.6570254915832,9079049
2025-03-10,211.7301788330078,222.93378503286394,211.05662783674757,220.93212366057745,16489167
2025-03-11,215.07891845703125,215.5911854441968,208.7988312025791,209.5577431131478,10941588
2025-03-12,212.87803649902344,217.09006425074185,210.94278793826157,215.43941489826418,6994310
2025-03-13,213.85516357421875,218.56997730153924,213.3239194035885,216.4355048104097,16105085
2025-03-17,217.94384765625,218.61738411408467,214.623557551967,214.88917960228434,8788971
2025-03-18,217.94384765625,217.94384765625,217.94384765625,217.94384765625,0
2025-03-19,220.62855529785156,223.0665895183701,219.7083593945916,220.56214254334225,8626593
2025-03-20,223.4934844970703,224.86903046892888,220.09730004032127,221.49182315308832,18955995
2025-03-21,229.97279357910156,235.2662867684293,223.6927062014974,223.6927062014974,29285333
2025-03-24,231.31040954589844,233.74844388424924,230.28586103269015,231.65192571696787,10566066
2025-03-25,229.8115234375,232.77132046948523,228.19881388738798,231.4811499343322,8915800
2025-03-26,227.4114227294922,231.94598938020877,227.07938791571286,230.85504266404817,7543985
2025-03-27,229.7356414794922,230.9024823748127,226.39637383420686,226.60507896674457,9935664
2025-03-28,233.72947692871094,241.81200203683025,230.76966534198738,230.94043066204713,32905564
2025-04-01,235.33270263671875,239.25063544353637,234.03303627278973,234.31763548625756,11258957
2025-04-02,237.77073669433594,238.58658005205547,235.26628967359744,237.21103407604346,15337906
2025-04-03,230.81710815429688,236.80311532025618,230.05818171159333,235.266299768387,11141370
2025-04-04,214.40536499023438,228.82492272800505,212.6883029283175,228.2082887137107,38336194
2025-04-07,208.5521697998047,209.46288434917932,194.47414265441023,197.3201057176455,27024128
2025-04-08,215.02198791503906,215.57220914813166,207.92604330231302,211.54990968999735,11309092
2025-04-09,210.5443572998047,212.5554999713238,208.95061039995926,210.60127424706394,16889575
2025-04-11,218.54150390625,219.51861675523296,213.68439813458204,216.5777968756409,13886447
2025-04-15,220.74240112304688,221.98513610742648,218.2853896290965,221.98513610742648,12102239
2025-04-16,228.83441162109375,229.57436088244154,219.82219497488222,220.74239088520497,18748952
2025-04-17,230.98785400390625,232.0503422489166,226.97503566187245,228.62569944992785,12891813
2025-04-21,236.95489501953125,237.68536296106885,229.33720134087724,231.48115507507998,11698653
2025-04-22,235.0575714111328,237.73278360040598,234.56426710081618,236.186472392763,9896443
2025-04-23,239.22218322753906,239.7724045278855,232.3444386861853,235.9683055168166,16555874
2025-04-24,236.56594848632812,238.4632573295605,235.26629656081562,237.16360540404798,6538518
2025-04-25,233.68203735351562,237.80867526001805,231.85112685578355,236.2149428348269,15616265
2025-04-28,237.73280334472656,239.01347812601125,231.8321716967187,233.36898722438738,7669983
2025-04-29,233.06539916992188,239.1557729765744,232.51519237242871,238.33992963762384,8030552
2025-04-30,231.8985595703125,234.73504136875113,229.7830643626208,232.8946495612591,9822483
2025-05-02,230.27638244628906,233.6251314392077,226.72840965315456,228.62571852054495,10203190
2025-05-05,226.9181365966797,228.76800983877706,222.4594636739707,227.6770630351939,20086323
2025-05-06,224.83108520507812,230.51353008023617,223.8824308371242,228.7490323768292,11350559
2025-05-07,226.4153289794922,227.7624164016174,220.15421903758565,220.37240548210798,16689539
2025-05-08,221.2451629638672,227.05092280416008,219.51860514320603,225.45719048538018,15026122
2025-05-09,222.89584350585938,223.21838252678867,216.72009411669865,217.33672815998773,11184507
2025-05-12,231.4906463623047,232.040867640935,225.88409549027978,226.72839731129662,11374237
2025-05-13,228.77749633789062,232.69542912831045,227.9521571747565,231.61396370191284,9336026
2025-05-14,233.3784637451172,234.22276558214875,228.7774985900665,228.7774985900665,8234859
2025-05-15,234.8963165283203,236.13905147608597,229.85896398111507,232.3728923506168,16812750
2025-05-16,234.5737762451172,236.5849189299045,233.5587090945729,234.37455245307822,8030229
2025-05-19,233.91920471191406,236.64183821971795,232.33495359402457,235.2662922287665,8043270
2025-05-20,236.46157836914062,239.72495165332126,234.1184009636499,234.1184009636499,13183059
2025-05-21,235.91136169433594,239.0134655361529,235.03860141130363,238.58657396487754,7158307
2025-05-22,229.2613067626953,237.61894969794858,227.30708101771472,235.91136888547905,18502235
2025-05-23,231.6993408203125,232.11673656993977,227.8193335750431,230.0486770603941,8725218
2025-05-26,233.3120574951172,234.44095850866765,232.24007342757486,232.7049192788359,7159571
2025-05-27,231.9839324951172,234.17533624175735,230.44711705295632,234.17533624175735,9712093
2025-05-28,230.2099609375,232.74286644215235,228.91030904483904,232.07881125887002,7385958
2025-05-29,230.5609588623047,232.04087188464342,228.95774508657644,231.0922174852382,12938112
2025-05-30,227.10784912109375,232.60056599893355,226.62404060620648,230.5609504296201,10108840
2025-06-02,226.07383728027344,227.76244102544746,225.45721768440086,226.72841115992412,6278145
2025-06-03,225.0872344970703,228.67314698627487,224.45163778340893,228.15138416899538,9515918
2025-06-04,225.82717895507812,226.25407053271795,223.408107381363,225.77974334082546,6733580
2025-06-05,225.56155395507812,227.31655585708853,224.0911367842521,225.8271760210615,8941808
2025-06-06,227.73397827148438,228.1229300586527,225.3149065998724,225.58052868005623,5985346
2025-06-09,230.33328247070312,231.58549870399904,228.15137453847348,229.36565096634936,7719525
2025-06-10,232.1167449951172,232.4203213425739,230.13406082998517,231.70883056295378,7659657
2025-06-11,234.62120056152344,237.5430432183976,231.04476961241986,231.94598834897832,20842417
2025-06-12,235.15245056152344,242.09659304324748,234.08046648815912,238.58657475895447,35613271
2025-06-13,238.59605407714844,242.80808177286548,236.32877072431367,242.42862581707635,39320377
2025-06-16,243.60498046875,244.27851701141898,239.24116427764216,240.9487451556982,41444122
2025-06-17,239.35498046875,243.88954717450866,238.6340083626097,243.74725480991415,18781097
2025-06-18,237.505126953125,242.75118486543363,236.9454243057733,240.9866870222579,12691905
2025-06-19,238.64349365234375,240.00955827637068,235.45601435472,237.63792232502314,10790997
2025-06-20,238.95655822753906,240.24672880129913,236.5469824006065,239.3075557263614,15907673
2025-06-23,238.4727325439453,242.37170245909323,237.47664259220514,240.01902927442853,16776881
2025-06-24,231.39576721191406,235.26627869522838,230.98785278974768,234.79195152043962,22215004
2025-06-25,229.48899841308594,232.7049363766851,229.10004661969668,231.47168271306828,13056178
2025-06-26,232.1641845703125,232.7713228002688,229.13797475330702,229.57436214139307,15769123
2025-06-27,230.3617401123047,233.57767781559713,229.57435525600022,232.42979967017774,21691960
2025-06-30,231.6708984375,233.0843842356688,230.5230202391858,231.47167464346228,8783448
2025-07-01,230.87400817871094,232.70491863033175,228.9103011703192,232.70491863033175,8470489
2025-07-02,228.69212341308594,231.23451025978994,227.86678424094285,230.42814822875704,10419419
2025-07-03,231.51910400390625,233.55870512787084,229.3846316519501,229.5743596326161,13891239
2025-07-04,232.64801025390625,232.8472195717172,230.05817331982476,232.61005597173067,7717259
2025-07-07,229.11900329589844,232.89464356620485,228.4644294765456,232.89464356620485,9222263
2025-07-08,230.75070190429688,231.1870748229459,228.29367600240056,229.963317013767,7537067
2025-07-09,230.85504150390625,232.03136363187576,229.83049307046028,230.85504150390625,9590680
2025-07-10,230.6083984375,232.12625129274087,229.88742629268526,231.00683155505428,8012201
2025-07-11,229.3466796875,230.60839176088467,228.4359795809763,230.570451954495,5608382
2025-07-14,231.6803741455078,232.31597084390344,228.7585169142373,230.42814341411312,7568906
2025-07-15,231.1586151123047,232.77132469166926,230.23841918945857,231.92702285759904,7843083
2025-07-16,230.38072204589844,231.61396116003434,229.85895924167022,231.47166879311624,5656962
2025-07-17,231.34832763671875,232.00290144276602,230.3522521669769,230.52300299882418,7006298
2025-07-18,233.66305541992188,234.6496640703136,230.9593991522172,232.17367558707093,10293817
2025-07-21,232.45826721191406,233.65358101705795,231.87958745038245,233.36898180272286,5424455
2025-07-22,233.7579345703125,234.19430748886697,231.53808674466384,232.4582681969159,5869862
2025-07-23,232.9420928955078,234.50736687936057,231.71832060240035,233.36898448425697,7357753
2025-07-24,232.25904846191406,233.55870030170374,231.24398134958437,232.9515620909279,4590999
2025-07-25,227.95216369628906,232.2306043850006,226.96556947086373,231.47167795565622,7427827
2025-07-28,227.69602966308594,229.15695104763108,225.5900157692294,227.95215592494517,6865890
2025-07-29,229.04312133789062,230.05817402176504,227.5063058373904,227.69603382289503,6157824
2025-07-30,229.39410400390625,231.19655593796062,227.77191318610545,230.08661762011818,8767763
2025-07-31,228.62570190429688,230.34276398844028,227.35450852961043,227.866775517435,10254214
2025-08-01,224.63185119628906,228.35058888771772,222.0325476105853,227.7719091705873,12629251
2025-08-04,222.77252197265625,226.14972943405633,221.98513705716746,224.35677313683806,16174972
2025-08-05,222.4404754638672,223.88243417776192,221.08390664560332,223.40810698670734,9562689
2025-08-06,221.76693725585938,223.28477557038872,220.95109391449745,222.5068865101973,7568954
2025-08-07,221.91873168945312,222.17487244767693,219.43326162728522,221.17878236597844,5560413
2025-08-08,221.45388793945312,223.0476204012018,220.73290132315176,221.89026086217677,5249568
2025-08-11,221.78590393066406,222.93378211409325,219.6893858305773,221.4538835786632,4699743
2025-08-12,223.4270782470703,224.2239444329932,221.6151449508539,221.79539159476147,7036778
2025-08-13,226.4153289794922,227.6296053733886,224.16702283186336,225.53308739382595,8501906
2025-08-14,224.774169921875,226.4153379374875,222.39303817649284,226.2635497634159,7258450
2025-08-18,225.93153381347656,226.33944825449936,223.40810965287537,225.0682548413787,8501972
2025-08-19,225.72283935546875,226.29202333323357,224.52752549905856,225.30542908658379,5538059
2025-08-20,225.7133331298828,226.81377570155288,224.83109149117104,224.83109149117104,7438061
2025-08-21,226.0548553466797,228.61623386063945,225.0492839776461,225.7797519340511,8111371
2025-08-22,224.15753173828125,226.37739393581197,223.7780757854524,225.7797370585556,5423818
2025-08-25,224.6033935546875,225.2959216365665,223.5503866712736,224.1670206698515,8854258
2025-08-26,222.16537475585938,225.1156904990029,221.79540012136368,224.50855226610443,14671897
2025-08-28,221.4064483642578,223.1994045893189,220.4483126377453,222.2697273365917,13870643
2025-08-29,221.7100067138672,223.28476187826917,219.45220480813438,221.40643038438682,9928988
2025-09-01,226.46278381347656,226.90865254794326,221.1028921421287,221.98513380267917,4366396
2025-09-02,227.1932373046875,230.0486817098483,225.21053869613303,226.49122786897436,5921193
2025-09-03,226.79481506347656,229.5174485678663,226.21613529865908,227.2027295085964,4364007
2025-09-04,224.7921600341797,228.25388001685536,224.51559611553148,227.98686181696087,8778730
2025-09-05,223.27587890625,226.1654087675379,222.20779153656213,224.82077202575817,7210683
2025-09-08,221.7500457763672,224.0864623173586,221.30183353384794,223.27587654469662,8418326
2025-09-09,220.6056671142578,223.714530025583,220.06208502363418,221.75003284808673,11665314
2025-09-10,220.9966583251953,222.2363793543644,220.29095910514255,222.1982401363559,11775053
2025-09-11,222.9230194091797,224.31534107525258,221.33998708650583,221.33998708650583,11047708
2025-09-12,222.43666076660156,224.4965278698952,221.91215554797586,223.63824263448944,6073522
2025-09-15,221.4925537109375,223.33308757910552,221.24461240106112,222.34129323679934,6153784
2025-09-16,224.1913604736328,224.3630233447716,221.6451418710445,221.70235797762393,7319921
2025-09-17,225.89837646484375,226.92830999737222,224.27717590074903,225.0591681306206,7628371
2025-09-18,224.6681671142578,226.68034919799007,223.62870243748134,226.68034919799007,6497852
2025-09-19,225.71719360351562,226.39427027371585,223.86712853046046,224.21043972495937,16484017
2025-09-22,226.46102905273438,227.39559274408467,224.7253962173977,225.05917624000872,9962796
2025-09-23,225.68858337402344,226.5754621296114,224.24857678393056,226.25122782443302,7014239
2025-09-24,227.4623565673828,228.99771849236066,225.3071195308819,225.68858449598852,8299331
2025-09-25,228.5590362548828,230.91452965357823,227.46235540751957,227.8438058192806,10150654
2025-09-26,226.98553466796875,229.12168025184423,225.8602312181197,228.87373893983025,6349466
2025-09-29,228.8546600341797,229.97996347409776,227.12857292979888,227.92009634948184,10631271
2025-09-30,228.39691162109375,229.7224714029347,227.4432710715276,228.87373189587683,7167687
2025-10-01,231.77279663085938,234.8721284686589,227.41466681335862,227.53864474331868,10375310
2025-10-03,232.3640594482422,232.8790189416132,228.58763647505498,231.2578329200823,10702610
2025-10-06,234.4620819091797,236.02605193387743,231.47718213130497,231.47718213130497,9465503
2025-10-07,233.94711303710938,237.93332365923317,233.31770676475287,234.462072545419,12498420
2025-10-08,230.59982299804688,235.3584946621665,229.96088556482363,235.12008452060257,5073558
2025-10-09,232.10658264160156,233.16512427866502,229.40777802545958,230.6284368166714,9292031
2025-10-10,234.91981506347656,235.6255143254089,232.30684920854407,232.7359845557541,9050771
2025-10-13,232.7741241455078,234.29040916537696,230.18976633952715,233.64194055992363,12607116
2025-10-14,233.3463134765625,237.20856069658456,232.59292927723604,233.92803480650556,13865005
2025-10-15,236.23583984375,236.68405206946153,232.96484516790215,233.34631012138007,8520238
2025-10-16,236.83665466308594,237.17042015046508,234.59559337733552,236.50287462430572,6083826
2025-10-17,236.2072296142578,237.02736106742685,233.42260096083268,237.02736106742685,14250215
2025-10-20,237.20855712890625,237.6472236358655,233.63240504404249,236.20723163486437,10920554
2025-10-21,236.61729431152344,237.74259775436883,235.92114076763963,237.2085613617237,569979
2025-10-23,240.61305236816406,241.49994567413228,237.53279736971194,238.4101449569856,13879042
2025-10-24,243.14019775390625,245.46706844137188,241.12801563846767,242.22469643562812,17882209
2025-10-27,241.52854919433594,244.21780801224972,240.2315974480555,243.5788705819248,7889080
2025-10-28,238.92510986328125,242.02444181771637,238.27664123902568,241.36644202595141,8529692
2025-10-29,243.78866577148438,245.40985177061228,238.9346389409463,239.3160893343647,8806213
2025-10-30,242.73013305664062,244.60880614317784,241.66206027495866,244.60880614317784,5266883
2025-10-31,243.53118896484375,245.94389845531867,241.57623742734617,242.892251525805,7199008
2025-11-03,245.610107421875,246.5160775685659,242.51079024368926,243.1783357059354,5450040
2025-11-04,240.6511993408203,245.56244236761256,240.31741932675092,244.22735141413506,6006851
2025-11-06,239.84060668945312,243.65516902248618,238.83928116675185,241.79557279541268,6987258
2025-11-07,240.50814819335938,241.84325371858927,238.41014185531267,238.41014185531267,4449104
2025-11-10,239.7452392578125,243.65517150964297,237.93332795168658,240.3174294341684,7418162
2025-11-11,237.88563537597656,242.41542804729232,234.59557834603777,242.41542804729232,16183880
2025-11-12,242.0816650390625,243.7505360401749,238.31477313828856,240.88961432398222,11917811
2025-11-13,239.2207489013672,241.9386158642892,235.83532188131284,241.9386158642892,13057927
2025-11-14,241.9075164794922,243.91037368298927,239.46499315036962,239.8557909198375,9185042
2025-11-17,242.34716796875,243.9592274045859,241.76095640591186,241.90751675061105,6281588
2025-11-18,241.2724609375,243.71498436247566,240.63741081019828,241.3213143875955,7708871
2025-11-19,243.27532958984375,244.54544473395694,239.75808994583485,241.2724574288937,7075882
2025-11-20,242.34716796875,245.32704941521513,241.90751675061105,243.27532385326097,6918642
2025-11-21,241.2724609375,242.59142955017882,240.5397039100073,241.37016783769099,7589240
2025-11-24,240.1000518798828,241.76096482176922,238.68339127968494,241.27246013839206,15875282
2025-11-25,239.70925903320312,241.8098232517943,238.97650199304616,240.10005682476142,8983620
2025-11-26,242.00521850585938,242.2983242991075,239.4161496327907,239.70925542603885,7232643
2025-11-27,238.39028930664062,243.0799373237771,237.2178810293515,242.29832683625767,5600832
2025-11-28,237.65753173828125,239.70925739993325,236.97362815372392,239.36729815366456,3804191
2025-12-01,239.20120239257812,240.1977561098247,237.42303820902012,238.43913628761888,6307936
2025-12-02,237.94085693359375,240.59832362964534,236.9247737417999,237.90178311805474,5413988
2025-12-03,234.5017852783203,238.74200222366053,234.0523544237178,238.439131714419,11829802
2025-12-04,236.6609649658203,237.12016054187865,234.17936783621036,234.97074300533836,10825420
2025-12-05,235.6839599609375,237.60866956192592,235.37132472289798,237.12016488975587,7645591
2025-12-08,233.03627014160156,236.43625844416778,232.23511533319206,235.68395708397486,5285903
2025-12-09,234.325927734375,234.67765170991547,231.38513484720352,232.23512824310123,9026401
2025-12-10,233.78855895996094,234.82420138550393,232.93856560271152,233.81788295557112,3492031
2025-12-11,232.92880249023438,235.75235891273405,232.6650057917506,233.78856057999187,8868641
2025-12-12,232.5477752685547,233.89603806663862,231.5707658949965,233.01673559362823,4252781
2025-12-15,229.9391632080078,233.3000629475615,224.65353889206648,232.52823209800792,12334408
2025-12-16,226.87135314941406,229.8903085352076,225.44491290478487,228.7862831727476,7238404
2025-12-17,227.5552520751953,228.0535214785498,223.35410887403685,226.4219176473517,5848233
2025-12-18,226.66616821289062,228.7472028898814,225.8943373892629,227.64317755863584,3964839
2025-12-19,227.53570556640625,228.13168186266645,226.17766317433527,226.66616784641806,5070902
2025-12-22,228.79605102539062,229.87076731397062,227.41847912018557,228.41501796089048,4614185
2025-12-23,230.07594299316406,232.43052425590307,229.20640524608268,229.20640524608268,5810236
2025-12-24,228.39547729492188,231.13110642503094,227.779956640953,230.12477309077252,4114036
2025-12-26,229.13800048828125,229.8707574970251,227.6920308319277,228.46386165496023,3710774
2025-12-29,229.4213409423828,233.52477719894176,228.62018612577006,229.13799988461315,12621499
2025-12-30,229.2845458984375,230.18340761474056,227.946047866518,229.54834259578686,6236729
