Price,Close,High,Low,Open,Volume
Ticker,POWERGRID.NS,POWERGRID.NS,POWERGRID.NS,POWERGRID.NS,POWERGRID.NS
Date,,,,,
2021-01-01,80.89330291748047,81.06405854791551,80.46642542118606,80.67986416933326,3074621
2021-01-04,80.44507598876953,81.27748934102983,80.25297881827991,81.10673372730749,7133203
2021-01-05,80.25298309326172,80.89329930914128,79.48460595016478,80.89329930914128,10478882
2021-01-06,83.7320327758789,84.35100159672953,79.82609952512655,80.25297696980803,54265234
2021-01-07,84.11622619628906,86.14389417611727,83.4545684346194,84.5217621082132,40129922
2021-01-08,86.89091491699219,87.0830120614102,84.32965053752662,84.84190572937783,29487917
2021-01-11,86.89091491699219,87.5098894579878,85.99447122620019,87.0830120614102,12726089
2021-01-12,86.95496368408203,87.40318851883659,85.35417310973678,85.82373950285735,31454127
2021-01-13,87.5098876953125,88.19289267405821,86.48537733224636,86.99763251377944,23792586
2021-01-14,87.55258178710938,88.57709227871725,86.91226562480239,87.91542877039585,12024674
2021-01-15,86.6561508178711,87.83006387728138,86.44271207979651,87.06168094627503,13530190
2021-01-18,83.56128692626953,86.22927108229396,83.04903165235437,85.90911298357102,26118654
2021-01-19,85.22611999511719,85.37552828706968,83.34786004029199,83.47592098202442,19382828
2021-01-20,83.7320327758789,85.631633930774,83.30515533119741,85.37551209588183,21158179
2021-01-21,83.30514526367188,84.39368030010057,82.87826787057902,83.8600835587345,12509109
2021-01-22,82.89961242675781,83.7960561426995,82.38736301043072,83.24111782753796,16720401
2021-01-25,81.19210815429688,84.00950039478442,80.9359805342715,83.00633726045758,9393599
2021-01-27,82.10989379882812,82.96364867557531,80.80791992774698,81.106730660671,18874916
2021-01-28,79.95416259765625,81.51226404193135,79.31384645974356,81.51226404193135,16072463
2021-01-29,78.73756408691406,80.67985413759041,78.11858947829191,80.55179322058383,13415015
2021-02-01,80.63716888427734,80.87194915585464,77.90514868831042,78.73756199644029,9485240
2021-02-02,82.89961242675781,83.51858698511873,80.7652253839897,81.53360240342806,10803602
2021-02-03,88.15021514892578,89.6442861995926,83.02768583235384,83.02768583235384,73411707
2021-02-04,87.65931701660156,88.64113878381724,87.16840902794218,88.15023079515785,23523019
2021-02-05,88.40635681152344,88.91860635058752,85.90912221515853,87.78738210485378,28755118
2021-02-08,90.73282623291016,91.09567323695335,87.8087144331215,88.15021987982527,28436890
2021-02-09,89.96444702148438,92.82452829295754,89.64428892944915,89.64428892944915,27738169
2021-02-10,89.83638000488281,91.35179844262794,88.3636562604723,89.87906890832139,34189378
2021-02-11,91.24507141113281,91.69329038483133,88.93993450802012,89.15337321738046,20504448
2021-02-12,90.7755126953125,93.48618568919598,89.87906888293976,93.48618568919598,25066544
2021-02-15,90.69013214111328,91.97077025563328,90.3059436017052,91.35179564943994,8599603
2021-02-16,96.2822265625,98.13915035753568,91.05297796992087,91.09566687151292,80200957
2021-02-17,98.20316314697266,98.69407677105936,94.85218031059357,96.260873363473,39034960
2021-02-18,100.95655822753906,101.72493545966614,97.54153801382401,98.60873183060997,44291912
2021-02-19,99.12097930908203,100.78580616300958,97.64824964288351,99.67591773379351,36335681
2021-02-22,96.02610778808594,99.84666327895994,95.44982207299657,99.22768866092025,25800846
2021-02-23,96.51701354980469,97.79764008054894,95.89803894553697,96.36760528775083,18293559
2021-02-24,95.08699035644531,97.41347514702977,94.59608236840275,96.53837276061775,11421326
2021-02-25,97.135986328125,99.37708705722147,94.25455787095359,95.49250705621824,30696079
2021-02-26,91.4798583984375,97.00792369309312,90.15653714517171,94.55337835506153,38070699
2021-03-01,97.00792694091797,97.66958469475519,92.80318275875334,92.845871663171,31441940
2021-03-02,96.06879425048828,97.90436503228368,95.34310603461631,97.75496255159274,18223787
2021-03-03,97.11463928222656,98.2458691129344,95.49250735086159,98.18183286599188,19350542
2021-03-04,96.11148834228516,98.16050375686376,95.21504446027555,95.21504446027555,22865747
2021-03-05,94.01978302001953,96.47432839662567,93.63559446687778,96.47432839662567,17342685
2021-03-08,95.71540832519531,97.34580894834922,94.34587298114464,94.71543163512479,15749448
2021-03-09,93.91109466552734,96.56321405591244,92.71546760319734,95.86757531297644,12585004
2021-03-10,93.54151153564453,95.1936538546103,93.04152334717783,94.78061680062108,10661165
2021-03-12,95.67192840576172,96.0414870543723,93.6502328418241,93.78066842797702,18173078
2021-03-15,97.4544906616211,98.47620944260184,95.54148867209955,96.08495548145181,30092241
2021-03-16,97.5849380493164,98.78056517465393,97.17190086540262,97.88927596120652,14767699
2021-03-17,95.84583282470703,97.82404965980727,95.36758085117958,97.80231334614379,12571132
2021-03-18,96.10667419433594,97.17187130438626,95.71537934266135,96.08493788473949,14232655
2021-03-19,100.08488464355469,100.91094720888294,95.28063397851496,96.47626109153042,70334403
2021-03-22,97.1936264038086,101.91092543343046,96.60668696132304,101.91092543343046,29180881
2021-03-23,95.21540069580078,97.38926775305725,94.99801399007514,97.19361735910745,38455903
2021-03-24,96.10667419433594,97.3457794721315,94.30236589712054,94.36758072290111,24398959
2021-03-25,94.08499908447266,97.12841330226983,93.62848931060006,96.10669449261087,20272124
2021-03-26,93.30240631103516,96.51972863314249,92.23720900917215,95.36758018024496,25184863
2021-03-30,96.23712158203125,97.25884030158984,93.6502173662331,94.30237749825024,53328751
2021-03-31,93.75891876220703,96.12843647053943,93.32414530357667,95.60670596138603,20694060
2021-04-01,95.08496856689453,95.36757009761548,93.36761127737306,94.19367955832337,11229344
2021-04-05,93.10675811767578,95.21541056109088,92.75894171127413,93.56327378519441,14484908
2021-04-06,90.95462799072266,95.21541144202183,90.65029010655358,93.56327465083983,25301732
2021-04-07,91.54158020019531,93.99805515377287,91.10680670710094,91.69375210217693,22841720
2021-04-08,90.86767578125,92.82415633086607,90.65028905351487,92.15025393669177,20468881
2021-04-09,90.56333923339844,91.93287454806278,90.43290954514198,91.0415912519936,11773021
2021-04-12,87.45470428466797,89.84595832552569,86.30255578983501,89.84595832552569,18544315
2021-04-13,90.75897979736328,91.04158135586235,88.01990356877664,89.19379422345553,19831072
2021-04-15,90.34595489501953,91.91114068075616,90.01987476869911,90.38943342459419,10159348
2021-04-16,91.23724365234375,93.38936893702437,90.10683137406056,90.21552474895331,22020846
2021-04-19,87.4764404296875,89.99813004245304,86.95471581452365,89.49813584455637,18404990
2021-04-20,88.56338500976562,89.43293203931877,87.67210166327092,89.12859411717109,14467660
2021-04-22,88.4546890258789,89.0851129625348,87.47644864644302,88.69381799015905,11626459
2021-04-23,91.80245208740234,92.563305755117,88.69382256728116,88.82425226580634,38318040
2021-04-26,93.82413482666016,94.10674229605382,90.51985531852716,90.51985531852716,19139358
2021-04-27,94.19368743896484,95.86756634911342,93.8241288384917,93.93282219763132,15270611
2021-04-28,96.0414810180664,96.38930332895363,94.04152189569064,95.1284555603522,16383579
2021-04-29,95.71540832519531,97.2371155734723,95.23715629633824,96.99799250754026,14761969
2021-04-30,95.67192840576172,96.65016876544053,94.19369970831232,94.67195173022054,16897105
2021-05-03,95.99800109863281,96.8892902289134,94.23717094623726,94.56325104090253,15528063
2021-05-04,94.80238342285156,96.38931142412827,94.21544391223475,96.25887583521883,20857434
2021-05-05,94.86759948730469,95.80236129192151,94.25891189639816,94.80237874756989,23178237
2021-05-06,93.65022277832031,95.38931656420239,92.86763293347029,94.97628532825075,18823613
2021-05-07,93.28067016601562,94.25891048346095,92.82416037667154,94.06326595816748,12509591
2021-05-10,95.58497619628906,95.71540588401763,93.45458728243449,93.65023181402734,17845577
2021-05-11,97.1283950805664,97.91099069937715,94.95452818996661,95.6501667743568,22995780
2021-05-12,98.23709106445312,102.17178859198076,96.97624328936277,97.12841518259704,55645370
2021-05-14,99.49791717529297,99.99791133160474,97.32405594742328,99.01967112541698,18820793
2021-05-17,99.30229187011719,100.43269820886199,98.737082803752,100.41096189349874,10996347
2021-05-18,101.34571075439453,104.28044335583154,99.34575758839131,100.38921859307935,52885042
2021-05-19,101.6283187866211,103.47610597205112,100.60660588403606,101.82396920034593,28081040
2021-05-20,99.54141235351562,102.1500531853151,99.30228930273105,101.7370160281498,10707136
2021-05-21,99.10663604736328,99.67183918595948,98.25882544247654,99.15010867572263,21702883
2021-05-24,100.43269348144531,101.91092797236318,99.30228719590929,99.56314655596067,22028927
2021-05-25,101.2587890625,101.93268571260435,100.4979353427721,101.30226170031803,9165363
2021-05-26,98.08491516113281,101.65005391561859,97.80231359781874,101.38919456301628,18322114
2021-05-27,99.2588119506836,99.82401514571012,97.06320811962702,98.56317906357188,51194207
2021-05-28,98.01971435546875,100.43270499142987,97.73710685470431,100.43270499142987,15307498
2021-05-31,98.10663604736328,98.51967311901983,97.28056780104158,98.25880791044682,13102261
2021-06-01,97.56318664550781,99.12837227790529,97.34579991592463,98.38925503852545,15733731
2021-06-02,98.88924407958984,99.19358784393947,97.43275188790317,97.47623041095198,7995532
2021-06-03,98.3892593383789,100.62834746853342,98.10665775696886,99.58488640333832,10291328
2021-06-04,98.32404327392578,99.19359611644443,97.7370979062972,98.25882843240986,6142487
2021-06-07,102.71524810791016,103.38914457665153,98.6501152914262,98.82402348687636,18058790
2021-06-08,101.75875091552734,103.8891456158735,100.88920398379177,103.8891456158735,22511761
2021-06-09,105.2586898803711,106.73691263187918,101.65006057119318,102.6065645833369,39865778
2021-06-10,105.06302642822266,107.82383295862782,104.4543389157947,107.82383295862782,32690784
2021-06-11,107.084716796875,108.17165036942579,106.08474026892509,108.17165036942579,29142097
2021-06-14,108.12815856933594,108.60640453885546,105.25865916425482,107.80207855539571,18732629
2021-06-15,107.6499252319336,109.34553442700378,107.41079042513071,108.93249733541552,15026686
2021-06-16,105.28041076660156,107.60644381967325,104.7586803097117,107.32384817626303,30706682
2021-06-17,104.28044891357422,106.10648807812198,102.93264406118735,106.10648807812198,22261167
2021-06-18,101.30225372314453,106.51953596186581,100.04140579785894,106.08476244197237,49278209
2021-06-21,102.10658264160156,102.36744201251639,99.30229133133248,100.82399851430178,11719831
2021-06-22,101.75875091552734,103.04133499863431,100.88920398379177,100.88920398379177,10961545
2021-06-23,100.97615051269531,102.60655083978995,100.86745715755568,102.49785748465031,10721151
2021-06-24,100.49791717529297,101.28050707245745,99.17184863972543,100.97616328078645,12964208
2021-06-25,100.36748504638672,101.21529576144658,99.73707288332933,100.62835623239783,7736431
2021-06-28,100.80223846435547,101.08484591102432,100.30225609699747,100.86745919635108,9989595
2021-06-29,102.6065673828125,103.43264173265341,100.71530741605274,101.12833279698745,61089570
2021-06-30,101.0413818359375,103.30220621864993,100.86746773188844,103.106555800091,17437744
2021-07-01,100.34574127197266,101.28050897956696,100.0848818993343,101.10659486848435,15924813
2021-07-02,99.10663604736328,100.47616536850197,98.95445826013571,100.34573568943898,9549992
2021-07-05,100.12834167480469,100.3892128079358,99.28053113160064,99.69356824690354,6849185
2021-07-06,99.4761962890625,100.2153135849305,99.2588095428652,99.73706746089074,5343938
2021-07-07,100.41094970703125,100.62833642225156,99.47618211399022,99.47618211399022,7228897
2021-07-08,100.49791717529297,101.36746412636136,99.80227253804706,100.0413955907938,8740010
2021-07-09,100.10660552978516,100.62833600293672,99.99791217262792,100.45442191389151,2990856
2021-07-12,99.56315612792969,100.75878326541826,99.21533968309387,100.30227344444711,5578309
2021-07-13,99.41098022460938,100.82399397373204,99.25880243677443,100.17183378182928,8264289
2021-07-14,99.97618103027344,100.62834120694342,99.32402085360347,99.41097790262306,9228746
2021-07-15,100.17184448242188,100.62835430672227,99.6935865475469,100.43270386945461,5376823
2021-07-16,101.6717758178711,102.82393001551932,100.21528968331924,100.71528379791745,15903784
2021-07-19,101.36746215820312,102.01962235884201,100.6500812199063,101.67179414997986,13725925
2021-07-20,100.5631103515625,102.73697738836302,100.41094437657985,102.12830169444896,14178067
2021-07-22,101.41092681884766,101.95439361000993,99.43271005781384,101.95439361000993,10378326
2021-07-23,101.30225372314453,101.7152909258406,100.88921652044846,101.62833386306461,6660369
2021-07-26,101.17182159423828,102.32397611185768,100.8892140955056,101.49790172632079,12963701
2021-07-27,100.80223846435547,102.10657054637899,100.28051978432696,101.30223262569756,10832912
2021-07-28,99.17184448242188,101.04137978403587,98.86750660050144,100.86746568351857,13828088
2021-07-29,97.04143524169922,100.60657984798625,96.89651076009393,99.1283454180185,28609665
2021-07-30,99.21530151367188,100.40367517504048,97.50519146774185,97.99793234167441,34142169
2021-08-02,99.12834930419922,99.70804725334659,98.14286161125021,99.4181982787729,9575755
2021-08-03,101.1282958984375,101.56306933186842,99.18631025457624,100.02687930226654,20959435
2021-08-04,101.59207153320312,102.37466145155193,100.78049199810651,101.82395308522868,23323277
2021-08-05,101.56306457519531,101.88190312903897,100.43265841881082,101.59205418699334,6621382
2021-08-06,101.44713592529297,102.31668280465263,101.18627657907882,101.73698488507952,5340311
2021-08-09,102.28768157958984,102.6065201167549,100.89641616573552,102.6065201167549,16415005
2021-08-10,100.05586242675781,102.08480522368389,99.33123999928421,102.08480522368389,11925263
2021-08-11,102.22972869873047,102.60653471608931,100.02688361737474,100.25875335668661,31279965
2021-08-12,108.40351867675781,108.80930253175052,102.20075521338232,102.60653906837504,58107755
2021-08-13,107.09920501708984,108.5774396280189,106.43254996129859,106.78036640093309,26776843
2021-08-16,104.75141143798828,106.83833342525175,104.57750913503939,106.66441932831826,21308655
2021-08-17,106.2296371459961,106.51948608773141,104.92531690818714,104.95430651995412,15962459
2021-08-18,104.69345092773438,107.82382232167691,104.43259155906641,106.49051227429858,25227527
2021-08-20,103.53404998779297,104.37461907931574,102.63552525490493,102.7804497402725,18720467
2021-08-23,101.8239517211914,104.28766811623937,100.98338258060727,104.05578656732011,13112745
2021-08-24,102.3746566772461,103.93984823493567,101.70800166900712,102.7804523228627,11029463
2021-08-25,101.73699951171875,102.8674058998101,101.47614012800108,102.72248139908115,12001351
2021-08-26,100.34571075439453,101.67902072999155,99.47616384700119,101.67902072999155,12115246
2021-08-27,101.07032775878906,101.36017671238123,99.56311555890666,100.75150098622817,8051699
2021-08-30,101.73699951171875,102.22974045539995,100.17181962144058,101.5630853932496,14512401
2021-08-31,101.65001678466797,102.63551021716782,101.41813528325723,101.73697382194487,43248333
2021-09-01,101.8239517211914,103.07030472689513,101.244253745886,103.07030472689513,11817591
2021-09-02,101.88190460205078,102.08479650561942,100.98336815112481,101.67901269848215,13545023
2021-09-03,101.7659683227539,102.49059067824493,101.09931339690543,102.02682765313722,12286475
2021-09-06,100.92540740966797,102.22972775417713,100.28774204448263,101.85292174029979,13950485
2021-09-07,100.28775024414062,100.95440527797103,99.96891163848699,100.92541566146232,12485031
2021-09-08,101.96902465820312,102.41147053783268,100.4057194841458,101.02514251541592,25370295
2021-09-09,102.35248565673828,102.7359411734542,101.40860346320831,101.7035673988185,5078350
2021-09-13,102.58846282958984,102.82443638683642,101.8805421578501,102.79493519138798,7522483
2021-09-14,102.70643615722656,103.29636400649508,102.35248184808802,102.588455388218,8434427
2021-09-15,104.94819641113281,105.59711482808889,102.49999274514215,102.647474749092,20064238
2021-09-16,105.86256408691406,107.1604127568542,105.18415655725487,105.56760011676148,16214883
2021-09-17,105.4791030883789,106.42298523639067,104.26974620985237,105.92154897045748,21219226
2021-09-20,104.41725158691406,105.715088331216,103.29638603386309,104.53523238108137,7833069
2021-09-21,103.76830291748047,105.24312242454496,103.50282820494174,103.85679448832671,9481007
2021-09-22,104.26974487304688,104.68268955684759,103.70931823044411,103.70931823044411,9165634
2021-09-23,105.1546630859375,105.44962707776341,104.41725310637271,104.41725310637271,10295913
2021-09-24,103.91580200195312,105.89205806684473,103.70932963734305,105.18414938757765,7093411
2021-09-27,103.82731628417969,104.50573580805036,103.29637874366722,104.1222802508961,5205649
2021-09-28,108.51725006103516,111.43740084244224,103.88631769295726,104.3287636899478,38873626
2021-09-29,115.0654525756836,115.80286252040825,107.63235073116692,108.25177988558164,53686662
2021-09-30,112.02730560302734,116.80571897901909,111.28989576098807,115.00643416359797,23618199
2021-10-01,113.17766571044922,114.15104915013673,111.87982912560847,112.55824861400363,16994903
2021-10-04,113.05967712402344,113.88557853103642,112.11579494548566,113.26614947524841,10757286
2021-10-05,112.0567855834961,115.0949162833624,111.70283128883773,113.05967008749252,17200858
2021-10-06,110.67046356201172,113.3546401119458,110.16902728403309,113.23664733928949,8929507
2021-10-07,111.08345031738281,113.00071637117327,110.67049350452744,112.67625116122379,6733699
2021-10-08,110.72947692871094,112.17480767946032,110.31653214399138,111.49638810275064,8165175
2021-10-11,114.12152862548828,115.09491190031464,111.6733378461011,112.08628250712472,12982042
2021-10-12,114.06256866455078,114.82947981338991,113.05969593340583,114.3870338433939,8539966
2021-10-13,117.63162231445312,120.64025211845146,114.53450092754912,115.09492761576253,33075614
2021-10-14,120.72872924804688,121.4956282031535,116.95318884701466,118.10354328073062,19185455
2021-10-18,120.22730255126953,123.85534928503107,119.25391918279884,123.76686970780803,38546365
2021-10-19,117.18920135498047,120.81726100972298,116.21581773998379,120.34531380181063,16174177
2021-10-20,114.6524887084961,118.13306583257535,114.06256078923231,117.9855838527594,21909934
2021-10-21,114.47550201416016,116.42225668253413,114.1510369017082,115.7733384597428,16946547
2021-10-22,114.71147155761719,116.2157924536751,112.82370714094094,115.56687418557475,7705870
2021-10-25,113.64961242675781,115.03594059244917,112.38126504031572,114.71147544634287,7862419
2021-10-26,112.322265625,113.82657444906141,111.90930892658308,113.6201021009094,8525850
2021-10-27,112.23377990722656,113.17766212100393,111.23090730548441,112.17478951926176,9862679
2021-10-28,109.66759490966797,112.73521507411618,109.2841393885836,112.49924152251707,11095238
2021-10-29,109.16616821289062,111.28990635979743,106.95393847608885,110.25753248262328,12988035
2021-11-01,110.75895690917969,111.20140280895005,108.87119253767142,108.90068172972155,5475153
2021-11-02,109.43162536621094,112.8237107886137,109.2251530017918,111.28990065021087,10946890
2021-11-03,108.51725006103516,110.49351844928557,107.95682326569344,109.43164325566194,13957727
2021-11-04,109.16616821289062,109.63810335547299,108.6942210681938,109.10716581821768,830214
2021-11-08,111.58487701416016,112.29278577152971,108.90069997174653,110.67048386728558,11947323
2021-11-09,110.05105590820312,112.29277475468578,109.3136460240745,112.29277475468578,10381150
2021-11-10,108.78269958496094,110.02154568826681,108.28126330530297,109.69708056501653,13857851
2021-11-11,107.45536041259766,109.28413434946711,106.59995782775786,109.13665238678227,8851354
2021-11-12,107.36688232421875,108.36975499563219,106.36400965280531,108.36975499563219,9590673
2021-11-15,111.08345031738281,111.34891312398423,107.36689901226559,107.4848798147293,24821341
2021-11-16,110.67046356201172,112.88269302554652,110.02154531979744,111.49636496215398,23206330
2021-11-17,112.70572662353516,114.32802829855424,110.31651390129802,110.31651390129802,18359498
2021-11-18,113.56112670898438,114.71148137350232,112.70573600994432,113.17767115344023,10742933
2021-11-22,114.56398010253906,116.21578283196014,113.26614367378856,114.68197287013341,25095721
2021-11-23,119.07694244384766,119.40140758486825,113.9445745910139,114.00356497971391,19671538
2021-11-24,119.93234252929688,122.38053362398132,119.1654314862135,119.28341226109707,18120478
2021-11-25,120.49275207519531,120.93519792124866,118.72296869098192,119.5193688134556,18537454
2021-11-26,119.16544342041016,120.90572603585247,118.45753469598624,120.37480049359185,12814537
2021-11-29,118.13304901123047,120.34527839346325,117.10067529952184,117.39563921715288,16066147
2021-11-30,121.96759796142578,123.58989974809529,118.16256766262848,118.16256766262848,37739647
2021-12-01,122.2330322265625,123.14742509397314,120.75821276435924,122.11505147043086,20332817
2021-12-02,126.53953552246094,127.42442737926136,121.820112286192,123.29493204752605,33758843
2021-12-03,121.58414459228516,127.68989629848296,121.23019023290396,125.74314132082914,47614182
2021-12-06,119.16544342041016,122.70501104675897,118.7819878604661,122.32155548681492,11322446
2021-12-07,121.40716552734375,122.08557300454233,119.25392631131498,119.51938906307845,8049102
2021-12-08,120.81723022460938,122.49852222095302,120.07982040146629,121.02370257466684,8788449
2021-12-09,119.87335205078125,121.79061784688258,119.22443372021604,121.23019110732957,5755422
2021-12-10,119.54888153076172,120.49276369292757,119.07693444862237,120.49276369292757,6164402
2021-12-13,120.58125305175781,123.67837421574758,120.16829636195826,121.23017127617123,21648126
2021-12-14,125.21219635009766,125.7431338587187,119.87334407236929,120.40428158099034,48042035
2021-12-15,123.79634094238281,127.2179268315679,122.58699620725334,125.71360620740123,15207306
2021-12-16,122.822998046875,124.94674833181308,121.70214451018741,124.71077474436272,13410737
2021-12-17,123.8553466796875,124.17981179639017,120.96470983101044,122.82297294741348,15209414
2021-12-20,123.79634094238281,125.44814351001243,122.41001307425329,124.3272783392717,22539246
2021-12-21,121.87911987304688,124.9172514104902,120.81725669632863,124.74026821331266,17566511
2021-12-22,123.06980895996094,123.95519826406392,120.90211456297861,122.00122966458107,14750231
2021-12-23,127.22197723388672,127.98524805053233,123.37509977180935,123.64987229659073,15932489
2021-12-24,125.4206771850586,127.43570491386774,125.08483301874257,127.13039655286371,8975969
2021-12-27,125.84811401367188,126.55032578490098,125.17643805020361,125.42068724320026,8648187
2021-12-28,125.54280090332031,127.40518695391917,124.13838983674782,126.18395345792767,15736206
2021-12-29,124.93217468261719,125.72598136403482,123.77200046478701,123.95519044450756,17172943
2021-12-30,125.3901596069336,129.08439628130208,123.13088237629835,124.93219699885638,87481206
2021-12-31,124.81007385253906,125.90917661624668,124.29105206775793,124.56582465292725,9842223
2022-01-03,125.17640686035156,126.36710429786122,124.65738521895061,125.42065599248934,7410054
2022-01-04,128.59588623046875,130.0613689283519,125.48174326186063,125.97024163549824,14784090
2022-01-05,127.40520477294922,129.05386525390938,127.03883715751711,128.22953501342928,9565107
2022-01-06,125.75651550292969,127.43571157624062,124.96272117663685,126.8556306292178,5615931
2022-01-07,125.2985610961914,127.31360148458405,124.87113430981987,126.36714048515074,11908249
2022-01-10,124.5657958984375,126.55029999976064,124.22995177361797,126.55029999976064,11085710
2022-01-11,124.4742431640625,125.66495348280623,124.2605297498362,124.90168241554679,7208789
2022-01-12,125.14588165283203,126.21446082623324,124.77951413512864,125.78703412608394,11018139
2022-01-13,127.00826263427734,129.14542089975797,126.12287346493208,126.76401349075978,20522807
2022-01-14,126.8556137084961,128.0157878708208,126.12287867072682,126.97773207378164,14183654
2022-01-17,126.00076293945312,127.95474397871783,125.66493118327212,127.71049479593106,7574539
2022-01-18,125.26802062988281,126.9166807788397,124.9321764699333,125.93969652675307,8475422
2022-01-19,124.96269989013672,126.6418956774087,122.76448243504072,125.78702988291927,13724367
2022-01-20,131.0688934326172,131.49632020653866,125.42068825549582,126.45873180532229,30170343
2022-01-21,131.3436737060547,133.8777359590999,130.06138088614952,130.61093850126056,29509593
2022-01-24,130.67198181152344,132.96179457691227,129.14543996793086,132.13746446597816,12850189
2022-01-25,133.63348388671875,134.45781408020852,129.4202254918447,130.36668649887073,27389035
2022-01-27,131.19102478027344,133.90827715533365,129.66448268968838,133.1144702990169,28512473
2022-01-28,128.35162353515625,132.80913035061823,127.77154264766376,132.80913035061823,18932049
2022-01-31,131.52682495117188,132.35115491935133,128.96222764424704,129.4507259188119,19907759
2022-02-01,130.0308380126953,132.53437674297584,129.02333026659187,132.5038409348387,8622355
2022-02-02,130.67198181152344,132.99233038299585,130.21401925844566,131.19100355373905,9921099
2022-02-03,129.02333068847656,131.28260780710775,128.84014068511505,130.67199102660956,4594389
2022-02-04,128.04632568359375,130.27507927398284,127.67995812341336,129.4507491578196,7329263
2022-02-07,130.45826721191406,130.85517057212368,128.22951365661,128.87066619410473,7869237
2022-02-08,128.26004028320312,131.52683707938706,127.3135794475948,130.6719712315841,9074237
2022-02-09,127.83263397216797,129.23705768439746,127.43573053844821,128.59590502815539,9833985
2022-02-10,129.48129272460938,131.71003402554956,128.26005916879333,128.26005916879333,19180334
2022-02-11,126.88616943359375,129.45075489147706,126.42820685732673,128.35163973922425,20071130
2022-02-14,123.25299072265625,126.36713371913545,122.88662315066397,126.36713371913545,12109375
2022-02-15,124.22998046875,124.47422966839753,121.5127407331259,123.34459109593685,19046061
2022-02-16,123.19448852539062,126.14412209393795,122.81792869263764,124.637921067534,20270061
2022-02-17,123.6337890625,124.79481447721294,123.00620637690355,124.41826741949555,16405551
2022-02-18,122.81790924072266,125.61065946091036,122.53550217908824,123.50826031263014,14600643
2022-02-21,124.35546112060547,124.88890363273399,122.72374935542528,122.81787650541479,10682638
2022-02-22,124.35546112060547,124.54372818878171,120.3703152417431,121.87650285994191,13606058
2022-02-23,124.29273986816406,125.20272953696697,124.0103200353557,124.4810069885022,6493463
2022-02-24,119.9310531616211,123.00621099001198,119.17795901794301,121.75104557174656,13145037
2022-02-25,123.82206726074219,124.19861431324506,120.59001392103825,120.84104954544091,10920938
2022-02-28,131.2589111328125,131.94924948013846,123.0375811385821,123.9161866161598,31938385
2022-03-02,132.35719299316406,133.7692540575971,129.4075466643157,130.3803049493173,20502615
2022-03-03,136.71888732910156,137.66026137006605,132.23166851353034,132.23166851353034,19805555
2022-03-04,134.96163940429688,136.4992116233487,132.38854060281372,135.52645351369532,12794317
2022-03-07,133.54957580566406,135.05576375687528,131.07061699691218,132.10613078951994,17635653
2022-03-08,133.26715087890625,140.20194310852955,131.66682305005443,134.30266463181013,28410490
2022-03-09,130.5999298095703,135.55783464898332,129.65855595784126,135.02439201997686,22830958
2022-03-10,131.0706329345703,132.67097378757725,129.94099183380212,132.41993817578378,16516553
2022-03-11,133.32992553710938,133.6751010932222,130.38029226345967,131.35305045381295,12992850
2022-03-14,133.9261474609375,134.30269451809542,131.54132815193336,133.32993624958527,12598659
2022-03-15,131.5726776123047,134.96162576726474,130.72544376561441,133.80058789299395,14528285
2022-03-16,131.38442993164062,132.92201514015656,131.13339430900515,132.57683956300752,11933774
2022-03-17,132.76510620117188,133.51820022559878,130.38028717681854,133.04751326828173,28464621
2022-03-21,128.5916748046875,135.55783897621396,128.3406392159063,135.55783897621396,17797415
2022-03-22,130.97650146484375,131.47857272093978,128.05825218941825,128.65445063385513,13285297
2022-03-23,131.8551025390625,132.16889384104417,130.7254615128489,131.47855553032463,9408783
2022-03-24,132.26304626464844,132.5454533557975,130.53719394091044,131.79235926726534,11188958
2022-03-25,131.5726776123047,132.29440006252196,129.72130152103438,132.26301582930418,9842670
2022-03-28,133.2357635498047,133.5181705541559,130.22336258513442,131.5726674498971,12823578
2022-03-29,132.60821533203125,134.58509040950977,131.60407290564055,134.20854338371393,10470515
2022-03-30,136.24819946289062,137.25232921337934,132.92201886638415,133.73786870256762,54218485
2022-03-31,136.05990600585938,136.34231305450353,134.7733566327026,135.2754277949589,10326026
2022-04-01,141.23745727539062,141.67675995090428,135.62058582018253,135.62058582018253,39663961
2022-04-04,142.7122802734375,143.1515829691647,140.60988119839976,141.83366211378288,9907530
2022-04-05,146.2581329345703,147.23087832291944,142.398497314473,144.3126166214702,17167487
2022-04-06,148.51744079589844,149.6470819363128,145.06573612515083,145.19124755135175,17153675
2022-04-07,145.1912384033203,150.5570749788611,144.34400440934053,148.07811593786687,11913911
2022-04-08,145.97572326660156,146.91709725082495,144.7205579543037,146.22675888270152,6746769
2022-04-11,144.9088592529297,147.827121588518,143.33990238091488,145.91298909737844,12413822
2022-04-12,146.28948974609375,146.63466525562524,143.4653682731259,143.87329948397232,14769907
2022-04-13,144.03021240234375,147.7015682040574,142.80643139117294,147.45053260047843,11015439
2022-04-18,145.03433227539062,145.47364774410104,142.80642176823181,144.03020269693874,19069923
2022-04-19,142.99468994140625,146.4463941710431,142.14745600231728,146.03846293571866,15036942
2022-04-20,142.46124267578125,143.71640780948857,140.23331945617076,143.24572088434832,9814641
2022-04-21,142.6181640625,143.4967823683407,141.36299870221396,141.89644142669508,11134333
2022-04-22,141.48849487304688,144.4695122822576,141.01780791369782,141.23747204262148,12032249
2022-04-25,139.85679626464844,142.39851120012796,139.00956220888932,140.5471346520002,11042683
2022-04-26,145.34814453125,145.72469158145645,140.7981701514337,142.46126678873114,15389155
2022-04-27,143.9047088623047,146.13261964155075,142.74367072821943,145.1912456527477,12680209
2022-04-28,147.85845947265625,148.2663907203418,144.3753836690354,146.4777828462445,18378146
2022-04-29,142.93194580078125,148.32915393380054,142.49264306147327,147.54467563632093,9026331
2022-05-02,145.31674194335938,146.38362715187031,141.7708980460622,141.7708980460622,12634353
2022-05-04,149.1136474609375,150.27467290614783,146.1640138684353,146.2267695850029,23124643
2022-05-05,146.69744873046875,151.0277716958321,146.13262177529927,149.6157106920094,16481935
2022-05-06,149.61570739746094,150.08639438837062,145.25400028744357,145.25400028744357,17715186
2022-05-09,153.85186767578125,154.667717345715,147.88983333492732,149.9922323646411,54118806
2022-05-10,152.91050720214844,155.86014039508552,152.18878463888055,154.2598123824839,30997494
2022-05-11,150.11776733398438,155.6404998554923,149.80397600363057,153.13016921266177,15412618
2022-05-12,148.0467529296875,151.81224891212193,145.693317940666,149.99225663363822,26538994
2022-05-13,148.2977752685547,150.52568586439475,146.289503263512,150.52568586439475,15074553
2022-05-16,147.607421875,149.30190254974758,146.22674526730995,147.7957017615944,7960529
2022-05-17,149.77261352539062,150.18054483298732,146.06987305122493,147.41917840641278,15470937
2022-05-18,143.0260772705078,149.52155463490004,142.52400608260666,149.050867684318,19181550
2022-05-19,143.27711486816406,144.12434883742006,139.10368796099837,139.95092193025437,15085602
2022-05-20,143.747802734375,146.2895046582164,142.3043576159952,144.81468807008113,15148281
2022-05-23,140.95504760742188,145.59916134179153,140.7040120169856,145.59916134179153,11572501
2022-05-24,142.46124267578125,144.12433903158345,140.95504196169247,141.20607754207393,16336858
2022-05-25,141.1119384765625,143.96744428069564,139.66850622478756,143.33986170995868,11062614
2022-05-26,142.58677673339844,143.77918635348817,140.51576159469712,142.4612653073688,14150454
2022-05-27,141.01780700683594,143.49676597105312,140.20195727679805,143.4653817333513,8430491
2022-05-30,143.24575805664062,144.2812721143052,140.7668113815617,140.89232282022266,9305758
2022-05-31,146.16400146484375,147.57606242469868,143.21435535444806,143.24573959416995,26351545
2022-06-01,143.84193420410156,146.22675331392682,143.18298010116132,145.6933106301558,10282009
2022-06-02,141.55128479003906,143.96747566037817,140.92370208251185,143.96747566037817,10071898
2022-06-03,141.83367919921875,143.15160021335876,141.2060965478948,141.83367919921875,16082518
2022-06-06,141.08058166503906,142.74366543570062,140.2961033701227,141.8336757208782,12693293
2022-06-07,141.2061004638672,141.99057879977755,140.39023788723958,140.54713355442163,9103195
2022-06-08,140.9236602783203,142.14744108768969,139.98228649628265,139.98228649628265,11240130
2022-06-09,141.1119384765625,141.6453811080489,138.69574813286528,141.01779853731193,9468041
2022-06-10,140.86090087890625,142.74364856417495,139.35471294525124,139.35471294525124,9019239
2022-06-13,139.54299926757812,141.5198871629627,139.00955657027157,139.22920794349173,10186775
2022-06-14,140.547119140625,142.6495310798138,139.32333816939038,139.54298952727856,17023962
2022-06-15,139.48023986816406,142.02195463333464,139.2605885007521,140.73540513131965,5898563
2022-06-16,135.77748107910156,140.76676997357941,135.33817840481024,140.1705588948131,11883333
2022-06-17,132.63958740234375,136.12267613515405,131.9492490572304,134.42819535911062,19675226
2022-06-20,130.69406127929688,132.35715752988816,129.50165192406922,131.2275038737358,7402273
2022-06-21,132.0120086669922,133.7692452048304,130.09788923391312,131.19615887801157,9459619
2022-06-22,132.20028686523438,132.5768338989995,130.66270172240786,132.29442681572607,10257637
2022-06-23,130.88235473632812,132.85922968758646,129.3761539611118,131.8551000935091,13114525
2022-06-24,131.1333465576172,133.0474781189662,130.3802527321473,133.0474781189662,9499105
2022-06-27,132.76510620117188,133.89474723781223,131.57269668899522,133.89474723781223,17545390
2022-06-28,131.98065185546875,132.76513025982078,130.75685788375765,131.50996481285753,6770087
2022-06-29,132.48268127441406,134.93025591204,130.81958486883488,131.22751610313927,41502918
2022-06-30,132.98475646972656,134.7733643392145,132.04338256281702,132.73372087424386,22260722
2022-07-01,129.59579467773438,133.61232549257284,128.77993226739864,132.45130034571002,11133663
2022-07-04,132.2316436767578,133.14164607302132,128.6858123363592,128.6858123363592,20178279
2022-07-05,134.39683532714844,135.52647650578947,132.38856306256022,132.41994730427353,20083997
2022-07-06,132.0747528076172,134.39681608405252,130.66269196034457,134.30267614059423,19203527
2022-07-07,133.39268493652344,135.118537063225,133.1102651094156,133.83198764331271,14069302
2022-07-08,137.31509399414062,137.6916410443947,133.4554580005816,134.30269205570377,17142257
2022-07-11,136.21681213378906,138.8526540180375,135.68335669475215,138.06817574674915,10826079
2022-07-12,133.9888916015625,136.15404656934234,133.76924023454447,134.99302125664587,8503695
2022-07-13,134.58506774902344,135.99712843415602,133.95748522229786,134.6164519826394,10210005
2022-07-14,134.8361358642578,137.59750220211401,133.5809705077961,137.59750220211401,10898403
2022-07-15,131.35305786132812,136.18543931021625,131.03926652651197,136.18543931021625,22067479
2022-07-18,131.94924926757812,133.29855448911516,131.10201526230648,132.01200497756093,15155654
2022-07-19,131.7923583984375,132.73373238699776,131.54132278118104,131.72960268617385,14922395
2022-07-20,131.3216552734375,133.23578725567094,130.85096833697355,132.60820467371903,14181034
2022-07-21,133.2357635498047,133.8005775585071,131.44714329492032,131.7609345300652,12461554
2022-07-22,131.7923583984375,134.27130479436545,131.4785670689174,134.27130479436545,9272199
2022-07-25,130.4744415283203,132.41994527973762,130.16065018879488,131.79236260068672,6635194
2022-07-26,131.2274932861328,132.41990254515537,129.97232833309818,130.4743994215913,11451315
2022-07-27,132.20028686523438,132.41993823758057,131.4158085581397,131.7295998809776,9209354
2022-07-28,134.42819213867188,134.80475192535027,131.82373447941995,132.41993286132558,13192642
2022-07-29,134.27130126953125,136.6875046579683,133.5809629163499,135.8088864047368,15433067
2022-08-01,137.40921020507812,138.1623170136345,134.39682127545612,134.9616481898231,12136557
2022-08-02,139.69989013671875,140.2019613453123,136.4050813468518,138.036793622479,17748747
2022-08-03,140.32748413085938,141.0492067636017,137.84853766209477,140.17058846148942,12406038
2022-08-04,138.5702667236328,140.70403771149623,137.50336846149824,140.57852627745822,9712267
2022-08-05,140.35885620117188,141.04919453289844,137.34645450319994,139.13506242528277,14099223
2022-08-08,139.26060485839844,142.021971315333,138.75853358688204,141.20610869116953,8392041
2022-08-10,140.26470947265625,141.1433276561027,138.41334593141593,138.5388573426795,8585266
2022-08-11,139.85679626464844,142.39851120012796,139.1350736363343,140.98645018446203,5040626
2022-08-12,143.12022399902344,143.46538678489264,139.32334397705296,139.95092660758021,13279062
2022-08-16,143.62228393554688,144.312622282663,142.49264284977542,143.84193530487454,11298246
2022-08-17,143.4026336669922,144.94020603228984,142.90056244621664,143.6222850380059,11225465
2022-08-18,145.1912384033203,145.41088976943342,142.93194349664046,143.0574549149333,11360485
2022-08-19,144.58917236328125,145.57147106221421,143.03648671359161,144.77928845326966,9829530
2022-08-22,143.19491577148438,146.2685944488545,143.0047996914056,144.55747236656651,9190493
2022-08-23,144.20895385742188,145.03281618634665,142.0858937594399,142.56120341237326,8903751
2022-08-24,145.41307067871094,145.7299438010386,143.54352441441804,144.08220614365496,13007225
2022-08-25,143.416748046875,146.395349568978,142.6562449882803,146.07847651796288,12124365
2022-08-26,146.04678344726562,146.522093021809,143.60686354332893,143.60686354332893,7966045
2022-08-29,143.89202880859375,145.06445628384807,142.9730894085118,144.65251882130065,7517013
2022-08-30,145.50811767578125,145.9200552639323,144.5574984232475,144.6208704613633,7214498
2022-09-01,143.2899627685547,145.8249466756272,142.59284477282873,142.6245372291051,13109081
2022-09-02,142.08584594726562,145.03276738252737,141.83235786588003,144.17721287386303,6897237
2022-09-05,141.57888793945312,142.9414446968906,140.50151178291273,142.59287916815148,18055474
2022-09-06,142.62457275390625,144.4941186935991,141.9591341551149,141.9591341551149,14103701
2022-09-07,142.212646484375,143.8286915198707,141.35709171339505,141.35709171339505,7866745
2022-09-08,142.212646484375,143.79701194678205,141.61057987250084,143.22663780159567,7187735
2022-09-09,141.2620086669922,143.32168349779923,141.008507647558,143.25831146634005,9162027
2022-09-12,141.9274444580078,142.4027540682404,140.81838870079847,141.6739563140958,8778919
2022-09-13,143.73361206054688,144.17722914663634,141.83237387399782,142.14924690508934,11278383
2022-09-14,147.377685546875,147.78961026641002,142.40276750867963,142.592896528157,25072958
2022-09-15,150.57806396484375,150.99000148991544,147.25089709045946,147.9480151901825,23606369
2022-09-16,149.34230041503906,151.11678210786994,147.91637140959998,151.08510253279792,29399642
2022-09-19,147.75791931152344,150.89495763608005,146.80730007455495,149.53240081770548,13920046
2022-09-20,147.47271728515625,149.7225211734558,147.09247219105436,148.29659240037526,20162973
2022-09-21,143.89202880859375,148.51836669081797,142.1492273770118,148.2014937032576,14468837
2022-09-22,139.4875030517578,143.48010832492562,138.8854494615864,141.95911522592854,26264530
2022-09-23,128.36529541015625,139.26572467555897,125.54511714017997,138.34679786130553,87162722
2022-09-26,127.28790283203125,132.6747447339052,118.0985842935404,126.74922122056336,167547134
2022-09-27,129.82289123535156,131.75582207564608,127.54140776217632,130.42495779076035,54127095
2022-09-28,131.62908935546875,133.3402119456725,128.3653065228214,130.04472374987282,52877873
2022-09-29,131.81919860839844,134.4175552330174,130.58339877888406,132.42125229075708,36761869
2022-09-30,134.48089599609375,138.60024499467036,131.1854219546706,131.1854219546706,62897614
2022-10-03,133.59368896484375,136.03360897938083,132.45294077679105,134.98792528926552,11740863
2022-10-04,132.1043701171875,134.57598249955797,131.8191895280514,134.4175459736829,19179333
2022-10-06,130.7418212890625,133.65705067449952,130.29819129748918,132.3578660547736,20692745
2022-10-07,132.70643615722656,132.9282447139057,129.28420463235645,129.28420463235645,14282850
2022-10-10,132.42123413085938,134.32247231159587,131.53399996139294,131.78748807061388,16834226
2022-10-11,132.04100036621094,134.0056107422756,130.90026509636584,133.08668403376723,17807162
2022-10-12,136.60397338867188,136.85746150706953,132.6747399367463,133.371858049534,35288330
2022-10-13,135.5899658203125,137.71302545874897,135.14634873103736,136.22371188704656,16436903
2022-10-14,134.76612854003906,138.1566680440517,134.06901031670174,138.1566680440517,23365190
2022-10-17,134.2591094970703,136.22371983992244,133.72042788761695,134.3224815287241,9520537
2022-10-18,134.5759735107422,136.25540315156218,134.06898439796413,134.9562185687249,13256574
2022-10-19,135.5582733154297,137.4595113341774,134.95620687333562,134.98789933108628,11595367
2022-10-20,137.83981323242188,138.1566863662895,134.57601737486505,134.7027743645726,16371066
2022-10-21,137.71304321289062,138.7270344716708,135.6216757656078,136.4772304872786,11634491
2022-10-24,138.69534301757812,139.58259021057617,138.53690647931413,139.2974095991404,1132859
2022-10-25,138.47352600097656,139.04390008267495,135.78010501468754,138.69533456230437,20622687
2022-10-27,141.895751953125,142.49780558043685,137.74470991135223,138.98052252147255,24298489
2022-10-28,143.73361206054688,145.12784823991086,141.4521159218107,141.83237387399782,11669879
2022-10-31,144.58917236328125,145.92003656758868,143.67023280074727,144.46241540969183,11755682
2022-11-01,149.025390625,149.50070017649782,145.6348517363683,146.17353331601313,15220278
2022-11-02,147.8529815673828,149.91265654951874,147.56778806446647,149.02540936310973,12884449
2022-11-03,144.5258026123047,148.0430857153241,143.67023506627544,147.66284063575407,9358215
2022-11-04,143.3217010498047,145.41305570566198,142.59289036477603,144.49412890297305,8059667
2022-11-07,144.4940948486328,146.9657069444997,143.48010377929143,144.0504777850447,14862038
2022-11-09,138.63197326660156,146.39536376953126,138.18835610958791,146.39536376953126,22831150
2022-11-10,136.19204711914062,139.51921433104016,135.30479995058113,136.8891652895809,16217631
2022-11-11,135.65335083007812,138.06157814907556,135.33647779650502,136.88915050357448,12123886
2022-11-14,137.14581298828125,138.67073425007277,136.432021461696,136.88624883261897,18460862
2022-11-15,140.16323852539062,140.48769046642164,136.04270151469362,136.26981523301868,15258103
2022-11-16,140.87704467773438,141.1041584194717,138.5085426236517,140.1308024960392,9825807
2022-11-17,141.65570068359375,143.0508332512622,140.32544265165265,140.74723274973016,9449665
2022-11-18,141.68817138671875,141.9801860782881,140.71481548545623,141.68817138671875,5828998
2022-11-21,142.14239501953125,142.43439647410648,140.4876849049843,141.13658876135835,4712051
2022-11-22,141.33128356933594,142.23973852475459,140.74726738229216,141.78551104704528,4366445
2022-11-23,139.61166381835938,141.98016547478915,139.02764772195468,141.62326308199115,13510578
2022-11-24,143.2455291748047,143.40775514216008,139.5792196721764,139.77389611379607,7622243
2022-11-25,143.14816284179688,143.34283924518496,140.5525478738514,143.24550104349092,10989671
2022-11-28,143.60243225097656,144.18643517458287,142.2072862848416,142.2072862848416,4526153
2022-11-29,142.33705139160156,144.21887512473924,141.81793625272428,143.60242177170306,6476054
2022-11-30,145.35446166992188,145.97091504353256,141.23392488351482,142.337056142181,17317951
2022-12-01,143.99179077148438,145.9060521648081,143.0833225908282,145.35448644147627,13241961
2022-12-02,142.6290740966797,143.73220538088657,141.8179442694738,141.8179442694738,12880949
2022-12-05,143.99179077148438,144.21890451615224,140.9419342508518,142.56419414417186,16477957
2022-12-06,145.02999877929688,145.45178888817884,142.36949584924523,143.76464165463256,11299945
2022-12-07,143.44020080566406,145.4193496198324,143.050847935483,144.6082198102595,5813973
2022-12-08,141.33128356933594,143.95933660805616,140.74726738229216,143.9268993322109,11176439
2022-12-09,140.94190979003906,142.0774915182801,139.9685540229753,141.7206023248796,6020031
2022-12-12,139.87123107910156,141.4610402413883,139.25476449630955,140.1632325327517,8194429
2022-12-13,140.35791015625,140.68236208615167,138.24897261188923,139.87123226139752,8235450
2022-12-14,142.23973083496094,143.11576166915864,140.357920070199,140.357920070199,10055353
2022-12-15,140.39035034179688,143.0184163093379,140.09834887961813,142.43440018299734,5385778
2022-12-16,138.34629821777344,141.5908175305916,137.95695854063183,139.51433045118114,11166617
2022-12-19,142.04505920410156,142.23972244311787,138.54097567999548,138.89787808783316,7758862
2022-12-20,141.00682067871094,142.04506426305733,138.80054481073523,142.04506426305733,6541929
2022-12-21,140.1956787109375,141.62326186590627,138.7680823539864,140.84458254537464,7005861
2022-12-22,139.51431274414062,140.81212030455123,138.11916697630298,140.22810426197023,6961415
2022-12-23,137.08094787597656,139.7090139326171,136.56181947896644,138.4760938912057,4554651
2022-12-26,137.47027587890625,139.0276477354761,136.88625978244477,137.24316217527746,6864331
2022-12-27,137.98941040039062,139.64410734535642,137.4378447520687,138.184073639925,13115851
2022-12-28,140.00100708007812,141.72060494069348,137.8920695458475,137.8920695458475,16815549
2022-12-29,140.00100708007812,140.4876849725929,138.54097340253387,138.89787580450445,22536873
2022-12-30,138.67076110839844,140.64992332642663,138.37875962796068,140.195695867527,4643134
2023-01-02,139.5467987060547,139.8388002006218,138.21654033750553,139.22234673343144,5959394
2023-01-03,139.90370178222656,140.29304154745822,139.09257177049986,139.67658801934027,2873110
2023-01-04,136.95114135742188,139.77387002208778,136.5942390150701,139.77387002208778,9954542
2023-01-05,135.4911346435547,137.5027340195592,134.06353819459625,137.5027340195592,21273509
2023-01-06,135.03688049316406,136.46447679923463,134.6799913181328,135.0693309645223,11510471
2023-01-09,135.685791015625,137.53516432893323,132.5386100155064,135.750678759569,52485126
2023-01-10,137.43785095214844,137.85962792449158,135.6209147559641,136.20493090487932,17248326
2023-01-11,137.53517150878906,138.24897633538404,136.33470197621693,137.69739747810917,9164361
2023-01-12,138.5409698486328,138.80053402504547,137.1782744249444,138.5734203214278,21179555
2023-01-13,138.8654327392578,139.7414503521228,138.41120529613775,138.60586854233915,6560245
2023-01-16,139.9361114501953,140.09833740522637,138.0218372596395,139.51432132671815,8362194
2023-01-17,141.72059631347656,141.91525953744272,139.44943295333104,139.93611081621938,13000571
2023-01-18,142.33705139160156,142.85617973246096,140.422790388399,141.6557102964535,11171369
2023-01-19,143.2455291748047,143.56998110951545,141.88283368941606,141.9801719102259,11586815
2023-01-20,144.86778259277344,145.28957273008058,143.40774894962118,143.40774894962118,10112645
2023-01-23,146.06826782226562,148.14476826002868,145.06247468074105,145.35447616009054,14393610
2023-01-24,143.37533569335938,147.0416459893527,143.0833341697257,146.81453222630586,6150893
2023-01-25,142.36952209472656,143.5699917013239,141.33127846745276,143.21308926601853,5790331
2023-01-27,142.2721710205078,143.69975422886003,140.81213733842733,142.30462149423605,10458603
2023-01-30,137.47027587890625,142.0126027594119,136.6267088080018,141.46103713574698,24288177
2023-01-31,140.58502197265625,142.88862272273147,137.66495464288394,137.9569560950681,20997546
2023-02-01,140.52012634277344,146.00335829575457,138.6058521683733,146.00335829575457,20246369
2023-02-02,138.0218505859375,140.87703031055426,137.1458329845848,140.1632386798959,12820663
2023-02-03,139.4169921875,139.61166862700094,136.52937528079426,138.34629817421057,10815686
2023-02-06,140.84458923339844,141.0392524717838,138.24897377239674,138.50852475691056,6948201
2023-02-07,140.71481323242188,141.59083088913505,139.5792313657978,141.46105538517168,10035526
2023-02-08,140.814453125,141.64472702314268,139.78490808587404,141.3790366730225,12432719
2023-02-09,141.37904357910156,142.10968194244282,140.8144600035003,140.8144600035003,7011082
2023-02-10,142.20928955078125,142.441763505184,140.71479675502988,140.74801311147482,10892159
2023-02-13,143.4713134765625,143.80342299849897,142.14287538881655,142.20929459048963,7710133
2023-02-14,142.8070831298828,144.16873746747945,141.31259039945382,144.16873746747945,6010681
2023-02-15,142.47499084472656,142.93993878937397,141.4786622374208,141.6447170053051,8107497
2023-02-16,142.54139709472656,144.06910622584957,142.14286839073765,144.06910622584957,3963115
2023-02-17,142.01004028320312,143.4048976050133,141.4786596303367,142.14287868963405,6491149
2023-02-20,143.33847045898438,144.1355278805453,142.2757092121423,143.2056185463438,6841917
2023-02-21,144.2683563232422,145.29790114247962,143.5045153109489,144.5008437759259,6701434
2023-02-22,142.5746307373047,144.33481403303873,141.47866653327617,143.47132380839275,9128659
2023-02-23,141.64468383789062,143.4048666680154,141.2129388397742,142.80706694089793,10345874
2023-02-24,142.84031677246094,143.07279074483827,141.08013352976693,141.08013352976693,9808830
2023-02-27,145.59681701660156,146.09498132689592,142.508209103634,143.77021454552226,17763618
2023-02-28,147.6226806640625,148.12084494076913,145.2979140394316,146.52671655259377,36559278
2023-03-01,145.3975372314453,147.62266810877364,144.40120876276967,147.15772022881956,12896085
2023-03-02,146.3606414794922,146.79238649542785,143.33845339508068,144.79972966517317,79708558
2023-03-03,147.52304077148438,149.74817177268096,146.3938738495549,146.3938738495549,9951869
2023-03-06,150.87734985351562,151.9733139156786,148.1208382770361,148.78505728276272,15659957
2023-03-08,151.47515869140625,151.67441629686058,149.91423312403964,150.74450693069377,11591495
2023-03-09,149.98065185546875,153.06925931738832,149.78138075502306,152.10614719689704,13941653
2023-03-10,150.47882080078125,151.5415685047437,147.62267367741,147.62267367741,9605434
2023-03-13,150.17990112304688,152.8035740702496,149.71495326585605,151.475136177054,13209653
2023-03-14,149.5821075439453,151.27587133312494,148.7850501805488,149.54890470338609,9583405
2023-03-15,151.64122009277344,152.80360347298742,149.91423968845532,150.51203955813685,12228069
2023-03-16,154.1984405517578,154.69660479206271,151.6744029954517,152.40504117851825,18437817
2023-03-17,152.57110595703125,155.4272531946693,151.64121012484284,155.39403683770368,33711025
2023-03-20,151.10983276367188,152.37185165210468,149.6485562698472,149.6485562698472,9281411
2023-03-21,148.22048950195312,151.24267818940294,147.755528040642,150.9437850106521,11272787
2023-03-22,148.8514862060547,149.25001493281508,146.659571452087,148.1208479547321,7589846
2023-03-23,147.55625915527344,149.11717116182564,146.95845932986157,148.78506164921578,17091298
2023-03-24,147.72232055664062,148.95112310585876,146.65957277119713,148.12084928698553,10371666
2023-03-27,146.19459533691406,150.2795447817621,145.8292830047025,148.0544138932323,19983733
2023-03-28,147.52304077148438,148.18725978757712,145.26469341405493,146.95845731051963,8689166
2023-03-29,147.75552368164062,148.58579750208943,146.4935182854155,147.52304971462922,19743258
2023-03-31,149.91419982910156,150.61163507722375,148.12081421045602,148.78503310826073,10202058
2023-04-03,149.18357849121094,151.01018066522383,148.6854142619347,151.01018066522383,7643214
2023-04-05,149.88104248046875,150.51204521946207,148.58580712851148,150.51204521946207,12019382
2023-04-06,149.61534118652344,151.04341484839873,149.21681245877414,150.9105629301015,4282875
2023-04-10,152.13938903808594,152.37186301850372,149.44929629927023,149.5821347127741,4145643
2023-04-11,153.6670684814453,154.09881354970818,151.74083060935985,152.03973727826673,5106602
2023-04-12,150.97698974609375,153.79992060156155,150.81093498988977,153.700285045125,9118795
2023-04-13,153.5674285888672,153.86633524933387,150.77771417259962,150.9769852795774,11428621
2023-04-17,157.1874237060547,159.3461353826271,154.29807385704865,154.4973314421289,21815047
2023-04-18,152.96963500976562,157.7520062137656,152.53788997425613,157.35347753236056,13482833
2023-04-19,152.73716735839844,153.7002931030168,151.87369068901148,152.1061646571706,8264190
2023-04-20,153.36817932128906,154.69661740373664,152.5379055197593,153.33496296379948,7308750
2023-04-21,153.7999267578125,154.33129389079224,152.50469149943376,153.96598152066326,5030650
2023-04-24,154.0655975341797,154.29808500392332,152.73715948339625,153.43459486548582,5725067
2023-04-25,154.6966094970703,155.36082850434536,153.20211673070148,153.63386178814432,8338703
2023-04-26,158.2834014892578,159.08045892604767,154.09881616218397,155.46047058973505,13581018
2023-04-27,156.7224578857422,158.28338324940225,155.09512684250126,158.08411215638245,9794457
2023-04-28,157.58595275878906,158.05090063863474,154.82944129338188,157.38668165967252,10585487
2023-05-02,159.47898864746094,160.17642404421662,158.25018612736037,158.5490792896437,6732907
2023-05-03,159.21327209472656,160.74098103895403,158.6154858686598,159.41254317912797,4789217
2023-05-04,158.64871215820312,159.87751465746803,156.0582552459115,159.18009278610884,9189783
2023-05-05,160.11000061035156,160.4088937647334,158.21696558736468,158.61550781130126,3896441
2023-05-08,162.5675811767578,163.5639095598636,160.14317940848673,160.64134360003962,8758321
2023-05-09,161.67091369628906,163.99568028822625,161.20595226975922,162.10265876607727,9166941
2023-05-10,164.49383544921875,164.69309303792295,162.46796212585483,162.83328797550075,9689409
2023-05-11,165.09165954589844,165.5233911417651,163.79642421758263,164.52706251086306,12616726
2023-05-12,160.57493591308594,165.78905212213098,160.17640723400936,165.29088789489288,13853807
2023-05-15,161.57127380371094,163.16540212668772,160.97347399339836,161.67090935769141,12187763
2023-05-16,159.81109619140625,162.43476947258188,159.4125674754318,161.77055044143424,11418509
2023-05-17,158.6155242919922,160.67460077080352,157.7188177085347,160.01038167998877,11560929
2023-05-18,156.52322387695312,160.07679313809277,155.82578845992708,160.07679313809277,14497723
2023-05-19,155.22799682617188,157.7520347882121,154.09882977206402,156.52323216731307,10071694
2023-05-22,155.6597137451172,158.74833467476694,154.53054689553622,155.89218768314038,12566129
2023-05-23,155.49368286132812,157.12102770433617,154.9955185547368,155.46048001569838,12458561
2023-05-24,156.6228485107422,157.98448937785818,155.99183234089492,157.95128653538438,8877971
2023-05-25,158.05091857910156,159.6118441677003,156.95496795026756,157.884863815512,12502747
2023-05-26,157.6191864013672,158.01771512974256,155.95863877182717,157.98449877172325,6811801
2023-05-29,155.75936889648438,158.3166095637124,155.49367857091897,158.21697400242894,13638297
2023-05-30,156.15789794921875,156.68927860144245,155.22798856461293,156.68927860144245,9469926
2023-05-31,155.32762145996094,156.22431447082212,152.77038083136748,156.091476066832,48104157
2023-06-01,154.7630157470703,155.49365389123108,152.8035752449707,154.72979939405744,8804790
2023-06-02,155.8257598876953,156.1578693561318,154.8294314823858,155.42723122828528,6617781
2023-06-05,156.489990234375,158.08411850181312,155.95862315427553,157.0545736691675,27428302
2023-06-06,156.29074096679688,157.41990789649117,155.72614398837916,157.05458202969976,6898603
2023-06-07,158.8811798095703,159.44577677190117,156.85531996242085,157.22063230523295,11153571
2023-06-08,160.508544921875,163.03256934190404,158.91441641189397,158.91441641189397,19300834
2023-06-09,162.667236328125,163.06576502669822,160.60816012418826,161.77054337794274,11037141
2023-06-12,160.508544921875,163.69678842826514,160.20963822486937,162.7336761584703,8188909
2023-06-13,160.90707397460938,161.704131474318,160.37569329908902,160.74101920270576,6443218
2023-06-14,163.72996520996094,164.19491305259422,160.80739923372255,160.80739923372255,10297426
2023-06-15,163.69679260253906,164.02890215418842,161.93662278965527,164.02890215418842,9732749
2023-06-16,163.69679260253906,164.29459249822236,162.40157075653548,163.66358975551748,9702361
2023-06-19,161.4716339111328,164.9255807703731,161.00668602314371,163.69676482691486,10431647
2023-06-20,165.2244873046875,165.85548999147798,161.90339208248272,161.96981128421262,13426365
2023-06-21,171.5013427734375,172.06593974212504,165.22447854180027,165.25769489768905,31172093
2023-06-22,168.41273498535156,171.36850416730525,167.84813801735496,171.36850416730525,7430965
2023-06-23,166.12118530273438,169.14338745116493,165.75587292545944,168.4459520281205,5593393
2023-06-26,165.0584259033203,166.2208091843296,164.16173293211295,166.0547544298997,7305362
2023-06-27,165.755859375,166.08796888004824,164.49384055310264,164.7927337022179,11142907
2023-06-28,166.15440368652344,167.7153158041647,163.69678501016102,166.5861487863574,17808717
2023-06-30,169.47547912597656,172.49766744239204,166.85180598992198,170.37217206571367,17659979
2023-07-03,166.3868865966797,169.34265622260892,165.7226674885093,169.07697939019866,12467239
2023-07-04,165.7890625,167.71530033527765,165.5233721927944,167.71530033527765,8637967
2023-07-05,168.21348571777344,168.67843367859314,165.72266411287058,165.8555025263699,5340907
2023-07-06,174.49034118652344,175.08814104162735,168.9773311115174,172.663738776444,16705046
2023-07-07,169.6747589111328,174.3907251991779,169.17659460016228,174.3907251991779,13149183
2023-07-10,166.0547637939453,170.30576844978455,165.05843521118163,169.6747522392248,15319047
2023-07-11,168.37953186035156,169.64155077819274,166.0879815067339,167.38320326946192,7486045
2023-07-12,167.41641235351562,169.2097983337641,166.81861252224252,168.71163405996498,9390877
2023-07-13,161.4716339111328,167.5160240228409,160.54172462158465,167.21713088250075,30591450
2023-07-14,159.44578552246094,162.33513563586462,157.22064093367436,161.4052262796872,72085831
2023-07-17,160.07679748535156,162.70045743289856,158.88119774185802,161.0731261004056,11474161
2023-07-18,160.17640686035156,161.87015712086827,159.1468620543667,160.07677131242247,14940593
2023-07-19,161.57127380371094,163.53071447318908,159.7778878863435,160.07678103471463,22954874
2023-07-20,162.23548889160156,163.2982365767138,160.9402672618663,162.03621778845613,10249082
2023-07-21,162.1358642578125,163.59715424761484,160.87384538457394,161.5712807789763,18466409
2023-07-24,164.36099243164062,164.82595385756824,161.30558761748057,162.1026585561119,14825562
2023-07-25,166.81861877441406,167.05109274151903,164.8259616045351,165.35732874169338,10500017
2023-07-26,166.71896362304688,169.80758457614792,166.054744644469,168.64520136363666,12898171
2023-07-27,166.51971435546875,168.31311394089295,165.855495289809,167.383204546255,10836773
2023-07-28,171.5013427734375,173.46079695875883,166.1211715015241,167.25035192532886,17518458
2023-07-31,176.71546936035156,177.34647200137036,172.13235558344482,174.0253770200713,24269734
2023-08-01,167.25035095214844,174.02537940127374,166.38686083976745,174.02537940127374,31395702
2023-08-02,165.09165954589844,168.5788097540556,163.79642421758263,167.9810098728,20825405
2023-08-03,165.19125366210938,166.453272417209,163.46428702997974,165.3905247600192,10882019
2023-08-04,164.29457092285156,165.4237513583173,163.7964066607971,164.72631598601285,7406390
2023-08-07,164.69308471679688,165.35730367272436,163.39786315816593,165.25768164019064,6345966
2023-08-08,163.54188537597656,166.08135564578987,162.9662748703205,166.08135564578987,15171726
2023-08-09,162.76312255859375,164.8962804825557,162.35681004391265,164.55768442406995,18442141
2023-08-10,163.74505615234375,164.32066668486988,162.5599699711099,162.898566022891,9962450
2023-08-11,165.43801879882812,166.7585377491894,164.42223075162494,166.25064372558782,23866073
2023-08-14,165.57345581054688,166.11521496019378,163.0339856294035,165.81047027195208,9188486
2023-08-16,167.97750854492188,168.38382105577912,164.59154799193018,165.64118749685235,9191471
2023-08-17,165.03170776367188,168.48539846438538,164.01591962287577,167.97750439398735,15301142
2023-08-18,163.2032928466797,164.9978546314083,162.59381721332736,164.9978546314083,12292241
2023-08-21,167.40187072753906,167.74046675552964,163.6773144196427,164.08364067523752,9129526
2023-08-22,167.80819702148438,169.39959559790228,167.06327473772876,167.94362992170852,11107830
2023-08-23,169.02713012695312,169.29800969797134,167.40186647835114,169.29800969797134,8487619
2023-08-24,166.79241943359375,171.09258650516654,166.4538233842178,169.29802468797234,18982087
2023-08-25,163.88050842285156,167.5373489696073,163.4741958682143,166.69085874015045,12851343
2023-08-28,168.2822265625,168.6208225918008,164.2529393248235,164.55767024019113,11908665
2023-08-29,170.07679748535156,171.32960010611993,168.34995213138137,169.02714422666247,12363321
2023-08-30,167.3341522216797,170.3815164361569,166.89397463519816,170.1783670883629,6748007
2023-08-31,165.60733032226562,169.02714209377692,164.93013823552974,167.84205594198912,20715819
2023-09-01,170.78782653808594,171.05870610889127,166.04748227026826,167.26643345013858,13120723
2023-09-04,172.95486450195312,173.69977305389503,169.8397836081452,171.7359132151329,10240031
2023-09-05,172.20994567871094,174.03835872237877,171.32959049323668,172.88713773599645,10893186
2023-09-06,172.3453826904297,174.20766089238916,170.75398407334777,173.83519974099406,10018473
2023-09-07,174.03834533691406,174.51237422955282,170.75396686718568,172.00676932130807,13760453
2023-09-08,175.15573120117188,176.95029293746228,174.10607798442433,174.88485161838142,16781751
2023-09-11,179.11729431152344,179.45589033101592,174.44466648702573,176.30694459423438,17683806
2023-09-12,172.72911071777344,184.42195661941494,172.14220271172175,183.2933032741309,29826173
2023-09-13,174.44468688964844,175.70878711010414,172.72913903457652,174.44468688964844,10692151
2023-09-14,176.2053680419922,176.65682941414948,174.89613281823756,175.34759419039486,10941807
2023-09-15,175.25732421875,177.15345386716623,173.54176260064907,177.10830497083302,20516593
2023-09-18,180.6748504638672,181.03601405821703,175.2573138835714,176.29566955045826,25627043
2023-09-20,184.7831573486328,185.95695981934372,179.18503838544547,179.41076909990875,33369524
2023-09-21,182.0292205810547,185.59576246606275,180.9457023264893,185.09915222897143,20332556
2023-09-22,179.8170623779297,183.20302273235347,177.33402478468557,181.08116251008602,21193988
2023-09-25,179.59133911132812,181.1714540087091,177.60491171012228,180.5845597006853,11951847
2023-09-26,179.0947265625,180.6296924270517,178.41753452424126,179.77191860075874,7440011
2023-09-27,179.99766540527344,180.2233961049151,178.14667091271002,179.9525165098434,6736870
2023-09-28,181.26174926757812,184.60256081987242,178.59812980470193,180.67485496775242,50185120
2023-09-29,180.35882568359375,182.30010415366542,179.77193138636508,181.4423302663665,16293959
2023-10-03,180.17823791503906,180.58455039793284,177.78548435576175,179.45589695794575,10830728
2023-10-04,179.68162536621094,180.0427889514214,176.43109798928649,179.59132758115453,14120040
2023-10-05,177.51461791992188,180.13308838036264,176.3859644839547,180.13308838036264,14575590
2023-10-06,177.9209442138672,178.28210783041172,175.9345167678546,177.8757953174219,12857229
2023-10-09,177.1986083984375,177.78550273690632,174.9413012850816,177.4243391097731,7853369
2023-10-10,178.73353576660156,179.27529486746647,176.7019598046176,177.1985700174927,7440527
2023-10-11,179.2301483154297,179.81704253442726,178.19179276566277,178.19179276566277,10031916
2023-10-12,181.26174926757812,182.39040274994161,178.19181730655274,178.19181730655274,21872719
2023-10-13,182.20982360839844,182.75156902133702,179.95251661071637,180.99087231864672,13105921
2023-10-16,183.33843994140625,184.0607807897354,180.67482097960416,180.85540274731002,18336656
2023-10-17,187.0404510498047,188.71086372777643,182.93216336386226,183.78993726166863,19378328
2023-10-18,186.4535369873047,188.2142334914897,184.19623024411698,188.2142334914897,14923328
2023-10-19,185.82151794433594,187.2661861807565,182.5709903017493,184.19625412304262,13192888
2023-10-20,183.15786743164062,185.27972742007142,181.3971572193705,185.27972742007142,22081120
2023-10-23,180.35882568359375,185.23460319482527,179.68163359717224,182.39040194285826,6988219
2023-10-25,180.13308715820312,180.99086100821685,178.59812125120368,179.68162578687932,16817158
2023-10-26,179.63648986816406,180.58456157191836,177.2437499383396,179.45590806209387,11070090
2023-10-27,181.4423065185547,182.20979629371726,179.81704296836168,179.90734074573604,9995487
2023-10-30,181.35203552246094,182.57097293937926,178.46267176937872,181.4423195288026,7679981
2023-10-31,182.5258331298828,183.24817410409682,181.08116495896292,181.93893883818225,7474770
2023-11-01,181.4423065185547,182.70640651426322,181.03599407538306,182.70640651426322,5598615
2023-11-02,183.38360595703125,183.8802024202315,181.3971649942021,182.1646548005231,12924797
2023-11-03,184.5574188232422,186.45356225548798,183.38363017971835,183.65449600360301,8684015
2023-11-06,187.98851013183594,188.6657021811419,185.05401125151008,185.09916014363196,9804415
2023-11-07,187.80792236328125,188.80114284832067,185.7763462800246,187.98850414851375,10730361
2023-11-08,186.905029296875,189.2526342096752,186.58900078947562,188.7108749905646,7435543
2023-11-09,189.43321228027344,190.06525550507354,186.09240056846517,187.17590520776662,13777877
2023-11-10,190.6521453857422,192.32255809143655,189.25262605544054,190.06525107158402,12066023
2023-11-13,191.6905059814453,194.21869248180155,190.24582404481086,191.41962639613786,11352269
2023-11-15,189.74920654296875,194.12838730242171,189.43319185339953,194.12838730242171,19182861
2023-11-16,190.71571350097656,192.23445229424846,189.33504953155128,190.25549217783478,27533260
2023-11-17,192.8327178955078,193.9372461675644,190.43956160201938,191.17591846500343,16705395
2023-11-20,192.64862060546875,194.39745576065033,192.23442428396135,193.3849774241698,11156900
2023-11-21,192.32644653320312,193.43097466087414,191.40600408600443,193.29291391172922,9608081
2023-11-22,194.76564025878906,195.68608276654356,191.6361273055209,191.6361273055209,13079580
2023-11-23,194.12132263183594,196.1463074198616,192.602598085655,195.1798399610018,11382709
2023-11-24,193.70712280273438,195.22586136629346,192.8327052299908,194.48950455167432,7250200
2023-11-28,193.47698974609375,197.3888699476114,192.83268287481107,197.3888699476114,15629209
2023-11-29,194.25938415527344,194.627555521648,192.46452416573203,193.5690523096931,10062023
2023-11-30,192.32644653320312,195.870155572853,191.68213962913146,193.66108527267383,60354322
2023-12-01,193.47698974609375,195.54798514689722,192.78665794582594,194.67356767552528,20719909
2023-12-04,195.9622039794922,197.06674622295733,194.8576757808651,194.8576757808651,27914088
2023-12-05,204.6143798828125,205.4887974886903,194.71962255692932,196.69856840417052,40709207
2023-12-06,206.54730224609375,208.25012657859452,204.79846702204324,208.0200159414911,29544730
2023-12-07,211.70175170898438,213.91080784801312,206.40920791625976,207.0995397153108,24534268
2023-12-08,210.41314697265625,214.83125943977294,208.43418730379145,213.35855996567972,22206320
2023-12-11,212.57618713378906,214.37104715395503,208.5262458552178,209.8608846371444,19106395
2023-12-12,212.94436645507812,214.73922642386054,211.2415423044062,211.70176352947027,14355329
2023-12-13,218.0988311767578,218.605077322683,212.25403016787453,212.62220152227272,26878281
2023-12-14,213.6347198486328,218.69715383514222,212.7142773056311,218.37499332715618,29972018
2023-12-15,218.467041015625,219.1573729159758,209.07851593498305,216.30399544325704,41341690
2023-12-18,213.40460205078125,218.05282550106932,213.0364166190341,218.05282550106932,29051897
2023-12-19,214.96934509277344,215.75171277780075,212.48415319325767,213.680717187398,12612164
2023-12-20,209.07850646972656,216.67215702981113,208.20408891116924,216.25796071731955,20400245
2023-12-21,213.8648223876953,214.64719009272403,204.98254375709897,206.59331814636982,17755207
2023-12-22,213.31256103515625,215.5676424744566,212.16200784726436,214.46311422304814,9735375
2023-12-26,214.78524780273438,217.04032895928128,212.66822739348828,213.54264489767948,6772092
2023-12-27,215.42959594726562,217.0863954562931,214.0029070910242,216.30401361888468,10231881
2023-12-28,220.0778045654297,220.86017225356414,215.475592124035,216.39603461231394,39164340
2023-12-29,218.32896423339844,219.29543169411352,216.0738828549555,218.881235366618,12665999
2024-01-01,219.29539489746094,220.44594786124614,217.59257089312442,218.97323444966668,5952776
2024-01-02,218.92726135253906,220.9982570447941,217.36249781585343,220.90620717386963,9128513
2024-01-03,218.19088745117188,219.7096118887511,215.93580623831522,217.22442006142265,8284439
2024-01-04,222.2408447265625,223.75958331885636,218.19090323678884,219.06532082607654,19663959
2024-01-05,222.0567626953125,225.50842221907385,220.26190255192432,222.74709460006477,16345257
2024-01-08,223.06924438476562,225.73852200356993,221.27437028281187,223.1152552736667,13585746
2024-01-09,223.0232391357422,225.18627076400966,222.28688226543957,223.29937471771055,8688409
2024-01-10,220.1238250732422,222.83914176819286,219.0653217834006,221.82664936890563,16872195
2024-01-11,222.70106506347656,223.75958238913262,220.16984813167568,221.13631558733093,18812468
2024-01-12,220.4459686279297,223.34535675186524,219.8016617164815,223.20729600113967,11296498
2024-01-15,221.96470642089844,222.28686691842563,218.14487560938665,221.27437453605862,12597366
2024-01-16,220.03179931640625,223.11527350109003,218.78919622812953,222.42494157312274,7478450
2024-01-17,220.1698455810547,222.01073060103815,218.7891818160671,219.5255386330281,13620300
2024-01-18,214.87728881835938,216.94828434700142,208.06602025320493,209.17054839284654,25522629
2024-01-19,216.6721649169922,218.09885364069706,213.91083734008146,216.30399352467276,20931080
2024-01-23,219.019287109375,227.16520874234408,217.45453768946598,221.82663950544466,27492163
2024-01-24,226.61294555664062,227.34930238141854,216.3039921442646,217.36249542405656,28309825
2024-01-25,225.96859741210938,228.91401012949152,223.7595413852817,225.27826564812128,20651484
2024-01-29,233.7463836669922,234.71285115719547,225.6464863867173,225.92262196175236,26181011
2024-01-30,233.88446044921875,236.50772736691485,231.4913041718525,233.79241057515125,16031367
2024-01-31,238.67074584960938,239.31506688092918,232.31969776955106,233.79241149136928,34369455
2024-02-01,244.65362548828125,249.3939272268763,237.7503061676223,238.3946272067551,29929092
2024-02-02,255.05465698242188,259.0125490336929,242.95084208269998,243.4570742905324,33900724
2024-02-05,260.3931579589844,266.37603375696943,253.02961851531043,255.42277445243923,27440927
2024-02-06,252.4313507080078,260.393172559988,250.63647663209895,260.393172559988,29668277
2024-02-07,246.63258361816406,252.56942099785624,245.57405225207833,250.4524144450376,27335466
2024-02-08,254.22622680664062,265.13344783422536,249.25581489216967,249.25581489216967,69776717
2024-02-09,251.2808074951172,257.21767297400424,247.69108729169366,256.43529121551643,24496638
2024-02-12,248.79562377929688,254.04215784012763,245.06784248164485,251.46492979356313,19140023
2024-02-13,248.74957275390625,249.30184384326517,243.22691803966597,248.79558364065517,22031847
2024-02-14,251.87905883789062,253.12166170419127,245.7581224546148,248.05922847010746,13546941
2024-02-15,263.57696533203125,265.1678904812127,253.9379112427013,254.54619607292452,25475670
2024-02-16,256.9325866699219,264.74678722455343,255.76279702280092,263.90454439048983,25129188
2024-02-19,258.6170959472656,260.4419506262549,255.7627921273332,257.4473063225352,11429901
2024-02-20,269.4259338378906,270.22139647444055,259.88046787724045,260.48875275484346,43053543
2024-02-21,262.12646484375,270.8764969493412,261.33100218700224,269.09839387214606,24651085
2024-02-22,264.46600341796875,265.30824610644413,255.71597265815117,262.1264245281412,26793590
2024-02-23,263.8577575683594,266.89921057410527,261.09704264710945,264.4192337373513,14313526
2024-02-26,269.33233642578125,272.79492494138776,263.9513044586698,264.7935757879309,31012494
2024-02-27,273.73077392578125,274.57301674907404,265.86979330951965,265.86979330951965,36510093
2024-02-28,261.6117248535156,274.8069567557171,260.5355241739681,272.7949244314648,18824161
2024-02-29,264.70001220703125,266.7120447273211,256.7922226150729,261.6585590654039,35043015
2024-03-01,269.23876953125,270.8296661557682,266.33768578625074,266.7120127238247,15149735
2024-03-04,275.7427978515625,277.94200800386034,269.5195229128343,269.5195229128343,23131460
2024-03-05,276.0703430175781,276.4914786933653,271.15722674353646,273.3096281636759,13220556
2024-03-06,274.8537902832031,275.9767712226256,268.1157904093969,271.67193955654477,15969436
2024-03-07,273.8711242675781,279.7200720289706,272.32700777043357,275.134502695902,14908694
2024-03-11,267.2267150878906,273.21606046966036,266.1505144068685,269.89384099081695,19020659
2024-03-12,266.8523864746094,270.12779721510617,264.60639625013175,266.6184285645739,17906155
2024-03-13,247.3402862548828,265.68259175675985,245.00070720003407,265.12108707173326,39389523
2024-03-14,249.2587890625,251.17723270116736,243.97134545605653,247.1063589300761,26005940
2024-03-15,248.88442993164062,254.54619979000876,241.11701037598917,250.89646219605905,43817794
2024-03-18,247.90179443359375,249.53949979506808,242.84830931576457,248.88443478606737,12423655
2024-03-19,242.3804168701172,249.39915481037153,241.725323238633,245.32828109316046,20031514
2024-03-20,247.66783142089844,248.13574722881978,242.33360834618392,243.26943996202658,11308487
2024-03-21,256.18389892578125,256.88577262146833,249.9606245358853,250.61568951627163,23559105
2024-03-22,258.05560302734375,260.39518238389263,253.93794907168135,256.1839395421046,22097588
2024-03-26,252.7213134765625,256.5114486119516,249.0247957728392,252.76812219239542,28477120
2024-03-27,252.9085235595703,255.29488303344507,251.9259116725202,253.61039735298263,18094214
2024-03-28,259.13177490234375,261.5649428734951,254.2186588018577,254.54620558708646,26646830
2024-04-01,262.1732177734375,263.53018502102066,259.8336387667866,262.7347224468965,8945400
2024-04-02,261.6117248535156,263.6237857370833,260.62911305030167,261.3309867838303,13229425
2024-04-03,262.12646484375,264.9339599433418,260.6759085733707,262.1732450050164,14499308
2024-04-04,259.83367919921875,268.30297365678103,257.4005109418164,264.65320699101824,23722104
2024-04-05,260.5354919433594,261.9860479487941,257.4940394743239,261.9860479487941,9308711
2024-04-08,263.67059326171875,265.9633924529393,261.14383613503975,262.54758374779067,14473340
2024-04-09,263.1558532714844,266.10371705400445,262.9686755306553,264.69996967572695,5780865
2024-04-10,264.41925048828125,267.03959653328184,262.0328909409394,262.0328909409394,8809693
2024-04-12,257.587646484375,266.19730858078447,257.02614181559807,263.4365939522309,17731780
2024-04-15,256.4646301269531,258.4766908482731,251.1771874726003,252.90848158756,13378690
2024-04-16,256.6518249511719,257.86839464845417,253.84433005653736,255.4820354117408,9662195
2024-04-18,262.12646484375,271.2976040786897,259.88047447594,269.42594067896187,51039603
2024-04-19,263.57696533203125,264.1384700058196,257.0729528253152,260.2547745643639,18755469
2024-04-22,265.4486083984375,266.4312486428412,263.6237540462225,265.7761551465721,14965203
2024-04-23,267.03955078125,268.7240362249676,262.6879395855513,265.44862564938376,11464036
2024-04-24,271.7655029296875,273.1224702333387,266.15051308172156,266.7120177783812,19324163
2024-04-25,274.47943115234375,275.6024406363888,270.68932412249734,273.26286134405956,22022414
2024-04-26,273.496826171875,277.14656424810477,272.7481722031729,275.36848965294854,15581578
2024-04-29,274.8537902832031,275.69603312759943,271.01687448171117,273.5436030149001,9804396
2024-04-30,282.4808044433594,284.82038369407576,274.2454683452475,274.8537817978874,33288857
2024-05-02,293.476806640625,296.89258639875555,282.48078492215257,282.57437379757704,44059506
2024-05-03,290.90325927734375,295.81637518925874,288.4700913995802,291.9794599080909,27074447
2024-05-06,287.159912109375,290.85642953552866,283.6505438545577,290.29495346220745,16855909
2024-05-07,276.3042907714844,288.5168822082761,275.6024170438684,287.30031250413447,13857464
2024-05-08,282.62115478515625,283.41661738962654,273.2628384015418,273.2628384015418,18754452
2024-05-09,277.14654541015625,284.82037658468664,276.30430261278497,283.3230401897397,11196567
2024-05-10,284.2588806152344,284.91397423297167,277.2401428222656,277.2401428222656,11786977
2024-05-13,286.87921142578125,287.9086320622395,278.5035344021713,284.68002966160225,11710605
2024-05-14,289.4059753417969,292.91534448498766,288.0022276845206,288.23618562739995,9957875
2024-05-15,294.6465759277344,296.003514570495,289.03158650008555,290.10778709518894,11397656
2024-05-16,292.4473876953125,295.34847149311304,285.7093884590864,294.3190509765625,19843532
2024-05-17,293.0556945800781,295.72282066822146,290.80970418560065,294.693400074285,9069551
2024-05-21,304.7535705566406,306.4380846591677,291.0436426209263,291.0436426209263,21976662
2024-05-22,304.84716796875,306.7188313177523,299.6533135989951,306.7188313177523,10287081
2024-05-23,299.3725280761719,300.12121050413447,289.17196917943966,298.95142098480017,35705284
2024-05-24,298.3431396484375,302.22686411743945,297.03298095785107,297.59448569933596,15058182
2024-05-27,297.5477294921875,300.86992092784953,294.3190983882074,300.86992092784953,12857918
2024-05-28,292.7281494140625,298.9982333365529,291.9794954648028,298.53031747843625,10935739
2024-05-29,297.3137512207031,298.24958294810943,289.2655926531455,289.2655926531455,16812268
2024-05-30,287.0195617675781,297.26690060285773,284.3056272931392,294.4126256602685,22768893
2024-05-31,290.1077880859375,291.51153544764367,286.0837237394385,288.7508208792296,36929443
2024-06-03,315.9835205078125,326.32447638093134,304.70676163404886,313.5035725857875,55218939
2024-06-04,276.95941162109375,313.4568490520696,261.7989261875766,313.4568490520696,73262478
2024-06-05,279.6264953613281,281.73211664736016,261.28421722823555,277.2869161546258,45312613
2024-06-06,281.1706237792969,291.4647716771544,278.9714137438007,283.93130994358796,36508044
2024-06-07,289.4995422363281,290.71611202314534,277.75483726048566,278.9246268860088,38016104
2024-06-10,295.5355529785156,302.6010973821088,291.6050781239507,292.9152364088057,25478964
2024-06-11,296.2375183105469,299.18541106374397,294.9273596198579,295.91000005736277,12238518
2024-06-12,303.8177490234375,306.11054806183057,296.56505350765565,299.3725485460228,20346144
2024-06-13,300.8231201171875,306.9060263436846,300.0744375998741,306.0169747791617,11756503
2024-06-14,300.869873046875,305.0811154378888,298.85784072747595,305.0811154378888,14159988
2024-06-18,310.5089416503906,311.1640352535985,301.3378025613796,301.3378025613796,21653702
2024-06-19,306.29766845703125,313.3632141080479,304.5195941451438,312.5677515434548,14235150
2024-06-20,303.7241516113281,307.23352031070095,301.61853039170444,306.4848664118943,11749507
2024-06-21,305.0343933105469,308.45017374344997,302.27367801639025,305.73626717591,17209541
2024-06-24,311.5851745605469,312.5677864174738,301.85250207614206,302.36722664445557,18044357
2024-06-25,306.3912658691406,313.50359187427057,304.8939295692215,313.50359187427057,13979671
2024-06-26,305.7362060546875,309.0116167715787,304.0985006962419,304.80037442129,12946277
2024-06-27,310.27496337890625,311.16401484504655,303.53699282461736,307.4674685081239,27061015
2024-06-28,309.7135009765625,315.7028179211071,308.4501225168633,311.63194446621674,21676594
2024-07-01,308.4501647949219,310.4621974387271,304.37929078205275,309.76032359372624,11959181
2024-07-02,309.5731201171875,312.94212000543337,306.9995828991176,308.8712463304412,12684459
2024-07-03,313.6439514160156,315.28165669715474,307.9821817249457,309.85384490339044,9369793
2024-07-04,313.5036315917969,316.96622043907536,312.47421097022885,315.3752950639867,12878827
2024-07-05,317.6212463378906,318.0891621482173,311.4915606463369,313.5035929188787,10894118
2024-07-08,317.6212463378906,319.11858264279897,315.2348871289504,319.11858264279897,7828162
2024-07-09,319.25897216796875,320.38198160856706,316.4046969654796,318.1827714469966,9214579
2024-07-10,323.8445739746094,325.48227957913787,313.9715601824652,320.9902984875874,10662609
2024-07-11,320.8031005859375,326.37131071578324,320.05444663741326,326.13735278695475,12642065
2024-07-12,321.0838623046875,323.70417964359524,318.2763672018648,320.80309565881504,11380570
2024-07-15,321.7857360839844,323.23626379673215,318.36995608737533,323.23626379673215,5277531
2024-07-16,320.4755859375,324.73360886634305,319.58653437422527,320.75632403152474,11363095
2024-07-18,319.3525695800781,322.5812003885706,315.32850466916955,320.054443359375,13908161
2024-07-19,310.88330078125,319.91407093422737,309.76029132251716,317.7616408982089,12937990
2024-07-22,316.8725891113281,317.6212429762013,308.3565157416533,308.8244315470276,10678640
2024-07-23,312.8017272949219,318.6506750753056,300.4955468768576,317.34051648436275,15954324
2024-07-24,315.5156555175781,317.05977212820784,309.1052025880914,309.66670732631604,12573882
2024-07-25,317.6680908203125,320.61595504540355,309.2456052861565,309.2456052861565,16271884
2024-07-26,322.11328125,323.37663119239386,316.7790291580287,318.5103235078311,11468068
2024-07-29,320.3819885253906,323.70417963996675,316.07715698924727,317.99560055242785,31849674
2024-07-30,327.3539123535156,334.0451317561641,321.27100639424725,322.8619316842441,25813219
2024-07-31,325.8565979003906,328.14936834914283,320.6159348528889,325.90337806001816,17976593
2024-08-01,337.9288024902344,339.23896104170495,327.68143486400743,328.6172664806742,26792459
2024-08-02,335.2616882324219,337.8820054257251,331.28440372443083,335.0277303201871,13771470
2024-08-05,320.8031005859375,332.0330811697064,319.58653077975623,330.11463757703956,13566586
2024-08-06,318.8846435546875,328.289740473513,317.48089604087374,320.8030870665064,12273667
2024-08-07,329.4595642089844,329.9274800954106,321.36462508567433,323.6574243528906,12441847
2024-08-08,320.6627502441406,332.2202783142611,319.35259147814537,332.2202783142611,15489731
2024-08-09,323.7977294921875,326.5584441008897,322.20680436864495,325.57580379776743,8720610
2024-08-12,319.25897216796875,321.7389204100306,317.71485560663336,320.990266489176,12521136
2024-08-13,315.3284912109375,320.4755653727706,313.6439770769298,315.3752713705005,10435954
2024-08-14,312.0998840332031,316.6386736657895,311.16405229697165,315.3752951100133,12385993
2024-08-16,319.5072326660156,320.40364735948657,311.9583318530998,314.2229963376203,13013828
2024-08-19,321.1113586425781,323.94219646357095,320.16774603558054,323.3288540283768,5891370
2024-08-20,321.30010986328125,323.32887131745395,319.69595682689925,321.2529407491177,6393840
2024-08-21,317.66717529296875,321.7247267416092,317.1953689940644,320.8282832549824,10118601
2024-08-22,315.1665954589844,318.65797345433384,311.86395149459383,317.05382058149326,18370039
2024-08-23,317.28973388671875,317.95027421946645,314.55326313076745,315.7799479809891,7494822
2024-08-26,319.1769714355469,322.24371247668665,316.91230688759805,317.4784802237783,7993675
2024-08-27,316.44049072265625,322.1965333338851,316.1102205537682,319.8846709484401,9589690
2024-08-28,315.59124755859375,319.79030637674106,314.93070721576225,316.4404931445404,8790600
2024-08-29,314.5060729980469,316.95947155591176,310.25981623139404,313.75119442490615,17653536
2024-08-30,318.3749084472656,321.6303836708144,315.21380024987843,316.1102438032537,22713812
2024-09-02,316.62921142578125,320.7339321897805,315.35535739279237,319.31851322266164,9789776
2024-09-03,315.7799377441406,318.89387647315596,315.1665953389129,317.0538204607028,8434423
2024-09-04,314.1286315917969,315.82715156505975,312.33577339510674,312.52450743550423,9025610
2024-09-05,312.5716857910156,315.4496928131749,311.0147307003922,313.60966545035535,13912371
2024-09-06,311.20343017578125,314.31736909602694,306.6741011240426,314.2701711870217,23755639
2024-09-09,310.0238952636719,310.63726646547246,305.30583246071376,309.22184762458505,18597200
2024-09-10,315.3081359863281,316.3932846875682,308.56131183850994,308.56131183850994,15472387
2024-09-11,314.4117126464844,318.2333319488074,313.27936606969325,317.9030617975125,10134008
2024-09-12,319.1297607421875,319.884639227557,314.45886732325476,315.96865309076213,18410837
2024-09-13,318.2333679199219,322.007818540173,317.14821912595426,320.6395686716228,10417461
2024-09-16,319.1769714355469,322.24371247668665,318.04462476318645,318.23335880750386,7748570
2024-09-17,317.90301513671875,320.82821936676885,315.63835111230645,317.71430993279756,11451846
2024-09-18,315.4496765136719,319.7903001759544,314.31735868662264,319.4128609002713,6583254
2024-09-19,316.015869140625,319.27134428550585,314.31737789785313,317.2425828575359,10589610
2024-09-20,321.6303405761719,323.6119326729625,315.87429831283504,319.0825751950454,31236123
2024-09-23,321.91339111328125,323.18727371794637,321.064145642427,322.71546747894206,6542941
2024-09-24,330.31158447265625,331.2080279759151,323.04578461278606,325.1217150884182,26145769
2024-09-25,343.2391052246094,345.5981368756376,332.4819266552752,333.89734564589213,40770462
2024-09-26,344.84326171875,345.4566041948038,337.0584571924117,343.52218094352844,18733959
2024-09-27,334.2747802734375,342.8144632119609,333.4255346503048,341.77651233745024,33148043
2024-09-30,332.9537048339844,337.2943284642278,329.9813309643599,334.2747566875096,16356171
2024-10-01,331.019287109375,335.9260841265613,330.2172394403099,331.302388166196,9856291
2024-10-03,324.7442626953125,330.17003501440104,323.2816747193099,323.6591139908489,19350466
2024-10-04,319.7431640625,327.85823891262373,318.7051843496748,323.6591509457837,20121706
2024-10-07,310.4013671875,320.8282745930665,306.6740860080783,320.8282745930665,13851446
2024-10-08,308.702880859375,312.33579541739124,304.1735515381948,308.84441700126683,21148292
2024-10-09,311.15625,313.09064428114004,307.14589651250947,308.5613153904473,9228363
2024-10-10,315.49688720703125,319.0354345539096,311.48653354723575,311.5809005691736,20773976
2024-10-11,311.4393005371094,316.4404641684378,310.9203251701005,315.59121866025566,6098468
2024-10-14,312.0527038574219,312.80758243206355,309.31620423160933,311.43933261915726,5944216
2024-10-15,311.2506103515625,314.6476213452107,309.0331150642664,314.6476213452107,12415489
2024-10-16,308.75006103515625,313.892732540298,306.62693263842027,312.9963178286282,22085298
2024-10-17,312.477294921875,313.1850043451301,306.2966441441553,309.9767273857277,17039729
2024-10-18,313.3265686035156,315.0250886498973,309.7408520557755,312.80759316523864,10569021
2024-10-21,312.477294921875,314.93069334851333,310.8731708405589,314.22298392525823,8745904
2024-10-22,304.55096435546875,316.7235610444044,302.94681142884616,314.12862641395503,11219831
2024-10-23,299.0307922363281,303.748854684982,296.1527856613564,301.20111824076963,12541589
2024-10-24,301.1539306640625,302.71088556614893,297.4738475872849,297.4738475872849,8327779
2024-10-25,297.9928283691406,303.3714313614416,295.58662791281984,303.3714313614416,12979410
2024-10-28,300.3518981933594,302.380688450008,293.2276341282605,296.7661816036619,9610615
2024-10-29,302.4750061035156,303.08837732828067,296.4358912489805,298.27594732973336,15856332
2024-10-30,300.4934387207031,307.0515288976693,298.8892858101173,300.5877769416323,14498110
2024-10-31,302.7109069824219,304.50379393864205,299.92726712339487,302.3334677062385,9900390
2024-11-01,303.89044189453125,304.5038131534014,301.95604748404565,304.26790999130446,847672
2024-11-04,297.66259765625,306.3910139560511,294.02968349103276,306.24944903269204,9249409
2024-11-05,298.7477111816406,299.78569064903104,294.40708809776885,294.7373582187704,7518195
2024-11-06,300.5406188964844,302.28630799950747,296.1999950934131,299.50263925711073,11019250
2024-11-07,295.3035888671875,301.0124338525791,294.12407306055513,301.0124338525791,14504208
2024-11-08,298.4174499511719,299.6441346694181,291.29318717064945,294.26556075468307,15740539
2024-11-11,311.20343017578125,313.65682874412795,295.1620156554467,295.86972511957913,22838987
2024-11-12,304.5038146972656,313.75120717964063,303.6545402719927,312.8075945264688,12069181
2024-11-13,300.0688171386719,306.2966662726025,299.26674064168265,304.4566101204961,12918639
2024-11-14,298.7287902832031,305.14172647630943,297.29305437592416,301.60026209776106,12500377
2024-11-18,298.680908203125,302.03095857840174,296.8144690915435,300.54737652482765,9408101
2024-11-19,301.5523681640625,304.6152829286182,298.87233965266626,299.63805373874516,13157158
2024-11-21,311.93756103515625,312.7511505895024,299.59023759606504,302.4617095219059,25406386
2024-11-22,322.51416015625,323.1363065519668,310.11896158181673,311.8418330176668,31523269
2024-11-25,328.0656433105469,330.60210414911484,321.7483996979914,327.20420763840764,29419152
2024-11-26,324.28485107421875,329.8363804184665,323.42341542721545,327.3477658303637,13997179
2024-11-27,324.7156066894531,326.6777674260775,322.08342417391594,322.8012921326988,12177260
2024-11-28,319.35552978515625,327.10850981744056,317.96766921544275,324.7156165488419,16920231
2024-11-29,315.28759765625,318.2547910236072,312.5118474261887,317.15406600945965,13890537
2024-12-02,313.80401611328125,317.72836675357354,312.2247124633197,314.0911516095936,16003524
2024-12-03,315.5268859863281,317.15406501789136,310.35824260683535,310.35824260683535,23174488
2024-12-04,311.1239318847656,317.0583181269633,307.3431785229836,314.95256063195916,17880011
2024-12-05,314.2825927734375,316.29262886536577,305.8595913430051,311.07611010418543,19785053
2024-12-06,314.80902099609375,318.4940823362232,312.7032925232497,313.08614959011936,8802058
2024-12-09,315.0004577636719,316.4840398215819,312.70328619879257,313.7082896302644,9376929
2024-12-10,313.8518371582031,317.63261974756006,311.41109800464613,317.63261974756006,14994365
2024-12-11,313.5168762207031,314.9047660530107,312.8468836062392,313.2297407016649,5013051
2024-12-12,315.0961608886719,315.7661534003986,311.88967843718416,313.9475605683982,10414162
2024-12-13,319.5469665527344,319.9776698064118,311.12396488931114,316.4840515460128,14973536
2024-12-16,320.647705078125,321.84415173886424,317.3933760029389,319.5469799922696,12695136
2024-12-17,315.6704406738281,321.1740947097826,313.9475693553166,318.25477686171575,17360248
2024-12-18,307.7738952636719,315.00044986782,306.9124595997002,313.94757107402324,15037099
2024-12-19,307.86962890625,309.97538657645197,303.2752857114188,304.37601072579275,10234715
2024-12-20,302.2702331542969,311.6503912738322,300.1645048328565,307.5345977730774,13973399
2024-12-23,301.7916564941406,304.6631281228579,298.20231695824396,304.37599264403417,5984169
2024-12-24,296.814453125,303.08382109172123,295.52228506487864,300.64308191936277,4833589
2024-12-26,297.0058898925781,299.68594778092825,295.5223078046521,296.81447596420287,3775101
2024-12-27,296.1444091796875,298.9201590052883,295.57010906160383,297.43657714284643,3981693
2024-12-30,294.3736877441406,298.6330490053482,293.17724123370255,295.7615773802968,12489142
2024-12-31,295.4744567871094,296.479460222459,292.0765310002142,294.18228864871605,8402716
2025-01-01,297.1016540527344,298.0109652757668,292.7944457101879,295.4745039827369,4239498
2025-01-02,301.6480712890625,303.6102609811456,295.52227134451164,296.57515005610276,10766571
2025-01-03,302.509521484375,304.3759897090918,300.2123500455756,302.7966861705497,7636948
2025-01-06,292.8901062011719,302.9402569041533,291.7415058653546,302.2702351732399,6722495
2025-01-07,291.9808044433594,297.3887662186675,290.01864378496816,292.8901155056114,10137739
2025-01-08,293.51226806640625,294.66086846296133,290.01864990788994,293.03368943619523,6907996
2025-01-09,292.1722717285156,293.7515754634019,290.64081417554706,293.5122861335669,8244909
2025-01-10,286.86004638671875,292.17225756753425,285.71144597513177,291.0236571559473,6540783
2025-01-13,275.2784118652344,285.7592655003387,274.46482241709185,282.36136918236133,19474228
2025-01-14,277.8149108886719,280.4949396886477,274.5127064653774,275.42201759936376,15954608
2025-01-15,285.8550109863281,289.5400722939113,278.62848532882623,282.3613928155499,12198882
2025-01-16,284.89788818359375,288.6786715169003,283.8928846191073,286.1900564880229,11694289
2025-01-17,289.6357727050781,291.9329441283263,283.0313939094448,284.8978329114067,7593230
2025-01-20,293.12939453125,295.5701337241153,289.01363022677754,289.6357765690648,9435937
2025-01-21,289.396484375,296.6708849147273,288.5828949154698,293.8472594993341,13911546
2025-01-22,284.8021240234375,289.34862089660356,283.1270988596395,289.06148540971503,9723333
2025-01-23,281.7392272949219,286.7643025883743,281.02135939585725,284.7542666289694,12228286
2025-01-24,283.17498779296875,289.5400778778457,281.73925186960753,282.64853376166303,11142914
2025-01-27,274.7041320800781,282.36139011715346,271.5933710025163,282.36139011715346,13477947
2025-01-28,271.7847595214844,276.42694790550183,267.38183119292415,274.8476445947453,11298068
2025-01-29,275.51776123046875,276.76205415647576,271.1626775691931,273.12486774958944,4800024
2025-01-30,282.6964111328125,284.37143638847147,275.5177314657026,275.5177314657026,10969499
2025-01-31,288.7264709472656,290.4493714775504,283.222816906031,284.2756956950739,14141459
2025-02-01,277.4320068359375,292.26794271796496,276.2834065674752,288.7264495653047,6945157
2025-02-03,271.6412353515625,279.489937048621,266.08973458738575,277.5756224113017,14978897
2025-02-04,273.4119873046875,274.12985530699814,260.4425170803248,268.9612115323863,19836427
2025-02-05,272.98126220703125,278.293473315418,272.3590866200002,273.36411926896625,15337191
2025-02-06,269.104736328125,278.48489425351164,267.7647221131038,275.18269028603163,21418561
2025-02-07,269.3468322753906,272.9781486269869,261.4547773149336,264.45667140926554,17193482
2025-02-10,260.1959228515625,267.2648732583572,259.61490634717717,266.29652226829074,16709670
2025-02-11,253.17538452148438,260.29274083554617,251.7712637299914,260.19592937549373,22083955
2025-02-12,248.9146270751953,253.80481763807177,245.96116817566727,251.2870989826207,17861265
2025-02-13,250.9481658935547,253.0785500004455,247.9947070447423,249.10830482945542,12257226
2025-02-14,249.2051544189453,253.2238054594861,246.6874357200921,252.1586133693871,11339563
2025-02-17,254.87002563476562,255.64469470712518,244.21814857943667,248.76939587094347,8332653
2025-02-18,258.5013122558594,259.4212279783289,251.96494298094876,255.49941823407346,10483635
2025-02-19,254.72471618652344,260.00224090453156,253.99845294377334,254.19213496253084,14602009
2025-02-20,257.33929443359375,258.01715199691387,253.03012039190682,254.4342412509003,15312926
2025-02-21,253.61114501953125,257.3393026331229,251.19026729015096,256.9035328211424,10757038
2025-02-24,250.9481658935547,253.5142902370401,249.10830482945542,249.83456810884158,14599185
2025-02-25,247.65577697753906,251.72286314155656,246.8326726881869,250.60923581092982,21287363
2025-02-27,248.13995361328125,249.30198668016166,245.42856775033403,245.96116377667684,13614799
2025-02-28,242.91087341308594,248.8662266223009,239.47322413686564,247.80103452796848,38512868
2025-03-03,244.50863647460938,245.76749577598812,240.63523233243734,244.99281199238087,9873539
2025-03-04,245.96116638183594,249.01146627504443,241.55516615486243,242.0877621868464,11947033
2025-03-05,256.031982421875,258.74338278275224,247.65575270788688,248.8177856556522,14536637
2025-03-06,258.2108154296875,258.84023773562126,252.4491441040102,256.758288776734,11926868
2025-03-07,254.966796875,260.147480440195,253.32061796804607,257.58135629720346,10043068
2025-03-10,262.713623046875,265.5702704107263,252.7880249731833,252.7880249731833,30233763
2025-03-11,258.8402099609375,263.2462247331501,257.4361187447858,261.45476947639236,9255499
2025-03-12,258.6465759277344,263.77882476257304,255.2573471929502,262.1326456795726,11875548
2025-03-13,259.17913818359375,262.0841911717567,257.0971894524224,261.2610869147651,9270442
2025-03-17,258.888671875,262.0842186766507,256.5646351509149,261.454796373505,11987667
2025-03-18,258.888671875,258.888671875,258.888671875,258.888671875,0
2025-03-19,268.4269104003906,269.49207286448365,261.2610893221769,263.39147335381784,13089950
2025-03-20,271.47723388671875,274.57593964248076,268.2816575599182,274.52753390869157,13710249
2025-03-21,274.14019775390625,276.12530565514754,271.18670921706524,272.10665456743357,26003527
2025-03-24,282.61328125,284.64682451930895,275.44748884781086,275.98007014494203,19966817
2025-03-25,281.7901611328125,285.90565317684843,278.5461791406971,281.7901611328125,16983852
2025-03-26,281.6448974609375,287.35816251551717,280.3860234155954,282.4680017306367,20367015
2025-03-27,286.14776611328125,287.84238063341064,279.8534836099434,279.8534836099434,37203166
2025-03-28,281.1607360839844,284.9372993063308,279.1755986806343,284.5983705251023,10834900
2025-04-01,280.1439514160156,287.55186070814506,277.9167557861563,280.4344744666903,11603556
2025-04-02,277.6746826171875,280.5797359662775,275.49589260537,277.77152363917,11679536
2025-04-03,289.6338195800781,290.45692392445716,276.07690419600505,280.1923963661701,23478876
2025-04-04,284.598388671875,291.3768465217408,282.8553684740305,290.5053364228185,21020875
2025-04-07,280.24078369140625,284.59836335003746,273.3654854307757,274.62435950763955,22847548
2025-04-08,279.8050537109375,284.69521479748136,275.641126375719,282.71010692315673,20831596
2025-04-09,284.1142272949219,290.0211753407562,280.1439815885917,280.77343349031656,21342531
2025-04-11,294.4755554199219,295.3470654403839,283.9689407881724,283.9689407881724,19831004
2025-04-15,294.91131591796875,300.62461105387973,294.0882411237009,297.4774699763862,16563441
2025-04-16,296.0733337402344,297.2837725535632,293.21668632008675,294.8144891950639,7032401
2025-04-17,299.220458984375,299.9951279636436,292.44200198472896,295.78282475524543,8528993
2025-04-21,309.872314453125,311.809016418457,298.6878724240232,300.18880462646484,13369014
2025-04-22,302.6580810546875,309.6302197949195,302.2223408532518,309.6302197949195,10027268
2025-04-23,304.982177734375,306.095775541447,299.65624691194205,304.20747915643824,8225575
2025-04-24,304.4495849609375,305.8537058998339,302.9486525518255,304.9337605189389,8021180
2025-04-25,296.7995910644531,305.41790933183546,293.79769695737076,303.0938727672882,11475773
2025-04-28,298.78472900390625,301.10879535467075,293.9429733593657,294.57242523454096,7314824
2025-04-29,293.3619689941406,300.96350126565216,291.6673546186545,298.7847113543128,14678005
2025-04-30,297.71954345703125,300.18882682473674,292.3451773747768,294.8144902942112,17619987
2025-05-02,293.4587707519531,299.2204712586938,292.732507472199,295.83124261984125,5688285
2025-05-05,298.44580078125,300.86667836853553,295.00813687626754,295.153383621159,4342960
2025-05-06,297.8647766113281,300.62458290040513,295.8796393096251,297.8647766113281,9124804
2025-05-07,301.2540283203125,303.2391362229906,297.2837829632264,298.25213404779714,14679327
2025-05-08,298.4942321777344,307.3546389986981,294.3787399254866,303.4812345259943,19253478
2025-05-09,289.82745361328125,293.45877000278136,287.0192415157468,290.50531116001264,11981497
2025-05-12,299.2689208984375,301.25405855206003,294.42716498969895,294.42716498969895,7145884
2025-05-13,289.00439453125,298.97839893410884,288.5686247202087,295.3470823478646,17988336
2025-05-14,286.5835266113281,291.0379181347918,284.7436358366363,289.7306677604059,10359258
2025-05-15,290.1663818359375,290.89264511245915,281.8385570214769,286.53506545332925,22640626
2025-05-16,290.6990051269531,292.63570728089223,286.14774324450434,290.50532309086736,16763668
2025-05-19,294.4271240234375,294.86289381528456,289.5369630567162,292.4420161977535,12575289
2025-05-20,288.4717712402344,295.6375630838809,287.69710222265644,294.7660530511735,21339095
2025-05-21,286.7771301269531,292.6840768775061,286.2929546482476,288.32649756915606,11997632
2025-05-22,281.6933288574219,286.9708541689505,277.480995665399,286.53508435360214,26158839
2025-05-23,288.66546630859375,289.29488860777093,282.516430966752,282.7585187396455,9872024
2025-05-26,287.30975341796875,294.1850218741288,286.38980814760674,290.55370562542714,16469130
2025-05-27,285.227783203125,288.181271566729,282.9521819308902,287.6002550401406,17074710
2025-05-28,281.9353942871094,286.2929738883065,281.3059720328376,285.2277818532238,10099453
2025-05-29,283.8236999511719,284.59836897398986,282.12908560599465,282.12908560599465,9773818
2025-05-30,280.5797119140625,285.32462606714705,279.12718536403287,282.758501739107,21788566
2025-06-02,283.7752685546875,284.3562851056245,279.2724420004522,281.1123031186449,7255782
2025-06-03,279.127197265625,286.0509015389711,278.6430217283039,283.2426893328545,10989055
2025-06-04,279.4176940917969,280.62813294950126,277.96516746255156,279.1272005866398,8580196
2025-06-05,284.93731689453125,285.9056680139689,280.9186656592112,281.79017575635885,13110486
2025-06-06,286.438232421875,287.6002655173844,283.6784555355663,284.2594425315918,7935393
2025-06-09,290.989501953125,291.61892424999877,286.7771688098469,288.5686242330491,8666186
2025-06-10,291.5220642089844,292.2483274776183,288.81069316010877,291.0378886965617,7273892
2025-06-11,286.0993347167969,291.8610058374493,284.6952138482143,291.57051233788775,10941604
2025-06-12,279.8534240722656,286.4381987003345,279.36924859809216,285.8087764942542,14071159
2025-06-13,276.4642333984375,277.3841787453238,272.88132258098824,273.60758589114175,16028417
2025-06-16,279.5145263671875,281.30598173089703,277.2388954755418,278.8366983591143,11067299
2025-06-17,279.4176940917969,281.25758479689154,278.11044376686004,279.5145351107592,7286868
2025-06-18,278.207275390625,279.17562654694706,276.4642551299382,278.40095744258224,11904855
2025-06-19,277.3841552734375,278.54615874031805,276.270527984052,277.7230544814481,13573824
2025-06-20,283.8236999511719,285.17938551696784,276.02845623231923,276.5126317595127,33014151
2025-06-23,281.06390380859375,284.1626391165812,278.9819548759131,282.17750165149454,6833477
2025-06-24,276.9000244140625,285.37309701483883,276.31900781109147,284.1626580718708,15007849
2025-06-25,281.257568359375,281.88699061825,277.43256997188115,277.43256997188115,10838516
2025-06-26,284.2110290527344,284.9372923297005,280.5797126679039,281.59646943496506,10232220
2025-06-27,289.779052734375,291.183173582518,284.8404564516138,285.6635607573622,15523628
2025-06-30,290.4084777832031,291.4736698624816,286.87400231481786,290.8926533145361,8415241
2025-07-01,288.1328430175781,291.9578414845851,287.6002617609346,291.47366595973506,12349270
2025-07-02,285.518310546875,289.294873699044,284.1141897157614,288.13284062834805,10826029
2025-07-03,284.40472412109375,289.48856729295994,283.8237075625345,288.9559564677266,10373094
2025-07-04,284.6951904296875,285.80878815537665,282.41955969788035,284.40469695402146,14193884
2025-07-07,286.5350646972656,287.2613279718709,284.2110281288743,285.3730611889341,6220756
2025-07-08,288.3265380859375,288.9559603863584,283.7752761258537,284.84046823903606,6254288
2025-07-09,290.1663818359375,290.50531060865995,287.01924097101033,288.8106962967761,5650646
2025-07-10,289.779052734375,293.1198756893476,288.5686139176065,290.5053160244361,9307817
2025-07-11,289.1011962890625,291.37682718369206,287.5518582390185,289.77905384975355,7073217
2025-07-14,288.7622985839844,290.9410884740495,288.036035287296,290.0211431442192,5484223
2025-07-15,288.6170349121094,290.5053313868159,287.4550313176004,288.6654701983788,6173407
2025-07-16,287.648681640625,289.48857236693266,286.34143130061625,289.48857236693266,8144630
2025-07-17,287.21295166015625,288.762319381695,286.4382530235212,288.132867504513,8318287
2025-07-18,284.8404846191406,291.95787147591477,284.211062282524,287.1161157300455,8702106
2025-07-21,287.60028076171875,287.8423685401377,283.0006129717586,284.6952274206913,5298012
2025-07-22,288.37493896484375,289.3917253269252,285.2277979639942,287.6971109418524,7775653
2025-07-23,289.779052734375,290.16638724539513,287.697103879879,289.39171822335487,5310964
2025-07-24,289.8758850097656,291.81258705820005,287.11607868040096,290.36006052187423,6294709
2025-07-25,282.8553771972656,288.32655529161315,281.6933439950449,287.7455386905028,8202572
2025-07-28,282.6616516113281,285.90563337880826,281.5480538692244,282.7584926218866,7037396
2025-07-29,283.8236999511719,284.59836897398986,280.62812374065743,281.3059812994199,6586034
2025-07-30,279.8050537109375,287.1160924743307,277.52942278435324,283.72686372674167,10515572
2025-07-31,281.7901611328125,284.98570784043096,275.93164898493546,275.93164898493546,14283621
2025-08-01,282.0322570800781,283.53318946015554,277.2389073278963,282.4195916086403,6697683
2025-08-04,278.836669921875,282.32270972610723,276.65788026836685,281.98381053249784,10397121
2025-08-05,276.94842529296875,279.51454989670066,276.07691517966583,278.0136174544418,15561914
2025-08-06,275.786376953125,279.2724467665108,275.0601136399917,278.49777771986055,12985269
2025-08-07,276.51263427734375,277.2388975747471,274.4306854018,275.49587748167073,8893659
2025-08-08,275.8348083496094,277.1904939379996,274.6243695114522,275.78637306504544,6172968
2025-08-11,275.8348083496094,277.33574068823253,274.3338464592568,275.8348083496094,8755499
2025-08-12,275.64111328125,278.4493253426438,275.0116910255161,275.39902552506555,13184438
2025-08-13,279.0787658691406,280.2407693208184,276.99678760873013,277.916732865736,9928283
2025-08-14,279.56292724609375,280.96701837327413,278.0619655631729,279.9018264325586,8464495
2025-08-18,281.1607360839844,282.08065185962835,279.3692807132589,280.3376317729236,9836105
2025-08-19,280.0909423828125,282.13327810692135,278.6807504191529,282.03601837158203,7196772
2025-08-20,280.4799499511719,281.0634786801803,279.06978767553085,280.2854601611717,3106073
2025-08-21,276.2007751464844,281.5983488453277,275.8117659061222,280.4799361494731,7389271
2025-08-22,275.5686340332031,276.73566176535235,274.0611824031939,276.2007777647218,6824793
2025-08-25,276.3466796875,276.78433367976874,274.4502483065157,275.5686611229176,7426789
2025-08-26,272.21337890625,276.00627115142953,271.2408409111012,275.22825262711217,22905910
2025-08-28,266.9130554199219,274.255705157843,266.0863922167015,274.255705157843,12455072
2025-08-29,267.6910705566406,268.5177337494827,264.77345670861183,266.0863888761254,12841075
2025-09-01,272.1647644042969,272.89416790206815,268.4204871798367,268.4204871798367,10820878
2025-09-02,278.8266296386719,279.9936573186593,272.164739043884,272.5051332470267,16983677
2025-09-03,278.1944580078125,281.25797617588785,277.7568337548744,281.0634567215809,30178885
2025-09-04,274.0611877441406,280.0423199960402,273.18590950809545,278.9725222944279,5946090
2025-09-05,277.5137023925781,278.7779898212633,274.5960886222258,274.5960886222258,9695914
2025-09-08,275.0337219238281,279.79918164903796,274.3529631627289,278.53486449927703,5186605
2025-09-09,276.0549011230469,276.54117009466415,273.963950480993,275.2768529607576,7093190
2025-09-10,275.17962646484375,278.5835093101367,274.74197251293344,276.88156788749023,7767863
2025-09-11,278.92388916015625,280.77173512119623,274.79060262115405,274.79060262115405,7406625
2025-09-12,279.7505187988281,280.6744416683619,277.27055904513384,279.361509577788,7618852
2025-09-15,278.3890075683594,280.86896764170785,277.90273855950636,280.38269863285484,5420800
2025-09-16,280.43133544921875,281.74426767207285,278.4862594685472,278.6807492589119,8626429
2025-09-17,279.2642517089844,281.25797220925705,278.0972240381065,281.06345275769337,19010126
2025-09-18,281.1607360839844,281.89013956932183,278.2431221426345,279.1184003891387,16842964
2025-09-19,278.34039306640625,282.2305451445978,277.076075833291,282.03602566888617,14993879
2025-09-22,278.7779846191406,281.06345463250244,278.04858119016353,279.1183788218969,9456933
2025-09-23,280.6744689941406,281.06347825305374,277.5623355638277,280.72308402169074,13619147
2025-09-24,285.245361328125,286.46103373351167,279.06976925236245,279.99366247275503,14032389
2025-09-25,276.58978271484375,286.75281600507043,275.81176423882266,285.926152824609,16242837
2025-09-26,274.49884033203125,276.3466565276837,272.407889645385,275.7145127870004,8959035
2025-09-29,272.8941650390625,278.24312396660133,272.2620212835269,276.1035285237842,14600560
2025-09-30,272.5537414550781,278.14583427708243,271.3380691024685,274.2556827487316,18772881
2025-10-01,272.9427795410156,275.08237497971265,272.21337605230127,273.2831737716498,11812449
2025-10-03,281.7442626953125,282.0360122154581,273.33178548390373,275.5686406298664,19597461
2025-10-06,279.0211181640625,280.7230594926611,276.7356481583298,280.43130999384476,11702722
2025-10-07,281.0634460449219,284.3214538640417,279.2156300172049,281.0148310229427,11371062
2025-10-08,277.4650573730469,282.37639168858715,276.8329136594234,282.37639168858715,9989251
2025-10-09,278.2917175292969,279.069765666448,274.4988256091278,277.1733048666126,10714949
2025-10-10,281.2093505859375,283.2516862769683,277.4164584051681,277.4164584051681,10773268
2025-10-13,278.2917175292969,280.2854380562139,277.076045139531,279.8477841240975,8950161
2025-10-14,279.60467529296875,279.9936845574755,277.5623395549279,278.63213729194973,7667654
2025-10-15,282.9599304199219,285.19675584889626,279.16700864456936,279.2642683761559,8125514
2025-10-16,283.8352355957031,285.1967829286857,282.61956303419976,284.37011965096224,7824732
2025-10-17,281.7928771972656,283.4948186471197,280.09093574741155,283.0085496614471,14275188
2025-10-20,280.2854309082031,284.0783227316436,279.2156332965915,282.18186198017287,13536721
2025-10-21,280.6744689941406,281.6470069811754,280.2854597352275,280.3826897903278,398291
2025-10-23,281.69561767578125,283.15442463389456,280.09093595775727,281.0148589030305,21031287
2025-10-24,280.5771789550781,282.7653891895631,278.6807182133908,281.6955915834703,16350189
2025-10-27,283.0571594238281,284.75910084202894,280.2854500006463,281.0634684914512,13396182
2025-10-28,280.3340759277344,284.564622124817,278.92388396887213,282.57090143540813,13543174
2025-10-29,287.23907470703125,288.5033621052577,280.820318630994,281.06345310599914,14608714
2025-10-30,283.49481201171875,288.30888672900187,282.95992801179966,288.1629822931123,10329750
2025-10-31,280.23681640625,283.98109361064735,279.1184036515609,283.98109361064735,10088802
2025-11-03,280.0909423828125,282.1818931348389,279.2642791516846,281.06348037719727,8578207
2025-11-04,271.38671875,277.124716730008,270.46282545184107,276.68706275542957,26098629
2025-11-06,262.7797546386719,270.8518074040475,262.4393604349388,270.36553845000077,21919591
2025-11-07,264.53033447265625,265.3083529963624,261.36958599090576,262.77977795456536,11379131
2025-11-10,265.2225646972656,267.54645180953463,263.590858183498,265.6181180241124,10717941
2025-11-11,264.67864990234375,266.16199749773756,261.71195471155613,265.2719949762581,11154806
2025-11-12,264.134765625,267.24978951326466,263.5414205560963,266.0136665275419,16444701
2025-11-13,266.854248046875,267.4475931421342,262.7008625588455,264.1347773574899,12573141
2025-11-14,268.2881164550781,269.27701482782635,266.50811145564467,267.3486811082373,10308317
2025-11-17,270.5131530761719,270.908736590646,267.00257572610195,269.0792684619509,9884392
2025-11-18,271.15594482421875,273.7270564403353,269.2770137802799,270.95815307892525,16434280
2025-11-19,272.09539794921875,272.9359676534738,269.47482313612903,272.8865348033116,15765235
2025-11-20,274.1226501464844,275.9520880541015,271.4526123794352,272.1942861837506,15337345
2025-11-21,274.5181884765625,275.90264013323076,272.342600031239,274.1226351716262,12941485
2025-11-24,272.7381591796875,275.9520788916759,269.4748066205665,274.91374767162375,49791096
2025-11-25,270.4142761230469,273.8259574525211,269.62313930580683,271.94705655209975,12114606
2025-11-26,271.9964904785156,273.8754215651714,270.46371004338476,270.9581592390765,8352869
2025-11-27,270.6614990234375,273.9248516100949,270.26591552790507,273.9248516100949,9865039
2025-11-28,266.953125,271.30427175878066,266.4586758188026,270.7603595521937,12580231
2025-12-01,266.65643310546875,269.42536658301617,265.7664306293502,269.42536658301617,10428760
2025-12-02,264.48089599609375,267.64535285071713,263.9369837547472,266.01367648424736,11029817
2025-12-03,265.46978759765625,266.0136696462371,261.5636268454636,264.4808891974844,9063557
2025-12-04,266.1125793457031,267.20037367815644,262.6514347653062,263.5908701869996,5103204
2025-12-05,266.8047790527344,268.48591842191763,264.8269822319468,265.2225657391319,5535798
2025-12-08,262.255859375,266.4092144150703,261.81084303770024,265.8158693582651,10203843
2025-12-09,261.6130676269531,262.79975781465754,259.98139125294836,261.16808144065277,10686557
2025-12-10,262.5525207519531,264.2830929226346,261.3658306205438,261.9591756862485,7157092
2025-12-11,261.86029052734375,263.3931011913678,259.5858362243208,261.31640846581627,8336183
2025-12-12,260.6736145019531,263.7886383094003,260.37692688580677,262.0580661742871,5522827
2025-12-15,259.2891845703125,260.9208609701886,257.6080451408732,260.67363635872897,6400400
2025-12-16,257.459716796875,260.42641213885065,256.81693884187075,259.2397219305461,9241981
2025-12-17,258.2013854980469,259.83306186793055,256.421350220986,257.45971167730113,10944698
2025-12-18,255.0863494873047,258.7947184165903,252.96020891421256,257.8552528829912,10930748
2025-12-19,260.5252990722656,261.01974827894765,255.0863577987635,255.18522349707223,16657897
2025-12-22,262.0580749511719,262.651420024554,256.1741174232074,256.22358045027994,10054250
2025-12-23,264.0358581542969,266.31031227662237,261.46471642115773,262.05806146400255,10526826
2025-12-24,265.0741882324219,267.0519849144136,263.34361613567916,264.82696364717293,6131188
2025-12-26,262.5030822753906,266.3103168262234,261.9097372224092,265.02476102708283,6029003
2025-12-29,257.7069396972656,263.49200161145643,257.1135945970538,262.9975523910775,7270521
2025-12-30,257.459716796875,258.5475111246899,256.07526500637687,257.11359630455405,10929200
