Price,Close,High,Low,Open,Volume
Ticker,SHRIRAMFIN.NS,SHRIRAMFIN.NS,SHRIRAMFIN.NS,SHRIRAMFIN.NS,SHRIRAMFIN.NS
Date,,,,,
2021-01-01,195.5338897705078,196.63860715125057,191.08765968894483,191.34329423587013,12981435
2021-01-04,196.61122131347656,198.66543647677997,194.21006757577192,197.93504607695334,11008350
2021-01-05,203.44033813476562,204.39897464751897,193.34273177744961,195.36955848520086,15930660
2021-01-06,218.60501098632812,220.66835094188468,203.86944170835488,204.1342010837919,44538525
2021-01-07,238.61761474609375,240.46186126163832,218.75109103891984,219.11627926528016,45813230
2021-01-08,236.59083557128906,239.81366999881854,230.98509692044985,238.50808088452365,31324270
2021-01-11,228.54742431640625,240.04191040072612,226.6027627649047,238.19766377603432,15045560
2021-01-12,230.54685974121094,239.1836996117649,224.63070989680264,227.33315026251194,24395200
2021-01-13,222.1930694580078,233.87015091425687,215.01700956321721,232.62849123499663,26536710
2021-01-14,222.4851837158203,227.15053483072862,216.23123463655267,222.74994307769495,21198275
2021-01-15,219.9470977783203,228.7117405615131,217.50943085122742,222.58562240856284,17385480
2021-01-18,214.33224487304688,221.44440221706446,212.5701914036825,220.94225793554872,14423695
2021-01-19,224.2928924560547,227.05923427806036,214.55134985968212,216.0121305800779,21867515
2021-01-20,227.82614135742188,230.43727753145046,222.86864231035008,224.53940558302577,17042230
2021-01-21,220.2940216064453,233.05755481533575,218.0572123906907,229.28692441123889,16461875
2021-01-22,210.1051483154297,223.54428260499802,208.52567494317262,221.30745921295474,18964880
2021-01-25,219.30801391601562,230.94856634628945,216.9251238024592,216.9251238024592,36180365
2021-01-27,210.1781463623047,215.46431994659258,206.69966407126577,215.42780669998652,19598860
2021-01-28,202.88340759277344,210.50683339781244,200.39096392040236,201.58697133272233,24702255
2021-01-29,235.7965087890625,240.84531221661427,213.29144529074398,217.1077279391708,90681265
2021-02-01,243.2190704345703,245.55630857564128,231.2133295749591,234.19877892352613,30395260
2021-02-02,249.54603576660156,261.1135613924984,245.90323660569615,248.3317786669915,30730610
2021-02-03,267.5592346191406,269.5404232381086,247.78398705904652,250.34036036939474,28518195
2021-02-04,259.40631103515625,265.6237337447424,254.7226957204288,264.80205320193085,21005115
2021-02-05,252.7962646484375,268.60002243089883,250.53205329929642,260.9218202604078,16549455
2021-02-08,259.1962890625,270.0607988340634,257.0690474771518,258.3746086004965,18317310
2021-02-09,258.0276794433594,263.6242789841411,253.80969543754534,261.11357156524446,11093915
2021-02-10,260.7666015625,265.86107015032496,253.95574569567646,255.83649134291707,19081675
2021-02-11,263.1678161621094,264.4003509689358,257.15125087239915,259.28763153526126,8878860
2021-02-12,262.6200256347656,266.8197605433646,259.28763727738425,260.2188715781021,11134020
2021-02-15,276.3330383300781,280.2771103013159,263.85252761902706,264.7655121436604,24556900
2021-02-16,269.8417053222656,277.3646889298215,266.84711717985317,275.3561396820767,11625195
2021-02-17,266.5366516113281,275.48388703753193,264.4276600056933,270.9646312520593,13152705
2021-02-18,262.7021789550781,269.8782523738714,260.8123220149704,266.5915022531294,9516035
2021-02-19,256.47564697265625,264.03515837215025,252.17546943118253,261.6340044079664,10103260
2021-02-22,248.359130859375,260.18228930068346,246.14058558253103,258.191962248573,12281580
2021-02-23,251.51808166503906,254.7226660571053,243.98595981926445,250.1577437263328,10273085
2021-02-24,251.6094207763672,256.7312788341251,250.16691737796813,251.61855953816726,5331875
2021-02-25,252.03854370117188,256.5030520746025,250.44082054179444,254.1749244679755,10532480
2021-02-26,234.26268005371094,246.32319701041288,231.89805363762662,246.32319701041288,21843070
2021-03-01,243.5112762451172,245.7389611050028,237.9512028581172,238.28900273356123,9162830
2021-03-02,246.6062469482422,251.2533628927311,243.027363063899,245.8667316811481,8570450
2021-03-03,248.72434997558594,251.78285349176375,243.09125145505908,249.24475780515394,9383425
2021-03-04,244.56112670898438,250.49552530750216,243.03645836412593,245.94888082836434,8576470
2021-03-05,235.4039306640625,243.89470361102428,232.2632616146424,242.67127980768478,11926800
2021-03-08,231.14027404785156,244.13203901191432,229.17736303142465,238.61760507257776,19094895
2021-03-09,231.9437255859375,237.6863922230993,229.15911994777477,233.72404265589776,10348870
2021-03-10,240.18797302246094,242.8173730924184,235.54088481549132,235.76002006270676,15206235
2021-03-12,242.0230712890625,245.04504792400525,239.3023672966456,244.86246773104568,12544700
2021-03-15,233.10321044921875,245.01764709186403,226.08235737843754,244.3055202926129,18506180
2021-03-16,241.5665740966797,243.18254668876307,233.8244552311822,235.36740131998363,12723425
2021-03-17,241.320068359375,242.6621566812526,235.54999966517488,242.4795486374571,11266530
2021-03-18,242.07785034179688,249.73780416862164,237.9328926409223,244.31467365705907,14562505
2021-03-19,250.8790740966797,251.90161250511994,237.48557625727702,239.70412239652666,14402385
2021-03-22,252.2393341064453,253.80052966118097,245.96713560734875,249.95687305949178,9335185
2021-03-23,256.78607177734375,261.8439866816341,254.08361715051495,255.4530941265948,14529820
2021-03-24,255.96429443359375,260.5657436365623,250.6689960289763,258.0093984471758,10501700
2021-03-25,250.52291870117188,257.02336329873555,246.78881577538246,256.89555996850675,10425355
2021-03-26,260.9583435058594,268.6913232206678,251.98371826326007,251.98371826326007,18748345
2021-03-30,259.39715576171875,263.8525246497224,257.6624907568521,263.5695016792372,11173995
2021-03-31,259.7076110839844,263.54215783775487,258.28335722963095,259.85369197444123,8632980
2021-04-01,268.9104309082031,270.06077229714214,260.2918560095544,263.852489569742,12254460
2021-04-05,260.3757629394531,271.03721210808436,254.94877276417978,268.5895594436025,10865445
2021-04-06,263.8685607910156,267.49876249783324,259.43164137689155,262.5484823565253,9011680
2021-04-07,272.375732421875,275.47424925236453,259.1016500630803,264.0152538591713,14184300
2021-04-08,273.9524230957031,276.84925976694757,270.11136655820303,273.1640578374564,11186950
2021-04-09,269.44219970703125,274.4291279002049,266.7653665374647,272.99904776097526,10218235
2021-04-12,238.51202392578125,259.59656810565974,237.0544435765595,258.51484603155353,24289800
2021-04-13,253.4362335205078,256.42474767002926,240.36383410501105,241.0971984231002,21252365
2021-04-15,253.13372802734375,254.53630756608337,240.36383372009317,252.0978306470615,17951785
2021-04-16,252.64793395996094,255.75559893764958,250.3744592211452,252.15289752972228,12006190
2021-04-19,246.16665649414062,248.1284494157848,236.01856614015267,238.71372338282788,14272335
2021-04-20,246.60670471191406,254.11463913940023,242.49061541586155,252.83120954669107,12498725
2021-04-22,243.1598358154297,244.21405759510128,236.7336234735864,241.66557862529572,19593930
2021-04-23,253.13372802734375,254.4538061786346,240.45548327766596,241.0971980370079,17606370
2021-04-26,245.51577758789062,252.93203360783733,243.22397926370238,252.83117993402507,13382655
2021-04-27,242.93064880371094,248.9535021694377,241.84892659121599,248.33928784224258,8343800
2021-04-28,257.5614318847656,259.3948703793418,242.93060053134215,243.48063767492525,17059815
2021-04-29,259.669921875,263.0067656309138,254.84796933029833,260.5316402683738,14470055
2021-04-30,246.60670471191406,264.93191730611284,244.90159201146,262.1817589949767,20775365
2021-05-03,238.13621520996094,244.6541054234867,233.88265126382328,244.58075219665764,14320405
2021-05-04,236.7335968017578,247.36754689335774,235.6976994565443,242.93062858130128,13762810
2021-05-05,235.97274780273438,240.18048655743442,233.2317517181636,240.18048655743442,12337230
2021-05-06,240.43716430664062,241.46388556356897,233.39676599394105,237.61368085008766,11816670
2021-05-07,237.91615295410156,242.5639264049581,236.97193321738385,241.09716996584896,6920815
2021-05-10,244.3514862060547,245.8640952336927,237.677771695585,238.16363174187836,9092755
2021-05-11,246.13917541503906,247.2392499592724,240.62053432813855,242.7473022170344,7293410
2021-05-12,246.40505981445312,248.61435732417013,243.59990018244483,246.59756308988793,7632385
2021-05-14,243.2056427001953,251.5477947349263,242.7472830057162,246.78087069797687,9702620
2021-05-17,254.67379760742188,256.3147330593177,242.0597305366793,243.75566691089082,9550025
2021-05-18,265.88531494140625,268.59879665796547,257.5981633477416,257.5981633477416,15594255
2021-05-19,258.7623596191406,267.6453723163639,257.5981361215721,263.64848939793023,6901040
2021-05-20,259.60577392578125,261.92507293163703,255.9480724044659,259.43159499847513,6123645
2021-05-21,271.1197509765625,272.8156873893783,260.3574746323156,262.7317744198358,11258915
2021-05-24,267.5262145996094,271.89898411431966,265.3077692816553,270.6155825283888,6487950
2021-05-25,262.9700622558594,270.72552700675107,261.66833662888354,268.59873170019705,5680010
2021-05-26,262.6858825683594,266.9027965959212,261.9066936084392,263.6484545396352,6131915
2021-05-27,264.2810363769531,265.7936177500623,259.4315830512856,263.17178579075863,8648350
2021-05-28,266.7745666503906,277.656023291969,265.11530649394103,265.38113502212485,17020950
2021-05-31,262.1450500488281,268.7821169780788,260.164932951929,268.7821169780788,7634365
2021-06-01,258.7532043457031,263.1351215784653,254.54546602191283,263.0984449723519,9322935
2021-06-02,262.19091796875,263.36431765227064,254.84798680662433,256.68142556062884,6900620
2021-06-03,259.9266357421875,265.1152710876205,258.5148799827447,263.0984771455593,5219995
2021-06-04,260.93499755859375,263.09844169946365,258.1023102746797,261.2833273961509,6313570
2021-06-07,272.71484375,277.6651508617351,258.8357266631633,260.8066677663623,23267725
2021-06-08,273.0174255371094,280.4428595537342,269.79973093549114,276.11594211999204,20367070
2021-06-09,263.474365234375,272.9990666671467,261.090888845242,272.2473779093311,16223270
2021-06-10,269.5155334472656,270.4139286301378,262.759315197223,264.01521643813777,9991650
2021-06-11,270.4964294433594,273.9157752719638,267.6820938655191,269.882215069202,8790865
2021-06-14,270.79888916015625,272.0639663335572,261.6408718477471,269.51548767121847,8612805
2021-06-15,265.96783447265625,270.43225398601874,264.4735772032759,270.43225398601874,11778790
2021-06-16,263.97943115234375,269.53020601927807,262.5986411049248,268.1494159718591,9827690
2021-06-17,259.84625244140625,264.5593442278337,256.4587212314418,258.11565790589924,12356210
2021-06-18,254.06539916992188,262.1568376832284,247.43759491119832,262.1568376832284,14779290
2021-06-21,254.59925842285156,255.88801825689353,246.39739037274785,249.46273187617354,7416025
2021-06-22,252.5372772216797,258.10648029699445,250.5673648030792,255.90640812416785,7917570
2021-06-23,251.63522338867188,255.17007145486437,250.59505157474112,253.12650058483996,4924915
2021-06-24,251.10128784179688,253.3289749560204,249.16817603217683,252.4084481983201,4667625
2021-06-25,251.87452697753906,253.69718007121423,249.5824243401083,251.10128787204732,6516880
2021-06-28,252.69378662109375,255.7222991563543,250.84351901425924,254.42438126538246,4102820
2021-06-29,249.9875030517578,257.01112796424616,248.2108928337129,252.66623976694189,5875000
2021-06-30,247.1890411376953,252.73981618365562,246.13965527577932,251.30379673540443,6968565
2021-07-01,249.5731964111328,251.34980621424455,244.86010416408715,248.48698163855892,5444075
2021-07-02,250.78831481933594,252.70299813540856,247.80581708174776,250.29122249898873,4228550
2021-07-05,253.06201171875,253.69717742238782,250.8435388845182,251.30380225861825,2911235
2021-07-06,260.2605285644531,264.15433859464275,253.236905225627,253.236905225627,12255020
2021-07-07,265.91259765625,266.9527975345067,260.00283076662953,261.42042194780566,7910955
2021-07-08,263.55596923828125,266.4188215791956,261.8345889868622,266.0966316499651,6176635
2021-07-09,268.0022277832031,268.7938674702382,261.06144676420246,263.1050177022211,5637260
2021-07-12,267.3946533203125,270.2022490160124,266.4004685764529,269.5118538686517,4330990
2021-07-13,263.60205078125,269.7143624451747,261.9911288212532,269.7143624451747,5529040
2021-07-14,261.5952453613281,264.53172749543444,260.5090307033605,264.1911371443974,6477460
2021-07-15,268.4071960449219,269.7143564812911,260.7392200454802,262.3501419698565,7322970
2021-07-16,266.83306884765625,270.726906884549,265.8480985408974,268.7937952046963,3058730
2021-07-19,255.87884521484375,265.1117282377677,254.415210919601,262.35014773529093,8523350
2021-07-20,256.9926452636719,259.5701369582498,248.72633322260717,257.3792788501448,6350305
2021-07-22,256.8822021484375,258.21697722241095,252.2243388678204,257.5449825567436,8748020
2021-07-23,255.0963592529297,259.02702631251935,252.04020381115754,257.1951590434457,5276030
2021-07-26,252.29795837402344,258.66801582175276,244.07766126816182,254.94907989926924,4858020
2021-07-27,251.43272399902344,259.9567837546312,248.99330530766377,253.8997292806788,8150250
2021-07-28,252.76742553710938,253.69716650229086,248.56061173677315,253.2369031480023,6667670
2021-07-29,252.4084930419922,254.70981034510206,249.27867903596098,251.11973287844887,3888435
2021-07-30,255.9248809814453,259.6069886153516,250.4017195305859,253.69722159459303,7132000
2021-08-02,253.30136108398438,263.27065354105144,245.9095323197909,257.0110828056457,16937480
2021-08-03,246.3973846435547,255.538207679762,245.41241437041603,253.62349648597427,10852865
2021-08-04,243.2952117919922,250.143933143931,242.1169386611343,248.54222556867424,12098915
2021-08-05,245.21914672851562,246.28693309094868,241.21484954652215,243.42410823899317,7443930
2021-08-06,242.27345275878906,247.45602318074683,241.62907275651858,245.4124525440232,6201995
2021-08-09,239.8432159423828,243.09267400864834,238.4164108210851,243.01904423461957,5444400
2021-08-10,234.82638549804688,241.57383438605626,233.8782440451943,241.57383438605626,6656495
2021-08-11,238.4164581298828,238.95956560937887,228.99025797192635,235.10255579611388,7777460
2021-08-12,241.0675506591797,242.92700458771552,236.98962388402717,239.61310265724566,4144010
2021-08-13,238.42567443847656,242.06173873259283,237.18295754109474,241.3621574116285,4393670
2021-08-16,238.72018432617188,240.2574763245457,235.99543307353093,237.68001271964835,4215450
2021-08-17,235.7192840576172,238.78462567625544,232.89326028357857,238.7201820636822,5186305
2021-08-18,238.20469665527344,240.22986673937498,235.0012675026127,237.12769609091936,4998005
2021-08-20,230.96017456054688,236.75951040803545,230.13170603726257,235.65486698215688,4362450
2021-08-23,229.3400421142578,234.80797345169165,223.87211077682397,234.80797345169165,5190075
2021-08-24,235.57199096679688,236.02304005989294,226.68889989171294,228.2906214049486,4803725
2021-08-25,233.32594299316406,238.46247048199072,231.86230866520674,235.83899141979848,5152555
2021-08-26,232.97610473632812,238.81224078365088,231.41121211790815,234.91841668189667,6567660
2021-08-27,235.91259765625,237.68002140148644,231.54009553277288,233.80459754964704,3930010
2021-08-30,245.77146911621094,246.56313686164364,236.2440381333498,238.23235152486308,7071320
2021-08-31,249.03932189941406,249.8309614426685,243.11112721329584,245.78064924583094,7881915
2021-09-01,244.8417205810547,249.50876995833946,243.5161597838828,248.98409104915496,6179385
2021-09-02,247.2626953125,248.3581244742471,244.23418230508068,245.2283389087907,3818570
2021-09-03,248.55142211914062,255.64867507783467,245.43082313614275,248.35809128660858,8012625
2021-09-06,247.88865661621094,253.51306157994316,246.71038349874632,249.64686608150328,3295350
2021-09-07,247.5848846435547,252.0310448978953,244.12372291703326,248.08197699018106,6181705
2021-09-08,251.31301879882812,254.32313117958068,246.39740928985051,247.41918050535696,8546425
2021-09-09,248.23849487304688,250.93563187608225,245.86351980263112,250.93563187608225,3792220
2021-09-13,247.01416015625,248.23847654189802,241.31609697038118,247.8058278186782,3625345
2021-09-14,249.05772399902344,252.40845497124198,247.47441680960387,248.17402615374797,3353550
2021-09-15,251.63522338867188,253.9457549292282,247.06941776719688,249.27867673937823,5161840
2021-09-16,258.92578125,259.9383663643651,250.9540156656332,251.63519651882018,10142820
2021-09-17,250.53057861328125,262.5158275008565,249.5732228702768,261.4296126131248,9870725
2021-09-20,243.03746032714844,252.50968836884027,241.31607981424386,248.54222035791406,4788450
2021-09-21,243.7094268798828,245.9462998632141,236.71341882786618,244.86008517487753,4585140
2021-09-22,247.89781188964844,249.2602014244205,244.30776362694778,244.30776362694778,3449740
2021-09-23,254.6361846923828,254.98598946149525,247.90713429368554,248.54230019712534,5925930
2021-09-24,249.59164428710938,258.99940099784965,248.7355330327204,256.82697128416936,5655830
2021-09-27,243.78314208984375,250.83438196391734,241.91447348754215,250.29127442940393,5489955
2021-09-28,241.7671661376953,247.74137592947616,237.97457221987483,245.78064940017578,4231635
2021-09-29,239.4014129638672,241.39894039943653,236.7595055277762,239.33696934536528,4532205
2021-09-30,239.12527465820312,244.30784585913852,238.04827386300428,239.7052111289654,7981880
2021-10-01,238.3335723876953,239.2540990920197,234.4213338943167,238.204685164812,4632325
2021-10-04,248.68031311035156,249.27864992082542,238.60974752077996,239.59471795360938,6773440
2021-10-05,245.8267059326172,249.9230620165669,243.81074970432985,246.7012177548432,4110305
2021-10-06,239.92613220214844,247.5296648973373,239.05162045580252,247.29953318432524,3570155
2021-10-07,247.29029846191406,247.8794209235779,242.24580218999006,243.60819177671993,3739840
2021-10-08,245.03506469726562,249.16822160578758,243.6542743081645,247.29036690303175,2327330
2021-10-11,245.76223754882812,247.05096935793844,244.10527257233213,245.94632604027444,2474965
2021-10-12,243.87513732910156,247.06018000856858,243.01905422114342,246.14883945251194,2928570
2021-10-13,251.56153869628906,253.10801683009257,244.13288138935488,246.33295371500344,7442435
2021-10-14,254.71896362304688,257.58181658644384,249.79413961181953,253.78003639782025,8878410
2021-10-18,256.8638000488281,260.8220539580976,254.1114058793451,258.4286787163833,5899405
2021-10-19,262.80120849609375,268.42564230907,254.74659834162557,257.78435388380404,14910045
2021-10-20,264.87237548828125,271.49096550376913,258.9994099419875,264.7066874045156,10061990
2021-10-21,274.4735107421875,276.1580625632328,265.3234713552123,267.23815489506035,11697925
2021-10-22,279.5823974609375,286.9834407098549,273.4608999329276,275.97392008769845,19446090
2021-10-25,279.26947021484375,283.5683153339724,272.20901615712984,283.5683153339724,8858895
2021-10-26,280.9263916015625,292.35934801952516,275.5321174710123,276.17646944337156,9988515
2021-10-27,281.37738037109375,286.83609640941256,279.2877669938059,283.3380784468601,4678970
2021-10-28,274.07763671875,281.3037776190224,270.55203148323966,281.3037776190224,5604320
2021-10-29,264.41204833984375,276.1579766007811,262.3500777707421,276.1579766007811,6972315
2021-11-01,263.3995056152344,267.8732515905103,255.7867323418565,267.8732515905103,8517215
2021-11-02,290.18682861328125,299.1159488615586,263.6848850832439,265.1116902347619,16632400
2021-11-03,295.05645751953125,302.6231890274201,286.9742332450136,290.7023555915697,15816895
2021-11-04,297.7259826660156,299.34611885882,296.0414309459172,296.40963605548666,1071505
2021-11-08,306.4801940917969,307.45595024940013,298.443985039434,299.2080380127308,8351745
2021-11-09,298.9601135253906,313.82441642757993,292.4853112296559,310.180025448606,12628955
2021-11-10,301.7628479003906,303.9457964385216,295.8985289699447,298.96018394702776,6427920
2021-11-11,302.7062683105469,303.94572708610326,296.21294846589575,301.7627790460636,5065025
2021-11-12,300.1349182128906,305.0557476929625,298.9416964549551,304.6672752690144,5511415
2021-11-15,299.06195068359375,300.8009025418522,291.85641097522046,299.6909248623113,3522305
2021-11-16,303.196533203125,307.6456455813666,297.4894444196381,299.28389208218596,5549900
2021-11-17,301.6980895996094,305.22223019342755,297.94267780859496,301.1708488549212,3780655
2021-11-18,296.2499694824219,304.20473267533293,293.25306985798306,301.9293099318849,4825755
2021-11-22,288.8964538574219,297.8039375473701,286.3990467268309,297.7299522175036,5279665
2021-11-23,293.76177978515625,296.5737018576897,285.58503276082564,286.001281346697,3311240
2021-11-24,293.5675964355469,296.1667653074823,290.4411867874216,293.9190902863401,2310765
2021-11-25,290.616943359375,294.14108428073257,283.0506794755299,294.14108428073257,4290100
2021-11-26,267.6313781738281,288.0362569456627,265.36521385383116,285.2613411210843,6705735
2021-11-29,259.59332275390625,267.31684271317096,256.87390347983796,265.1986494466841,4893890
2021-11-30,260.2315979003906,267.58513599270884,258.14115231769875,259.54712770906093,8840830
2021-12-01,267.0856628417969,268.04764161783703,258.9459205987327,264.5419898623512,5539860
2021-12-02,268.04766845703125,270.0825901075983,263.83902853289175,266.39196052081337,3870920
2021-12-03,267.714599609375,273.5881765866722,266.1791429290111,267.6313555290295,3863635
2021-12-06,268.26959228515625,272.86670364172784,266.74339433409637,268.2418442579698,2886375
2021-12-07,270.74853515625,273.10723059664167,266.72490147503225,270.6468017898003,3802710
2021-12-08,276.0763854980469,276.9088546269225,270.85029950398405,271.94175965579666,4314475
2021-12-09,276.390869140625,279.24902910999975,275.0496485073117,277.4915880313818,2145005
2021-12-10,278.2962951660156,280.6457317306902,272.96844791003,277.4915741175392,2745385
2021-12-13,272.9869689941406,283.3651551313533,260.6755949192388,281.1914654600127,9169260
2021-12-14,256.0507507324219,270.76705834767085,253.45158172224444,270.2768243265176,9079580
2021-12-15,251.19464111328125,257.2624548923915,249.7424283662325,256.40223774716026,4271675
2021-12-16,246.37551879882812,255.8009853708778,245.30257616106897,253.70130917449688,6199315
2021-12-17,235.6273651123047,246.74553216217788,234.15664895094503,245.11757245932992,5310545
2021-12-20,222.10423278808594,233.72187679232746,214.37146767302804,231.2429590460499,8903280
2021-12-21,217.13719177246094,226.61815541747788,215.71274100569067,226.61815541747788,6125145
2021-12-22,216.89666748046875,220.51329690901886,214.0755003422778,218.672611847637,4092265
2021-12-23,223.89869689941406,225.67464126201804,218.043623051448,218.6633525336626,6141175
2021-12-24,217.84011840820312,225.69313460732445,215.66644299818324,225.69313460732445,5577935
2021-12-27,225.45263671875,227.17308487027023,216.65614566861194,217.84010847030868,8997655
2021-12-28,224.17620849609375,230.6602569618611,222.8997426537274,226.618133946304,4005800
2021-12-29,224.14845275878906,226.6088815158119,222.40950098856962,224.99942525312255,5363660
2021-12-30,221.66024780273438,224.7681537024372,219.23682613524616,224.21316496129563,4008980
2021-12-31,225.13816833496094,227.82059547442321,222.34476319124943,222.86274522812437,5290815
2022-01-03,231.38172912597656,232.75994242130918,225.23991590327444,226.026147711381,2860025
2022-01-04,231.7886962890625,236.08982393016643,227.77432178185927,232.53792124156465,6387390
2022-01-05,231.2059783935547,236.19157628502407,230.31799917455058,231.78870108313623,4206620
2022-01-06,225.0086669921875,231.0579913284545,223.65821587591122,231.0579913284545,4892065
2022-01-07,224.8606719970703,227.7928311932943,222.71473043859987,224.99016749705038,4311580
2022-01-10,226.22964477539062,229.948036024658,223.51022494147654,225.71166273349309,4850740
2022-01-11,226.35910034179688,227.87605353136115,223.4731928382233,226.1556054163962,3000215
2022-01-12,230.36424255371094,231.05797144268178,226.4331121828761,226.82159866702574,6283615
2022-01-13,230.77125549316406,232.5379411803937,228.28307870445497,231.94595970052603,3167295
2022-01-14,229.44854736328125,233.9809185388421,227.37661915863842,229.4855541463369,4270915
2022-01-17,229.21726989746094,232.1494289427948,228.81953878011495,229.76299989686828,2446195
2022-01-18,222.71473693847656,234.38787800890896,219.44958720216115,228.46806338855134,7134135
2022-01-19,221.123779296875,223.19572142584954,216.61917067783625,222.91822703413715,5312500
2022-01-20,225.86888122558594,228.3293097656969,221.44751685462435,221.62326376662523,6465015
2022-01-21,221.7157745361328,226.39613036482646,219.21835308329076,224.58319323892118,5834040
2022-01-24,213.59449768066406,222.54823251837482,211.06006973334328,221.0867753032585,9353860
2022-01-25,215.83294677734375,222.51124524163205,204.08580608812758,210.89360005806893,10473610
2022-01-27,229.59652709960938,230.80823803540403,216.46192888791003,218.2841246675856,14742195
2022-01-28,229.9202423095703,240.4649149642584,228.662280123226,231.24294518131174,9290465
2022-01-31,227.2470703125,235.31282572442433,226.61809624862835,232.90790745709455,4867125
2022-02-01,236.83901977539062,238.64272608931847,228.3847921420519,230.9839606602191,5528990
2022-02-02,237.49578857421875,241.29740944574323,235.12784870936432,238.82775033758978,4547020
2022-02-03,233.6848907470703,238.08775173097587,232.16793745732548,238.08775173097587,2367305
2022-02-04,228.13507080078125,234.49888204362227,227.36734242354711,233.09292079170248,2633985
2022-02-07,225.47117614746094,231.42799825764388,224.02822204404083,228.46809059499327,2030295
2022-02-08,229.43927001953125,230.38274525763237,223.22345806371857,226.72909516208938,3807905
2022-02-09,230.3457489013672,231.98295310044833,228.0980739807897,229.39302898269224,2220130
2022-02-10,234.12889099121094,235.86784274042842,227.93158186748803,230.31801114653598,3166790
2022-02-11,228.56982421875,233.83291698967852,227.21011429285642,231.79798147715584,2919870
2022-02-14,214.75071716308594,223.10321201224676,213.40951077563227,223.10321201224676,6578230
2022-02-15,223.47323608398438,225.85965137285814,211.47634837048867,216.62843496145658,4886570
2022-02-16,225.80413818359375,235.75684496948267,224.97166911006047,226.44237105981318,9347585
2022-02-17,236.32106018066406,237.22752863079978,227.4320802450639,227.9130554392052,11096160
2022-02-18,232.7414093017578,239.00348670927747,231.31695888173905,234.7578552473378,6084335
2022-02-21,225.73011779785156,231.7146866303428,223.86168487476138,230.132992714561,4546015
2022-02-22,222.77024841308594,224.9531828517888,217.61816182056728,221.99327533675586,4408165
2022-02-23,217.38690185546875,226.02613609223448,216.7301655903922,225.32316252290073,4670295
2022-02-24,197.6849822998047,213.56674706084115,196.09402960970428,210.89357901421027,7525505
2022-02-25,208.58114624023438,214.48247099178792,203.91003570785156,206.37970878340784,9287685
2022-02-28,207.97068786621094,208.67367557443228,199.97893085902575,205.15877937518079,6854355
2022-03-02,202.67059326171875,212.244058057569,197.20400595378166,204.04880647162057,8430100
2022-03-03,204.5020294189453,210.153608166354,202.38385002536384,206.63871220202006,5518095
2022-03-04,201.48663330078125,206.54623078894284,199.97892456763603,203.30882909668338,5340955
2022-03-07,188.9347381591797,196.06627707460476,188.00976634267033,195.1690532834747,4901560
2022-03-08,192.69015502929688,194.2071083968507,185.36436508321125,187.95428925350956,12217785
2022-03-09,196.43626403808594,198.37871053672694,192.61613995788548,196.3160272970492,6415045
2022-03-10,199.70140075683594,203.49379068333226,195.18754808825474,203.1238076185786,8349665
2022-03-11,204.0883331298828,204.76180050850041,197.64363596243638,197.98036965174518,5890485
2022-03-14,208.15716552734375,208.7745129511199,201.5908805484447,204.83661453006334,6630425
2022-03-15,203.93870544433594,212.70311715335632,202.03990562127828,208.58749515530118,7772955
2022-03-16,207.55853271484375,211.393554230728,204.88337477624077,207.40888440858896,7527250
2022-03-17,211.3093719482422,214.08742109373716,209.64441502723557,210.45818209744417,5977670
2022-03-21,203.23712158203125,213.52618799386042,202.93781070817084,211.4964375144217,6308350
2022-03-22,205.43524169921875,206.7166935581136,199.42080740154088,202.4139874401684,8069535
2022-03-23,205.07044982910156,207.65206495800805,203.55514127133162,206.3425531402892,4335075
2022-03-24,204.3595733642578,206.0806645041152,203.27455533127664,204.64953569516697,3329035
2022-03-25,206.3425750732422,208.101060519294,203.17167215301043,205.75328755632685,3234280
2022-03-28,208.6903533935547,209.6257231789639,202.74140098744766,207.37147857070124,7168470
2022-03-29,210.15887451171875,210.8323418925388,205.59427970823947,208.69035138452088,6632010
2022-03-30,210.35528564453125,213.0397920446063,209.3357361241846,210.83231904065278,2494090
2022-03-31,212.3008575439453,214.08741705928674,209.33573736920727,210.8323202945764,4371685
2022-04-01,220.99981689453125,224.30167100108514,211.0007118899514,212.32893523465322,4473460
2022-04-04,220.5601806640625,222.61799117332774,218.87651233007855,221.49555037487482,2766255
2022-04-05,218.97006225585938,222.14096510953297,218.04404107337413,221.49555770409867,7478890
2022-04-06,218.32464599609375,220.74725010358404,216.07975014333937,216.81870020202513,5148520
2022-04-07,219.6435089111328,221.67325934674966,216.6316174847057,217.19283071330568,10215730
2022-04-08,225.83563232421875,227.014192849811,218.27784445043872,222.49635609279684,12013760
2022-04-11,228.90365600585938,231.5975250958483,224.12391664631784,227.29481910740571,5541150
2022-04-12,220.9156036376953,229.15622248757273,218.89521598096022,229.15622248757273,5301495
2022-04-13,221.48619079589844,223.9555662978022,220.45729266246065,222.99213662332593,2337810
2022-04-18,217.80084228515625,219.77447294055963,209.7285971353495,217.37991449833697,7199895
2022-04-19,209.26089477539062,222.4309008791318,206.1554607527907,220.60693295506636,7289265
2022-04-20,208.44711303710938,212.09504862750327,204.29406988951823,208.1197279806813,3195385
2022-04-21,215.29405212402344,215.87397679769194,209.16737745027822,210.2711211692388,3891400
2022-04-22,207.2779541015625,213.26431513309643,205.8655365642366,213.26431513309643,4432385
2022-04-25,205.14529418945312,206.52963738107223,201.35704396250134,204.84596902769263,5391300
2022-04-26,216.49131774902344,217.19284503548988,206.34256490170768,207.26857178537352,7799210
2022-04-27,213.49813842773438,218.25916687348962,212.14185518928704,213.63843817658403,5002305
2022-04-28,213.60101318359375,217.566985625454,212.44114968304575,214.76087668414175,12255960
2022-04-29,224.87222290039062,231.78460410195828,219.6528584961494,223.44110846548995,30651345
2022-05-02,230.147705078125,231.41044554118827,221.67325833859317,222.56185665095802,9994595
2022-05-04,214.92926025390625,235.2361438290977,211.59934622379438,230.47510094908208,9729470
2022-05-05,217.29571533203125,223.54399184970453,214.788931587515,218.85778089329762,5106630
2022-05-06,221.45811462402344,223.1792056383048,211.95476976591948,211.95476976591948,9524820
2022-05-09,216.44454956054688,220.37311384005307,212.44116826262422,220.37311384005307,7602625
2022-05-10,217.07125854492188,220.36374969477808,214.19966664343474,216.44454827039206,4513380
2022-05-11,209.52279663085938,217.81952066235576,205.25751341163414,216.07038402557373,8918120
2022-05-12,199.18695068359375,209.52278747376286,195.88509718351668,209.52278747376286,9397425
2022-05-13,198.5977020263672,204.8272533959747,195.97866400562722,202.41399785153203,8482405
2022-05-16,204.01348876953125,205.31365210030995,196.76437349036314,198.2983792495021,6833390
2022-05-17,207.41822814941406,209.67247252113145,202.4139946135414,205.2201036753148,4101275
2022-05-18,205.35107421875,210.79493316262656,203.38680625390543,209.5228296971324,4296340
2022-05-19,201.75924682617188,203.27455548603265,199.0466803327399,199.98205005773153,8110880
2022-05-20,205.03305053710938,207.46501764587163,202.71333750601661,205.22012163641185,3296315
2022-05-23,212.63760375976562,214.74218566539122,205.78134188339217,205.78134188339217,6070490
2022-05-24,210.97264099121094,214.180952246361,206.35191233918187,212.11379317946952,8069565
2022-05-25,208.9990234375,214.45223090266188,206.29580537640155,212.5160086302707,5017540
2022-05-26,214.50831604003906,215.32208303982495,206.2677119955538,209.70986533623642,3514895
2022-05-27,213.72264099121094,217.286397483033,211.61805903721117,217.286397483033,2271910
2022-05-30,219.23194885253906,221.682612832226,213.6197308061536,216.44453694655613,4176795
2022-05-31,220.03634643554688,223.68428211002674,214.19963508377188,219.23192802109654,13941420
2022-06-01,221.67327880859375,224.4887365749991,218.1282195175189,219.84929640583428,5176220
2022-06-02,223.16050720214844,223.74043185531528,219.8586532665085,221.77616402719738,2790370
2022-06-03,220.4666290283203,224.10521648467204,218.56782973431157,223.64689447946145,5396720
2022-06-06,221.832275390625,223.49723226913193,215.97685209482077,219.99894454898137,2524525
2022-06-07,220.61631774902344,221.3646164304873,213.74134412995147,219.16649172980163,4116090
2022-06-08,219.85865783691406,223.9555675479314,217.4173422713105,220.74725622567348,3753885
2022-06-09,218.46493530273438,219.37224501389892,216.07039125897947,218.5023580817602,4476645
2022-06-10,217.99728393554688,218.42756032474125,215.63079947650405,216.63165201625483,2121945
2022-06-13,212.12313842773438,216.98705799036412,208.68098479875633,214.19966029378855,4399480
2022-06-14,213.16140747070312,214.87313579149972,209.70989087898286,210.25240703578802,3860780
2022-06-15,215.135009765625,215.696237239274,211.69285646022664,214.21835154643202,3345520
2022-06-16,213.7787628173828,219.81189495196801,210.20564346135336,216.63164345745162,6698850
2022-06-17,214.9573211669922,215.97687077477224,208.129119099253,212.60954821949124,6730740
2022-06-20,213.05850219726562,217.35184555525495,208.85868724267016,215.13502400556277,4386785
2022-06-21,219.61544799804688,221.36459906165547,211.16906065597516,214.57380583051096,4280930
2022-06-22,219.1758575439453,224.30168003190147,217.95051112166496,218.40884746004207,4890975
2022-06-23,224.0771484375,227.70638720409144,217.02446763931584,217.23959865995778,3954310
2022-06-24,232.9631805419922,234.91809983440714,225.04996069114316,226.44365244164132,4996020
2022-06-27,234.30079650878906,237.39686839754083,232.9819216081234,237.39686839754083,4127285
2022-06-28,234.03884887695312,236.35856163710963,231.84072446720654,232.5329031536521,3527135
2022-06-29,228.9971923828125,235.6757307576569,227.8560403287051,231.97166086073977,2727410
2022-06-30,239.7071990966797,242.67233380787107,229.9419507514398,231.03633166239058,9956150
2022-07-01,236.77947998046875,238.48185964716785,231.69106664289123,236.87302265741587,5358285
2022-07-04,236.62045288085938,241.15700122711,233.84240397977106,234.02947504843337,2008615
2022-07-05,238.96824645996094,245.1510407349364,235.90959782363535,237.3687722689666,6272225
2022-07-06,240.2122802734375,242.5039473601694,237.6026052001116,238.17318126402557,3157810
2022-07-07,244.739501953125,247.22758904138877,235.33904690071918,239.45466830313515,4945940
2022-07-08,239.53884887695312,247.60173199313576,237.77100052423108,246.90020464249034,3652815
2022-07-11,234.992919921875,239.4546372768403,231.9903912518067,238.64087022520454,3691540
2022-07-12,231.27951049804688,235.245483226162,230.79312852272466,233.65535756583503,3442455
2022-07-13,237.37811279296875,238.50055353810714,232.0371599905803,232.73868724036785,3151325
2022-07-14,242.2513885498047,243.09324411278632,237.59325145780093,238.33220151065953,3203265
2022-07-15,245.93675231933594,246.56346258829535,238.68763702793154,243.19612590517997,2703045
2022-07-18,261.3609924316406,265.4485531139929,247.49880777784253,249.18246167995224,5420345
2022-07-19,260.32275390625,261.71644570499416,253.92482821544377,258.5736170338134,4993150
2022-07-20,263.40948486328125,267.7496145883589,262.19351549896004,263.7742927997108,4629925
2022-07-21,273.4833984375,274.70873046529255,261.0429642555962,262.4647444736526,4855305
2022-07-22,279.88128662109375,280.5921766357316,272.4731469941721,274.43742881947225,4810415
2022-07-25,279.9561462402344,282.2945705440961,275.55992567610554,275.55992567610554,4721665
2022-07-26,276.560791015625,282.2758865788584,275.6908754396878,279.862645144722,4102640
2022-07-27,271.4068603515625,275.74696067257054,268.4510888399545,273.31502242517604,6702695
2022-07-28,273.3056640625,281.770748092919,269.94769039840827,276.49527803813646,8557735
2022-07-29,258.1153259277344,276.86948032199666,256.3848859666773,276.86948032199666,9296570
2022-08-01,257.1986083984375,261.5293746909449,254.6263417149603,258.1620380508039,4709025
2022-08-02,257.99371337890625,262.5302627637575,255.00988133738664,257.600845490382,4861880
2022-08-03,254.46728515625,261.2393803883456,252.19434390684182,259.09737603782764,3733035
2022-08-04,254.40187072753906,257.6008192349854,249.47245395658356,257.6008192349854,4646770
2022-08-05,254.8788604736328,257.9375374222233,253.30744635145214,256.22579501984933,3153135
2022-08-08,260.4537048339844,262.6518007966154,253.6722744972444,256.29129824369124,4775785
2022-08-10,261.23004150390625,263.69943114583066,259.1348225678859,260.9681391369037,4003980
2022-08-11,263.0353088378906,266.6364879397639,260.2572596501847,262.9604918207928,5658525
2022-08-12,255.9077911376953,263.0353036382297,254.8976044281435,263.02596935203843,5225265
2022-08-16,255.29981994628906,259.4715610075425,253.07363539064204,255.35593984725335,6555990
2022-08-17,253.58802795410156,256.1041743565417,252.7368667734699,255.16880479564094,6599875
2022-08-18,252.25987243652344,255.4027011231667,248.25649101222137,252.59659184785536,4383855
2022-08-19,251.96051025390625,255.3372094293941,250.6790584403078,252.5591605130791,3815695
2022-08-22,245.60000610351562,255.32784436837554,244.13146896044975,255.32784436837554,4246725
2022-08-23,250.0430145263672,253.7844930191925,242.8593826709943,244.21565149751416,4383165
2022-08-24,251.2496337890625,252.4936914376234,248.26583079823098,251.80152701510252,2029850
2022-08-25,247.81689453125,255.11276806647678,246.93764457377102,252.3627783773783,3292195
2022-08-26,249.43502807617188,252.0727486991139,247.71392286282125,249.74368748957886,2107620
2022-08-29,247.854248046875,249.14503412294917,243.1960971407479,243.61702488080826,2128080
2022-08-30,253.41969299316406,254.24282285424852,248.89250730241596,249.1824696109503,5142225
2022-09-01,248.6680145263672,254.04638974058426,247.4988025232765,251.05319559458619,2217970
2022-09-02,244.80496215820312,250.67908280755654,244.43081998245935,250.67908280755654,2321585
2022-09-05,247.08721923828125,250.3048927151002,245.07618045157258,247.10591635266277,2988435
2022-09-06,259.0506896972656,260.3227789833173,246.46059104527347,249.51926870389946,8058715
2022-09-07,255.6552734375,260.1918225496804,254.60766385803157,257.41377317955926,3464835
2022-09-08,254.6918182373047,259.2657611303825,253.67226871122077,257.0395767240708,3184610
2022-09-09,247.7046356201172,257.2266932691929,246.93762553842515,256.281960643079,3022760
2022-09-12,248.52777099609375,249.6221376931419,245.0668912662302,249.0422129757015,4745365
2022-09-13,249.29469299316406,252.54978944450377,247.6204019786605,249.7436806728982,3598305
2022-09-14,249.67823791503906,253.38232263900107,246.02093880522122,247.56432171281494,3689160
2022-09-15,248.05072021484375,257.0396103153892,245.62811585173424,250.93164664671912,4760095
2022-09-16,240.2122802734375,250.30492690474395,237.20975165534256,248.77090695953862,5117185
2022-09-19,240.7454376220703,244.74881845817254,239.47332009398843,240.76413473821287,1969205
2022-09-20,242.466552734375,246.65701957702524,241.32540047404552,242.29819302675753,3808500
2022-09-21,238.10772705078125,245.05751761096937,236.27441028898255,243.14938382725282,3779985
2022-09-22,235.18934631347656,238.70633104788087,232.20551485607925,236.274378529368,4041540
2022-09-23,225.0780029296875,235.13322664408872,223.8433081436719,234.77778161067062,5578410
2022-09-26,219.80255126953125,224.90031375147495,214.80766576239753,222.8331402433449,3960710
2022-09-27,217.95050048828125,222.45898953783504,214.38674402147322,220.76597257256273,3060765
2022-09-28,219.79318237304688,223.27275902466113,216.0704147217901,216.9590131399335,7037355
2022-09-29,226.21917724609375,226.85522181821077,222.05677048651398,222.6179980393545,8863220
2022-09-30,224.03041076660156,228.74468244829458,222.43093643619903,224.48874709673038,3689185
2022-10-03,218.81103515625,227.66898768440194,216.56615350233457,224.48873629592018,3393565
2022-10-04,224.46067810058594,225.19026535744302,219.88672063370052,220.7659704746846,2886230
2022-10-06,224.06784057617188,227.85609115673316,222.99215673237217,226.50915634830156,4285510
2022-10-07,224.32037353515625,226.29398994646894,218.98875470275587,223.9275056921002,5047815
2022-10-10,220.3263397216797,223.12308604139278,217.75407299960503,221.48618903643617,3026365
2022-10-11,219.5967559814453,223.41306620077884,218.86716873228252,219.81188702347808,2086380
2022-10-12,226.73361206054688,227.82800718145947,219.18518592041997,220.7004802838234,2322665
2022-10-13,222.43092346191406,226.52783315208376,219.82123393647475,226.52783315208376,2016655
2022-10-14,221.47683715820312,227.44450043121583,220.81273266166318,224.48872874399376,3429520
2022-10-17,223.0669708251953,223.99299200272299,219.25066058651845,220.7846663838936,1567175
2022-10-18,229.00657653808594,230.25996857181903,224.7880641233829,226.32206993533035,4394830
2022-10-19,227.21066284179688,230.84925049340157,225.452163195303,229.16558213746163,1833905
2022-10-20,227.44451904296875,229.81100344365203,223.5533773342351,226.88329146613998,3339120
2022-10-21,224.05845642089844,230.6154072917503,221.3832984511278,229.16558137140933,5002910
2022-10-24,224.30165100097656,227.29483110754182,223.01083628177307,227.29483110754182,395760
2022-10-25,227.6876678466797,231.9716623561308,221.72000519141255,224.48870550593304,4718435
2022-10-27,233.2625274658203,234.5346309765839,226.55592765001145,229.16560313639147,4543535
2022-10-28,238.46316528320312,240.1748793581589,232.72934417408578,234.43172396233248,2765695
2022-10-31,229.94192504882812,238.32282920314543,229.16556651892856,238.32282920314543,3104155
2022-11-01,225.92921447753906,231.27953085795363,225.0499788573903,230.38158384553478,6675575
2022-11-02,225.9479217529297,228.75403109267816,224.48874717987812,225.98534453678803,2733960
2022-11-03,232.01846313476562,232.59838779701562,223.71237540974568,224.86287617513526,3636250
2022-11-04,235.6289825439453,236.5175808968492,232.04651491076888,232.90705331472066,3337760
2022-11-07,241.16636657714844,242.0736763632691,235.09582612235653,236.5269406772459,2258285
2022-11-09,238.57540893554688,243.00905246781707,236.46147841401688,236.46147841401688,1989790
2022-11-10,232.93511962890625,241.32538713747124,231.49465654377016,237.54649975836742,3089160
2022-11-11,238.84664916992188,240.76414556109617,234.2165579197171,234.2165579197171,2488040
2022-11-14,236.78883361816406,240.48355534769686,234.85262576278336,239.4359315793306,1655990
2022-11-15,234.34750366210938,237.60260029026057,233.10347459901837,237.57454034282893,1474635
2022-11-16,230.7837677001953,234.74039190374796,229.22170197589958,234.21657287001068,2486780
2022-11-17,238.64088439941406,245.02944711194272,230.4750963591133,230.4750963591133,10895855
2022-11-18,234.07627868652344,240.28714749503595,232.34583894922758,238.6128276588226,5665580
2022-11-21,243.22418212890625,244.13149188038537,232.53291330085892,234.3007614642608,11427320
2022-11-22,251.89500427246094,253.47578106969485,241.51242527363286,244.12208572284945,9851655
2022-11-23,249.60345458984375,254.97246848919585,247.9197717029744,252.5498639603364,6956495
2022-11-24,245.38491821289062,250.85683743716012,244.13152606388962,250.85683743716012,3504165
2022-11-25,239.48269653320312,247.31173613868194,238.55667541764632,246.00222430390232,4325525
2022-11-28,236.6017608642578,242.22332757806512,233.28119560134837,238.33220050443296,22810780
2022-11-29,237.6400146484375,239.641719431912,234.12302984851257,234.35687226460726,8742450
2022-11-30,252.5498046875,257.2266529224537,237.9580324854012,238.04222660081254,11378515
2022-12-01,240.73609924316406,251.88571881794127,238.89341976080868,251.88571881794127,8011285
2022-12-02,241.390869140625,242.8594064436607,237.20976537381034,240.69867614094937,5168550
2022-12-05,242.2327117919922,243.1961415185067,239.26759131772977,242.44785711653782,4417660
2022-12-06,248.16290283203125,250.49196396908638,241.3627762111287,242.26072302194768,10171880
2022-12-07,249.78115844726562,255.68333957949784,248.24713827931654,248.4342236567028,6943485
2022-12-08,250.3424072265625,253.48523630711327,247.87301705308124,249.72505968319217,2846375
2022-12-09,251.4367218017578,253.31682399605253,246.27349143612813,252.25048885743243,3202765
2022-12-12,255.08470153808594,257.4044290217887,248.48099273928253,250.67911757632837,5938835
2022-12-13,255.5149383544922,256.46900511562876,250.67906473240842,254.60762865749533,1977965
2022-12-14,257.8907470703125,258.1620122497569,253.55998121062746,255.5336259303965,4138030
2022-12-15,260.6314392089844,262.6892355189617,256.3006727263793,257.30149665824285,3778060
2022-12-16,256.3755187988281,262.65184250059013,250.323674726628,257.60085101889075,9071230
2022-12-19,256.71221923828125,259.4434827094543,254.79469427354334,257.03024150299495,3297195
2022-12-20,259.8924865722656,261.71644042833844,252.9988161927238,256.27261026514157,2851545
2022-12-21,256.17901611328125,265.55140869844524,254.46727385686037,259.4340838680787,4286630
2022-12-22,250.56683349609375,259.4715425396705,248.49967450378824,257.22666102522106,1549960
2022-12-23,243.4767303466797,248.23778741262169,241.437631177374,248.23778741262169,1564975
2022-12-26,252.76499938964844,255.73010576486664,242.2701487572131,243.4861181178957,1606850
2022-12-27,257.9562683105469,260.0327902957244,248.7241734525345,254.79471399079543,2420365
2022-12-28,259.7708435058594,261.342257565175,253.01747392868984,255.08463272857102,2201075
2022-12-29,245.48777770996094,252.36272184747895,234.09496787465906,252.36272184747895,19945730
2022-12-30,257.58209228515625,259.0599637349727,247.90101094287726,248.8083206222935,7329350
2023-01-02,259.2470397949219,260.0327468275362,254.79467139822634,258.34909297839334,2184945
2023-01-03,255.24717712402344,260.4102017354811,252.59002910780447,258.86886080885057,2678225
2023-01-04,251.21890258789062,255.86179791954868,249.23312624096178,254.93512345320394,2709675
2023-01-05,249.6208038330078,253.42212532414376,247.98489688901753,252.6561876271057,2309935
2023-01-06,244.8455047607422,250.72716923212087,243.39873021164877,250.56643253643023,1599915
2023-01-09,249.3749542236328,250.52859348935922,245.7627361620465,245.8573024344978,2348255
2023-01-10,252.26852416992188,252.9682627004718,249.37497490984927,250.14091272236394,2849300
2023-01-11,252.3819580078125,254.1502346654878,249.46950742886025,252.2873917403146,1445245
2023-01-12,248.24969482421875,253.84768946720746,246.8407525216455,253.70582562238832,2259350
2023-01-13,242.6800994873047,248.31589763531827,239.72980185160424,247.7485288207021,4597480
2023-01-16,240.69430541992188,246.1504506515625,239.9945669105388,243.77697271854785,2549280
2023-01-17,240.4957275390625,242.1978194684,238.8409187466931,241.64936682290306,3167635
2023-01-18,242.8313446044922,244.2970496216401,237.5643324277818,241.69663595573013,2375830
2023-01-19,244.87387084960938,245.35613865004433,240.6186626371251,242.8313605188898,2489795
2023-01-20,241.56427001953125,244.7225729634277,239.50284352806048,244.7225729634277,1984570
2023-01-23,242.9448699951172,245.28051569840645,241.11037940143385,242.4720674548366,1269830
2023-01-24,239.2947998046875,244.4956273223636,238.85982958333,243.56892403048718,1061495
2023-01-25,237.19558715820312,240.30663611355814,232.61886179554173,239.90948369072777,2130930
2023-01-27,234.7086181640625,242.83134704120866,232.62827566742968,237.34684970655678,2410525
2023-01-30,235.2381591796875,239.21914813754486,232.1271106589614,234.3209211781544,5905675
2023-01-31,243.32308959960938,244.98733480432205,233.26183837952502,235.94736759036527,6053500
2023-02-01,245.3561248779297,258.5094935892127,241.73445607952536,251.15268801221796,7936630
2023-02-02,239.1435089111328,245.78167476263127,236.96862886155694,244.5145386140115,2552580
2023-02-03,241.8952178955078,242.86918991195748,236.40125503705272,240.41062551684465,2600590
2023-02-06,244.65640258789062,245.40340979264667,238.29247027476197,238.29247027476197,2088355
2023-02-07,244.21194458007812,246.42465670885537,241.8857500452806,244.70364876728203,1940780
2023-02-08,247.3040771484375,247.89981292203964,243.9755579014605,245.4412341241525,1715770
2023-02-09,248.70361328125,249.15748527261994,245.58309905269016,247.4648728755057,1437655
2023-02-10,241.8101348876953,249.63974388243213,239.74870828751423,249.63974388243213,3358630
2023-02-13,237.5548858642578,242.9637475413732,236.96861538983615,241.81010830353333,1789390
2023-02-14,240.22149658203125,241.03471748873875,236.3823424511056,238.6707049028202,1050085
2023-02-15,240.69430541992188,241.6777427616105,237.7251061111876,239.3326462548569,1236070
2023-02-16,238.04661560058594,242.5098580705891,235.71097002067168,242.4531240773584,3304915
2023-02-17,233.39422607421875,238.53830500082213,232.71338934019434,236.38232681934048,2077315
2023-02-20,233.98052978515625,238.0655363409425,233.41316094992453,238.0655363409425,2309105
2023-02-21,229.7725830078125,236.90243894448,229.02554691636286,235.83390058954515,2163550
2023-02-22,228.46762084960938,230.97346828666215,226.0185074030126,229.02552432747592,3253235
2023-02-23,227.00193786621094,229.82930205883613,226.01851499809075,228.82696305033264,1641205
2023-02-24,230.4344940185547,231.10586551541272,227.1154111007544,227.47474563240607,2464105
2023-02-27,227.49366760253906,230.8411031741634,225.43224106390971,230.4344999232232,1437525
2023-02-28,227.57875061035156,229.33757646425443,225.053987025179,227.89080198768124,13260610
2023-03-01,231.03965759277344,232.89303520204115,227.8907913992465,228.2690276051581,2913235
2023-03-02,228.76077270507812,231.6543218588389,225.62137143188517,231.29500175025154,2720640
2023-03-03,230.141357421875,232.4297198690189,228.90261713793396,229.90495616375532,1836725
2023-03-06,235.80552673339844,236.22159526406116,230.7276322314191,230.7276322314191,3145920
2023-03-08,240.26876831054688,244.89279056067198,230.93565168172776,235.45564237707305,51702925
2023-03-09,244.04173278808594,248.63738822745324,241.12928200085966,242.06543617240303,8022010
2023-03-10,240.11749267578125,243.02050721699342,237.99934651656366,243.01104193170428,1446625
2023-03-13,237.92369079589844,242.80300196160692,236.72276832422608,240.32552131045495,3683830
2023-03-14,234.32093811035156,237.9142402449125,231.29500478659062,236.5998497810544,3141790
2023-03-15,232.5337371826172,237.1671960738916,231.7488832735881,236.59037642647445,1987050
2023-03-16,236.4390869140625,238.45323034366325,232.3729966292667,232.9970850137051,3988570
2023-03-17,235.64476013183594,239.79596545214528,233.9048504167658,237.63053637821812,4182610
2023-03-20,230.67088317871094,241.11035590197199,227.61658310624185,241.11035590197199,3402415
2023-03-21,238.38702392578125,243.71078464060724,230.36828321595902,233.2618321788805,5079360
2023-03-22,235.67312622070312,239.2002432012231,234.83153836174307,238.66124143430017,1814750
2023-03-23,238.396484375,239.07732115000212,233.37532398095016,234.88828336967555,2141185
2023-03-24,233.22401428222656,238.16007348699156,231.6732226749417,237.2144684964816,4290270
2023-03-27,228.72296142578125,233.18621855881943,228.0137576156009,232.99708599974056,1948390
2023-03-28,231.84341430664062,233.4320381228102,227.35179080205552,229.03498088457306,2605125
2023-03-29,236.74169921875,238.2924910436284,231.0113344808309,231.84345717766064,1649135
2023-03-31,238.17901611328125,242.43423904377318,236.9686427451333,236.9686427451333,4489935
2023-04-03,243.2947235107422,244.15522754126698,239.4271880156894,239.4271880156894,2297460
2023-04-05,243.7864227294922,244.76039472514165,241.02525786108146,242.26401253120224,1710530
2023-04-06,246.58538818359375,247.18112390906379,242.10323003207222,243.20960050188413,1428390
2023-04-10,246.75564575195312,247.1811507037194,243.02995960052985,246.58541491367103,630385
2023-04-11,244.9684600830078,247.74854144446417,241.50754188083607,246.75566761147752,2316150
2023-04-12,247.55935668945312,248.12672541337201,243.69183602680468,245.66814684810493,2680600
2023-04-13,245.21432495117188,247.54997073574887,244.3443555494441,247.54997073574887,774615
2023-04-17,249.89505004882812,250.96358843186502,245.0819235400147,245.85732664988296,2927410
2023-04-18,253.2708282470703,254.36773346021647,249.4505761402611,251.01084740553654,2602290
2023-04-19,258.4433288574219,259.0768969749062,252.95883079318295,254.81220871827657,2649705
2023-04-20,253.29917907714844,259.7671131080594,252.63727296396118,259.1052069948721,1972785
2023-04-21,256.987060546875,257.5355276072994,253.62070905435962,256.3345907880517,1533610
2023-04-24,263.3699035644531,267.00102343049787,256.48590007428123,257.39370168397403,3484290
2023-04-25,270.96307373046875,277.87544327092695,263.8426699568029,264.71263916591806,11463135
2023-04-26,265.9325256347656,272.3058946059318,261.3652369622076,272.3058946059318,4680385
2023-04-27,265.8190002441406,267.0388387400542,261.3652088991568,264.76939257520996,5355815
2023-04-28,252.02261352539062,258.150143811173,247.55935713742937,255.31332904401725,15378245
2023-05-02,250.64207458496094,255.937468685926,249.95177250328734,255.10533161694312,4445290
2023-05-03,249.46005249023438,252.60893329730575,248.93051599937348,250.21652494644297,2404405
2023-05-04,251.0959930419922,251.72009588757402,248.88328051179028,250.77449076231278,2605540
2023-05-05,249.42222595214844,254.81218611383485,248.93052173005069,251.15269930048544,1867575
2023-05-08,254.91616821289062,256.2589399312647,249.4222057945568,251.34178267737738,3146345
2023-05-09,254.9823760986328,264.76939337526915,254.50013718384943,256.9586870362751,4717955
2023-05-10,255.89016723632812,257.3937046517253,251.62550810885435,257.3937046517253,2721495
2023-05-11,258.0177917480469,259.07689369225864,253.43163013441483,255.52140930920524,1675840
2023-05-12,255.26608276367188,259.9751772219543,253.61127400413818,258.14070120277955,1868500
2023-05-15,253.53564453125,258.64190649582895,252.675140394295,255.8807556580366,3314115
2023-05-16,251.2661590576172,257.26129123036617,250.58532231062122,255.31334725987824,5037130
2023-05-17,254.2164306640625,255.42680384275513,250.60421283821142,251.34178354307767,1876620
2023-05-18,254.5757598876953,256.6371717050575,251.42690817457395,255.77666775761057,3189190
2023-05-19,253.28976440429688,256.61831277481457,252.09832161946574,256.61831277481457,3457825
2023-05-22,249.50735473632812,253.02500695993783,246.9920704954176,252.66570125236368,3724060
2023-05-23,257.82867431640625,261.0531909738082,249.70593046532892,250.3867672501407,3621815
2023-05-24,259.02960205078125,262.87822179204466,256.48592198454696,257.71522594776155,4991420
2023-05-25,260.1075744628906,262.4999539603083,256.8925232320932,259.02957091047955,2376370
2023-05-26,261.6678161621094,262.1500839454418,258.1501644157674,260.10757368715537,2622815
2023-05-29,266.4336853027344,269.19483585927037,261.6678278210506,262.4999648734562,5878845
2023-05-30,267.9466247558594,268.7787617911071,265.84740931363234,266.9442857427406,3948785
2023-05-31,264.72210693359375,268.5328935786264,263.1429340315747,268.10735982475376,6080605
2023-06-01,266.7079162597656,268.26818781551333,264.7221685662295,264.7221685662295,2902875
2023-06-02,267.294189453125,269.34613623044254,265.56371606904173,267.67242569774993,3680045
2023-06-05,264.9490661621094,269.90402710717933,264.3249634017833,268.7409514308404,2510040
2023-06-06,266.4525451660156,268.5045204778515,262.0743899012669,266.17831166736744,1777200
2023-06-07,266.3486022949219,269.6865871571611,262.87821886650823,264.769429074181,3799040
2023-06-08,266.84027099609375,274.0363110255731,264.7693937860895,267.2279724999037,4030580
2023-06-09,268.0223083496094,272.10732925403755,266.47150215424085,266.6606347148,2435880
2023-06-12,274.6698913574219,276.3530671389868,267.98445693913976,269.4974307428956,2951100
2023-06-13,272.9772644042969,276.3058127161624,271.3886548141301,275.757345615877,3300860
2023-06-14,266.2445373535156,274.2254457380851,265.194929671464,274.2254457380851,3617290
2023-06-15,267.4549255371094,268.5518308443121,265.52588317909243,267.4170932554608,2747890
2023-06-16,268.85528564453125,270.67773169812034,266.668379651764,269.8144554531404,6897545
2023-06-19,281.9671936035156,287.9236308441155,278.69642053554935,282.5714753602442,15970295
2023-06-20,299.19384765625,301.6972962141568,279.3198469694745,281.99593907715655,13814600
2023-06-21,332.7073059082031,344.06387562883214,321.3219622573383,329.1104182709941,67327115
2023-06-22,329.714599609375,338.58691974431815,324.5254877800291,338.58691974431815,20695285
2023-06-23,321.638427734375,327.75793634266114,314.9626134669457,324.7845038164088,26775580
2023-06-26,326.7604064941406,328.6979190582194,315.0393497270387,320.11333717068726,9027690
2023-06-27,325.3791809082031,331.59458246154037,318.44437273528007,326.8850552437441,9250910
2023-06-28,326.3096008300781,329.637921443184,324.03634365462926,328.036094884009,9058510
2023-06-30,332.87030029296875,338.96103446336576,325.69569954980557,326.32875513933817,13348225
2023-07-03,337.2345275878906,341.0616059626593,334.38579193263405,336.22741094343814,7848930
2023-07-04,341.0232238769531,343.99665598037717,333.79107570726507,339.9297563027462,8948575
2023-07-05,345.7327575683594,350.67247606188823,339.33508228110185,341.0807782990988,13158105
2023-07-06,339.8050842285156,345.60807924743636,339.0185872163874,345.60807924743636,4616375
2023-07-07,329.68585205078125,341.2726106091875,328.4197408618694,340.50528646098996,6705130
2023-07-10,330.5683288574219,331.94950658557116,326.85631675103645,331.6713683896853,6425075
2023-07-11,337.7620849609375,340.99448267133636,331.1342177861949,331.8535951735492,6085610
2023-07-12,346.3562316894531,348.7445552007921,337.57023252843317,337.6469532354047,6537300
2023-07-13,343.1909484863281,350.90268200367666,342.03996226995093,348.65822814662425,6218315
2023-07-14,342.2126159667969,347.4784490464697,340.054483816565,345.3011440371015,4492200
2023-07-17,339.4501953125,343.77606059140834,336.7069836625367,342.63464615760125,4223875
2023-07-18,342.26055908203125,345.53133172946673,339.54612133053325,341.2342696057362,7805875
2023-07-19,342.5675048828125,344.2844271043778,340.08325849252986,342.2317895821709,5968125
2023-07-20,342.01123046875,345.0134370462946,341.08083446169826,342.42366651529267,2878425
2023-07-21,351.3438720703125,358.374602817,340.50526546961333,341.16709494703787,15551270
2023-07-24,344.59136962890625,354.49958129851973,341.4644665514577,353.1279754383845,30150490
2023-07-25,349.8092041015625,351.2383575991224,344.53377070929156,351.2287565351539,7020285
2023-07-26,348.9747619628906,352.0920640496831,346.97010044119986,350.28884927680264,3995010
2023-07-27,347.5360107421875,354.72021306873387,342.72098846847024,352.5908547581374,11626560
2023-07-28,348.72540283203125,352.6484041571668,343.38281953642024,350.29842622546556,5905730
2023-07-31,363.17047119140625,364.10086708142035,348.76372185796004,351.33431920466916,7778860
2023-08-01,355.6026611328125,364.67643001791384,353.9337147715158,363.17052615753653,5345210
2023-08-02,351.6604309082031,358.0101303450085,345.6176435631668,356.81116808665286,7630985
2023-08-03,348.8404541015625,352.7059070828419,343.67051501895617,350.86428825495057,3816705
2023-08-04,352.3990173339844,353.68430149443225,345.6944290631911,350.0970154156965,5455600
2023-08-07,355.81365966796875,356.8112045649349,351.660466859904,353.1471685036409,4926185
2023-08-08,357.0798034667969,359.6408002250308,352.9745570717159,355.8328941857594,9859755
2023-08-09,354.68182373046875,359.8613350335709,352.9745025790729,359.3050294035492,6340300
2023-08-10,355.02716064453125,359.4776937569248,352.9745230092999,355.7848837896114,5397960
2023-08-11,346.8262023925781,354.902424939694,346.0876521887548,354.89282387485895,5133290
2023-08-14,347.9004821777344,349.00352163215734,340.41896918365313,346.82621664746017,4598320
2023-08-16,344.5338439941406,348.4951911413989,337.64698178170454,347.94848653809777,9040420
2023-08-17,353.81854248046875,358.7294869228109,347.5935401625239,347.5935401625239,6805160
2023-08-18,349.2241516113281,355.27651110000915,346.84539981534783,355.27651110000915,4286650
2023-08-21,353.59796142578125,355.85201644083327,348.1115086806836,349.1378274513836,6865250
2023-08-22,353.9432678222656,355.65058894632983,351.1904550976014,355.65058894632983,4892080
2023-08-23,355.31488037109375,356.11097846441675,349.35844381881935,354.7009976188354,2475480
2023-08-24,359.7845764160156,370.5752360236382,355.851974615819,355.851974615819,8085270
2023-08-25,357.6072998046875,360.5903334054398,352.39901428935656,357.77037156664954,4806385
2023-08-28,357.1660461425781,358.9117421666017,354.15426825586485,358.71989650206814,4670145
2023-08-29,359.1611328125,360.2641721959262,354.2789329143586,358.15398698903726,2919905
2023-08-30,361.43438720703125,368.3212196535078,358.30748415245483,359.113183307862,3644915
2023-08-31,369.9134216308594,371.9660297430957,362.3935340527235,363.5253473702902,12639870
2023-09-01,366.796142578125,371.38097324935245,365.79859774699474,370.2395587963141,3756035
2023-09-04,363.3143615722656,373.11707879792095,362.4223406198467,367.74572168071205,7899565
2023-09-05,367.0743103027344,370.22995800792717,360.68623564137283,365.21351846722337,6793595
2023-09-06,363.06494140625,369.66403430002794,361.031506117908,368.302029578911,6908360
2023-09-07,363.2759704589844,364.638004491107,358.8542116123566,363.52536398058686,6035475
2023-09-08,374.8147888183594,375.9849771970785,365.02167292240335,366.4028798373354,7287555
2023-09-11,375.4574279785156,378.25818739592495,371.8029933907574,378.25818739592495,6565460
2023-09-12,366.6235046386719,377.88414938250986,362.8251709329668,377.88414938250986,6903070
2023-09-13,366.4700622558594,368.3212531959708,360.11076093520074,364.87783665914577,6517920
2023-09-14,367.4388122558594,369.8079632076658,365.5588473463647,368.3212614909942,5225585
2023-09-15,368.7529296875,370.93983618471424,365.63562709046175,369.84636830033395,6773145
2023-09-18,366.88250732421875,369.203711491867,364.7627499223778,367.5827119282404,3166810
2023-09-20,367.9183654785156,373.11707904807236,363.1321171990081,364.48455022690877,4028295
2023-09-21,364.5420837402344,369.08853937367957,362.75804190436514,367.3044975378103,2504980
2023-09-22,362.7484436035156,370.18200985269965,360.83970499158585,364.54208651825934,2804785
2023-09-25,373.2225646972656,375.8698828389097,356.93587944725704,362.74844637183503,10327105
2023-09-26,361.5303039550781,372.7525733644148,358.92136085562254,372.54155483168165,5973300
2023-09-27,363.0266418457031,367.05513794662585,360.69583669381814,364.10090747261586,3216495
2023-09-28,359.0076599121094,366.8632626373711,356.1109484850054,366.2685527943591,21636670
2023-09-29,368.196533203125,370.42181432602814,357.88545710371466,359.2474911981848,6908925
2023-10-03,368.6953430175781,372.13875954971934,360.8397389582198,371.77427029329306,11039535
2023-10-04,355.0079650878906,368.3116471566551,353.2622688133314,366.21106269616143,6700835
2023-10-05,352.49493408203125,359.2954450800356,349.71334725922975,355.27652090483275,7397385
2023-10-06,354.6722412109375,357.3867084033603,352.0153511419808,355.0751054459464,6311950
2023-10-09,349.31048583984375,353.1375936310634,346.00136726024533,352.984122935057,5354120
2023-10-10,363.1129455566406,363.8610968861212,348.2170386117146,352.9745129819616,8377560
2023-10-11,364.2159423828125,368.4171106144213,361.7124940883924,365.83694161868965,4561415
2023-10-12,360.28338623046875,366.1247272966222,359.6887055873444,366.1247272966222,3313985
2023-10-13,360.8301086425781,361.942749182487,358.8062450354687,359.65992025332406,2983920
2023-10-16,358.2595520019531,361.60704552332606,355.96712193357394,360.8301202606094,2463960
2023-10-17,362.2688903808594,363.1225363907058,359.1132131397143,360.35055053580584,3378270
2023-10-18,358.0006103515625,362.72934081573845,355.3820949201195,362.25932759937865,2524565
2023-10-19,360.42724609375,362.5662054094494,349.79965697339554,352.3989990859873,3099700
2023-10-20,360.0148010253906,361.7508960785993,357.96219280727985,359.9764260361012,2206225
2023-10-23,360.6478576660156,367.55389218100225,357.962193838821,359.65031284239745,10365280
2023-10-25,348.3992919921875,361.96193910549994,343.7664850007105,359.02688156436517,6849205
2023-10-26,344.8407897949219,348.9172623177687,337.7909136726468,348.3993315903786,4792965
2023-10-27,371.23712158203125,389.36542660772335,355.0847041835471,355.0847041835471,25056665
2023-10-30,362.9882507324219,371.2371175320848,357.8183110430747,371.1987425409585,10187990
2023-10-31,360.61907958984375,365.8177929109281,358.8638116929117,364.86819488133796,8455335
2023-11-01,364.9162292480469,365.8274231627451,359.90936080012943,361.41523541677793,3794295
2023-11-02,375.00665283203125,376.9537665366643,365.02169077072693,367.0743283843965,4288760
2023-11-03,386.2673034667969,389.02971747106744,374.4695253677289,376.4741869525472,9322270
2023-11-06,385.87005615234375,389.9196314317135,384.0293562427404,389.2511622151162,5634155
2023-11-07,385.0369567871094,388.5633466922274,378.6526167116443,387.49769841941185,8807090
2023-11-08,383.5740051269531,386.0928715248738,381.94644083237074,385.0368912540364,3525375
2023-11-09,376.55029296875,381.7042765909569,375.89152110987635,381.7042765909569,4975345
2023-11-10,378.2554016113281,380.9195813775581,373.3533132066815,375.8915451989841,2430100
2023-11-13,381.2779846191406,382.285537125631,373.99267545846044,379.26290917136157,2779500
2023-11-15,394.4438781738281,395.49985849842113,382.69241989071566,384.6590675714168,6346865
2023-11-16,394.4438781738281,397.39871317063074,390.52028019872563,394.647316329707,3184495
2023-11-17,386.5094909667969,391.1887758242777,383.8550086792878,391.1887758242777,5468870
2023-11-20,385.37603759765625,389.41588640291974,383.2156193386508,386.5482684291714,2862980
2023-11-21,387.48797607421875,391.35344907408194,383.6806282649397,387.51703866951084,5089455
2023-11-22,383.0799865722656,389.4546289326728,378.4588269042443,388.4761389364293,2639075
2023-11-23,382.6440124511719,387.30390246816637,381.70428245136117,383.25435651648866,1529325
2023-11-24,377.3446960449219,383.6418475835406,376.1046427706943,382.64399244541374,2379295
2023-11-28,380.87109375,381.7042411001915,374.8355058931923,378.17782224492396,3604165
2023-11-29,382.547119140625,383.9131202184167,379.7666891824006,380.87112690856526,3299720
2023-11-30,388.9120788574219,391.3921853897248,381.9561555295599,382.295209265731,11002290
2023-12-01,388.146728515625,393.3104093539423,386.9357378303989,390.2296265811734,3034950
2023-12-04,405.8175048828125,408.44292428192745,388.92176130233696,392.36096285436275,9360830
2023-12-05,401.0704650878906,406.67008549733004,395.8583558306036,405.81757278867696,8296900
2023-12-06,398.3094177246094,403.81215278994966,396.23618729660024,402.43645424101214,3598450
2023-12-07,394.2597961425781,401.08010376996634,393.3297636004984,399.32659167184033,3904160
2023-12-08,393.6397705078125,398.6581084960269,390.3652471705358,397.2049197651787,4218365
2023-12-11,396.6430358886719,400.6731866461982,390.5105628453482,393.639773244334,4948465
2023-12-12,386.5966796875,400.11134844031886,385.20161596210437,400.11134844031886,7159045
2023-12-13,386.6063537597656,389.78399215037945,382.87649651840064,389.44490884385493,7973270
2023-12-14,410.43865966796875,412.70563071137593,388.5051819102265,388.6795870406445,11924520
2023-12-15,402.5720520019531,411.0780491441611,401.09946844995994,410.18674701715463,11228265
2023-12-18,396.81744384765625,402.73675227789323,395.8292565013821,402.39766896427375,4203410
2023-12-19,399.05535888671875,403.53117591751,395.2673763158673,398.910045911408,11070960
2023-12-20,387.27484130859375,409.20831993322884,385.57945426096387,399.3363209878135,9435625
2023-12-21,390.7818603515625,396.7980540272416,382.09178967993563,386.9938777957043,9405990
2023-12-22,398.26092529296875,400.8863448216608,390.7140230604204,393.3104095604622,6928875
2023-12-26,394.4438781738281,402.39765667772355,392.9616267648781,401.46762411421815,4822975
2023-12-27,397.1856384277344,400.20826689571805,394.4536359412081,395.4708564415157,3750095
2023-12-28,396.3620910644531,400.07255343195123,394.51169379116766,400.07255343195123,3288345
2023-12-29,397.8443603515625,400.6926128726327,394.87016006595746,397.6893499925352,5291010
2024-01-01,396.9821472167969,399.14256543532105,395.48053045932363,398.2803257992716,1523610
2024-01-02,393.3395080566406,399.09413868633055,390.6172031115589,397.20498121787085,5389635
2024-01-03,404.9649963378906,406.5053729942108,393.13601763421144,394.2985805577603,6787670
2024-01-04,416.2223815917969,417.0652264479139,404.99407857857307,406.8929038516233,7695105
2024-01-05,420.9209899902344,421.763834762729,410.6614806231207,417.1620702352545,8114435
2024-01-08,425.5615539550781,431.1127467078468,419.2062762789385,423.168634830069,7487975
2024-01-09,420.0394287109375,430.7348780853199,416.69708230319003,427.5475716117805,5463445
2024-01-10,416.580810546875,423.91457749331414,413.8100779517446,422.3935660428779,2470725
2024-01-11,441.720947265625,443.6778974502872,427.0437174024566,429.74665672551225,14663945
2024-01-12,444.24951171875,446.2452220171176,437.9136001298925,444.24951171875,5187280
2024-01-15,444.24951171875,444.24951171875,444.24951171875,444.24951171875,0
2024-01-16,447.5240173339844,452.41640771510015,444.6854623569425,450.48852006857436,6647950
2024-01-17,443.3194885253906,449.10318138456284,434.0190738862168,444.48202187703544,5308645
2024-01-18,437.00299072265625,443.18389277464195,425.6003114798178,440.025648730352,7883550
2024-01-19,446.0030212402344,449.89758621058144,440.02558776690427,440.02558776690427,5296785
2024-01-23,441.67254638671875,448.34754168208644,435.4916447848834,443.13543269332365,10999270
2024-01-24,446.1192932128906,448.5509720904883,428.1191397821823,432.82745760894016,8501730
2024-01-25,447.02996826171875,455.9041121434476,444.0945278273258,449.09350125756805,5327820
2024-01-29,466.7642822265625,473.1583195649822,446.06118823573127,471.2207342845644,17895075
2024-01-30,475.2799377441406,483.7278100371789,466.76424287635626,466.76424287635626,14238795
2024-01-31,477.9634704589844,480.4436065464046,465.11730156043785,474.7083417355234,9573360
2024-02-01,464.4779357910156,472.56736007570976,462.8116113031088,467.15181288131373,10601720
2024-02-02,466.0861511230469,469.1184768564049,462.2303457218597,464.53607696569895,4405185
2024-02-05,456.7082214355469,471.2982356561955,454.790001440147,468.70184901332595,1993400
2024-02-06,466.3109130859375,467.7605546271619,452.1451978925641,459.2183167864505,7511415
2024-02-07,469.6577453613281,478.51129479738256,466.3108977365715,466.6027618993025,5230250
2024-02-08,456.87353515625,471.8662370979088,455.48226657274796,471.8662370979088,4430985
2024-02-09,454.1785888671875,458.06053074159325,445.88929023578487,456.873566977955,2903050
2024-02-12,440.1977844238281,457.8465425373186,438.75785174722904,454.35376235963565,2845040
2024-02-13,453.50732421875,456.0077364055219,434.94398908515683,441.12203865633194,8984610
2024-02-14,465.6979675292969,467.89677659292374,443.6905182521416,444.6245132925774,3686385
2024-02-15,474.3180847167969,479.3383569298297,469.33673762853294,474.2402641584299,5721585
2024-02-16,476.6141052246094,478.63776597650457,473.58830826223,474.78501067878494,4596560
2024-02-19,474.765625,479.05620678154,470.22207445723234,476.61416750061863,3451410
2024-02-20,470.2414855957031,475.7287695233397,466.087127221404,474.7655880707688,4396705
2024-02-21,458.4302978515625,469.9302224046584,456.30933881912443,469.68699234063104,3665875
2024-02-22,466.0677185058594,466.9433407806622,453.9742973982972,459.04323320918485,2571220
2024-02-23,475.84552001953125,478.09296322577813,464.68612453739695,466.7098151080019,5723325
2024-02-26,483.57049560546875,493.2705105810706,476.33196739442957,476.7114205004826,5989015
2024-02-27,461.6311950683594,488.27946436203956,439.1761798418281,481.59550722448074,20513770
2024-02-28,457.03900146484375,474.38615552162605,449.0804916842485,465.4450165315801,11119410
2024-02-29,474.51263427734375,477.7232590144992,457.4962697263178,466.80709334053574,20232355
2024-03-01,476.8184509277344,481.3717102774328,473.81213111256807,480.5252744652518,5500370
2024-03-04,476.0498352050781,479.6496517702878,470.6987741812717,478.6767315841411,2666695
2024-03-05,473.1310729980469,477.8692192286522,469.1421240016791,469.1421240016791,6190170
2024-03-06,462.05926513671875,477.3146464394127,457.05844115773436,475.5633723000034,6744720
2024-03-07,476.6433410644531,477.7816410769383,462.0592766966558,462.0592766966558,5963990
2024-03-11,482.7532653808594,486.4406411681183,471.01985041229835,475.9525628394507,11377355
2024-03-12,471.23388671875,483.34672492906765,468.9864435183171,483.34672492906765,7206710
2024-03-13,451.7073974609375,474.726693373377,447.5627478325925,473.7926982779643,8118855
2024-03-14,445.8893127441406,452.9819092673212,440.9566299290519,450.46204952943793,10111785
2024-03-15,441.0830383300781,450.46200226175813,438.0086369698645,446.3757260019242,7257360
2024-03-18,449.2848205566406,453.94508686527394,440.68420968395174,440.73284381673596,5870405
2024-03-19,445.013671875,455.89091205553,443.1748682259349,452.018708850407,6619825
2024-03-20,450.3063659667969,452.9721577198613,443.6515955957999,445.59743592736044,4526425
2024-03-21,449.6448059082031,458.23567826192846,445.59745428884025,451.96036074876264,8698620
2024-03-22,453.51702880859375,458.9653580859043,448.54539122908824,455.13205018576014,6367775
2024-03-26,461.6603698730469,464.9391061699684,443.64186891228525,443.8462035302754,10693585
2024-03-27,464.3455810546875,472.8391845021572,456.2995422459089,468.94750397127524,77232200
2024-03-28,459.1794128417969,465.94122016073715,454.9861291225496,461.9522413715482,11625440
2024-04-01,473.17974853515625,474.2013028758715,460.39556276551,461.3587739602767,4228910
2024-04-02,479.8345031738281,480.87553488628635,472.8294660418826,472.83920474479993,4433110
2024-04-03,497.4443359375,499.45825801846496,478.4432072018229,481.9846209954376,11588495
2024-04-04,486.3238525390625,501.0441391776681,483.7359110650334,501.0441391776681,7019985
2024-04-05,490.12799072265625,492.68677555882215,486.0903778946718,488.5129396532289,3253480
2024-04-08,499.9253234863281,502.08517774813345,491.7138452309715,494.81746293121495,3678905
2024-04-09,496.26708984375,507.0178751598846,490.9549542153911,503.97263038400473,4766875
2024-04-10,491.9181213378906,499.35124521150266,490.25443626746824,498.1253563747886,3504425
2024-04-12,483.6580810546875,490.34203802256343,482.3543715604602,490.34203802256343,4144555
2024-04-15,469.8523254394531,485.0979974009198,468.5680637032025,485.0979974009198,4750690
2024-04-16,467.14764404296875,471.6717171892139,460.8431399340431,467.0017119462194,4033025
2024-04-18,461.4463195800781,475.22287286477996,459.43236768555056,470.87391848106864,6791185
2024-04-19,460.49285888671875,462.84733884199096,452.4273420906705,457.2433089717795,4797160
2024-04-22,471.7982177734375,473.28678459374225,461.94253072183756,465.05588745153767,3489700
2024-04-23,472.2457580566406,477.97624269142216,470.3291040428219,475.16451870563344,2892585
2024-04-24,478.8810119628906,482.8991768762972,470.504183841314,472.25542821014426,8459300
2024-04-25,484.87420654296875,487.29676819600013,471.33117478989016,478.48211408250074,14587660
2024-04-26,486.18768310546875,493.6499940970415,454.74289514315194,488.8924000714511,20810260
2024-04-29,484.94232177734375,501.4333301907351,472.8878268711591,500.07121822826224,11904615
2024-04-30,496.5200500488281,501.7932901587846,483.34670332188455,485.09797735107077,13426225
2024-05-02,502.4354248046875,505.72389977726283,493.2705332982706,495.517976548064,9243475
2024-05-03,503.6905517578125,517.2043685711435,501.08313267709315,505.9185176984969,7622145
2024-05-06,495.71258544921875,507.66001474320086,486.2363224185852,505.91850894581717,4326785
2024-05-07,483.6969909667969,499.10804275922953,475.1060893152521,495.7125608973821,7825870
2024-05-08,476.34173583984375,486.0709378394681,473.3743114152574,483.2494751978107,7324775
2024-05-09,459.3934326171875,481.4300682355225,458.0897231697168,476.34171481663964,4104015
2024-05-10,456.1730651855469,468.30538062256664,453.59483273076984,461.94247453912016,10984650
2024-05-13,447.8935241699219,458.1772976984375,443.4083763482531,456.2995688586521,8390345
2024-05-14,453.44891357421875,470.4750166549704,450.8122785195017,456.29956256414437,12376035
2024-05-15,451.4349670410156,455.715809928171,448.1367533533304,454.9374856545674,4269680
2024-05-16,455.07366943359375,456.45522913491465,440.7328356724881,454.7428801397377,12445545
2024-05-17,461.4754943847656,464.4039638571293,451.62954718084916,456.10495613450803,4729135
2024-05-21,461.7965393066406,464.9585297670764,457.00978883666494,461.16414715278677,3935580
2024-05-22,454.69427490234375,463.0808425246477,453.7894662153718,461.7965806966539,3465540
2024-05-23,467.0892333984375,468.8891416224476,453.08892781496473,456.49414835562345,5512760
2024-05-24,466.5152282714844,472.63490454294174,459.74371210374017,466.97250194565373,4877325
2024-05-27,463.1100158691406,471.574433497838,462.33169158448334,468.9475370775752,3398210
2024-05-28,465.7757873535156,473.42295524159573,462.1370754605366,465.0558359371295,6493910
2024-05-29,462.0689697265625,466.5444084517777,458.8291586209698,462.14681996730286,2197930
2024-05-30,448.06866455078125,463.1100021039064,445.9866011298983,460.3858374974092,6688165
2024-05-31,458.0605773925781,464.54022977617655,450.1993948904889,451.2209492695303,12916455
2024-06-03,488.2405090332031,495.595812731628,471.9149099960865,476.7308766468428,15161795
2024-06-04,439.8961486816406,494.24345620909247,426.72280100380044,494.24345620909247,17788625
2024-06-05,464.55963134765625,466.5930308913238,433.9223854291775,436.2379401289154,7114095
2024-06-06,481.5565490722656,493.2705159903764,467.01141064622374,472.839192842846,10501485
2024-06-07,486.06121826171875,487.81249250526076,478.6864959199386,482.44195378780176,3706890
2024-06-10,490.1766357421875,496.67573520031954,483.58023833109144,488.4059139482084,4849020
2024-06-11,492.8813781738281,496.5882017523791,484.51425853400326,489.36912082014805,4681350
2024-06-12,499.4875183105469,502.69814311066847,492.40463071442906,493.22190981487984,3510365
2024-06-13,522.3218994140625,524.9196389794752,502.2408131918398,504.3618313831581,10022455
2024-06-14,531.6327514648438,534.522355194735,524.413700564962,527.7119141315886,15318425
2024-06-18,550.6241455078125,552.8423724692328,531.6716214753166,534.9017233510082,12393205
2024-06-19,543.1326904296875,550.8674177363669,537.0519393053067,550.6339263943643,9175135
2024-06-20,545.84716796875,555.4402069802563,537.9762762231954,545.7206835828158,6948810
2024-06-21,549.0480346679688,553.0078267307234,543.862353737834,546.7811141335649,9672340
2024-06-24,560.83984375,562.3478581367024,540.9143982927812,548.5907526841585,5367855
2024-06-25,581.777099609375,583.7521562415154,556.8314692632327,561.0344919140525,15844875
2024-06-26,581.6213989257812,595.3201314162682,575.696289018555,580.9889770683568,9032225
2024-06-27,574.2272338867188,583.1002610706685,568.9539638194656,581.2322115923273,12298175
2024-06-28,566.5313720703125,577.7783262439198,564.293667678399,574.2272034474114,6005455
2024-07-01,569.0123291015625,572.4662431589101,564.69256123653,564.69256123653,6673330
2024-07-02,549.6804809570312,572.0771248117026,547.8806021914276,569.5475558358798,12638725
2024-07-03,554.6520385742188,561.3748902477475,545.915175812216,552.6186094639872,7945600
2024-07-04,551.4025268554688,558.0670065149027,548.7269962884594,558.0573271940037,3958315
2024-07-05,557.6486206054688,558.8939868895033,547.6178163267723,551.6457199623845,6163345
2024-07-08,546.4114379882812,555.7320301315891,544.0764057552832,555.7320301315891,4065755
2024-07-09,543.2786254882812,547.5496997373974,539.9998893938676,546.5671002851885,6359760
2024-07-10,537.4605102539062,545.740069886785,526.3497792306556,543.6580066007306,8300735
2024-07-11,532.965576171875,542.0040411808881,528.1301921660809,537.4604619229015,5689115
2024-07-12,543.74560546875,556.5103127876995,535.1060699881726,535.1060699881726,9030805
2024-07-15,560.8495483398438,562.1532280339558,546.2362692761366,547.3648304762185,7400215
2024-07-16,547.4622192382812,564.2937271545263,545.2245146105153,561.7446809307256,4907090
2024-07-18,557.9308471679688,559.2247882970041,540.3599104825199,540.3599104825199,4119020
2024-07-19,546.946533203125,559.5944958261613,542.7629882119726,556.5103554135982,3677715
2024-07-22,550.1668701171875,554.1656170838671,537.8399883833007,544.8158092659506,2717785
2024-07-23,535.8473510742188,553.0229456189463,521.0191827054199,553.0229456189463,12227465
2024-07-24,532.9228515625,539.9163572433729,521.3909639021688,535.8082860636663,5130575
2024-07-25,524.0709228515625,530.1352121256513,515.5613604588129,528.0812065855965,10445410
2024-07-26,572.1939086914062,595.4728967975029,526.2227741469685,529.3135730955654,32196680
2024-07-29,575.715087890625,593.8590624649156,568.2814813770178,580.9969017864864,12753435
2024-07-30,569.66064453125,583.2270762404611,565.7384761555907,575.7151438410453,9486875
2024-07-31,573.5535278320312,576.5073773282226,570.4431474160758,573.9350047875207,4655790
2024-08-01,584.7625732421875,586.6698981608173,571.2059937820388,573.7393229291813,8859720
2024-08-02,585.3201293945312,591.3453158958162,571.2158105150149,576.1063568379175,8905205
2024-08-05,565.630859375,575.4902187719796,549.3257925097527,562.6085347821638,9480440
2024-08-06,554.9400634765625,575.216309325873,552.631739917247,571.2451880606245,5917390
2024-08-07,572.2037353515625,573.5828432071177,561.5423200235606,565.3667608461473,3986695
2024-08-08,561.8651123046875,571.215834885049,559.204623948016,571.215834885049,4434050
2024-08-09,578.6690063476562,581.6522277061232,563.4105254885466,569.2595998680299,4568775
2024-08-12,582.190185546875,589.7999045127175,572.7025731506066,577.074693040951,5709795
2024-08-13,565.6112670898438,585.9755092703685,559.5762899061102,582.953125356224,7249815
2024-08-14,566.3448486328125,570.550706554104,560.260977929758,567.4990104075542,3626125
2024-08-16,583.24658203125,585.281066155102,567.7044104366643,569.8464722591337,4976095
2024-08-19,601.6546020507812,603.4934523541381,589.4184448669223,592.3429821911494,9092170
2024-08-20,618.1356811523438,621.4906484534648,597.0966010908858,609.9489114119268,12149555
2024-08-21,617.979248046875,624.0337471350978,609.7240029852134,614.24286327475,5227030
2024-08-22,614.956787109375,619.5246000532794,610.9856661483014,619.1431231377927,4610695
2024-08-23,611.6214599609375,618.6149646033696,609.8901875774968,618.1650128808182,2466965
2024-08-26,618.5855712890625,622.0285346492825,608.57953364723,614.2525548573776,3366050
2024-08-27,631.7510986328125,639.4683961747052,609.5577938204724,616.9718798344369,9915805
2024-08-28,626.3518676757812,635.3797976995086,624.3760677229611,630.880518655387,3352220
2024-08-29,626.0877685546875,638.1185612708803,621.0113786605011,625.7943476906709,5976425
2024-08-30,626.8703002929688,630.7631563650003,621.4906989194731,626.136718287492,11026125
2024-09-02,630.9293823242188,637.4142516594337,628.7384270777547,629.8925888701223,3165735
2024-09-03,639.9964599609375,642.236308680957,624.0435002735849,628.141780472434,7181415
2024-09-04,634.5875854492188,642.0212528177709,631.0762060831502,633.2377896814808,3467420
2024-09-05,634.8906860351562,644.3783576363026,631.6923094044726,635.1743759231452,3368300
2024-09-06,632.9638671875,639.0868408712794,629.9414832254012,636.5339899619372,3058060
2024-09-09,648.6234130859375,650.0905770304097,629.139432920029,643.5959169751068,8095085
2024-09-10,637.7369995117188,652.9661671695774,631.8879255034068,651.0099487374679,6190070
2024-09-11,641.6201171875,645.1608680647574,636.573099485355,638.7151612325624,2946285
2024-09-12,665.2610473632812,667.5399989910301,644.6815900070291,645.5521215896725,9163615
2024-09-13,658.9033813476562,670.0048984867558,658.2675863964769,665.0556676099839,4786700
2024-09-16,668.8212890625,672.9097784810683,657.7980386329114,660.8105720787725,4724820
2024-09-17,669.9265747070312,678.1720285688035,666.5716671238227,668.0486216517971,8030320
2024-09-18,699.2894287109375,702.2726499799072,672.9391631608347,673.8194853643572,10582475
2024-09-19,689.6355590820312,708.8651624266988,684.6765375674772,698.673279826073,6428925
2024-09-20,690.9558715820312,701.4999172187604,688.0020224479597,692.305667029016,6407140
2024-09-23,697.9200439453125,706.5861371622217,692.5013402603571,694.6434018787854,2935070
2024-09-24,687.8650512695312,700.6195731103533,685.0676734246879,700.6195731103533,6681865
2024-09-25,689.3812255859375,692.4622938152676,676.4603800118509,687.8651680838286,3801635
2024-09-26,709.80419921875,711.4767877522344,690.4571670033994,691.9341217208354,5359390
2024-09-27,708.3565673828125,714.4599599468704,703.4170675906635,707.7598753303284,4967200
2024-09-30,699.7296142578125,713.0318766263197,697.978760433937,706.9675871322153,4405700
2024-10-01,698.4483032226562,709.676978843779,695.9834486915595,699.7394146580377,3381135
2024-10-03,666.9727783203125,699.3285920856327,665.1241373524263,698.3700640426056,8036680
2024-10-04,652.6531982421875,667.9508414868992,648.5842302650364,666.4836775882158,8827525
2024-10-07,645.4249267578125,667.6573302430537,636.9447365291519,659.2065119465609,5480765
2024-10-08,651.2838134765625,659.8422694482201,641.2484029796622,641.2484029796622,9122180
2024-10-09,662.757080078125,680.7640452960308,653.3769860025122,656.213526737533,6569580
2024-10-10,652.9173583984375,668.2345244424696,650.618765622918,665.114353250289,3740385
2024-10-11,653.6117553710938,656.8786667321211,647.1268858737533,655.3332373075115,1799620
2024-10-14,664.19482421875,670.982904385775,656.0667392372574,658.8543265493287,3844085
2024-10-15,665.3392333984375,672.6652621001815,658.971732654215,669.0267243600833,5209855
2024-10-16,663.236328125,669.4179856665797,658.6783056492197,668.4398764296028,1607350
2024-10-17,637.453369140625,662.3658442427297,634.9787836364989,661.0062579777189,8237815
2024-10-18,654.28662109375,660.0085960926275,615.3774657170204,623.5935476937178,9380205
2024-10-21,648.15380859375,661.8864998078903,640.074676843816,656.6927424048378,5627980
2024-10-22,636.6513671875,663.3537391350837,633.8148263381552,648.1538824071723,19691260
2024-10-23,625.5498046875,637.8250647337303,620.1311005375129,625.9899658220296,9660305
2024-10-24,634.8125,638.9009896006919,623.1631851173042,624.0337166987789,7501270
2024-10-25,604.989990234375,636.6122217694187,592.3429841105132,636.6122217694187,15251890
2024-10-28,637.5902709960938,654.1888157418456,615.0350744462955,618.9475113825939,21602980
2024-10-29,638.8618774414062,642.7450026084457,618.6345832263019,634.225648669444,10906400
2024-10-30,623.2120361328125,637.6685188693993,621.4808234315857,629.3252186772322,6964385
2024-10-31,614.0374755859375,623.0556145379906,604.0020647701019,623.0556145379906,8075010
2024-11-01,616.3946533203125,618.9475040632867,614.2525917350579,617.9693948407787,286730
2024-11-04,615.798095703125,620.0528474574094,608.1785857283414,617.265259714817,4842960
2024-11-05,618.614990234375,621.2949999949816,597.6247444926162,617.6955651625782,7606175
2024-11-06,623.38818359375,625.9899279642688,613.5288255125784,623.4468677615346,4294660
2024-11-07,604.7636108398438,629.1401049103795,602.3702294307225,629.1401049103795,5846920
2024-11-08,592.5112915039062,607.6887091509916,590.3641374917839,607.6887091509916,3851745
2024-11-11,590.8369140625,602.1830217851781,582.6326074875097,592.9150570610376,4101875
2024-11-12,577.3929443359375,595.9387944835097,575.7087887053947,593.7917004423869,5430660
2024-11-13,562.1564331054688,577.2550422132915,559.2804560347806,577.2550422132915,6755505
2024-11-14,556.000732421875,564.7467273342489,548.2002114800956,561.9495599050946,7172685
2024-11-18,561.0336303710938,564.7073211276518,551.5489533814974,556.0007605988633,4841895
2024-11-19,556.4242553710938,564.5497532162541,551.8838400934766,561.0040453608365,5942545
2024-11-21,551.9822998046875,558.8372868120784,545.2454970462117,558.6304343194453,4777400
2024-11-22,561.4078369140625,564.3527044095733,540.8232203341283,541.6998035344945,8194990
2024-11-25,580.6627807617188,593.8999563221173,576.5557282439646,576.5557282439646,13791540
2024-11-26,600.0753784179688,606.5658934714222,580.8991736341721,584.0016602685033,10105100
2024-11-27,594.6879272460938,604.0839957631905,592.3930728876629,596.638087566771,4064750
2024-11-28,599.5533447265625,605.7188831390404,589.2216615250909,598.824521867539,12057145
2024-11-29,594.81591796875,604.054366601184,589.4087786968106,602.2716842168135,5600545
2024-12-02,609.5010375976562,613.5686559661017,593.0530472829374,594.8160125366343,5433440
2024-12-03,621.5857543945312,631.7007866173577,615.5778349916066,616.749878823017,9872220
2024-12-04,617.0060424804688,625.1118233772689,614.5240528507811,619.6160149604182,5743725
2024-12-05,615.8240966796875,622.2752374097334,605.3249350241366,620.9751505573018,7117350
2024-12-06,615.8339233398438,620.1478285439541,609.3827228314366,615.9619662885458,3193785
2024-12-09,612.0026245117188,623.1222230329442,609.7570036312813,610.7616298266414,3963995
2024-12-10,627.682373046875,629.7802336228264,612.4162864807677,615.6566749410257,5630900
2024-12-11,639.8460083007812,643.657600442426,626.0079919515707,629.455172656401,7350105
2024-12-12,639.81640625,643.1454025762883,634.5865432829236,638.1223920841795,5108345
2024-12-13,622.9646606445312,641.1066634990879,614.1103403506432,638.624674142612,6003130
2024-12-16,618.0203857421875,629.7506826911218,615.9619601058279,625.2200663446607,2943305
2024-12-17,586.39501953125,617.5378316886229,584.1001651429573,617.5378316886229,10413170
2024-12-18,577.432373046875,597.4456674105774,572.9904246411743,586.3950192819145,7447675
2024-12-19,580.199951171875,581.5886461290405,562.048029095957,565.3376509366118,7354675
2024-12-20,566.7658081054688,583.2039391686803,560.1471893934214,581.7364346047027,12499100
2024-12-23,567.878662109375,581.8840346487893,565.8891273443116,572.4289353903365,4691250
2024-12-24,567.8885498046875,570.7743251634154,562.4026009772289,567.8983483961566,2020780
2024-12-26,576.5458984375,578.3285808999767,565.5641416474083,569.7303466065028,4462340
2024-12-27,571.0304565429688,579.0968019566642,569.3757568480917,578.5157394248514,1524915
2024-12-30,574.98974609375,584.8093181006167,570.3212879945069,573.7684687985629,3452720
2024-12-31,569.1098022460938,573.7486836791271,567.5142549856286,570.8333924447244,4075070
2025-01-01,574.9207763671875,577.3535322854015,567.878714738801,571.0500921195442,1297175
2025-01-02,602.7741088867188,604.5174168859946,577.471796699298,578.5946072789695,7297085
2025-01-03,600.4693603515625,610.2494979956373,598.0661803585868,602.7642147986656,3652225
2025-01-06,584.9472045898438,606.9698127625262,582.0811462084486,597.0517731591274,5430225
2025-01-07,582.7508544921875,595.2789261802782,581.0962148567916,586.4245452241881,2781710
2025-01-08,571.0009155273438,585.0358668792448,559.5956540178603,585.0358668792448,4976035
2025-01-09,553.4891967773438,576.0042587423931,551.7459489929356,571.9858138082803,5408205
2025-01-10,523.971435546875,557.4583318036301,521.0167094065731,557.4583318036301,5999299
2025-01-13,513.2359619140625,532.5402108491479,510.9214502333297,522.050907873431,5558523
2025-01-14,535.8888549804688,539.2375689520057,510.4782199184196,518.9977050990855,6987503
2025-01-15,525.1533813476562,537.7109684798613,521.1152192210196,536.7752931021002,4072535
2025-01-16,538.5481567382812,545.3932853903733,527.4679319786574,527.4679319786574,6194466
2025-01-17,518.554443359375,539.2867599836951,515.9444111942792,538.3018512593658,5347916
2025-01-20,508.90240478515625,513.6299551491428,485.9047775796319,503.2884124280191,12701612
2025-01-21,512.447998046875,522.7403062550186,505.7013973202949,510.18272000018766,7753705
2025-01-22,510.82293701171875,520.3765036043073,505.307412053647,512.497233761969,5895189
2025-01-23,521.8046875,525.3996287846938,503.87936478051006,510.8229900847102,5150004
2025-01-24,519.4901733398438,533.6235909757033,501.4663237536259,523.922263065745,7602501
2025-01-27,503.9285888671875,522.6418863974789,500.4814080168502,517.9635695291639,8523575
2025-01-28,522.1001586914062,533.6236042890605,500.9246484186028,512.2018367460867,16222471
2025-01-29,545.1470336914062,547.2646117071068,522.2479035498973,523.1343455364845,9135552
2025-01-30,530.1763916015625,551.5489244466839,528.7482618279506,545.1470172879277,7172857
2025-01-31,538.04296875,545.1179487267856,530.5722232858066,540.6651793302339,4058608
2025-02-01,526.2183837890625,543.8810720871755,512.5632362911053,542.149439532138,3874882
2025-02-03,540.4177856445312,552.143387182249,510.5842075018646,519.4897460048041,7442129
2025-02-04,570.6966552734375,573.8136182506983,539.6757168949399,550.1644392406264,12290382
2025-02-05,565.3037719726562,584.599105053359,562.4342458537928,570.9439583366942,6953215
2025-02-06,560.40576171875,564.0174767363741,548.5317095769316,564.0174767363741,6345455
2025-02-07,553.6771240234375,573.0219211855263,549.0264416922157,561.9395212403384,5747620
2025-02-10,554.9140014648438,560.6531143476916,540.7641020001095,555.8045794960399,4253881
2025-02-11,532.8975219726562,560.059426744381,528.3952895432852,560.059426744381,6416783
2025-02-12,541.4073486328125,545.7116685515075,521.4688111090561,532.8975746815865,5467745
2025-02-13,542.8915405273438,554.3697658726442,532.3532959205401,541.2588343281327,5723009
2025-02-14,533.4912719726562,549.1254279647366,521.2708575285383,545.1674107315745,6763071
2025-02-17,544.5736694335938,547.19587999646,519.5886857628693,531.363811135803,4397756
2025-02-18,547.542236328125,548.6307274063413,533.4417986089152,545.1674620016231,2988732
2025-02-19,551.9454956054688,553.8750411013465,540.7641089091305,542.0504524415322,4066886
2025-02-20,574.7536010742188,576.1389313787652,551.1539455182004,551.1539455182004,7590778
2025-02-21,578.958984375,588.4582625907361,570.6471838801041,574.7535907905452,9328402
2025-02-24,571.1419067382812,575.6441393244787,562.8300462756467,569.954489472969,4523171
2025-02-25,568.222900390625,580.5917053621232,565.5017632968954,575.6936465144988,6222936
2025-02-27,600.4312133789062,602.4102220323599,574.2093487206463,575.1988530473731,17099035
2025-02-28,610.821044921875,613.4927188408996,595.9290160031157,603.5482118482765,23771834
2025-03-03,614.779052734375,623.387752828537,608.446261005865,618.7370702126515,10284029
2025-03-04,626.25732421875,628.7310850816862,606.9619894878476,612.107363767113,5369562
2025-03-05,624.674072265625,630.8090111985447,614.9769418978753,620.0233898296431,9532495
2025-03-06,637.5870971679688,643.9694122383455,630.3142644285372,632.0953601611988,8075827
2025-03-07,624.228759765625,640.8524802218903,620.8644814024659,637.5870677357708,5829062
2025-03-10,619.0338745117188,634.7670172578472,616.312737648961,624.9214372573229,4906168
2025-03-11,631.5511474609375,633.2827800626713,609.0893867766791,617.6486235087846,6734891
2025-03-12,630.2648315429688,640.4567146528163,622.4971858662595,632.2933034579369,5378060
2025-03-13,613.04736328125,637.2407549543101,611.0188915905069,631.3037292870339,5273706
2025-03-17,616.7085571289062,622.8929590255058,606.9619638976852,606.9619638976852,4548324
2025-03-18,616.7085571289062,616.7085571289062,616.7085571289062,616.7085571289062,0
2025-03-19,660.9393920898438,670.488072099998,630.957424657815,638.9229219869269,9823834
2025-03-20,660.8899536132812,687.7054962891833,658.0203669529595,682.7579747331459,8747482
2025-03-21,669.696533203125,671.8734548559429,660.6426046211056,662.0278744768606,6365496
2025-03-24,674.8419189453125,687.6065483148541,666.9258847054848,669.8943975454202,4983671
2025-03-25,671.230224609375,680.7789653598146,660.6920399433697,680.7789653598146,5257157
2025-03-26,664.9468994140625,673.7535119718606,662.2257625489008,671.6755166744614,4792266
2025-03-27,671.378662109375,677.2167615898849,659.2077713969137,662.9678756275332,4628163
2025-03-28,649.1148071289062,677.8104312245439,643.32623125364,674.8419183870641,6806264
2025-04-01,630.759521484375,647.0368791272034,627.2467933352051,645.156796819144,7600903
2025-04-02,632.6891479492188,637.2408441064421,623.8825344861983,633.2828264411846,4387926
2025-04-03,647.2843017578125,653.617093430031,625.3667560088579,626.3562603696315,3704676
2025-04-04,646.739990234375,658.020363480431,642.683046737654,648.6200725735677,5191619
2025-04-07,607.5556640625,623.3382703462912,583.0654316756159,589.7445859629479,15188995
2025-04-08,634.717529296875,641.495609423011,616.5106264785046,617.1538284150932,10415072
2025-04-09,617.9949340820312,641.1493601935248,612.5031969796222,641.1493601935248,9235529
2025-04-11,632.0953369140625,641.8419905389902,620.4191982132024,620.4191982132024,7102851
2025-04-15,664.9468994140625,667.4701233373933,642.3367499831753,645.1073499851572,6085948
2025-04-16,668.9544067382812,670.8839523083441,655.4971716757581,665.5901281699269,6571065
2025-04-17,684.4896240234375,688.3487150893773,661.5331113628954,669.8944350760638,5771289
2025-04-21,695.6215209960938,709.969333306824,683.252717279947,691.4161277326039,6740583
2025-04-22,696.1163330078125,702.4986483531063,692.6530676694651,695.6215808166199,3672514
2025-04-23,696.5121459960938,706.3082029632243,678.7010674436162,702.0533462768209,5442424
2025-04-24,689.3381958007812,698.0952847112743,687.2107373947272,696.6110282590179,5010172
2025-04-25,648.3232421875,698.1942236514303,628.3352428555472,691.5645930267052,9784886
2025-04-28,615.4716796875,623.7835400340258,589.8930174788861,616.1643447821356,32221482
2025-04-29,608.2483520507812,624.1793483477296,603.7955823584542,618.440235045419,10387632
2025-04-30,605.27978515625,615.2737543090094,600.1343507788243,608.2482980207784,7374108
2025-05-02,597.2647705078125,609.8314871795877,593.2078270411639,605.2797915636138,7749204
2025-05-05,622.249755859375,624.2782879931514,600.8270239679783,603.7460737364021,8616953
2025-05-06,616.906494140625,625.218294377257,610.5736421935749,622.200318212863,5098276
2025-05-07,629.9679565429688,631.3037632321126,610.7715483621027,611.7115895555436,5983998
2025-05-08,609.3367309570312,634.0743382579383,600.6291052660218,628.3352254430376,10052396
2025-05-09,595.1373291015625,605.9228889335809,590.3877208933176,593.7025358942424,5637324
2025-05-12,639.1703491210938,641.1988209665371,604.5871598928305,604.6366230315872,9560644
2025-05-13,626.9498901367188,641.0008630473558,625.3172443049725,634.8659244081144,5748439
2025-05-14,645.1073608398438,648.4221761917235,630.9079374496204,632.7880198368233,9324793
2025-05-15,667.717529296875,672.8135009029555,637.3892569337731,647.9274421191694,9817422
2025-05-16,658.51513671875,667.7175149801617,653.1223259995432,666.9259235889368,5415727
2025-05-19,670.68603515625,676.7220479172282,659.0098959259617,662.9679133189105,4356035
2025-05-20,651.4401245117188,674.8913882401586,649.3127265270773,674.8913882401586,7035801
2025-05-21,651.0938720703125,654.7055871598309,631.9964499076472,651.4401744401881,7986603
2025-05-22,642.930419921875,647.8284782933795,633.5795921934665,645.1568046003271,6840583
2025-05-23,652.9243774414062,656.63501850528,639.3682170703596,644.1672886884836,3128629
2025-05-26,657.525634765625,660.7909870128644,645.2557567762108,657.8719371272442,2963171
2025-05-27,654.9529418945312,662.9679028306332,650.1043465070537,660.7909812200402,2493252
2025-05-28,648.8179931640625,656.9319406477282,647.135823745142,654.952932012422,3244100
2025-05-29,645.4041748046875,652.7759938629686,641.2977078328556,648.8179766928364,4173868
2025-05-30,632.6395874023438,648.0758916305334,630.5616524074687,636.3502287464441,6693573
2025-06-02,635.8059692382812,641.0998534246596,618.440181033763,631.6005760072517,4344402
2025-06-03,641.4461669921875,651.8359622153545,635.3606913465126,641.1987909154454,5336167
2025-06-04,634.47021484375,654.9034438707324,633.2827975194901,643.1283780910868,6290382
2025-06-05,644.6126098632812,647.9274252212756,631.4026907799445,640.2093035021691,4542850
2025-06-06,681.0263671875,683.6485778662754,637.5376390346474,647.1358432845986,20115034
2025-06-09,690.6740112304688,708.3861626103884,684.9843614244871,692.6530198586363,11413586
2025-06-10,693.048828125,698.5405648496566,683.4506244434608,697.6005236962625,6453133
2025-06-11,678.8494262695312,694.7309585175543,677.1672568475815,694.7309585175543,4586055
2025-06-12,661.038330078125,682.7579613627034,659.6035367760617,681.7684570708734,4970089
2025-06-13,660.1478271484375,663.314192637144,636.7460259678667,645.008362830764,4687026
2025-06-16,669.0534057617188,674.0998539046882,661.5825994321593,661.9784253390626,6882573
2025-06-17,658.0203857421875,672.6650378873137,655.0518727238017,672.6650378873137,2390137
2025-06-18,655.1508178710938,666.431191823704,652.2318283012431,656.0908590995703,3352972
2025-06-19,645.354736328125,661.9783969989645,641.1988060617772,653.8149862736409,3342726
2025-06-20,659.356201171875,663.8584942916743,643.6725813415882,645.1568378704312,7441267
2025-06-23,654.70556640625,659.2077990446832,641.495647317533,654.8539558195413,4243520
2025-06-24,668.9544067382812,674.8419697260924,666.3322564357546,666.9259348905957,4823566
2025-06-25,668.0143432617188,670.8839299517813,663.9573997015416,668.9543844460186,3211981
2025-06-26,695.8194580078125,700.1237776921289,667.1732955312319,668.0638735874257,19068571
2025-06-27,692.6035766601562,699.480643919922,689.2887008758184,695.6710159642996,7554681
2025-06-30,699.4310913085938,706.5060712216443,692.5540847292889,692.6530110016121,3721603
2025-07-01,689.1402587890625,703.0922447950933,686.7159612561508,700.5690209933066,3524637
2025-07-02,669.7954711914062,691.5150418185764,667.9153889018631,688.4476027088464,3288839
2025-07-03,668.3112182617188,677.0683070263445,665.886920684505,674.4460965132166,6014549
2025-07-04,669.0534057617188,677.2168168365279,662.9679297117667,668.8554928082672,3843226
2025-07-07,664.2542724609375,672.8629725712749,661.9784244855631,669.0534048990974,1770086
2025-07-08,661.9288940429688,670.2902172102949,660.296187838299,664.9468699900557,2820100
2025-07-09,673.90185546875,675.8314008296767,663.9573498634159,664.204725925213,3560120
2025-07-10,664.6995239257812,680.1357670894976,663.957395689169,676.8209517904494,3035156
2025-07-11,664.2025756835938,672.6014082649151,658.388031947169,671.9056358580013,4931083
2025-07-14,665.6934814453125,668.8244269008333,658.4873929936836,665.9419672539893,2832157
2025-07-15,680.304443359375,683.8329296277011,666.6377241989376,670.8122978210398,3786182
2025-07-16,664.3019409179688,669.9177444963337,650.5358512950303,669.9177444963337,9358644
2025-07-17,661.4194946289062,667.929810259501,660.8230923276028,665.941923919443,2671888
2025-07-18,641.59033203125,666.4389118930335,640.5963888367787,665.9419402957978,6570609
2025-07-21,651.6788940429688,654.0146363351166,633.6388004006639,641.5903461311821,4980207
2025-07-22,636.2727661132812,655.903144386311,635.1297071628373,654.0146280330939,4671422
2025-07-23,650.0885620117188,650.7843344106989,634.1854702200866,638.111558139242,5191770
2025-07-24,629.7127075195312,656.0025175135884,627.92362187759,656.0025175135884,7248079
2025-07-25,612.1199340820312,626.134570485721,598.0556733137842,621.2145392021436,16922561
2025-07-28,629.6133422851562,634.9805992520713,607.3489899813827,612.1199052849115,11583112
2025-07-29,634.483642578125,639.4533587749161,622.7551244867942,628.1721272743927,6858651
2025-07-30,628.9672241210938,634.4835965663973,622.3077927672288,631.153911222203,6024759
2025-07-31,627.029052734375,635.5770007801791,619.2763077927235,621.2145091945063,6481051
2025-08-01,610.4799194335938,628.1720960825705,608.5417180799902,626.1842097025625,3528632
2025-08-04,621.1151123046875,623.0035679317626,612.1696237587657,612.1696237587657,2955463
2025-08-05,626.2835693359375,629.3648295729741,617.3878264657812,626.6811708715154,3996694
2025-08-06,626.7805786132812,635.924868492161,618.6302926331194,630.1600098724805,4763826
2025-08-07,623.5502319335938,625.9854048663856,614.5550582555662,623.053260341819,3482599
2025-08-08,605.95751953125,623.0532946986258,604.2678038929449,619.5248083355505,5493423
2025-08-11,613.8593139648438,619.723603282142,605.4605422121693,606.7526562767746,3348109
2025-08-12,608.19384765625,615.2508198699899,607.2992745404908,612.2689903714277,2787285
2025-08-13,615.4993286132812,617.5865850739173,606.6532098381545,608.3429254167771,5325700
2025-08-14,612.71630859375,619.1272544800639,607.7962775337659,610.5793064098189,4279172
2025-08-18,623.0036010742188,633.6388057110133,621.6618019871404,623.2024018522437,5265058
2025-08-19,622.5563354492188,626.7309092663652,611.3744737955134,622.2084795750741,4765094
2025-08-20,612.5671997070312,621.1648329013706,609.5853700209686,619.5744873361823,5710611
2025-08-21,616.0460205078125,618.2327078132388,612.0702474672129,614.2569347726392,3993795
2025-08-22,612.1199340820312,618.2327094139732,608.8399334481404,616.0460221028852,3496256
2025-08-25,617.089599609375,620.021744126191,612.666600986653,616.2447721717821,6850166
2025-08-26,591.0980224609375,616.6920593971103,589.5076769704714,616.1454027801127,18048586
2025-08-28,568.1876831054688,584.3889459467102,566.5476524768432,573.2567694140689,20025147
2025-08-29,576.7355346679688,585.0846817109128,563.0688158369742,567.044588587809,12236788
2025-09-01,585.0349731445312,586.6253187450726,575.0955406367038,576.4870854539923,3886326
2025-09-02,581.0592041015625,592.7877830731194,578.7234617124966,586.4265219585625,4136915
2025-09-03,582.7489013671875,585.3331901545034,576.4870711754468,581.4567873062696,6612194
2025-09-04,582.251953125,592.390186571911,580.3634973187751,592.390186571911,5054056
2025-09-05,588.911376953125,592.3901783359705,582.0531442464655,585.4325755702796,4166734
2025-09-08,593.1356201171875,600.341708505708,589.2592172695844,592.3901626976854,2968301
2025-09-09,591.396240234375,595.322328248019,587.2713514354549,594.3780700170694,3947645
2025-09-10,601.1368408203125,603.1247272388092,593.0859250915925,594.9743807898768,4708224
2025-09-11,616.2944946289062,619.127269265872,599.14897371665,601.1368601992303,8412580
2025-09-12,629.0169677734375,629.8618559436578,615.4993637047344,619.4254517145101,10816255
2025-09-15,619.8726806640625,627.7744803131341,616.4435646031669,626.9793379122467,3643666
2025-09-16,614.3562622070312,624.5939256086486,610.3804894422798,619.8726954505063,4759255
2025-09-17,619.47509765625,622.208441448556,614.0084100716381,616.2447822653429,4633747
2025-09-18,623.10302734375,627.1781702694835,616.2447948765131,616.2447948765131,4675034
2025-09-19,629.3648681640625,633.4400111589678,623.3017780348486,626.1842376808415,6415748
2025-09-22,624.0472412109375,634.135789399393,621.6618138256516,634.135789399393,2712596
2025-09-23,624.991455078125,630.5575732464678,620.7175115671233,624.1963126727837,3586451
2025-09-24,621.3636474609375,626.1842479607922,616.5429862956012,624.3951622425719,2129098
2025-09-25,608.989013671875,622.2084461617036,607.1004973166943,621.3636187038736,4280161
2025-09-26,602.3792724609375,613.6605643344307,600.0932152027847,606.3053602876996,3958021
2025-09-29,608.0944213867188,611.772023261598,599.4968493356185,605.2120225829851,4098133
2025-09-30,612.368408203125,616.940583523626,607.4484376789881,608.0944643881315,5882401
2025-10-01,644.77099609375,646.0134251517903,612.3187248315418,612.3187248315418,15107673
2025-10-03,641.8884887695312,646.0630622277909,632.1478578105769,641.0933463645001,7200543
2025-10-06,667.3831787109375,671.4086365676254,642.5842835543594,642.5842835543594,10343487
2025-10-07,662.7613525390625,668.9238128739696,659.4813519195823,666.1407838836676,3729360
2025-10-08,662.8607788085938,669.2219792200281,657.9904326091911,657.9904326091911,2870458
2025-10-09,664.9976806640625,667.9298252143939,656.002506906994,662.8607391999402,2274108
2025-10-10,661.0219116210938,667.3334873269579,658.9843401985228,664.9479993858397,2480723
2025-10-13,668.0789794921875,670.1165510207936,654.7601156812083,656.0025447432218,2469940
2025-10-14,670.364990234375,676.8256209077508,662.9601014064103,670.9613318764957,4731724
2025-10-15,673.0486450195312,678.2668466867468,668.4764700165895,671.4086145150727,4687947
2025-10-16,668.4268188476562,679.6086801294944,658.2389007908704,672.7504476104416,5309779
2025-10-17,671.4086303710938,675.5335189097352,666.0413128347263,668.1286299501929,3516617
2025-10-20,689.7468872070312,694.4184323221104,673.9928512833958,674.2910827720748,6170486
2025-10-21,691.0390014648438,693.2753736378692,686.1189705510924,691.2874872618465,674998
2025-10-23,705.351806640625,713.4027221859367,691.0390004873179,691.0390004873179,8911040
2025-10-24,711.11669921875,718.968814371599,706.7433247209876,706.7433247209876,6036751
2025-10-27,715.2415161132812,725.876720689485,713.8997170338473,716.6330608860479,8133230
2025-10-28,719.3167114257812,722.4475961302275,705.948163151347,715.1421378210407,7071903
2025-10-29,733.9773559570312,737.4064720730539,713.0548640783536,719.3166940010382,10246214
2025-10-30,733.778564453125,743.3203948686133,728.7094784196739,734.0270502521271,6357608
2025-10-31,744.3640747070312,765.1374508517607,722.5966947129,729.0076403823067,18363853
2025-11-03,791.6260986328125,795.055214913594,753.9059408751772,758.1798846362976,26222030
2025-11-04,791.67578125,809.2189034936717,787.4515225302102,787.6503233089435,8543137
2025-11-06,787.7000122070312,795.7509281286964,780.2454379590152,787.799382264146,10930939
2025-11-07,816.3499755859375,820.0,780.7999877929688,792.5,9765252
2025-11-10,821.0999755859375,830.7000122070312,816.6500244140625,822.0,8623863
2025-11-11,832.2999877929688,833.2999877929688,804.0499877929688,821.0999755859375,7336169
2025-11-12,822.5,838.6500244140625,821.4000244140625,832.2999877929688,4239741
2025-11-13,814.0,826.3499755859375,809.75,826.0,6048569
2025-11-14,809.2999877929688,817.9500122070312,803.9000244140625,809.5,5672058
2025-11-17,817.9000244140625,828.3499755859375,808.5999755859375,809.0,7386312
2025-11-18,820.2000122070312,827.7000122070312,810.0,820.0,6684086
2025-11-19,818.0499877929688,826.7000122070312,815.7999877929688,824.1500244140625,3711577
2025-11-20,826.5999755859375,828.7000122070312,816.5,822.0,3187958
2025-11-21,823.2999877929688,832.0,810.5999755859375,825.0,3831244
2025-11-24,828.2000122070312,839.5,821.0999755859375,825.0,8140579
2025-11-25,838.25,841.8499755859375,827.2000122070312,828.2000122070312,5418151
2025-11-26,856.5999755859375,858.8499755859375,838.2999877929688,841.9500122070312,7052927
2025-11-27,867.6500244140625,869.5,857.25,860.0,6752154
2025-11-28,851.6500244140625,872.0,848.75,870.0499877929688,8198342
2025-12-01,851.5499877929688,865.0,849.4500122070312,857.8499755859375,6330770
2025-12-02,843.4000244140625,855.9500122070312,840.7999877929688,855.75,5587375
2025-12-03,828.0999755859375,846.4500122070312,818.9500122070312,843.4000244140625,9931005
2025-12-04,828.1500244140625,836.0,821.0,830.4500122070312,11436899
2025-12-05,854.9000244140625,857.0,828.1500244140625,828.1500244140625,12137708
2025-12-08,834.25,858.8499755859375,831.0,858.5,4117973
2025-12-09,846.7000122070312,849.0,817.7999877929688,830.0,5737027
2025-12-10,837.25,855.7999877929688,833.2999877929688,846.0,3699625
2025-12-11,847.1500244140625,850.5999755859375,835.7000122070312,841.7999877929688,4213992
2025-12-12,848.0,854.75,841.5,852.0,6036788
2025-12-15,855.3499755859375,870.5999755859375,845.8499755859375,852.0,7193809
2025-12-16,848.4000244140625,856.6500244140625,843.0,855.3499755859375,5171831
2025-12-17,864.2000122070312,875.4500122070312,855.0,856.0,11621162
2025-12-18,869.4500122070312,876.9000244140625,861.7999877929688,868.5,12481529
2025-12-19,901.7000122070312,913.5,850.5,869.0,35297309
2025-12-22,934.8499755859375,949.7999877929688,915.0,919.0,31894463
2025-12-23,957.7999877929688,959.9500122070312,931.7000122070312,938.7000122070312,14632455
2025-12-24,973.7000122070312,983.7000122070312,958.0,958.0,10574513
2025-12-26,960.25,978.75,956.7000122070312,976.5499877929688,4739099
2025-12-29,955.5,966.0,949.2000122070312,963.0,4897735
2025-12-30,979.4000244140625,984.5999755859375,960.9500122070312,960.9500122070312,17757531
