Price,Close,High,Low,Open,Volume
Ticker,SUNPHARMA.NS,SUNPHARMA.NS,SUNPHARMA.NS,SUNPHARMA.NS,SUNPHARMA.NS
Date,,,,,
2021-01-01,562.5928955078125,565.8953275988437,552.7799314013818,559.0545754102791,8229768
2021-01-04,570.282958984375,575.0478859616715,561.6022674354219,566.1313063683982,11329298
2021-01-05,569.386474609375,574.34012268499,566.1312086417162,574.1042346813892,7790158
2021-01-06,571.1319580078125,576.463049320339,562.4984926093597,569.9996842010113,6422080
2021-01-07,567.9240112304688,573.6796557937764,564.2441351392735,571.8397177481788,4555702
2021-01-08,585.7571411132812,587.644245342119,569.9054771090139,572.7361334522706,11451416
2021-01-11,585.9457397460938,592.5506031570803,579.3880424129322,588.4933414368707,7516087
2021-01-12,575.236572265625,588.6821899586013,572.7833022028204,585.9458657781254,6747035
2021-01-13,568.3013916015625,579.8127381984931,563.5364652384865,576.5103060037092,6186661
2021-01-14,572.7832641601562,577.123638172296,562.7344693162028,568.3013918935043,6730284
2021-01-15,570.1884155273438,581.9828145643559,564.338382087018,574.623121083228,8389544
2021-01-18,548.6282958984375,573.0662569855238,545.7976400326856,569.9997131309593,7414570
2021-01-19,562.8759155273438,568.9618372446957,550.4210180199393,553.770673581396,5500391
2021-01-20,561.1304321289062,569.5280110665683,559.4792159929232,567.2635206339862,5182972
2021-01-21,549.9966430664062,564.9519235601975,547.873650451775,564.2442593553205,4546393
2021-01-22,542.7311401367188,553.8178765088855,538.3907662371121,549.9965022985759,5591688
2021-01-25,553.2990112304688,560.469984630882,534.9940762385692,544.5239300456781,8149590
2021-01-27,537.6358642578125,552.8270844908835,531.9273867472727,552.8270844908835,8534047
2021-01-28,532.4935302734375,542.0706057876062,519.3310263875441,523.5770102448882,9863454
2021-01-29,553.110107421875,566.1311114676643,522.8220584044541,535.9374521893889,22539938
2021-02-01,556.8372802734375,565.56513696995,546.8827598071581,562.3570368779953,12621971
2021-02-02,575.0478515625,582.077326380711,558.1110794754933,563.2534500520289,15788247
2021-02-03,593.6829223632812,611.7991320507191,576.0384886698401,577.9255926458264,23788455
2021-02-04,595.8530883789062,604.8168323846063,590.8994403757562,596.7966403795062,7926593
2021-02-05,598.9197387695312,607.8834843674998,587.9745566542691,597.7402985592722,10981738
2021-02-08,598.8253784179688,608.4495640090463,596.8438844040371,604.7225791918405,6479801
2021-02-09,593.5428466796875,608.4385497024488,591.0681882913111,601.4428383440503,5794015
2021-02-10,596.8741455078125,601.1096698850689,584.5007374489913,593.0193646158397,6902162
2021-02-11,612.62646484375,617.4806245508775,592.0199591069685,592.0199591069685,11433578
2021-02-12,596.921630859375,622.8581911841795,592.352942566066,622.8581911841795,15471776
2021-02-15,597.2548828125,606.5825171724258,593.2573086315892,601.5379855577689,7310676
2021-02-16,600.7288818359375,603.9173901304372,592.9716848719659,600.5860885300328,6137454
2021-02-17,591.3060302734375,601.9186285410128,589.9259080006203,598.3969552531208,4700733
2021-02-18,586.356689453125,597.016866727175,584.5006668498224,592.0199140762103,5633766
2021-02-19,578.0285034179688,592.305512681182,572.2225428882484,586.2140235848574,7301975
2021-02-22,566.6068725585938,581.4073599302859,561.9430845815995,578.6947515198555,5330343
2021-02-23,574.9351196289062,579.0278504394573,563.4659344401271,566.321336134925,7564187
2021-02-24,572.46044921875,579.9796386657753,567.1303313125436,577.8380874402367,3296243
2021-02-25,580.1699829101562,589.0693524373553,573.6501727252397,577.1718461924038,6261754
2021-02-26,565.9404907226562,591.4011512481006,561.5622321499876,575.7916596510894,15404415
2021-03-01,575.3158569335938,581.3597672188992,568.2725095911709,571.0803328463244,5274758
2021-03-02,584.595947265625,586.6422837245934,575.3634697144097,579.6465724666261,4776776
2021-03-03,594.256591796875,595.2560287508626,582.7398295101839,586.7849814504343,6626297
2021-03-04,589.116943359375,606.0589809934585,586.3091202072562,592.019923326158,11530735
2021-03-05,581.740478515625,589.5928326581314,577.6477479751588,589.5928326581314,6127488
2021-03-08,585.1669311523438,591.924749504861,581.8356294286962,582.0260011458487,4554461
2021-03-09,583.072998046875,590.9729891455057,578.2188384429439,588.212744292575,4035628
2021-03-10,595.8271484375,597.6355927323763,585.6904492722914,588.2127439846246,5825924
2021-03-12,584.0248413085938,598.8253875284895,582.0260832298342,597.7307935704592,4264170
2021-03-15,576.3153076171875,584.4056133393115,567.7491015584679,584.4056133393115,4030762
2021-03-16,573.2694702148438,580.5507677938962,570.3664901024849,576.7911439334266,4189930
2021-03-17,556.5653686523438,574.8875291423952,553.9479171537649,574.8875291423952,7667561
2021-03-18,546.85693359375,563.03754114507,544.4298540797097,559.0876041576329,5537584
2021-03-19,550.42626953125,554.5666369533744,535.0070883559096,543.478136843504,6186643
2021-03-22,562.51416015625,564.9888185033742,550.7118093623526,550.7118093623526,7033955
2021-03-23,559.5159301757812,566.0357988003724,554.8997207448107,562.7044968748032,5341729
2021-03-24,557.0888671875,568.2249455788094,555.0901092092149,556.8033386325017,7299582
2021-03-25,547.9991455078125,559.6111233882085,543.9539933264696,556.2322431848041,4710869
2021-03-26,558.8973388671875,561.8478975686796,546.9046161308747,552.85337003977,5761818
2021-03-30,568.89111328125,570.1284421882099,558.9447874374395,566.2736621693676,4637718
2021-03-31,568.9864501953125,576.7912275999797,566.9876919508523,569.3671937148786,5269919
2021-04-01,581.3121948242188,583.1682175438312,568.558044021375,571.0803387548608,6033653
2021-04-05,579.4561157226562,582.4543104467089,564.1797297660382,582.2163603287139,5353987
2021-04-06,590.5447387695312,591.924861363079,574.4117057547755,579.4086592845395,7444994
2021-04-07,591.1157836914062,598.1115533441491,586.4519953495459,591.0682052774356,4757224
2021-04-08,584.6434326171875,595.8270880233771,583.7392105614333,590.6397638971673,3222479
2021-04-09,606.0588989257812,611.0558509781729,580.1223382728915,583.4536396411526,16755446
2021-04-12,589.4976806640625,614.7203966621034,585.5477430146881,608.2005857640802,15229597
2021-04-13,597.1121215820312,604.9168986227347,586.4043641432527,593.9236126042491,7399207
2021-04-15,602.7277221679688,610.5800770165841,596.3030682009197,603.0608291363485,8588761
2021-04-16,614.9107055664062,618.6703291854997,596.1602239708949,602.7276707026426,9804095
2021-04-19,609.77099609375,620.0028511756303,604.393300185492,612.9595044400895,11340358
2021-04-20,614.0541381835938,627.7124526188778,608.3433349755372,612.7691726058044,13831258
2021-04-22,609.1047973632812,626.2847863426223,607.343931421081,619.3366536751098,11295290
2021-04-23,607.201171875,614.6727829476,599.7771392111927,605.8210494602414,7668180
2021-04-26,604.1078491210938,612.9595830338232,600.586175301774,612.9595830338232,6527947
2021-04-27,608.4385375976562,611.484311156578,601.5379832017501,602.2042552448421,5112384
2021-04-28,612.3885498046875,616.1005374131349,607.5343317259943,610.0566266378614,6069155
2021-04-29,613.4354248046875,620.5739285844162,610.1992798538935,617.6709486659851,5676290
2021-04-30,622.9058837890625,634.4702256568538,609.247510991844,611.0559552806158,10874266
2021-05-03,627.4269409179688,631.9479935790303,618.7655209639577,622.4299879767955,6567597
2021-05-04,614.0541381835938,632.8521987434464,611.0559432620463,630.091953955568,5604638
2021-05-05,650.4605102539062,654.743612670609,611.2938949171845,611.2938949171845,25296369
2021-05-06,646.6533203125,663.1194582955492,640.8948804800407,656.5995896377394,11153908
2021-05-07,646.7008666992188,657.6941509465996,644.940000903661,648.1761458677777,6466334
2021-05-10,664.547119140625,669.5916501599878,650.6507970176478,654.8387424450201,10924222
2021-05-11,673.9699096679688,687.0571665207405,662.6435185931815,664.832648120805,14760511
2021-05-12,668.9729614257812,680.4897823875026,666.2603532249681,680.4897823875026,7250661
2021-05-14,658.12255859375,676.7302493300874,653.8870341628271,669.115844274334,6851035
2021-05-17,654.0296630859375,664.8325743058479,647.2718454417463,654.8386701824242,6318234
2021-05-18,657.5038452148438,662.310426643389,651.7454631828915,657.6942169541849,4080423
2021-05-19,669.49658203125,672.6850908837221,657.503859315157,660.8351614985218,7745431
2021-05-20,653.7442626953125,667.8309589942288,651.9834547045991,666.260464661634,6226376
2021-05-21,657.1231689453125,661.0255282360964,654.8388242281271,658.4080765404171,3434231
2021-05-24,657.6465454101562,664.7374705200173,656.361579921548,657.6941238149291,3722957
2021-05-25,662.54833984375,663.7857270338085,657.6941802744118,661.5013824757109,2800233
2021-05-26,669.8771362304688,672.1139021143551,662.6434761434684,665.7844059682636,6235460
2021-05-27,665.784423828125,675.5403785732833,661.0254215134136,673.1608774159276,9875654
2021-05-28,637.4684448242188,661.0255094145874,634.1847211717503,660.5496091198326,28316552
2021-05-31,636.0882568359375,643.1316037101897,627.2365238838526,639.6099302730636,13947126
2021-06-01,638.7056884765625,640.8472395162976,632.2810353573572,637.8014664189052,6443084
2021-06-02,644.7973022460938,645.4159377553208,637.8491697632248,638.6581770034816,4978457
2021-06-03,642.9412231445312,648.0333324665387,641.0376221877747,645.320724340477,3604574
2021-06-04,641.4660034179688,646.5105348018117,640.371409529164,646.1774278408518,3747803
2021-06-07,642.7985229492188,645.1304460776987,638.5630566815319,641.466036942444,2793705
2021-06-08,646.0346069335938,647.1767791832954,633.0425065181641,640.561753909847,5695920
2021-06-09,640.4189453125,651.697816130897,635.4219926709209,648.2237210570536,4492551
2021-06-10,643.4647827148438,648.1762072940105,640.5618025093526,640.609380920597,3099864
2021-06-11,648.4617919921875,653.2683738099495,641.5612370587094,642.6558310785823,3822099
2021-06-14,644.4641723632812,650.7460912703078,639.1816905753788,649.1280186081965,3640962
2021-06-15,640.752197265625,648.5569740689332,639.3720747301675,644.4641848755141,3862284
2021-06-16,636.3262329101562,647.700260865842,634.7081603899957,642.4653579492186,4842448
2021-06-17,632.9949951171875,641.0853004434858,629.7589078426482,639.419649346895,2776147
2021-06-18,636.2786865234375,640.5617891253155,621.240249006614,634.8509856561448,4158743
2021-06-21,638.9912109375,642.2749341192816,630.0918999385239,630.0918999385239,2932177
2021-06-22,634.6605224609375,647.4622500114647,633.7563004233001,645.3206990191445,4577152
2021-06-23,633.1853637695312,639.943124948241,632.2335631475553,634.6606431149341,2631031
2021-06-24,632.7569580078125,638.6581327006047,629.6160279902384,632.1859009476325,3460776
2021-06-25,639.847900390625,644.749696312229,632.7569748888719,632.7569748888719,3010243
2021-06-28,643.70263671875,647.1291532160288,637.2779836413029,642.4653077447143,3342385
2021-06-29,644.9400634765625,648.6521090547675,640.6569607755406,640.799754102894,2937766
2021-06-30,642.8936767578125,650.508080964065,641.7515045082159,645.368334887527,3768943
2021-07-01,651.1743774414062,652.7448135120336,641.2280499542493,642.4653790656425,4102748
2021-07-02,648.4141845703125,656.2665398329989,645.6063610698433,652.4593372813933,5071894
2021-07-05,647.4147338867188,651.9357864165237,645.8918181785974,651.0315642919038,1600769
2021-07-06,640.7996215820312,650.0796755150797,639.9906144764647,645.3206734981318,2682423
2021-07-07,647.319580078125,649.1280244980641,633.9943713640885,635.8028157840276,2576763
2021-07-08,634.7559204101562,648.0811304272797,633.0426326475961,644.3690843994732,2548016
2021-07-09,635.70751953125,639.8954064954505,632.1858463819929,634.3749757147893,1994075
2021-07-12,636.3262329101562,640.4189635717665,634.2798966259982,636.3738113180121,1555035
2021-07-13,650.079833984375,656.1237447819022,636.7546250886485,637.9919542960201,7744032
2021-07-14,652.8876342773438,659.0267597762403,648.1762096808278,649.0804318709952,2663467
2021-07-15,650.079833984375,655.0292089071621,648.4617612855195,652.9352358906021,1905193
2021-07-16,655.4098510742188,662.1200915858824,649.7466841417204,651.888235430133,3479357
2021-07-19,656.0285034179688,658.1700545716727,645.3683260564284,645.3683260564284,1940882
2021-07-20,643.845458984375,658.2652016841549,641.4183793312727,655.7905436247745,2724983
2021-07-22,654.1724853515625,655.0291290563223,642.9888292488415,647.2243531787435,2047831
2021-07-23,660.5494995117188,665.2609232666631,648.7471509228974,653.1254677641064,3956261
2021-07-26,669.49658203125,671.0194397920396,661.6918052972784,661.6918052972784,4715053
2021-07-27,655.1243286132812,671.6856819683334,641.3707985922514,671.0194099426386,5327355
2021-07-28,654.6484985351562,658.5984946092591,640.1335381108386,655.1243988769371,3332667
2021-07-29,669.1157836914062,671.9236069201501,647.8906431389154,654.6484037767168,4397443
2021-07-30,736.6459350585938,745.9735674088122,662.5958751692375,669.068106304494,35893710
2021-08-02,737.6455078125,763.2489686758288,727.2708574330422,747.1635143649194,18661462
2021-08-03,756.4911499023438,765.5808345500719,728.3654521312889,736.6461294585964,14678219
2021-08-04,747.8772583007812,759.4416578516265,742.1188767756668,752.8742110288488,5796169
2021-08-05,748.2579956054688,756.1103498279928,745.5453292908029,747.6393020354678,5026619
2021-08-06,747.3538208007812,758.0615772364649,743.8797254754408,748.5911499258009,4064324
2021-08-09,750.7802734375,754.7778474258802,744.3080412194682,751.1134384909544,2873586
2021-08-10,755.1109619140625,760.2982866594314,744.4984203731944,751.8748748194328,5656020
2021-08-11,741.97607421875,756.6814036825601,736.027321045145,755.7296031747834,4275776
2021-08-12,741.1195068359375,743.5941649796722,735.8846039144806,742.4044143157048,2821380
2021-08-13,740.7863159179688,750.4946926154831,730.6496754710208,731.9345829059056,4319920
2021-08-16,743.1658325195312,745.259805276899,733.8857774729798,737.8357728583164,2310304
2021-08-17,746.3543701171875,754.9681528481599,740.6911456388274,745.2597763271556,5686055
2021-08-18,745.1646118164062,753.2549158180952,741.738095265599,750.0187709801035,4036305
2021-08-20,724.4629516601562,746.6398910133856,707.5208568035669,737.645364944756,6238261
2021-08-23,724.6537475585938,734.8171509317035,716.4944259085546,730.0456109905886,2375417
2021-08-24,736.1055908203125,742.404059751637,719.7869442524718,725.0833429984307,2732537
2021-08-25,733.91064453125,740.5430975828396,724.892421191056,734.8172488901887,2254852
2021-08-26,725.7990112304688,735.8669500004771,724.5584223541393,730.1888634226991,1735864
2021-08-27,736.5349731445312,741.4973868680779,723.4609406457224,725.9898803859592,2432862
2021-08-30,751.2313232421875,758.6272107737489,733.0517661848437,733.8629047446071,3617125
2021-08-31,757.768310546875,764.400763275752,747.8912453311746,751.4699005899562,7435465
2021-09-01,752.471923828125,767.1682916123352,751.0404617028971,758.7226301256849,2811619
2021-09-02,753.855712890625,759.2952808372239,752.2810811902282,754.1896974349054,2679549
2021-09-03,753.3308715820312,760.7744634501311,748.1775843099293,756.7663575992015,2860730
2021-09-06,748.4160766601562,756.8616794737559,744.1216905014433,753.3307863403305,4613445
2021-09-07,734.7218627929688,747.2232761711115,731.5725993231396,746.2689680278534,3851664
2021-09-08,741.9268188476562,743.3582809491388,728.6619134087148,732.2405686624211,2548562
2021-09-09,740.829345703125,746.5074903889086,736.2009748458471,736.9167059008699,2008287
2021-09-13,744.6465454101562,747.2231887447509,736.3918158845986,740.8293132837463,1935832
2021-09-14,745.6964111328125,751.9948216194109,741.7837127730252,748.8456163761117,1996844
2021-09-15,744.9806518554688,749.8475999341682,743.2151468982719,748.8455880645942,1393824
2021-09-16,745.3623657226562,748.7024442333812,742.7380183213724,744.3603538187081,1353677
2021-09-17,734.7218627929688,751.899409371615,731.6203613273798,749.1318924576277,4052622
2021-09-20,721.93408203125,739.3502049619443,717.257949014334,731.6680363595918,2206369
2021-09-21,729.5684814453125,731.3339279841526,716.7330269243122,721.9340172836872,2123997
2021-09-22,734.9126586914062,738.6344836517555,729.5685565268309,730.0457105860374,1817865
2021-09-23,734.674072265625,741.6882717940598,731.0954168673453,735.8669573983849,2109768
2021-09-24,735.24658203125,741.1633030534399,727.1826680914672,733.8628238350897,1777859
2021-09-27,728.184814453125,739.1116543035246,725.3695937913375,736.2010261262918,2862731
2021-09-28,739.68408203125,754.8576020073015,720.4548114411916,731.6679300550802,4938824
2021-09-29,774.2301025390625,782.294017140249,736.1054846259909,748.1775046513635,18565413
2021-09-30,780.8626098632812,794.8909507089941,769.7448970995345,777.5702352393367,10478553
2021-10-01,788.8310546875,792.7437528578358,768.5043037416774,774.898179681421,5730355
2021-10-04,793.984375,800.5691244854377,788.6879764554592,792.0757587139423,4007435
2021-10-05,783.0098266601562,796.274733067258,777.7134281473733,790.1671376899566,2987134
2021-10-06,764.01904296875,786.34987584842,760.8698378822181,782.9620937364487,2910453
2021-10-07,785.6341552734375,788.5924871298922,767.3591315819615,771.1286602835597,4089061
2021-10-08,783.8687744140625,795.7021610803657,781.1966648718604,787.3996681373229,2753935
2021-10-11,794.5091552734375,797.9924029540144,780.4331115377942,788.2584491960301,2988841
2021-10-12,791.7894287109375,804.243137554202,786.0635802086233,795.4157877798011,2407031
2021-10-13,804.05224609375,808.1080553577792,789.4513443925131,790.1193716852687,4113083
2021-10-14,802.859375,811.1618669343613,799.9487470090922,805.340610952546,2300231
2021-10-18,797.7061157226562,812.1161438604213,794.1274605646344,811.1618358182822,2632795
2021-10-19,789.5467529296875,803.71826261852,787.9244758190339,798.7558490397337,2029762
2021-10-20,777.6657104492188,796.6564070933842,770.6038070612034,787.3519029214378,2089252
2021-10-21,781.0056762695312,791.121317586701,773.0371696669054,785.4431734408826,3155655
2021-10-22,775.4230346679688,789.0696288427557,763.5896491809295,787.3995896684831,1709523
2021-10-25,776.0433959960938,783.7255649223187,759.199833920229,772.9895982795472,2129988
2021-10-26,776.3297119140625,786.2545403802804,769.4586813025538,779.6697905762619,1628608
2021-10-27,787.399658203125,800.1397073892658,778.5246037537819,778.5246037537819,3569869
2021-10-28,770.6990966796875,791.2644801211482,766.3570070462642,786.3020670059489,1647229
2021-10-29,758.6749267578125,779.2402543181424,743.739981945112,763.446467177673,4321416
2021-11-01,774.707275390625,776.6635952742857,751.0404470317765,762.4444400559238,1935341
2021-11-02,778.142822265625,797.8015451759697,746.9846405340793,777.4270912143307,17608860
2021-11-03,751.947021484375,784.4411981527483,745.6485535587025,782.5325820988486,9452138
2021-11-04,759.1043090820312,760.5834748304892,752.4718568429621,760.5834748304892,485870
2021-11-08,763.4464721679688,766.3093964385987,747.2232346343994,761.5378559875488,4280584
2021-11-09,764.7348022460938,774.8982072031464,760.5835851489011,763.4465095597502,3232291
2021-11-10,774.0391845703125,777.7610090162873,760.5834652588723,763.2078122218107,2900645
2021-11-11,758.5317993164062,773.4190411998536,755.9074519399313,771.9875789945037,2107377
2021-11-12,769.6495361328125,771.605856224488,759.7247079046003,767.2160619579796,2076523
2021-11-15,773.6575927734375,782.1986619668796,769.7926565954548,771.3672300217136,2109222
2021-11-16,761.96728515625,780.0991383676379,759.295234226998,775.1844285407512,1512946
2021-11-17,755.1917724609375,768.2181027186194,751.4223016595847,763.4465617079447,1662900
2021-11-18,754.523681640625,758.0545748220457,744.4556851346052,753.9033581107317,3177648
2021-11-22,735.5330200195312,757.72068491146,730.0934518161114,755.6688990530221,2894426
2021-11-23,749.32275390625,755.5734604966436,726.7533433759522,734.8172587084505,2739763
2021-11-24,743.3582763671875,760.5358214790978,740.1136056586233,747.7003663989854,2404041
2021-11-25,747.1277465820312,751.2789630283977,738.968366693259,740.1612516774261,1861259
2021-11-26,732.2406616210938,762.3968353351531,727.1828398696952,739.5888463241649,5432649
2021-11-29,716.7330322265625,739.5887211287778,714.8244161720366,737.6801050742519,4664270
2021-11-30,719.1664428710938,726.8486684127812,711.9614295474563,716.6852655167069,5505266
2021-12-01,711.29345703125,728.3755938306954,706.5219169471969,722.1725917214264,3687799
2021-12-02,731.238525390625,735.5329115103742,712.009195355879,718.5939440380301,4896650
2021-12-03,717.4488525390625,736.6304812221532,714.6813938633721,736.6304812221532,3135454
2021-12-06,703.4683227539062,718.1646342913601,700.1759477686516,716.8763415019065,2577704
2021-12-07,709.7190551757812,716.6854937318939,701.4165617748895,707.2378187849563,2583462
2021-12-08,722.93603515625,728.6141795736426,713.2020816187684,715.9218944471024,2530785
2021-12-09,725.0355224609375,731.7633823922548,721.6000368672595,723.5563566705023,2604449
2021-12-10,726.5624389648438,739.5887676549817,719.7391710884779,719.7391710884779,2950388
2021-12-13,727.7552490234375,738.0140599039269,724.3197635619946,728.9481340095409,2491218
2021-12-14,721.5046997070312,733.6244254416462,719.1666329783051,722.649881191137,3224172
2021-12-15,739.68408203125,743.2627369080229,711.2457162597617,718.1167452724328,6231786
2021-12-16,729.5209350585938,750.5634197938817,725.2742518033695,750.5634197938817,6186549
2021-12-17,733.8153076171875,737.0599205740406,719.071234165844,727.1828539275025,7171030
2021-12-20,729.0435791015625,739.3023896914076,718.6415990189063,732.9085146977719,7474026
2021-12-21,742.9764404296875,748.1297266416199,729.1389751992658,729.1389751992658,5599344
2021-12-22,761.0606689453125,764.4007471162324,741.9745079686276,749.1318183348844,5871235
2021-12-23,756.241455078125,767.2159980769665,753.9033886160597,765.2119161467634,4277384
2021-12-24,749.513671875,758.4841338671176,742.0700214341514,757.148137355789,3076272
2021-12-27,757.8160400390625,760.2018102926124,745.4577967227491,748.1775515132584,3598487
2021-12-28,777.8565063476562,782.4372318090445,757.9115020737653,759.6292449986139,5477769
2021-12-29,800.4735717773438,805.1020007161101,779.1925141485796,784.9183623848214,8748856
2021-12-30,796.3223266601562,803.4796366998012,789.5467048748229,798.421815921053,5179861
2021-12-31,807.058349609375,812.0684669964987,795.8929334973735,796.3223837798241,3346523
2022-01-03,810.159912109375,820.752709230304,802.4777431841654,806.3903832838085,3726756
2022-01-04,799.4238891601562,814.9790991933844,794.3660679924167,813.5476370753632,3027262
2022-01-05,796.9426879882812,805.9609113746601,792.696063449893,801.6188210764318,2436343
2022-01-06,791.6939086914062,806.2948679686198,784.4411910507862,799.5192460908157,2423850
2022-01-07,791.07373046875,797.8015910888305,787.49507500633,791.6939958010955,1475374
2022-01-10,788.926513671875,796.8472592099628,780.1945713053482,794.0797424363249,4837873
2022-01-11,794.3660888671875,803.0502693128531,790.4533906939707,792.9346267115496,4950526
2022-01-12,797.9923095703125,806.3902077771868,789.6898188587244,806.3902077771868,3953446
2022-01-13,825.95361328125,831.2023075308708,796.1314868629495,797.9923992007195,7395140
2022-01-14,820.4663696289062,829.19831183655,817.6511491510186,825.9536410745197,2351963
2022-01-17,814.2157592773438,823.9497144636581,811.6391155153268,820.4664662719603,1750754
2022-01-18,808.0126953125,827.5760117351955,806.3903598623245,815.9334410441272,3354708
2022-01-19,800.1873779296875,809.2533052884615,795.8929912860577,809.2533052884615,1677779
2022-01-20,782.5326538085938,804.2431634112102,778.3814368094885,800.9507887672587,2886894
2022-01-21,771.7966918945312,782.2463774556953,764.4962114794638,779.1925798230415,3218477
2022-01-24,764.2576904296875,787.3042565096928,755.4303396748818,767.2637845258097,5300160
2022-01-25,771.128662109375,774.6119100341355,748.9409983943964,754.8577203676597,3779497
2022-01-27,774.9935913085938,780.0514708787241,755.143994308893,765.3551027150837,3593525
2022-01-28,789.5467529296875,804.3862899121466,774.9935549633124,778.7153797089877,5073701
2022-01-31,796.3700561523438,810.9232537033602,782.580293380965,792.1710774948259,8041517
2022-02-01,851.0042724609375,854.105773874448,801.4756573589535,808.680730316647,12337459
2022-02-02,849.9545288085938,857.3981203064405,841.6997404815244,849.3342052477966,4404741
2022-02-03,843.1788330078125,850.4793126038146,840.2205014668516,848.713807832441,2292825
2022-02-04,853.1036987304688,861.5970054852454,841.0793822711441,842.5586063557455,4222492
2022-02-07,846.5189819335938,860.2610417662536,839.5048407511729,860.2610417662536,3494623
2022-02-08,853.246826171875,855.0123310576295,841.6997217681504,845.5169540664187,4766558
2022-02-09,852.6216430664062,860.4125104563058,851.5635856256093,859.7873507333381,2874380
2022-02-10,860.1721801757812,862.0477770385644,846.4179010253129,857.382883680072,3159839
2022-02-11,846.5140991210938,861.6149763603836,841.2721258970379,860.4607583390809,2682532
2022-02-14,831.845947265625,852.814072119398,829.2971106357204,836.7994386896775,5163415
2022-02-15,843.3399047851562,846.4177994333783,826.2672730352217,829.5856272855553,3219287
2022-02-16,835.6932983398438,847.5239580207453,834.0100810834831,842.5704666125006,2136415
2022-02-17,829.6336669921875,839.0596711939414,828.4313690402812,839.0596711939414,2275289
2022-02-18,829.9703979492188,834.7795900599317,823.718448205292,829.6337192778939,1797851
2022-02-21,811.6473388671875,831.0284067903413,807.4633651626058,822.8527801031677,2305713
2022-02-22,813.52294921875,816.6008439997527,793.1319623388126,804.0969441505221,3171552
2022-02-23,808.1846923828125,820.4481316305137,806.0686362224103,817.4183172751701,1979574
2022-02-24,787.0242309570312,805.0106198676648,783.8982563152832,798.9029111132922,3679222
2022-02-25,799.8167724609375,803.1351269421904,785.8701145679294,789.1884690491822,2098988
2022-02-28,811.6954956054688,814.6771713333957,789.6693715049798,789.6693715049798,4123139
2022-03-02,789.5731201171875,812.7053205505212,784.5715489869103,812.128182320516,3807036
2022-03-03,789.5731201171875,801.0189611878706,785.8219270929912,801.0189611878706,2657776
2022-03-04,797.9893798828125,807.5596265312307,778.4640102700207,785.1487999621366,4082674
2022-03-07,791.2564086914062,797.3640592454626,778.2234509874642,786.783836505173,3065234
2022-03-08,822.3719482421875,828.8162781742842,794.6710101478542,794.6710101478542,4864275
2022-03-09,835.1162719726562,851.9965257922124,827.1811044013641,830.451378761615,7276355
2022-03-10,836.3666381835938,848.2453786300691,833.5292029276201,836.7033168750263,2899758
2022-03-11,867.5783081054688,872.3875005007319,835.8857184794923,838.72315373389,7194497
2022-03-14,858.2002563476562,877.0041840983084,855.988039913336,867.5300999594799,3861194
2022-03-15,857.623291015625,873.3493264399511,847.7163078588611,859.5950481281793,4039746
2022-03-16,855.2667236328125,865.6545666919241,846.8506375677522,865.6545666919241,3134307
2022-03-17,876.8119506835938,880.0822250569008,858.1523190589705,858.1523190589705,5484100
2022-03-21,878.9279174804688,895.4715496885157,876.5233214823793,877.6775393026537,3878744
2022-03-22,879.2164916992188,886.8150388332102,868.0591893134189,878.9279519093368,2174495
2022-03-23,866.424072265625,890.6624131775229,861.61487996985,882.967705504283,2578669
2022-03-24,874.1668090820312,879.7935989631418,851.707905854419,852.1888250559178,3141478
2022-03-25,867.9149169921875,880.034116896852,862.095806009524,877.0523824263411,1571676
2022-03-28,871.3295288085938,876.1387213537213,864.9813594254472,874.2150443356702,1545077
2022-03-29,884.2662353515625,886.8151309565461,866.7126820544291,873.3974716265853,3177777
2022-03-30,885.468505859375,886.8151032512526,873.7341230414287,886.8151032512526,2084073
2022-03-31,879.841796875,891.6243188883575,876.0425229335815,885.4685288030745,1901705
2022-04-01,874.0226440429688,883.9295687084103,869.598151783419,879.1203762780054,1184766
2022-04-04,890.7105102539062,893.3555660667528,868.1553862177136,873.3493374780514,1876408
2022-04-05,893.6441040039062,904.8014655420253,888.8830505154874,892.5861051633602,2911697
2022-04-06,892.6821899414062,902.9738724978487,889.700514402548,892.393650164413,1881754
2022-04-07,895.4234619140625,911.8227947407293,891.4798892870741,892.68218727592,2728625
2022-04-08,889.3157348632812,901.531093923302,884.218003235197,901.2425541530247,1453271
2022-04-11,890.0853881835938,897.9243368829834,883.5448392953641,884.8914367031676,1102625
2022-04-12,886.1416625976562,892.7302905371964,876.6194981295381,884.8912844803422,1420380
2022-04-13,901.002197265625,907.0136877731352,886.1417809898675,886.1417809898675,1825531
2022-04-18,892.1051025390625,905.1380009212182,884.169935858796,892.2012628952288,1287320
2022-04-19,886.81494140625,901.9638951233308,880.1301532629191,895.4234062120674,2001066
2022-04-20,888.2578125,895.471600906876,881.0921042746444,882.9677010016243,1455897
2022-04-21,908.0716552734375,909.8991718070196,885.4684517454618,895.4715950870351,2410164
2022-04-22,889.5081176757812,906.2922090648165,883.3042484143269,905.0899110957731,1745381
2022-04-25,865.6546020507812,887.1516678526583,862.3843278495387,880.6111781561333,1146270
2022-04-26,883.0157470703125,889.4600762060219,869.5500092310215,870.4637674684507,3142879
2022-04-27,871.5217895507812,886.5265044822452,869.117193443748,875.3210631410859,1586283
2022-04-28,885.8531494140625,891.9607996545675,874.5996286086536,884.8913110325054,3150038
2022-04-29,893.2113037109375,930.1458651177134,884.458538556731,888.7387314178467,4290688
2022-05-02,888.16162109375,889.7005390843775,868.1072548000029,887.2478628529582,2119174
2022-05-04,866.5203247070312,885.7570946309883,860.8454540970787,884.9875768692597,3925917
2022-05-05,844.6384887695312,884.1219468228356,839.3002382150062,870.4638285997465,4462293
2022-05-06,849.5919189453125,851.9003547832364,828.6238517903588,829.1047710310961,2350532
2022-05-09,851.61181640625,857.3828473047628,834.92388350114,834.92388350114,2522123
2022-05-10,828.9603881835938,856.8537013335773,814.1961924641745,851.2269702667389,6975331
2022-05-11,822.179443359375,833.9138834489834,818.5244692215512,820.4481459999802,2768829
2022-05-12,817.5626831054688,823.1894145597518,803.3274857761186,820.3520380949185,2700591
2022-05-13,848.8223876953125,855.0743372930683,827.3253229454117,830.0184587232536,4870689
2022-05-16,851.8040771484375,860.6049221312408,841.656693607724,848.2934021559978,2739020
2022-05-17,857.7194213867188,861.4224758660272,845.1674415954219,846.5621190624458,2317400
2022-05-18,864.8370971679688,874.3111827617147,854.1125745791009,856.9980900337599,2878378
2022-05-19,850.8422241210938,865.6545589454316,844.8307341284171,851.2269829630078,2715634
2022-05-20,880.7074584960938,882.6792157078613,855.1225188097134,858.921792679781,2877917
2022-05-23,886.8631591796875,895.7601651240703,881.6211277199129,884.8914020359086,2195036
2022-05-24,875.1768188476562,895.3272871734728,872.3874638930675,892.5860711055861,2911410
2022-05-25,876.4271850585938,887.4402467717831,872.6279115366692,880.0821593343095,2405811
2022-05-26,865.6065063476562,887.2478710108546,859.4026367363475,883.7371372608857,4113170
2022-05-27,869.4058227539062,877.9661499747551,861.8072753039975,867.5302259827555,2374509
2022-05-30,854.401123046875,880.5631418422558,852.6698254977168,870.4638376485434,3541617
2022-05-31,827.7581787109375,849.1110048707818,818.7169321536443,834.1544281340447,24360628
2022-06-01,807.2229614257812,841.6086878135937,800.8267119160126,841.6086878135937,5999099
2022-06-02,826.7481689453125,829.9703627463973,801.0189922442898,804.8182655918002,3553217
2022-06-03,832.0864868164062,841.6087117228566,822.2276419076528,829.2491101245125,2618353
2022-06-06,826.98876953125,840.5988084300182,825.2574718908539,831.9903417081453,2095566
2022-06-07,815.87939453125,824.6802390686994,806.5976308104636,822.3718035062998,3031449
2022-06-08,814.9176635742188,821.410073404996,805.635898630056,812.8496873309194,3208941
2022-06-09,826.074951171875,829.2009262171406,803.5679660695398,813.7153502445173,2297715
2022-06-10,813.4267578125,821.3619247216739,809.8679439423456,817.5626512482112,2124778
2022-06-13,797.844970703125,818.5244967671601,788.4670460926905,807.9442741297468,2191412
2022-06-14,793.5647583007812,803.7602805402271,790.4868636868739,794.4785165198102,2461692
2022-06-15,790.9197998046875,798.3740483021709,787.8900437034823,793.757235167503,2008725
2022-06-16,783.5136108398438,794.478593113382,775.7708227328974,791.20831876346,2327414
2022-06-17,763.1226806640625,779.3777159047784,759.7562459525225,774.472363093205,5719089
2022-06-20,774.5684814453125,782.4555683685847,764.1806380686423,770.4325879080964,2745302
2022-06-21,786.2549438476562,788.9961602655734,774.6166620298035,775.8189602316911,1342717
2022-06-22,778.4158325195312,789.6693539330948,772.59672173783,782.9364848983424,2032073
2022-06-23,793.4205932617188,794.959511362128,777.6464185556932,778.6082570449396,1778752
2022-06-24,793.1320190429688,801.9809451562612,790.1503431173644,796.3061331194716,1404748
2022-06-27,803.7603759765625,815.6390581165106,796.4022878779136,796.4022878779136,2980249
2022-06-28,796.9793090820312,805.5396946930939,793.5647943561659,805.0587754723816,2823691
2022-06-29,806.6939086914062,811.5031008754423,792.4105726812435,792.5548719291482,2975927
2022-06-30,798.903076171875,815.7833896896606,792.218345213945,804.0970278244192,3809670
2022-07-01,797.6044921875,805.0106595992899,793.5166789926892,798.2297106290891,2316527
2022-07-04,797.7488403320312,807.6076845238674,790.5350518989804,793.8052674317205,2097164
2022-07-05,803.904541015625,814.4847636530084,795.1037546817403,797.748810341086,2682730
2022-07-06,805.7321166992188,810.49322897705,799.5282466830122,807.9443334902018,2364840
2022-07-07,817.03369140625,820.3520458337032,810.0122823910057,810.8779017812366,2327906
2022-07-08,824.9688720703125,826.7001695847952,817.3222444498891,820.9291387325453,2927832
2022-07-11,824.5360107421875,830.0665818261975,818.6206807960363,824.1031716987686,1768048
2022-07-12,819.1015625,827.181028587188,816.6008061285147,820.4481597498504,1695338
2022-07-13,827.3253784179688,830.3070541744385,816.9374760404181,821.9871279771871,2663538
2022-07-14,846.3215942382812,849.2551894874365,831.2207202844894,834.2986147696499,4934156
2022-07-15,844.8789672851562,851.1789977592506,839.5407166112491,851.1309175751358,1413559
2022-07-18,849.1109619140625,861.4224821878087,845.0231485497276,854.6896131171394,2866600
2022-07-19,841.8971557617188,857.2865704538775,840.1658583500425,846.417808068732,1604458
2022-07-20,834.3949584960938,850.9385936218783,829.1529265545502,850.9385936218783,2885666
2022-07-21,836.4628295898438,844.3979967839869,830.739879084391,838.7231264597308,2321107
2022-07-22,841.127685546875,842.7147423982143,833.4329783034501,837.7612511278766,1939758
2022-07-25,835.21240234375,844.4941669549673,823.7184797241086,836.7994592833959,2419358
2022-07-26,834.5391845703125,843.9171097943168,829.1047736504278,836.0300224801157,1560211
2022-07-27,859.8836059570312,862.769121413263,833.000208548614,834.3948860936517,2797789
2022-07-28,860.7011108398438,862.6247877338981,845.215535325091,861.807248536309,3183169
2022-07-29,907.2061157226562,915.6222028832136,845.4560701862872,862.7691637737197,11315800
2022-08-01,883.6410522460938,904.080120615234,875.2730454549471,904.080120615234,4219890
2022-08-02,882.246337890625,891.2395041158201,877.2447660981586,883.6410154153457,2043767
2022-08-03,862.76904296875,882.7752699050949,859.4506887546019,880.0821341320025,2863168
2022-08-04,883.4485473632812,884.89130492566,861.4224250952494,866.6163758021953,3151481
2022-08-05,880.9959106445312,893.5478902573312,877.1004767931048,884.4104252869926,3317738
2022-08-08,875.6578369140625,884.6990840347906,873.7341598195289,884.6990840347906,2677742
2022-08-10,884.6027221679688,891.6241302224893,878.3507730348014,878.3507730348014,3077870
2022-08-11,885.9013061523438,891.5280963942985,882.4387111618801,887.776902899662,1526395
2022-08-12,878.59130859375,887.5844742575396,872.5317383434027,885.9012570376676,1384417
2022-08-16,879.6974487304688,884.362400573587,871.7142011021372,872.3874997781086,1635836
2022-08-17,885.660888671875,890.6624606673553,880.0822370525163,883.9295910942759,1828327
2022-08-18,881.7654418945312,883.9295785122163,861.0378340307856,875.2730320414763,2989998
2022-08-19,869.7993774414062,888.5685669539549,866.5666634479343,883.9365965682714,1708425
2022-08-22,849.7274780273438,871.8259168007038,847.4115222524451,868.9791659431933,2860170
2022-08-23,857.3028564453125,860.7768200519582,842.0558656527799,843.551657246052,2314528
2022-08-24,850.1618041992188,868.4484972384093,847.3150531205134,860.7767642970524,3223687
2022-08-25,846.5912475585938,859.4739835842003,844.3717678343122,856.9167198135648,5016244
2022-08-26,849.3414916992188,859.3291795471658,847.3632022241999,851.416198343185,1542618
2022-08-29,848.4730224609375,850.161766037061,834.7218247696457,841.47679907414,2068888
2022-08-30,861.7899780273438,864.1542308630469,851.1267801465185,852.091776495891,3672052
2022-09-01,841.33203125,870.3302182405278,839.9328336829793,861.7417272981206,2939235
2022-09-02,839.1124877929688,847.2667179861284,835.6867628428099,842.3452606096971,1963435
2022-09-05,853.6357421875,855.1315336393898,834.1911011986618,838.5818227833219,2808538
2022-09-06,856.675537109375,859.522288212656,851.6575441491567,855.9517898237292,2252661
2022-09-07,862.4653930664062,865.0226566724594,848.7141965895432,848.7141965895432,1698682
2022-09-08,862.9962158203125,869.2204539983761,855.9517543120285,866.8079631463129,1772605
2022-09-09,858.8467407226562,870.3302207030356,855.6622645873576,863.1892242431641,1405210
2022-09-12,856.6272583007812,863.8164927757811,854.1182324907312,860.0047454730508,1571387
2022-09-13,858.9915771484375,862.0312804979798,852.5743274682263,858.7020311067326,2216354
2022-09-14,852.8155517578125,866.2772630532779,849.245053368166,853.6357751222276,1889322
2022-09-15,843.6962890625,857.0615237230815,840.6082889919038,852.0917690080046,1780723
2022-09-16,837.6649780273438,859.3291554901301,835.4937364778178,847.9422115879115,5625488
2022-09-19,844.2269897460938,846.2535173159152,826.808818305664,841.862795929352,1920725
2022-09-20,880.0283813476562,882.7303591888278,846.1087380828063,846.8324853026934,4408042
2022-09-21,873.611083984375,890.2090310862646,871.0538792884939,886.3972841598687,4153228
2022-09-22,876.2166748046875,879.352912902832,863.9612095337361,868.4002280272543,2317690
2022-09-23,888.8580932617188,894.2621080322705,871.005661211787,871.005661211787,4802181
2022-09-26,869.1721801757812,893.9242999596415,867.5799127194949,885.8183663696657,3760536
2022-09-27,865.7464599609375,878.0018659348809,863.092720117986,873.562906484333,3096645
2022-09-28,885.7218017578125,893.5865449080047,860.8249098025342,862.7066643064321,5559336
2022-09-29,898.1220703125,922.0539668293244,892.7180556805074,892.7180556805074,8519098
2022-09-30,915.4437866210938,917.6632663872784,897.4465816131348,901.25832887392,4182345
2022-10-03,911.4390258789062,933.9716664319429,909.7502823158696,919.593256577309,4444578
2022-10-04,911.4873046875,922.8260119750868,910.0398101401485,922.2470377156277,1856830
2022-10-06,920.510009765625,928.3264563689182,914.3822478173165,921.2819950389983,3449485
2022-10-07,921.71630859375,927.8922500374613,913.079579281625,919.6415428337515,1762328
2022-10-10,912.9347534179688,920.847734992774,902.5128049798185,912.838277345802,1683827
2022-10-11,911.6802368164062,918.5799837876216,907.0965044799385,917.5184525389044,2426935
2022-10-12,922.1022338867188,926.3964793467644,908.109787063252,912.8865306896241,2875040
2022-10-13,934.50244140625,939.6651480568901,918.1939803605966,923.3566870112365,4498223
2022-10-14,942.1259155273438,945.5999376926488,930.256472317965,941.8364284049105,3307000
2022-10-17,945.6964721679688,950.5214541688257,939.2309845070791,942.1259737075933,2647369
2022-10-18,944.1041259765625,950.5213750631189,938.7001701448212,949.3151296632926,2065146
2022-10-19,942.7048950195312,946.3718691252948,931.2696536952553,941.4503527292155,2424533
2022-10-20,946.0341186523438,948.4466094520883,932.7171812174942,936.0464303008819,1669666
2022-10-21,943.4769897460938,957.1799503722318,941.5952349909671,946.6614660785434,1791608
2022-10-24,952.451416015625,955.2981670833558,947.7229102489736,951.4864196468149,191840
2022-10-25,956.8421020507812,962.4390690015306,951.0038860168213,957.2281241433993,2119595
2022-10-27,976.2386474609375,977.9273911883408,957.7589425415844,964.0314192433681,4379157
2022-10-28,955.3463134765625,968.3737632057884,952.9820608200373,966.92626879143,3934980
2022-10-31,981.3047485351562,991.3407334868544,956.504332161184,960.123068240109,3546309
2022-11-01,1000.315185546875,1012.2811637589886,983.4760464812857,986.1780244618171,5264069
2022-11-02,1015.1279296875,1033.4628615372294,996.5035695922757,1002.4383210925919,5923662
2022-11-03,1007.6492919921875,1018.6502755841059,1003.1621525326864,1008.4213363064155,2386317
2022-11-04,1003.4998168945312,1009.7722937256475,995.3455263356302,1008.7108212060189,1576349
2022-11-07,992.3539428710938,1013.1978398395468,985.2612434731524,1008.4211551708563,2853521
2022-11-09,978.072021484375,1000.3634721148014,974.6462962821337,984.344497648567,2268760
2022-11-10,975.2735595703125,986.5157314190658,971.5100503427547,974.6462883994857,2419991
2022-11-11,978.072021484375,995.3454205050054,974.50152327271,980.1950251966111,2390487
2022-11-14,981.3047485351562,985.6472318298662,966.9262802887481,982.9934920386546,1764788
2022-11-15,980.4844360351562,986.2261755492578,969.2905030032738,986.2261755492578,1703050
2022-11-16,982.9935302734375,986.9982296839961,971.847775597861,971.847775597861,1485506
2022-11-17,977.8790283203125,994.4287392925715,975.0805742427964,987.480753788516,1758031
2022-11-18,974.26025390625,982.2214734873636,970.7862907394261,979.712506633402,1130682
2022-11-21,968.0360717773438,977.3482508280974,958.7238338278896,967.8912987713873,1108922
2022-11-22,974.7427978515625,976.9623365943698,961.3776218500668,970.9311093556618,1723123
2022-11-23,982.0284423828125,983.4276398049983,974.1154614738526,979.6641898266598,1311376
2022-11-24,998.8677368164062,1001.0872756258975,978.3133255490925,984.9235861405375,1994268
2022-11-25,997.6614379882812,1001.6178994047116,991.0029397132424,1001.6178994047116,1948596
2022-11-28,998.5299072265625,1005.0436321589416,991.9678853609101,996.8411637255754,1427648
2022-11-29,1013.1014404296875,1014.4041620017815,997.8062711480702,998.7712675418304,1179559
2022-11-30,1009.4344482421875,1021.2556531690643,1002.9689022159848,1016.1411255511281,3060171
2022-12-01,1009.820556640625,1020.821540478059,1003.210354068185,1018.071323968057,1878374
2022-12-02,1003.5961303710938,1013.1013201617635,998.5781968381972,1011.6056466074373,2284133
2022-12-05,1003.0172119140625,1009.3378672157265,994.66997007551,1005.6709518293744,2294634
2022-12-06,997.3720703125,1003.5962499359266,987.4325603335932,1003.0172756589074,1321211
2022-12-07,982.125,1000.8459520782718,979.8089852835558,1000.2669778485111,2954262
2022-12-08,946.4684448242188,982.3663222092487,940.871477557974,979.4713330475319,10021644
2022-12-09,958.0965576171875,962.1013158414037,945.6963786605572,946.4683639246217,4231753
2022-12-12,952.8373413085938,960.1712894068958,945.8411183455787,960.074813339299,1875104
2022-12-13,959.833740234375,961.4741870764467,945.5035076472512,945.6965187165271,1863361
2022-12-14,965.2376098632812,967.8913498554072,959.7371188271338,964.0313644123148,1570685
2022-12-15,967.1192626953125,971.7512329594713,963.1627426935977,965.9612554045985,1304660
2022-12-16,958.86865234375,969.9178134968951,953.0303772731495,963.2111359441417,2618988
2022-12-19,953.3681030273438,958.3860955495176,939.6169058004817,953.0303189843063,1547342
2022-12-20,953.754150390625,955.9736891877245,945.1174798924964,953.3681871771288,1352408
2022-12-21,970.4003295898438,974.1638390058116,953.8024390853304,957.2764024702973,2043630
2022-12-22,975.2735595703125,997.8544971382564,971.7995374605588,984.2480136144486,5163443
2022-12-23,966.4920654296875,991.8714572050447,963.5006003571987,976.5762888881644,3612433
2022-12-26,965.0445556640625,976.3832623961905,954.091871018466,974.6462808042005,2307374
2022-12-27,965.1411743164062,980.1950946171528,958.2414264876521,965.2376503970535,1870105
2022-12-28,960.1712646484375,975.225182524653,958.2412721566818,963.9347735668397,1686511
2022-12-29,965.5270385742188,969.5317967886075,954.4778191321402,963.5970459694435,2162872
2022-12-30,966.3473510742188,971.5582959313023,958.9651055699728,968.8563179796254,1629162
2023-01-02,962.101318359375,966.3473256708925,952.6443663277591,966.3473256708925,1616012
2023-01-03,973.7777709960938,977.348269189327,953.4163720353855,958.2413536752407,1810117
2023-01-04,968.9527587890625,989.9897251941475,965.7200447518214,976.576253099019,2573870
2023-01-05,980.6292724609375,986.1297632663448,972.9575399348722,973.7777632476403,2246533
2023-01-06,973.3917846679688,986.0332127044396,968.9527663255902,979.4712496099455,1773153
2023-01-09,981.2564697265625,987.5289457125577,975.128766745878,979.4712501207979,1567316
2023-01-10,976.431396484375,988.1561240548554,974.6944150772988,980.4361543356767,1607654
2023-01-11,992.0162353515625,996.889513976872,973.0540337525308,976.5762939453125,3258157
2023-01-12,996.6964721679688,999.2054391578325,985.4060618148777,995.8279518798676,1641398
2023-01-13,995.4901123046875,998.77112312855,984.4409523127061,995.0559111092415,1491367
2023-01-16,999.2052612304688,1003.1135429322766,990.1825703826188,995.4900494457526,1437532
2023-01-17,996.5516357421875,999.736170663454,990.8582517881056,999.2053755774429,1245848
2023-01-18,1003.6925048828125,1005.043523096476,994.0908399952281,996.5515095797791,1238451
2023-01-19,1004.126953125,1007.4561432610692,999.7361728146242,1001.7626414973358,824263
2023-01-20,994.2839965820312,1010.8337080586548,981.2565454519197,1007.5045176665902,2963571
2023-01-23,1012.570556640625,1017.9745117843986,986.7086114418256,998.7710639044396,2106604
2023-01-24,1004.2716674804688,1014.1628801975287,998.3370340881589,1013.2461807719836,2088556
2023-01-25,1003.6445922851562,1009.0485487775269,994.2358770163034,994.2358770163034,1753333
2023-01-27,1006.8771362304688,1014.2110843561528,997.8061476919715,1008.3728097772943,3448013
2023-01-30,1014.8865356445312,1034.6207801534472,1003.789078478248,1005.4778219600737,3320916
2023-01-31,998.2886352539062,1023.1855859877032,990.1344639408727,1018.0710586687976,5265462
2023-02-01,979.374755859375,1007.4078273361354,969.917745121794,1000.1703551790271,4717887
2023-02-02,972.3302612304688,980.146766703471,958.2413386228855,974.5980379047987,2117181
2023-02-03,992.1610107421875,996.31042432663,966.5886077267309,971.7513145873515,2332076
2023-02-06,987.5289916992188,990.0379586509728,977.3000539436638,984.2962774846084,1215157
2023-02-07,971.1723022460938,992.4986969685833,966.9262949562669,990.3274552882923,2360600
2023-02-08,984.8809814453125,988.672748348158,969.7140325157952,976.908586509158,1815142
2023-02-09,978.85302734375,992.8533329282069,973.6029572552761,975.1585203909136,1474402
2023-02-10,978.6585083007812,986.1933817592434,969.0333507132372,978.8529685162817,1530150
2023-02-13,987.0684814453125,989.1101654765201,974.1862776736795,980.2627888867139,1355766
2023-02-14,978.804443359375,989.7907639570055,975.4015970204052,989.742163734635,1832842
2023-02-15,967.76953125,978.4641912687362,963.0541228189985,974.1863035248691,2251350
2023-02-16,967.5263671875,981.9641329303535,963.6860005420131,971.1722736216473,1678410
2023-02-17,957.1719970703125,968.8388979995595,954.7413927100527,964.658270368098,1847026
2023-02-20,957.0748901367188,964.1236434701223,947.8871928891302,962.6652807114871,2157871
2023-02-21,944.630126953125,963.2971817332486,942.2481819709614,962.5194001467707,1771813
2023-02-22,941.6646728515625,950.8523686499537,939.1854684211199,944.5813979087709,2605147
2023-02-23,945.5051879882812,950.123336721386,937.2897325843611,945.9913089075554,2835983
2023-02-24,943.5606689453125,956.0539523660215,936.9494365591677,943.6578693891511,1823835
2023-02-27,938.261962890625,945.5537765901132,933.4007537576329,943.5606927137728,1548675
2023-02-28,930.0464477539062,948.9079617128484,927.5186429037473,942.102269364498,3819644
2023-03-01,932.6715087890625,939.2341406710977,924.6019140467454,924.6019140467454,1862513
2023-03-02,938.5049438476562,940.1577666810514,924.6990992112487,933.3520744713643,1510195
2023-03-03,940.0606079101562,942.831473267688,931.5534922709788,940.2064085736988,2215832
2023-03-06,938.4563598632812,952.310804958388,937.0465974415584,943.0745082283167,1989152
2023-03-08,930.9215698242188,938.2133836870717,920.7130304162247,933.3521744451697,4734482
2023-03-09,926.2546997070312,932.7687311076193,920.8587700222556,930.9214481008662,2994556
2023-03-10,929.025634765625,930.9215181328806,919.8379379404096,920.2268583945394,2001392
2023-03-13,927.6157836914062,933.2548330330073,921.2476124145833,928.5880253929341,1412106
2023-03-14,930.6298828125,936.9980548710638,923.9213905120699,927.0325762070655,1879695
2023-03-15,924.9909057617188,938.1161705371467,922.9977625267783,925.5742271264759,2189113
2023-03-16,940.546630859375,943.0744355068385,925.2824245195849,928.733870637018,2228093
2023-03-17,931.115966796875,941.8106264024045,926.3033581062009,941.6647663986847,2218687
2023-03-20,934.5187377929688,935.9285001320139,921.053154587438,923.629618839518,1955757
2023-03-21,929.6575927734375,938.2133084852208,926.7894676824213,938.2133084852208,1687239
2023-03-22,945.0675659179688,947.3523695980324,930.0464192554869,930.4353396855607,1626129
2023-03-23,950.51220703125,955.6650766354345,945.019017196974,947.9357425586932,1857923
2023-03-24,945.8453369140625,951.8246472496003,941.1299882917396,950.4634851004115,1534322
2023-03-27,956.1511840820312,963.442997383779,936.2688279444134,952.7969380950416,2473222
2023-03-28,956.8803100585938,960.3803565045906,949.1995767553631,959.6025749989163,1394675
2023-03-29,964.3666381835938,968.8389266021343,951.8246955780126,958.2901271035503,3045795
2023-03-31,955.8108520507812,967.5750129701834,954.1580885288757,967.5750129701834,1822710
2023-04-03,951.873291015625,960.5748667067105,949.1024257134193,953.7691743312581,1671570
2023-04-05,969.4708251953125,971.2694485859541,948.2273086582228,957.658064922087,1544121
2023-04-06,984.005859375,985.8531424512698,965.8249859761063,969.4708925680118,1423990
2023-04-10,980.60302734375,988.72128174319,978.7072033614003,986.825398419912,1110974
2023-04-11,981.2349853515625,993.8741280907949,979.5821625097851,980.60300447823,1786844
2023-04-12,988.4782104492188,991.881056613312,977.3460304156423,987.3115084676298,3246327
2023-04-13,975.6446533203125,995.4297503563054,974.1862906098187,993.922787423648,1445693
2023-04-17,970.9779052734375,981.8670253884834,967.4291989387583,971.707086629254,1768817
2023-04-18,976.908447265625,978.3182095973289,960.8664592324762,971.2694572797333,1217390
2023-04-19,967.86669921875,981.3808837980556,965.4360947505965,975.6446335168414,2174563
2023-04-20,960.3318481445312,974.2834943862647,956.4428809032473,971.3667689553018,1638094
2023-04-21,961.984619140625,966.6999679296684,957.6095312304466,966.6999679296684,1216575
2023-04-24,951.9705200195312,955.2275061003987,932.6228857270305,947.9356930767315,3485350
2023-04-25,945.5051879882812,955.6165268455572,940.1578578762653,952.797001777394,2377746
2023-04-26,944.2898559570312,949.6857861228854,936.4633212713393,948.7135443149501,2911028
2023-04-27,951.5330200195312,954.3524855119798,936.8035336557025,941.1300213451544,2777173
2023-04-28,960.234619140625,964.9499680440657,951.9705639986859,957.6095544626468,2009995
2023-05-02,946.0398559570312,961.4499238364253,943.3661910513025,960.2346216065487,3152556
2023-05-03,936.8521728515625,945.4079481470274,932.8660052159851,943.5606649943861,3087472
2023-05-04,946.9634399414062,948.8107229548696,938.3591244134218,940.7897287253865,1197830
2023-05-05,943.5120239257812,950.1232559980272,940.9841597557657,946.9634702912033,1062645
2023-05-08,935.1506958007812,942.1022479924106,934.3243140564568,935.2965557984511,2676958
2023-05-09,930.8728637695312,940.0119005007347,923.1435300854645,935.1993513711344,6902170
2023-05-10,927.3241577148438,933.3034681391317,925.1852140233384,930.4353431442217,2180917
2023-05-11,934.3729248046875,937.1438494051522,925.5741488086728,927.3241720957978,1296607
2023-05-12,929.463134765625,936.3660276159021,925.5741676745555,934.324343629462,2014927
2023-05-15,926.54638671875,929.2200515282742,921.733778193421,926.54638671875,1814239
2023-05-16,914.8308715820312,935.8312693025066,911.9627465982119,926.5463726099105,2625163
2023-05-17,909.9696655273438,919.0601020310642,903.0667135907403,915.1225348647715,2956985
2023-05-18,903.844482421875,916.8238848388453,896.8443306058225,916.8238848388453,3014019
2023-05-19,900.1500244140625,908.4627390701356,898.6430615297147,906.1293350717767,1309343
2023-05-22,911.4280395507812,916.5809089527626,897.2332744095395,900.1499996568036,1382485
2023-05-23,905.7404174804688,929.6576008457971,903.309813033236,911.4766677123098,3057684
2023-05-24,925.7200927734375,928.2964980478868,906.7127173064945,909.5322423821601,2953574
2023-05-25,918.7684936523438,925.2825255284353,916.5323493984129,923.3380419439858,2331464
2023-05-26,942.9773559570312,949.5885884017645,910.9905766478579,917.747669100572,4137189
2023-05-29,941.5675659179688,946.2343146047306,920.1296464868643,943.0259285913899,5344765
2023-05-30,932.963134765625,940.5952679048204,929.7547489440888,938.2132638124483,2624815
2023-05-31,948.2760009765625,952.1163678943368,934.0812946562276,938.2133222412277,5595631
2023-06-01,960.283203125,962.9568679786562,947.9357208417475,952.6024694453982,3261906
2023-06-02,971.8528442382812,975.8390710780283,953.7691711515947,959.165101077386,3734815
2023-06-05,980.7489013671875,989.4504772177638,970.7834230633326,977.4432555592932,3629780
2023-06-06,985.6586303710938,987.7489737768406,976.130673513746,980.8946816128821,1632644
2023-06-07,986.4364624023438,989.2559872325471,981.9641740588428,986.8253828413124,1608613
2023-06-08,959.6026611328125,987.7976734659954,955.9567543655905,986.825431661403,3395935
2023-06-09,956.6372680664062,963.1998997848249,953.7691430768381,956.6858682850241,2306206
2023-06-12,958.095703125,962.4221910458452,953.8178154264481,960.4777074266726,593319
2023-06-13,960.6720581054688,968.3527917361324,958.1928534887877,962.5193411835052,2413311
2023-06-14,959.3109741210938,967.3805690094694,956.9289698970555,964.0749232282413,2139387
2023-06-15,960.9637451171875,967.1860565551627,958.3386805904348,961.0609455533569,2731724
2023-06-16,964.4638061523438,967.0402704999076,959.797057668179,962.5193226721979,3611214
2023-06-19,973.9918212890625,978.7558298352474,966.1652866839845,967.5264489374459,1327862
2023-06-20,964.4151611328125,979.7765680441843,962.130357545223,979.679367611063,1445688
2023-06-21,964.3666381835938,966.2624621678244,956.2969839965532,964.4152384040484,1396686
2023-06-22,962.81103515625,968.5472854678457,959.6998495523494,959.6998495523494,5384143
2023-06-23,963.92919921875,968.3042875672069,950.1719532311179,966.4084040813555,1218237
2023-06-26,967.33203125,975.9363478036205,963.9291848076297,966.4083896331701,2066932
2023-06-27,973.9918212890625,975.498784207654,958.6304127500969,972.1931976992807,4647465
2023-06-28,993.4365844726562,997.0825502887025,967.3805180653134,967.3805180653134,5296330
2023-06-30,1022.409423828125,1025.7150695897144,991.7352077858316,993.3880306666263,4765060
2023-07-03,1004.0339965820312,1024.4025322270368,1001.4089913589771,1023.7705513601969,2338356
2023-07-04,1019.687255859375,1024.6456653445623,1001.3118619489873,1011.1314804749195,1549174
2023-07-05,1015.700927734375,1028.340070720584,1013.7079033187405,1025.7150654192678,1840716
2023-07-06,1013.5621337890625,1027.270720207534,1011.1315291516787,1011.1315291516787,2551103
2023-07-07,1006.9508056640625,1022.020553876499,1000.1937724867151,1004.8119211324617,1721224
2023-07-10,1015.99267578125,1021.8261265512858,1002.4784910942949,1007.2424996261961,1221769
2023-07-11,1042.4864501953125,1044.9170551153295,1019.9304840103066,1022.7985503431744,4369937
2023-07-12,1048.8057861328125,1053.6669948750273,1040.298670833937,1045.1598795761515,5088473
2023-07-13,1045.7918701171875,1051.8683811011322,1041.9514439662214,1051.8683811011322,1541690
2023-07-14,1043.166748046875,1050.021099921885,1035.4374735340812,1049.9724403611835,2641580
2023-07-17,1047.687744140625,1051.0420495731785,1040.7848510693443,1043.8959773690633,1254025
2023-07-18,1037.5277099609375,1048.9515494522357,1034.8053858434655,1048.5139694966545,2238739
2023-07-19,1051.81982421875,1055.8546516423385,1034.3194708766118,1037.5279164620838,2311282
2023-07-20,1067.18115234375,1073.8409844183948,1052.2572656131015,1055.9031720789856,5218991
2023-07-21,1066.695068359375,1073.5493015430907,1060.083776933266,1072.7715793459254,1879610
2023-07-24,1069.854736328125,1076.611768328773,1062.1740035500673,1063.6323660263374,2130036
2023-07-25,1064.6534423828125,1079.1884099814395,1060.5214146869378,1079.1884099814395,1702900
2023-07-26,1081.1328125,1083.4662164072338,1063.7296616559406,1066.5978459917385,1321572
2023-07-27,1103.4456787109375,1123.2794332849187,1085.313465807326,1096.688646314981,6366612
2023-07-28,1110.8609619140625,1116.0808282095568,1094.3719394101333,1102.4700152316484,2677679
2023-07-31,1115.5928955078125,1117.1539601908157,1099.5917145284275,1112.27555861793,1718336
2023-08-01,1115.641845703125,1124.618177970225,1108.3730734518597,1115.5931331379804,1448567
2023-08-02,1107.6409912109375,1116.470945013617,1099.054957467983,1116.1293616487287,1731918
2023-08-03,1113.25146484375,1141.2534479138938,1095.0549994639719,1102.7628993336095,8460399
2023-08-04,1111.2510986328125,1117.1540124527908,1093.7865154661458,1101.5431266892583,3527805
2023-08-07,1132.56982421875,1138.375074795405,1105.933702404621,1111.2511127949485,3353219
2023-08-08,1120.71533203125,1136.2773870032058,1112.2268409634087,1133.9357301878838,3073468
2023-08-09,1124.7642822265625,1131.1062040905533,1112.568278641965,1123.1543859330761,1306791
2023-08-10,1122.3251953125,1129.7403424235056,1115.7880652673375,1122.6178279672445,1443067
2023-08-11,1104.811767578125,1123.0082323483155,1103.006782510661,1122.0813835330728,1756630
2023-08-14,1106.66552734375,1114.227050673628,1093.249921435902,1103.4945659473494,1824622
2023-08-16,1115.8369140625,1117.641898983443,1094.5670336869457,1107.348423115583,1224080
2023-08-17,1116.9591064453125,1121.0080853202307,1109.8365910117952,1115.837050027481,1964341
2023-08-18,1107.2998046875,1121.349627472039,1101.5432660137822,1113.2514318172944,1473774
2023-08-21,1109.7388916015625,1116.0808140919598,1099.7381676743973,1102.4700012862183,941384
2023-08-22,1109.8853759765625,1119.1055088578905,1102.518940723118,1107.3973431156983,1438879
2023-08-23,1096.3720703125,1102.9579133277032,1083.590680281096,1100.567543873943,3050418
2023-08-24,1091.103515625,1105.543515098633,1086.127449954077,1096.2745506473664,1575291
2023-08-25,1079.3955078125,1095.9820782029199,1073.492592474078,1090.8109233228988,1515282
2023-08-28,1089.8350830078125,1096.8112221759484,1078.273293279665,1083.0541513942935,1959645
2023-08-29,1084.5662841796875,1097.6892567225168,1079.541506413522,1097.6892567225168,1749707
2023-08-30,1087.7860107421875,1091.9326520951502,1083.492993521153,1090.322755749562,1543173
2023-08-31,1084.5662841796875,1091.6399669189823,1074.9070246188116,1091.6399669189823,4782404
2023-09-01,1082.029541015625,1090.3228242425257,1078.85857978181,1084.9565821545311,2715249
2023-09-04,1081.9320068359375,1086.907952997922,1075.1997883336714,1086.907952997922,1205294
2023-09-05,1104.3726806640625,1108.37294652751,1080.273303059407,1083.0052558499438,1698118
2023-09-06,1114.5684814453125,1121.0567799275304,1101.592003582488,1109.3486151241098,2960249
2023-09-07,1105.49462890625,1113.6902482736,1101.1527800421457,1112.2755594570363,1863837
2023-09-08,1102.9580078125,1110.3732751239172,1101.055478419108,1105.4460408053606,1789037
2023-09-11,1109.2510986328125,1112.2756841289809,1098.323406415489,1102.9578884326932,2032253
2023-09-12,1117.39794921875,1125.740064063777,1109.4461303439575,1114.2758196600919,3989578
2023-09-13,1120.8128662109375,1128.5694777967362,1114.5197752339018,1121.0567863123981,2115524
2023-09-14,1115.9833984375,1122.9107061354982,1111.0561642943817,1120.812969249766,2065163
2023-09-15,1121.83740234375,1125.7401240508402,1116.1784082278232,1116.1784082278232,2404169
2023-09-18,1119.7396240234375,1128.8622118546634,1114.763677852006,1121.0567687303444,962842
2023-09-20,1125.10595703125,1127.8866225485242,1111.3000545698694,1120.081178793863,2303191
2023-09-21,1118.276123046875,1128.8133999885135,1113.3977210086316,1121.0567883883514,2088934
2023-09-22,1104.811767578125,1120.0811909086588,1100.8603330955611,1114.714948269288,1585418
2023-09-25,1096.713623046875,1109.1535483939942,1094.3719662200358,1098.811240667255,1009279
2023-09-26,1098.4698486328125,1102.5189464600476,1091.2986208987286,1097.6405440420826,1966198
2023-09-27,1112.226806640625,1118.0321763892116,1095.8841602006835,1098.762488795848,2332018
2023-09-28,1104.762939453125,1123.9837952556554,1101.39677068866,1115.153840195686,2685663
2023-09-29,1130.47216796875,1139.0093718364399,1106.7143730258454,1106.7143730258454,2288577
2023-10-03,1113.6904296875,1133.6918794095438,1111.5439802848068,1131.3503415526498,1946966
2023-10-04,1096.4696044921875,1111.299897894564,1085.9322092683494,1110.4217617756437,1803871
2023-10-05,1091.8839111328125,1101.2017065875955,1084.7615156782597,1097.2989849900507,2348562
2023-10-06,1099.884521484375,1104.6165474273305,1095.7865924964494,1100.567450098226,1056281
2023-10-09,1095.7379150390625,1106.2264792833375,1082.0295578512496,1083.9809186408822,1080276
2023-10-10,1099.10400390625,1102.909181401881,1092.5669926688029,1094.7134419732024,1092093
2023-10-11,1101.29931640625,1106.8606473733685,1095.0549376579086,1100.567556063123,1456045
2023-10-12,1102.9090576171875,1105.0067941256389,1093.9327272116661,1101.543081348782,1221965
2023-10-13,1117.447021484375,1119.3007193143078,1094.7136162164109,1098.713882794023,1934884
2023-10-16,1107.6900634765625,1119.3493972234246,1105.494782462178,1113.7392346311085,1144308
2023-10-17,1109.153564453125,1116.17841593374,1106.4216115986549,1110.9585494347925,798807
2023-10-18,1125.3497314453125,1133.5454701468975,1106.470340628436,1109.3485499996666,2178517
2023-10-19,1113.7392578125,1122.032541817236,1107.3973347500548,1119.495796412582,1765065
2023-10-20,1114.422119140625,1117.1540719353477,1105.543451210195,1110.3243090501535,957910
2023-10-23,1095.1524658203125,1121.251917675701,1090.8107354887545,1107.39730302302,702730
2023-10-25,1093.054931640625,1102.2262332258779,1085.7373277577367,1097.6405824332514,1800673
2023-10-26,1076.8583984375,1090.7618439902894,1070.8092276621937,1088.8104832109505,2223975
2023-10-27,1084.2735595703125,1092.566842078548,1080.7123026729269,1084.9564881362337,1250965
2023-10-30,1088.0787353515625,1092.713217255448,1077.0047866226007,1088.5665755519715,1078813
2023-10-31,1062.1256103515625,1092.371701348557,1042.3680831680417,1092.2253254750246,6475786
2023-11-01,1089.054443359375,1105.0069135984252,1056.2716048811844,1065.4430247016867,3973264
2023-11-02,1105.2994384765625,1109.8852074904175,1083.5905511250987,1100.421036824548,3454692
2023-11-03,1113.3489990234375,1117.8371055204216,1103.9824900076392,1110.812253533979,1741756
2023-11-06,1122.032470703125,1123.0081511124322,1112.2756666100543,1112.3732108306626,1428537
2023-11-07,1142.472900390625,1145.0097646756117,1118.666394252584,1121.0567635577333,1811831
2023-11-08,1148.0831298828125,1154.1324200916754,1142.5217989971707,1146.4245207700046,1702301
2023-11-09,1147.5953369140625,1154.473931962559,1138.4727482147587,1152.278650874948,1849169
2023-11-10,1150.6688232421875,1152.7665602275486,1141.6437782298262,1145.4977878312172,957539
2023-11-13,1149.156494140625,1158.6693786315188,1145.2049406345293,1151.4004877390441,816825
2023-11-15,1152.1810302734375,1155.595911738918,1142.5217703078986,1150.8150538669227,2246320
2023-11-16,1160.6207275390625,1165.8405941289416,1150.9126355955657,1153.2542924971015,2205723
2023-11-17,1165.5477294921875,1169.255362485741,1159.059431304272,1160.8645352442109,891965
2023-11-20,1159.1083984375,1169.1091232556687,1156.4252771448207,1166.913842198022,1054810
2023-11-21,1172.1824951171875,1175.6949208529395,1157.4009127483814,1160.08403393705,999135
2023-11-22,1174.8167724609375,1185.2566244386483,1169.8408261284205,1175.6949086611733,1401782
2023-11-23,1169.645751953125,1180.47578095051,1165.6941985546664,1174.2802340147568,1177434
2023-11-24,1166.3770751953125,1180.1829765413602,1163.7916174417473,1170.81646861278,1376695
2023-11-28,1162.3768310546875,1171.1579547327628,1160.81576622113,1168.0358250656477,886708
2023-11-29,1172.962890625,1180.0854049511688,1155.6933957541626,1162.9621668542275,1813462
2023-11-30,1196.037841796875,1201.2089957619257,1163.3525471048847,1163.3525471048847,4672807
2023-12-01,1201.3065185546875,1211.648707198673,1195.2085159224303,1203.0627909534232,1749751
2023-12-04,1201.2088623046875,1209.8436094063395,1190.8178429680947,1207.160488498382,1615837
2023-12-05,1209.4046630859375,1213.3560971653324,1190.8667358595565,1196.0866020740316,930042
2023-12-06,1210.1851806640625,1227.4059638338827,1203.3067051893954,1218.185831539528,1704590
2023-12-07,1209.1607666015625,1211.6975118196476,1199.0136666276103,1201.0625716460017,1478355
2023-12-08,1205.745849609375,1217.2588065213113,1200.7210718805416,1205.9897697020212,1612113
2023-12-11,1211.2095947265625,1216.0391647562817,1185.5491542110747,1205.94089708403,1172972
2023-12-12,1188.3787841796875,1219.6005584766908,1183.1589176097307,1218.6248780299093,2832873
2023-12-13,1203.1114501953125,1209.4533726518057,1183.1588341074507,1188.671452063032,2448178
2023-12-14,1201.3553466796875,1209.7461744566488,1194.476752090106,1208.8680382598661,2341190
2023-12-15,1205.6971435546875,1216.1857086311293,1203.0140222560628,1210.81946603388,3474624
2023-12-18,1222.28369140625,1237.0652741368149,1203.9896828539713,1205.697123652184,2135393
2023-12-19,1214.6732177734375,1237.1138660761999,1206.4287663637176,1234.0405682203675,2187458
2023-12-20,1202.1845703125,1224.4788425497582,1198.5744815468083,1224.4788425497582,1837031
2023-12-21,1203.501708984375,1207.8434388913458,1179.1585319479516,1194.3302898949391,1916222
2023-12-22,1213.4049072265625,1220.5761340740623,1205.9897602883204,1209.8436500814048,2058127
2023-12-26,1217.161376953125,1219.6005781093438,1209.1608448013753,1213.405030992872,1796483
2023-12-27,1221.9908447265625,1224.8691733095552,1211.0632721073052,1219.6004754353528,2005268
2023-12-28,1231.4552001953125,1233.8944015112713,1219.1616493832053,1224.430228944375,2043365
2023-12-29,1228.8206787109375,1241.0166841731589,1222.088578977084,1231.4062556892516,1840160
2024-01-01,1229.6011962890625,1233.2111660467683,1222.039673360088,1230.3329565725116,733452
2024-01-02,1264.6768798828125,1267.4088326284295,1226.5766319333552,1230.3329776323708,3174447
2024-01-03,1267.0185546875,1272.9214687997085,1259.7497832846493,1264.6768978867226,1699057
2024-01-04,1281.01953125,1296.1914090835303,1265.5063081990133,1272.2872393262503,2851729
2024-01-05,1268.57958984375,1285.9467483498163,1255.7006563931816,1285.9467483498163,2960339
2024-01-08,1273.5556640625,1278.092482606663,1267.701581707079,1273.653208281435,1678133
2024-01-09,1291.8009033203125,1301.0210358430927,1275.0679599441407,1282.970947692469,1712486
2024-01-10,1292.630126953125,1301.0697860560751,1281.2147141536816,1297.7037363874624,1278475
2024-01-11,1284.2393798828125,1299.5088025978487,1278.3364655767978,1295.7036250593542,1320281
2024-01-12,1293.703369140625,1297.6549223719508,1273.7995844095917,1286.9224380515811,1538242
2024-01-15,1297.0208740234375,1307.4118953704005,1289.4593500017058,1296.8744981252723,1475983
2024-01-16,1281.50732421875,1299.1672340576165,1275.7509053624813,1297.7037135141707,824502
2024-01-17,1267.408935546875,1288.337234070569,1262.8719975230922,1280.0927817070824,2544642
2024-01-18,1303.26513671875,1310.7291158420103,1258.62775696589,1267.3600491894647,2842572
2024-01-19,1303.11865234375,1311.7046870690313,1296.825561723492,1307.4116697063905,1605745
2024-01-23,1344.7802734375,1360.683791674345,1283.9953400193463,1283.9953400193463,4129729
2024-01-24,1348.4879150390625,1356.195814351021,1327.2668654260158,1346.4390099312295,1719845
2024-01-25,1335.023681640625,1356.2934451728534,1315.7051600153234,1349.9028093308243,1870910
2024-01-29,1366.7821044921875,1386.2957159182863,1322.242262591791,1331.8039798312323,3413149
2024-01-30,1338.3897705078125,1374.9289588106772,1335.8530249435414,1367.8065623841326,1935332
2024-01-31,1383.953857421875,1403.906593663787,1333.6576027479975,1338.3407973480812,5796356
2024-02-01,1373.7091064453125,1395.6619144050653,1364.8792707046864,1392.2958648252122,2442481
2024-02-02,1382.19775390625,1398.9794102556336,1370.9774285640779,1374.7337745322202,1775449
2024-02-05,1428.2010498046875,1430.3474990931038,1388.9786253672232,1392.1008741795545,3481964
2024-02-06,1439.22607421875,1442.0555710811113,1411.3704714210091,1414.7365210200348,1893995
2024-02-07,1459.8128662109375,1463.9595076250996,1444.3971884145442,1446.9339334593578,2259235
2024-02-08,1463.13037109375,1470.8382704274243,1449.2269247563763,1464.5451791995756,2213750
2024-02-09,1506.0106201171875,1510.1317895644042,1464.2587153849788,1472.7464846170672,6343881
2024-02-12,1505.6669921875,1525.9296668510656,1492.567433240723,1510.965723834662,4059288
2024-02-13,1513.2716064453125,1521.9065853381692,1496.8358003173857,1508.6598162201387,4687838
2024-02-14,1491.880859375,1516.8044384611035,1479.762540580899,1516.8044384611035,2105672
2024-02-15,1481.57763671875,1500.3684489948828,1477.3092570616939,1500.3684489948828,2161691
2024-02-16,1481.626708984375,1493.4507261807462,1476.622397392836,1486.5820303310318,3480879
2024-02-19,1501.398681640625,1503.9989974533648,1479.1245313847187,1486.43473793737,777823
2024-02-20,1509.83740234375,1513.0755496813574,1483.8835927403584,1503.2631271801813,2230669
2024-02-21,1514.449462890625,1520.4350172534844,1504.2445185218403,1511.1623249830395,1993748
2024-02-22,1528.8245849609375,1531.7192017798188,1506.2069024548507,1520.5330158119916,1981678
2024-02-23,1531.964599609375,1539.0294965280161,1521.3181442023088,1528.7755620121097,1340283
2024-02-26,1527.7451171875,1537.5085497242803,1519.649868392052,1532.700438604813,974892
2024-02-27,1553.0611572265625,1555.7104633655279,1519.9933416110382,1527.5488589559002,2140963
2024-02-28,1544.3280029296875,1557.6728728107598,1533.3381382701082,1556.7407406387615,578316
2024-02-29,1548.3511962890625,1558.0165284995628,1527.303597451945,1545.4565794968285,2350244
2024-03-01,1530.001953125,1552.2271136777301,1519.0120880181387,1550.3627294773128,4069161
2024-03-04,1522.986083984375,1539.6672023626936,1519.8461566724404,1521.4652303535047,2298105
2024-03-05,1544.6715087890625,1546.8303136168267,1506.5993811909898,1524.6542626260118,1408172
2024-03-06,1573.91259765625,1576.61101389288,1537.0179123406176,1545.4565718881506,1761032
2024-03-07,1575.58056640625,1589.563267878529,1570.3800545690967,1580.5358874718013,2440999
2024-03-11,1563.707763671875,1596.4812816708927,1556.6428667604782,1584.853583938129,2994345
2024-03-12,1554.5821533203125,1573.716377302802,1550.5099740038268,1562.3338713144203,1294598
2024-03-13,1529.3641357421875,1562.3338511456716,1515.038022952759,1551.5401864743762,2881503
2024-03-14,1540.74658203125,1544.76977120862,1517.2458773086817,1537.8519652139248,3062556
2024-03-15,1519.1591796875,1543.9846561349677,1512.2904840453361,1539.3237555206422,3421374
2024-03-18,1541.77685546875,1546.6830666237818,1514.4982735345548,1519.2082841556035,2281873
2024-03-19,1519.404541015625,1550.1174718969055,1511.505612631529,1544.4753288594582,3692624
2024-03-20,1520.2877197265625,1530.6888640558852,1491.9789035850547,1530.6888640558852,3412218
2024-03-21,1535.8402099609375,1541.3842522258772,1513.6151704411147,1535.4478089139473,2567975
2024-03-22,1578.720703125,1590.5937105679475,1536.7234862971056,1539.4710125496033,4941447
2024-03-26,1568.123291015625,1584.4118891911273,1563.2170795301995,1565.1305738778476,3649049
2024-03-27,1574.059814453125,1595.6471444353176,1562.2357971642948,1571.9501196123915,2530169
2024-03-28,1590.152099609375,1603.3497593243999,1577.788352030053,1579.7508364355906,4427587
2024-04-01,1598.6888427734375,1603.104432641463,1588.140489199821,1600.9947379706316,1148498
2024-04-02,1591.8203125,1602.368667167514,1579.7019941171525,1598.6890085625673,1921533
2024-04-03,1589.4652099609375,1598.3944903408133,1564.2963226841675,1578.8187556702956,2098379
2024-04-04,1588.974609375,1597.4623787711405,1557.3786569208612,1590.4955827706929,2439461
2024-04-05,1578.81884765625,1608.1089061131531,1575.973221053649,1580.7813322400366,1548980
2024-04-08,1569.6932373046875,1588.5331610678522,1567.0439310441975,1580.7813230508468,1170390
2024-04-09,1572.48974609375,1578.6715001269836,1562.0884828793908,1570.968772761308,1389391
2024-04-10,1573.9617919921875,1578.3282724058622,1554.0425249753089,1572.980549671761,1928878
2024-04-12,1511.113037109375,1565.0813598632812,1505.2255837180398,1565.0813598632812,8258068
2024-04-15,1511.1622314453125,1515.1361908378549,1475.5921985547734,1489.1332702420127,2474028
2024-04-16,1508.7091064453125,1514.3512495213524,1496.5416782904379,1506.2068907341527,2058697
2024-04-18,1487.955810546875,1516.559046834244,1478.1923780371712,1516.559046834244,3266796
2024-04-19,1494.2357177734375,1499.6325500457233,1475.4938953306996,1476.7695581436399,2536516
2024-04-22,1511.211181640625,1518.9630194557144,1493.401610654075,1499.779685348172,1680307
2024-04-23,1456.80126953125,1533.1418415222486,1449.9815643104523,1532.7003304404209,9160422
2024-04-24,1457.880615234375,1474.8070433769246,1451.6006411268277,1456.8012727582052,4652803
2024-04-25,1491.635498046875,1498.651404409162,1460.7263657679161,1462.0510189094753,3846327
2024-04-26,1478.29052734375,1503.2630941482903,1471.912452858134,1502.281851919734,1794350
2024-04-29,1493.0582275390625,1499.1420015362514,1481.7249510866986,1487.563294733624,1091667
2024-04-30,1473.9239501953125,1500.466600797629,1468.9196387089266,1498.3569060177226,1991646
2024-05-02,1490.507080078125,1501.300745569145,1473.8259606829122,1474.8072030002777,2494925
2024-05-03,1482.8043212890625,1508.169410714189,1473.3353091654878,1498.356987742724,3183226
2024-05-06,1500.4666748046875,1505.2256759648935,1480.4493080912862,1489.5257992925087,1240626
2024-05-07,1486.9254150390625,1514.20399741795,1481.7738932422997,1507.1389813712035,1532550
2024-05-08,1493.2054443359375,1497.1795234947892,1474.071219815122,1481.6758475092922,1026357
2024-05-09,1466.6136474609375,1501.25142452696,1461.8546468467457,1492.6655554568315,1477007
2024-05-10,1478.29052734375,1497.8171518675845,1463.032162777481,1466.6137208678206,1528487
2024-05-13,1496.4434814453125,1501.3005824764011,1473.8258005748721,1484.61946489333,1628326
2024-05-14,1516.2645263671875,1518.9138324243547,1487.6123017216169,1496.3943715968037,2206236
2024-05-15,1498.7493896484375,1521.1707504023389,1491.8315840904615,1516.2645393060566,1207536
2024-05-16,1507.4825439453125,1512.2415449880702,1480.0077604466946,1500.3194274780956,2684392
2024-05-17,1502.6744384765625,1508.4637918343121,1491.6354629225889,1507.1881289691883,1341676
2024-05-21,1512.0452880859375,1529.069937970908,1495.413278861219,1501.3007327150033,1791791
2024-05-22,1510.42626953125,1534.662905614346,1477.1621327232688,1517.9817870750596,3948239
2024-05-23,1467.0552978515625,1481.6758316698454,1439.4824139467967,1481.6758316698454,11618479
2024-05-24,1458.812744140625,1477.456346110763,1449.3928428907693,1475.7882822677573,5307322
2024-05-27,1438.55029296875,1472.844662753556,1433.1534604270148,1458.8128502328236,3474806
2024-05-28,1437.421875,1451.3554678037474,1428.639684511391,1441.3958344626303,2616438
2024-05-29,1451.2081298828125,1466.9571153883296,1438.15768025638,1440.5616757774073,2843365
2024-05-30,1431.7305908203125,1449.6873725070577,1422.3106888619184,1448.3136093550822,3133423
2024-05-31,1432.41748046875,1451.6498045590222,1412.9888360606965,1437.5198922423058,5503924
2024-06-03,1425.7940673828125,1469.9008576215206,1423.7824729030883,1468.4289942794428,1855318
2024-06-04,1403.029296875,1448.6080741688013,1351.3668651546072,1434.183740303603,5055952
2024-06-05,1459.4017333984375,1462.0510397192636,1405.1389858241514,1422.506926773024,2487724
2024-06-06,1445.075439453125,1465.975947663357,1427.7566092559734,1465.975947663357,3004955
2024-06-07,1478.584716796875,1481.7737537995276,1444.5356619423055,1452.140288640939,3404664
2024-06-10,1484.7176513671875,1493.156310913675,1476.8677132252362,1490.5070047029867,1433942
2024-06-11,1471.6181640625,1496.3945325523005,1469.2631585469621,1495.4132902358726,1441589
2024-06-12,1478.584716796875,1486.1403532560971,1467.791053095589,1471.8632319935452,994784
2024-06-13,1482.4608154296875,1486.1894640515413,1469.9008669189625,1486.1894640515413,1412477
2024-06-14,1487.563232421875,1489.5257168973656,1477.3092989496554,1485.4535376546135,937490
2024-06-18,1492.42041015625,1494.284794459729,1481.8720555592968,1494.0394838877069,1478241
2024-06-19,1475.788330078125,1501.1534180452334,1471.8633611151513,1496.3453071094812,1537367
2024-06-20,1443.4073486328125,1460.0393568452203,1439.4823796358505,1460.0393568452203,4168375
2024-06-21,1439.7276611328125,1460.0884373935082,1433.496796932034,1452.3365998248933,4426556
2024-06-24,1466.4664306640625,1474.7088888908816,1447.381318270881,1447.381318270881,3726155
2024-06-25,1476.9658203125,1479.7133465870836,1464.307890824624,1469.9500338901914,1833311
2024-06-26,1492.61669921875,1500.2213267921554,1467.2025005334533,1473.8258858393224,2563493
2024-06-27,1487.80859375,1499.3873004627148,1476.769618198681,1496.3944636232482,3881458
2024-06-28,1492.322265625,1510.0827265565636,1487.1707437653158,1491.4882336609705,2634599
2024-07-01,1491.586181640625,1501.3005029688838,1475.640996560073,1492.3221132597273,1451094
2024-07-02,1495.4622802734375,1506.1087345963342,1479.9586050056155,1485.6007478723698,1336816
2024-07-03,1505.176513671875,1507.433418777382,1470.1953230003573,1490.8504006618987,1061099
2024-07-04,1528.6773681640625,1541.531618043965,1497.3757155538449,1506.2068960518689,2630823
2024-07-05,1538.9803466796875,1545.2112109212921,1527.7941612347688,1532.7003724140711,2481046
2024-07-08,1527.2054443359375,1545.2603254849207,1521.8576022664593,1541.1390362138713,1120204
2024-07-09,1555.6614990234375,1560.0770891822638,1520.7292986119448,1535.4479324746987,1492840
2024-07-10,1568.56494140625,1571.116147454258,1538.1954200658076,1562.9227981279098,1899956
2024-07-11,1552.0799560546875,1572.440733097921,1542.8072645423988,1570.9688696972053,1707500
2024-07-12,1552.6214599609375,1562.5141445942818,1525.748550332855,1557.2478752429527,1426598
2024-07-15,1561.3819580078125,1569.7489653534258,1552.621305268354,1555.2297467242734,832804
2024-07-16,1554.5902099609375,1570.044518600244,1550.3081742364416,1564.1383950193026,688481
2024-07-18,1569.30615234375,1571.6193598989448,1545.6816595375715,1550.357340405461,1665636
2024-07-19,1544.1068115234375,1564.876655349752,1540.6615727791543,1559.9056199545582,1649335
2024-07-22,1562.51416015625,1564.6305451018031,1530.7196008546932,1530.7196008546932,826636
2024-07-23,1576.541259765625,1580.5279413209046,1549.6684690698553,1562.1697161506968,1502677
2024-07-24,1594.1119384765625,1599.525885141155,1567.0914709147091,1576.935010304877,2923358
2024-07-25,1639.73681640625,1654.9943022444672,1577.1318106449935,1589.5839118289073,5329712
2024-07-26,1687.4287109375,1696.8293389575865,1638.9492802747193,1644.3139610859366,4591049
2024-07-29,1696.287841796875,1701.7017881946017,1666.2650481367532,1688.4130106729085,3187339
2024-07-30,1674.9765625,1698.453378846854,1670.4485586183212,1689.2496939672749,1525840
2024-07-31,1692.4488525390625,1703.8673337375808,1668.6766818415629,1675.468747778047,1594881
2024-08-01,1688.3636474609375,1719.1247047633856,1654.9941486275457,1698.5025400119764,5258291
2024-08-02,1704.556396484375,1714.5476122586576,1657.504233614562,1673.401572586208,2992406
2024-08-05,1693.43310546875,1730.494051595578,1688.1668364541615,1698.010374859142,5165558
2024-08-06,1680.83349609375,1706.869607849445,1677.2897260391114,1698.0104230336174,1710278
2024-08-07,1707.3126220703125,1709.6750955291964,1682.6546282742656,1693.0887558772447,1922313
2024-08-08,1709.8719482421875,1721.2904291708571,1701.3079974253963,1707.8539747323841,2480113
2024-08-09,1708.1492919921875,1722.4224228842272,1702.9814342554146,1722.4224228842272,751683
2024-08-12,1706.721923828125,1721.1427319742554,1702.9814512394812,1707.8539548043084,1526788
2024-08-13,1712.8741455078125,1724.4403034826953,1698.6010143898718,1712.775734152869,2076963
2024-08-14,1714.39990234375,1725.572294479582,1705.4914519606925,1720.1583483189215,2207250
2024-08-16,1715.4827880859375,1723.7513850171242,1701.6034218945115,1722.2255883822993,2180718
2024-08-19,1720.453857421875,1725.4247727024883,1713.4157027473273,1725.4247727024883,1363446
2024-08-20,1738.71337890625,1743.093825584569,1717.8451255905554,1724.3911026498006,1766597
2024-08-21,1737.0400390625,1744.2257500449111,1729.805062323617,1742.3063081086052,1184193
2024-08-22,1723.259033203125,1741.8140786154695,1721.0442371155948,1741.8140786154695,1369554
2024-08-23,1747.9664306640625,1753.5771998066004,1724.4896142786613,1726.3106449540192,3515492
2024-08-26,1744.7178955078125,1752.1498149781921,1736.8923306342808,1752.1498149781921,933372
2024-08-27,1761.40283203125,1764.5527163386162,1739.5009585105272,1750.1811739256343,1231023
2024-08-28,1783.5015869140625,1794.4771569141008,1758.4005625030316,1768.7855441960642,1768949
2024-08-29,1771.04931640625,1798.266723123745,1762.2393979230408,1781.581974207141,3205924
2024-08-30,1793.148193359375,1799.5464933075689,1763.2730784025766,1770.0158781620587,3036374
2024-09-02,1787.537353515625,1808.2580504430482,1776.9555494643116,1801.3183076289636,1617946
2024-09-03,1783.1571044921875,1810.7682796780687,1776.857215448379,1791.5241127108923,2148689
2024-09-04,1804.173095703125,1806.2894807071493,1773.116800978483,1783.1571631068125,2473477
2024-09-05,1797.92236328125,1815.0501448392477,1791.52406305605,1804.5174862184558,1902919
2024-09-06,1796.0029296875,1821.0546880070094,1776.7587631635959,1791.081160260454,1701134
2024-09-09,1793.34521484375,1806.6832588937284,1784.4860293181127,1796.0030425976777,1544883
2024-09-10,1807.6181640625,1813.4258757955909,1797.1347715531685,1801.3675411621286,1460472
2024-09-11,1816.8218994140625,1828.4373232057144,1802.4503568680489,1807.6674804708248,1701900
2024-09-12,1836.2137451171875,1842.2182797313092,1811.6048982065367,1826.1241178838206,2744070
2024-09-13,1824.7459716796875,1835.8199526271706,1822.4327641360678,1835.8199526271706,1322430
2024-09-16,1833.802001953125,1844.0393062773085,1821.9406098647519,1832.86691383675,1284085
2024-09-17,1836.9027099609375,1840.3972142201903,1830.1599100672588,1833.851237033913,738265
2024-09-18,1807.273681640625,1838.7730050679127,1800.973792923091,1838.7730050679127,1202676
2024-09-19,1817.16650390625,1826.96077681695,1806.289345613741,1816.3297069911462,1675819
2024-09-20,1836.5582275390625,1841.7260853413297,1813.0814118408396,1822.1374193539923,4229991
2024-09-23,1833.555908203125,1845.6635088855683,1828.4373161359695,1837.788677914323,812520
2024-09-24,1838.871337890625,1851.2250263338403,1826.9606807604155,1826.9606807604155,2528953
2024-09-25,1841.283203125,1846.647883720909,1829.4709565340347,1844.6791759557482,956893
2024-09-26,1868.6973876953125,1875.1940991247704,1837.8379182850995,1841.2831567874284,2452807
2024-09-27,1918.2103271484375,1928.6445742375151,1885.2837384543107,1887.9414458235608,3809008
2024-09-30,1896.5545654296875,1929.6780973997247,1890.9930621568226,1918.5057049356399,2608461
2024-10-01,1889.91015625,1904.478641525461,1872.5855522470085,1894.7335142236582,1275678
2024-10-03,1880.9525146484375,1906.0043920195017,1866.38414988543,1871.0598306341712,2492195
2024-10-04,1880.1651611328125,1921.7048464638563,1873.8652723204211,1880.9525721341208,2798189
2024-10-07,1875.440185546875,1887.9414314632731,1858.5093472751635,1880.1651321233626,1691999
2024-10-08,1887.154052734375,1891.3867022944673,1871.7981563388612,1874.209775264938,2309881
2024-10-09,1900.6396484375,1916.5369874916573,1864.8584092465048,1864.9076750042254,1597182
2024-10-10,1858.2139892578125,1907.628504700873,1854.4242509491964,1899.4091740459926,2383012
2024-10-11,1872.19189453125,1879.4761375886474,1860.9210901846081,1869.288098524502,1019117
2024-10-14,1879.8697509765625,1885.7758740323861,1865.4489431498498,1873.2253625387607,676879
2024-10-15,1868.74658203125,1890.3532218699002,1865.0061093702523,1887.9907485174674,1383203
2024-10-16,1868.7957763671875,1884.7422606059836,1857.4757071397855,1879.0822259922827,1401914
2024-10-17,1859.9859619140625,1893.5524059099712,1850.2408342609565,1893.4539945519375,1447059
2024-10-18,1880.46044921875,1887.8923692294302,1843.3995008440684,1870.2724103837372,1203693
2024-10-21,1867.3193359375,1890.5009181931828,1860.9703013886888,1888.7782988795873,660583
2024-10-22,1858.0172119140625,1876.1784929129958,1851.5696459440423,1862.3975386103818,1192915
2024-10-23,1810.5712890625,1859.9859260416238,1803.3363120609265,1850.634564161395,1673366
2024-10-24,1819.9718017578125,1830.4551939724718,1800.8260478633456,1801.3674905284754,1739776
2024-10-25,1831.2918701171875,1846.2540001117834,1821.1529777105955,1827.748220398507,2148004
2024-10-28,1873.126953125,1886.0219644448168,1806.2893031086842,1834.0480334356298,2445724
2024-10-29,1842.316650390625,1892.6171083327952,1832.866877417755,1891.9281086986707,2295542
2024-10-30,1823.1217041015625,1851.4711424633488,1791.5239701977332,1839.2651309420135,1900203
2024-10-31,1819.9718017578125,1843.2025278768144,1813.278147717927,1830.8981051273029,2572932
2024-11-01,1829.3232421875,1835.770687890946,1802.8933650102174,1830.8981843354968,107596
2024-11-04,1780.5977783203125,1816.132929770465,1732.5612603522018,1816.132929770465,5031861
2024-11-05,1775.380615234375,1804.320643033603,1771.2955226433294,1776.7587346839352,1658010
2024-11-06,1798.857421875,1811.2111109404048,1774.0024867928016,1787.143707014073,2060619
2024-11-07,1762.928466796875,1816.1328400673362,1750.9686637344926,1816.1328400673362,1909269
2024-11-08,1781.2867431640625,1786.651543863973,1762.928519414806,1771.6401473123922,1644075
2024-11-11,1766.5213623046875,1789.2107661891127,1763.9128006186538,1788.964677731192,1069649
2024-11-12,1772.6737060546875,1796.4458768961028,1767.0136711000835,1773.707325719249,2471888
2024-11-13,1751.16552734375,1769.1792511529236,1742.7492537265953,1762.977773733927,1810332
2024-11-14,1740.5345458984375,1767.8996328225417,1735.563630719753,1751.8546159304303,1473358
2024-11-18,1720.4044189453125,1770.8525531011971,1715.925560921955,1770.8525531011971,1533025
2024-11-19,1749.44287109375,1778.4813095223706,1702.9321519157056,1702.98141767211,1933316
2024-11-21,1752.14990234375,1763.4207061795037,1730.5433827919237,1744.2750713219802,2014349
2024-11-22,1767.21044921875,1786.5529055232937,1740.386807804244,1757.0715568768223,1420813
2024-11-25,1770.754150390625,1801.367530844485,1756.23493122125,1777.7430386366884,3137448
2024-11-26,1734.037841796875,1778.4814453261017,1725.7692448350947,1778.4814453261017,1589883
2024-11-27,1722.077880859375,1750.771821052601,1713.021873051058,1732.5612739177384,1982546
2024-11-28,1707.1156005859375,1733.1517108815951,1696.4353857445187,1722.0777304828107,3071758
2024-11-29,1753.035888671875,1767.7027858485048,1711.9882588489422,1715.6304403837553,2427677
2024-12-02,1780.253173828125,1785.6178541571132,1764.1097469249482,1771.8369004866613,1948045
2024-12-03,1771.8863525390625,1803.3364127652158,1760.3693393787696,1802.5981473123916,1543970
2024-12-04,1772.0338134765625,1786.4546219056908,1757.071682507599,1782.1727065434218,2320116
2024-12-05,1785.076416015625,1797.380838966904,1747.6218246481594,1780.400735294139,2742263
2024-12-06,1776.6109619140625,1795.4120957796356,1772.8212237521095,1787.4388538970015,1590478
2024-12-09,1778.3829345703125,1791.4747688810555,1768.5885415154817,1786.405442603655,1528215
2024-12-10,1781.6312255859375,1794.4770915572894,1767.8995372665343,1792.5083838320484,2043634
2024-12-11,1785.6180419921875,1797.7747890839257,1776.808122318842,1795.7569356090016,1745911
2024-12-12,1777.20166015625,1791.5240571387385,1769.9175375906975,1790.5397032611897,1082394
2024-12-13,1785.076416015625,1788.374097494872,1746.2929710014973,1776.512585705687,1391111
2024-12-16,1781.483642578125,1793.9848883864042,1764.3065958304046,1790.2442956990042,1483330
2024-12-17,1761.058349609375,1787.340550029756,1755.2013719519834,1781.6805152437605,1608164
2024-12-18,1772.87060546875,1793.9356823941923,1764.7496859503647,1769.8682780674956,1732860
2024-12-19,1794.7725830078125,1800.7771179968256,1762.7810800265868,1772.821442128845,1924091
2024-12-20,1780.5484619140625,1797.3808889474024,1766.0292424278111,1794.7724473375015,2513418
2024-12-23,1786.20849609375,1799.3988618924343,1768.5393923138286,1782.66484621838,1299181
2024-12-24,1790.5396728515625,1803.0901845771575,1774.937688189468,1786.503846054232,1121058
2024-12-26,1812.5399169921875,1816.1820982918753,1786.0116291014133,1791.5239865664648,1402706
2024-12-27,1832.128662109375,1836.8043430469274,1808.01199201042,1816.6250884743326,1668898
2024-12-30,1854.42431640625,1866.0888859644024,1825.9764649684644,1832.916207953389,6021550
2024-12-31,1856.8359375,1880.115931044752,1839.5605988162135,1847.4354299410084,1844944
2025-01-01,1860.379638671875,1873.1762396018298,1849.256511498225,1860.3304930722247,1338092
2025-01-02,1848.6165771484375,1866.334946897464,1835.7707110162391,1862.3975313976803,2507223
2025-01-03,1820.710205078125,1854.5227373236849,1815.1485815418657,1848.616613956412,1515825
2025-01-06,1818.495361328125,1827.4529575024972,1797.0856646808427,1821.5468342894537,1397724
2025-01-07,1824.4014892578125,1835.8199701338065,1816.7727467545756,1819.6273970136701,1615649
2025-01-08,1808.996337890625,1833.4575077078648,1800.5800641761023,1833.4575077078648,1298188
2025-01-09,1797.774658203125,1812.1954663646106,1785.617911996417,1812.1954663646106,1199181
2025-01-10,1756.874755859375,1805.8955042742425,1745.0132441976593,1796.8886427386221,857827
2025-01-13,1719.56787109375,1757.613173784557,1715.18742409373,1756.677965472908,1645287
2025-01-14,1743.1429443359375,1756.1364869025365,1714.8427719099384,1727.540960265332,1962645
2025-01-15,1729.3621826171875,1747.2282305276187,1720.3553201009809,1745.0626999398542,857867
2025-01-16,1735.711181640625,1747.818661828744,1713.5632201448668,1747.2773393106322,2180496
2025-01-17,1758.597412109375,1763.912826750902,1739.943834626419,1751.1654925059195,1163986
2025-01-20,1750.42724609375,1772.2798536535424,1740.6329732814052,1761.3535498736462,1341246
2025-01-21,1735.1204833984375,1777.496964706741,1731.9705991424676,1744.3734336208743,2489267
2025-01-22,1770.8033447265625,1775.3806142498852,1746.0960866446023,1749.1968253642974,2262270
2025-01-23,1804.9112548828125,1810.9650552921403,1758.1052998671314,1760.1231532299835,1974760
2025-01-24,1793.689453125,1814.2624716554033,1779.9084998725314,1800.3831070546353,1277935
2025-01-27,1758.8927001953125,1795.70755920856,1746.539131141445,1789.6537588359963,1452975
2025-01-28,1678.8155517578125,1752.1499162292032,1666.6095395452621,1751.9530935162534,5972497
2025-01-29,1708.1986083984375,1716.713294124425,1669.464304377881,1678.8156669318844,1433336
2025-01-30,1711.8897705078125,1732.758144394765,1698.3057593629117,1713.2186241841073,2017991
2025-01-31,1716.663818359375,1742.158606656693,1679.3569042308186,1714.744376449889,4275269
2025-02-01,1714.9412841796875,1761.0090938952092,1706.180630763185,1712.775753704675,1477972
2025-02-03,1713.3663330078125,1757.9576116671103,1683.7865711220554,1753.5771648214666,2210231
2025-02-04,1737.6307373046875,1748.4586303002131,1713.4156551831354,1721.930340525331,2796294
2025-02-05,1725.3262939453125,1746.04699155307,1708.0508349790093,1746.04699155307,1787905
2025-02-06,1725.07861328125,1751.1726312742373,1719.434030122037,1735.971761815173,3421791
2025-02-07,1732.8028564453125,1735.9717239595316,1710.5214167481709,1734.387290202422,1371545
2025-02-10,1715.2747802734375,1733.0009282305343,1706.9563516410208,1724.3359235893818,1237839
2025-02-11,1683.239013671875,1717.3543258245982,1678.584716760651,1708.441749785153,2779274
2025-02-12,1677.3963623046875,1698.2913782758192,1671.6527745103654,1689.873945040826,1757284
2025-02-13,1729.3863525390625,1735.7242086574404,1683.437046786511,1683.486609452374,2750390
2025-02-14,1683.981689453125,1731.9610076703173,1668.6322532952165,1730.3765739212488,2123774
2025-02-17,1697.548583984375,1718.493161640431,1679.5749858623913,1683.981711172033,2277889
2025-02-18,1685.071044921875,1712.9476268063138,1681.9021773018378,1697.5486273920292,2163972
2025-02-19,1660.31396484375,1682.4964018526205,1631.1005193730894,1648.925672541628,2576319
2025-02-20,1653.0848388671875,1661.650717980516,1646.8459873142822,1650.955699312812,1670915
2025-02-21,1627.7830810546875,1668.0382427189738,1616.1472172053232,1661.7499489858033,2244190
2025-02-24,1623.5743408203125,1653.6790676266455,1611.2453251038612,1613.919049680942,2357441
2025-02-25,1597.9259033203125,1631.7937663322086,1590.6473234025875,1623.5743419259406,2836717
2025-02-27,1631.49658203125,1637.0421608038846,1589.458979455039,1613.1267239070628,2744489
2025-02-28,1577.7735595703125,1654.768315105597,1570.990122970159,1654.768315105597,3549979
2025-03-03,1569.7027587890625,1591.7861911944533,1566.8309043991671,1569.9008885758637,1425492
2025-03-04,1551.283447265625,1574.555174690293,1540.8854413950287,1569.6037433233423,1717135
2025-03-05,1567.078369140625,1570.8910677676624,1537.964051191031,1549.4017844185007,2428171
2025-03-06,1598.322021484375,1602.1841620700768,1557.274704416556,1582.7250129104102,2458676
2025-03-07,1593.667724609375,1612.9287439888355,1590.0531555879154,1608.224884259628,980890
2025-03-10,1595.84619140625,1625.5052143727037,1587.1811872642677,1606.1946337134284,1600589
2025-03-11,1639.2208251953125,1647.4401282749168,1589.755956069868,1600.4015329145766,3325416
2025-03-12,1660.5615234375,1663.9285209643763,1641.944213915485,1645.8557963652988,2389362
2025-03-13,1667.097412109375,1670.7615439253354,1647.2916862432883,1655.7586824048633,1666929
2025-03-17,1687.744873046875,1703.4408856424727,1671.949735120467,1677.5944391719095,2588408
2025-03-18,1687.744873046875,1687.744873046875,1687.744873046875,1687.744873046875,0
2025-03-19,1715.5223388671875,1731.0203426565547,1709.5311796627507,1730.8223337629315,2167448
2025-03-20,1733.24853515625,1740.0815345610301,1706.164229987911,1718.7903798654954,1602232
2025-03-21,1767.165771484375,1775.3851955195173,1733.2484682210857,1741.9134727044077,2483162
2025-03-24,1767.462890625,1802.3209171523695,1760.3327573231188,1777.068618587872,1182084
2025-03-25,1747.607666015625,1778.5045487736825,1741.4183769307135,1767.4629537538422,1471028
2025-03-26,1741.8638916015625,1753.5988799709714,1729.1387379005184,1750.776467547211,1762361
2025-03-27,1714.6309814453125,1735.278545288189,1703.2922528831352,1733.9911248827732,3279881
2025-03-28,1717.8494873046875,1724.4349149589302,1688.6360433074972,1714.6310570338105,1956781
2025-04-01,1681.8526611328125,1717.1068281397131,1665.2653661235754,1714.1855319993706,4142445
2025-04-02,1697.0040283203125,1701.7573297106799,1669.523585338969,1678.5351658874724,3369489
2025-04-03,1752.806640625,1795.0918146184608,1733.000915872175,1737.9523470603813,5715573
2025-04-04,1692.7457275390625,1761.5706198924483,1641.9441169370045,1761.5706198924483,5345276
2025-04-07,1650.1634521484375,1675.5643183859863,1604.3627135400736,1604.3627135400736,5715334
2025-04-08,1671.9498291015625,1693.2409842799836,1629.0209427210527,1629.0209427210527,2807382
2025-04-09,1636.15087890625,1663.4333131976173,1624.0694351207574,1633.9722975300303,3481864
2025-04-11,1671.1575927734375,1720.1271989907707,1665.7604602343595,1693.389470509049,3801939
2025-04-15,1688.43798828125,1707.7485693788947,1680.3176897119565,1703.2922814332844,1993085
2025-04-16,1676.653564453125,1686.1602879289521,1665.7604161010308,1674.6729920254716,2205374
2025-04-17,1734.486328125,1740.9231886061948,1671.0090050950514,1678.53515625,2683908
2025-04-21,1727.9505615234375,1743.89414652257,1714.4826922348705,1743.89414652257,1539511
2025-04-22,1730.42626953125,1737.9524210809573,1717.651552344684,1733.9912759616843,961907
2025-04-23,1771.424072265625,1773.89978786255,1725.1776323843349,1737.160071696542,1471029
2025-04-24,1786.37744140625,1790.3385865190153,1756.6688530605102,1772.6124379624794,2101177
2025-04-25,1770.0377197265625,1797.8647399968627,1747.063005516993,1788.457020343891,2036801
2025-04-28,1823.711181640625,1828.0684654317831,1763.8978663954151,1770.0377138371325,3216482
2025-04-29,1787.9617919921875,1828.0683843907937,1779.5443590196405,1827.0780981587293,2886160
2025-04-30,1814.5015869140625,1821.037452140905,1785.7832849884787,1792.41815466574,2667314
2025-05-02,1806.8763427734375,1833.2179339428374,1796.181323359053,1814.501619746525,1885257
2025-05-05,1818.7596435546875,1825.3946337451146,1803.7073413969526,1810.045197368201,1219830
2025-05-06,1801.4296875,1810.144254826256,1781.524958114871,1802.3209692990913,1414772
2025-05-07,1763.996826171875,1808.658708849283,1761.4219853883812,1800.2412762935912,2015237
2025-05-08,1750.03369140625,1771.5229740732332,1737.9522483470566,1763.996823271545,2647871
2025-05-09,1727.8515625,1749.1427176777527,1714.8787154282356,1734.8825709631838,1148956
2025-05-12,1669.8206787109375,1695.7662518045322,1607.8287816956686,1679.2283983806774,9221075
2025-05-13,1683.4866943359375,1731.5155794390512,1674.8712519599235,1694.3798435345818,6988329
2025-05-14,1691.60693359375,1694.7759221426484,1675.6633490542597,1685.4672071623734,1639324
2025-05-15,1723.1971435546875,1727.4554229419255,1667.7411114916051,1684.575978367898,3880385
2025-05-16,1718.0477294921875,1724.6825993616694,1702.3021531137006,1723.0981654554037,1448249
2025-05-19,1713.3931884765625,1747.8551976682609,1709.8281822219678,1728.0494730487903,2074023
2025-05-20,1691.2109375,1731.0203971352148,1686.754649292272,1726.8612431618237,2706777
2025-05-21,1714.977783203125,1741.6163867307562,1691.2109131047398,1699.727350713084,2754306
2025-05-22,1702.0048828125,1723.0980277124547,1690.6165912500326,1717.3543192662605,2670554
2025-05-23,1667.245849609375,1673.0885624625373,1620.702397442616,1641.8945466486455,8339783
2025-05-26,1659.8187255859375,1685.8633017834197,1650.807145071694,1676.6535914924873,2282131
2025-05-27,1667.0478515625,1675.5642889012822,1644.9644204412464,1659.8187137825698,2800622
2025-05-28,1650.2130126953125,1670.5138805929525,1646.846015306111,1667.0478787567702,2657712
2025-05-29,1683.28857421875,1686.7545760075059,1654.1741350162908,1658.7294274760316,2377583
2025-05-30,1661.30419921875,1696.9545044418328,1652.8867660410776,1685.4672080468613,3640641
2025-06-02,1658.333251953125,1667.14682333985,1644.3702406627983,1662.6905354247747,1819538
2025-06-03,1651.30224609375,1678.5351167189842,1641.4983884917563,1678.5351167189842,2556920
2025-06-04,1648.7275390625,1652.7876883560878,1632.9819641097595,1639.9139675959743,1700482
2025-06-05,1666.750732421875,1677.842010747808,1645.8557171096074,1645.8557171096074,2037073
2025-06-06,1662.888671875,1672.5935257661272,1652.7878001797906,1668.63238064886,2500047
2025-06-09,1677.9410400390625,1682.2983237000342,1657.0460244174062,1663.5818894665877,2589656
2025-06-10,1672.3955078125,1690.319665194212,1661.4032334639328,1685.269229373942,2369135
2025-06-11,1674.1778564453125,1678.535139982649,1662.9876947094904,1678.3371310928126,1999978
2025-06-12,1671.009033203125,1710.7194874320173,1664.770181508742,1678.436180037128,3588365
2025-06-13,1671.4052734375,1683.486718001096,1644.9645565711005,1650.609261038663,2404272
2025-06-16,1668.929443359375,1673.385731425313,1639.6168740402327,1648.826584396991,2249326
2025-06-17,1634.1702880859375,1665.3643043250918,1625.158707571536,1663.680866088227,5408285
2025-06-18,1631.99169921875,1645.162554368449,1622.583980078836,1629.0208405429876,1455885
2025-06-19,1631.5955810546875,1639.2208576156943,1620.1082848742983,1632.0907241735367,1696525
2025-06-20,1648.9256591796875,1653.7780861242686,1629.615076736919,1631.5956492951518,2567882
2025-06-23,1646.3509521484375,1650.807240439967,1631.1995236034143,1647.0441041955196,840643
2025-06-24,1645.55859375,1670.0187363655616,1642.6868603667087,1654.2731610004403,2066326
2025-06-25,1653.3819580078125,1662.492664364672,1641.9936657251553,1645.5586721758584,1372945
2025-06-26,1653.5799560546875,1662.5915363574031,1634.3683794706653,1658.5313870874484,2102627
2025-06-27,1671.20703125,1679.228325601745,1651.9954540538424,1653.9760265300536,5313904
2025-06-30,1659.422607421875,1687.9428995462629,1655.3624580064475,1679.5254664889774,2160184
2025-07-01,1651.005126953125,1667.9391179132515,1641.3993990350646,1659.4225597686893,3298070
2025-07-02,1661.205078125,1665.6613659649777,1639.9139251117736,1639.9139251117736,1611046
2025-07-03,1663.3836669921875,1676.3565128044447,1658.2342271518046,1661.2050857253819,1553777
2025-07-04,1660.0169677734375,1670.315848553093,1655.36254964748,1670.315848553093,1264399
2025-07-07,1669.05810546875,1671.5419707006272,1652.267152244763,1663.891593016956,1550620
2025-07-08,1661.7059326171875,1671.1446210236827,1638.45692849627,1669.1575287275784,1860328
2025-07-09,1658.6259765625,1669.9524269938443,1636.3705184185847,1649.2866184425322,2178705
2025-07-10,1651.7703857421875,1659.818084868856,1636.569081949883,1651.273612693844,1741718
2025-07-11,1661.2091064453125,1669.0581450205405,1651.4723059926273,1655.0491690372774,1298302
2025-07-14,1671.74072265625,1685.948481071095,1664.686569269172,1669.554969645884,1309704
2025-07-15,1716.3509521484375,1719.7290332716816,1677.0065493687105,1693.9961640596734,3332578
2025-07-16,1690.02197265625,1720.1264690066841,1687.0413342565037,1718.834810520466,2285143
2025-07-17,1692.406494140625,1705.918697188592,1685.054228556699,1693.0025975593248,1461039
2025-07-18,1682.669677734375,1698.3677548795465,1675.81418527775,1697.9703121766654,1253929
2025-07-21,1681.378173828125,1690.4194194057986,1666.6736425079068,1670.250384339653,2390289
2025-07-22,1667.17041015625,1682.172932498894,1662.0040187807986,1675.2181095721396,1244491
2025-07-23,1671.641357421875,1678.6955106617793,1660.6130196769561,1667.6671729168602,1229173
2025-07-24,1681.080078125,1685.054262706856,1669.2568547374815,1671.6413897430925,1079045
2025-07-25,1688.034912109375,1691.0155505651303,1671.34328824415,1679.0929967421093,1088592
2025-07-28,1691.214111328125,1699.0631497208833,1682.9677515240733,1691.1147809753018,2168507
2025-07-29,1699.460693359375,1706.9122895009684,1686.1471506632306,1687.0413664567195,1325544
2025-07-30,1722.6103515625,1729.2670622088262,1701.050327485951,1708.8993662735888,2318723
2025-07-31,1695.6851806640625,1736.7186855343634,1683.0671929606474,1704.4284353742567,3233087
2025-08-01,1619.18212890625,1684.0607416859682,1597.6222257410245,1679.0930108845346,8774548
2025-08-04,1631.0052490234375,1636.7678649006018,1603.1859582998518,1619.2814778451302,1898762
2025-08-05,1621.566650390625,1633.9859772903794,1609.644096566861,1630.3099050410478,1622897
2025-08-06,1584.90478515625,1619.1821276597536,1580.7319397992544,1619.1821276597536,2376257
2025-08-07,1588.0841064453125,1595.038929127571,1560.860919118262,1570.7963800929167,3435674
2025-08-08,1576.6583251953125,1591.6608469998002,1570.6970486147889,1579.7382938387532,1654424
2025-08-11,1598.0196533203125,1649.2866104488512,1573.9757636996972,1576.6584110765473,1140902
2025-08-12,1611.73046875,1626.1368875025048,1599.7085849440618,1601.2982344809448,1679088
2025-08-13,1629.217041015625,1632.8931132931275,1606.8622524247546,1613.7176238999627,1313668
2025-08-14,1630.806640625,1640.4439895646522,1621.6659434674307,1629.216991074875,1738094
2025-08-18,1622.1627197265625,1638.953673598573,1614.9099057390576,1638.953673598573,3080173
2025-08-19,1616.10205078125,1627.4285004990954,1608.650455082994,1622.2621093279643,2656391
2025-08-20,1622.5601806640625,1625.9382618042353,1605.5705658879585,1623.4543964485918,1831706
2025-08-21,1629.6142578125,1641.8349233037904,1613.4195292205059,1620.2750215379986,1727099
2025-08-22,1631.2041015625,1640.7421202523267,1624.5472696533852,1631.4027622775534,2098310
2025-08-25,1646.0078125,1649.7833362781898,1623.4543640340632,1638.556216581851,1904984
2025-08-26,1589.971923828125,1636.7679223969371,1585.8982876602297,1634.3833874232264,4502371
2025-08-28,1575.466064453125,1589.6738227570108,1557.482903589684,1582.8183301398738,4993739
2025-08-29,1584.2093505859375,1591.3628344180145,1565.6300859249247,1570.7964774389259,3176534
2025-09-01,1553.210693359375,1589.8724480539984,1546.15641890205,1588.6802412264847,9366820
2025-09-02,1555.098388671875,1560.1655710733091,1547.944904890128,1555.8932741065087,2855840
2025-09-03,1568.51123046875,1570.8957654426454,1548.2429863968566,1552.0183889299112,2091370
2025-09-04,1572.088134765625,1586.6932147794025,1550.9255530811818,1586.6932147794025,2298657
2025-09-05,1583.3150634765625,1588.9783490975083,1565.3319030644045,1572.1873955095048,1814479
2025-09-08,1570.79638671875,1594.144720107675,1568.014409121119,1587.2892277497494,1369139
2025-09-09,1581.4273681640625,1586.6932113044306,1567.3190612603253,1569.802926650595,1709406
2025-09-10,1583.116455078125,1591.2634849715168,1572.1874474598008,1581.824796573873,2408379
2025-09-11,1599.3111572265625,1606.5640924898203,1580.731893105321,1582.2222123005806,1762484
2025-09-12,1606.1666259765625,1612.028572314202,1592.753753418016,1599.6092458711034,1878894
2025-09-15,1591.660888671875,1606.6634108691514,1585.1035085181136,1606.1666378077682,2005917
2025-09-16,1600.1060791015625,1604.5770367892105,1589.6738444970506,1592.1577098790772,1480567
2025-09-17,1609.743408203125,1611.6311701264297,1597.0260903751814,1602.1924817923948,2128406
2025-09-18,1637.9600830078125,1640.6427302584464,1617.1949451750547,1624.5472106020936,1832386
2025-09-19,1645.3123779296875,1657.3342617486428,1632.4956087001874,1637.9601123708476,3191406
2025-09-22,1633.389892578125,1647.200208505448,1624.7460894698136,1639.3511695583372,1785320
2025-09-23,1620.67236328125,1633.3898019799758,1614.6117562773588,1632.5949165803738,1967731
2025-09-24,1616.598876953125,1625.3421313727292,1614.512454345545,1619.4801849743005,1131058
2025-09-25,1616.89697265625,1632.1976070917785,1612.2272331438078,1617.3937457140107,2762750
2025-09-26,1576.4595947265625,1592.5551147894816,1538.0094080385923,1574.7706148198765,7256759
2025-09-29,1579.04296875,1608.4519109812734,1569.8029409013186,1570.7964870664462,4180922
2025-09-30,1584.0106201171875,1593.9460812700709,1575.7641388473005,1578.8441075481974,2257443
2025-10-01,1625.64013671875,1640.8414410892474,1601.4970384204441,1601.4970384204441,3109095
2025-10-03,1620.67236328125,1634.8801211423663,1589.6737732165213,1589.6737732165213,4041865
2025-10-06,1644.020751953125,1648.988482661006,1609.5447493534264,1619.4802107691883,1756916
2025-10-07,1642.4310302734375,1652.2671608996916,1636.3704233324065,1638.7549582239958,2174852
2025-10-08,1621.06982421875,1644.3188276700992,1618.4866285647079,1634.383366475718,1846507
2025-10-09,1647.7962646484375,1651.5717884738617,1621.8647347853546,1634.383391827965,2197566
2025-10-10,1660.1162109375,1665.7793752224488,1638.3575269836463,1644.3188036130591,1454056
2025-10-13,1657.63232421875,1664.1897041697284,1645.1136677155218,1651.770378019208,1375179
2025-10-14,1643.7227783203125,1659.1227436781396,1635.5756271034522,1656.8375390152728,2108287
2025-10-15,1644.418212890625,1657.9304163093134,1639.450482127689,1641.8350171503962,2088737
2025-10-16,1648.29296875,1652.1678227702848,1632.5948919631978,1643.3252382836047,2895957
2025-10-17,1668.2633056640625,1681.0800751745505,1646.0078477882328,1647.498167003813,1594147
2025-10-20,1677.7020263671875,1685.9485080320117,1671.9395313920309,1674.0259540775617,1647622
2025-10-21,1679.5897216796875,1685.0542253586216,1673.1316718773107,1679.0929486179662,74296
2025-10-23,1678.99365234375,1700.9509978610427,1671.3432742684568,1693.9961748557698,2687094
2025-10-24,1688.034912109375,1690.9162202064363,1675.1188121344358,1679.0929967421093,994307
2025-10-27,1682.669677734375,1697.473539118685,1679.092935973414,1690.0219432489805,2067904
2025-10-28,1676.1123046875,1691.7109302608092,1668.3625964373616,1681.0800352882336,2440939
2025-10-29,1704.8258056640625,1710.8864127185896,1676.4104109869058,1679.0929369886273,1016738
2025-10-30,1692.406494140625,1705.8193668325564,1669.2568209074827,1704.7264903511925,1986233
2025-10-31,1679.788330078125,1693.9960877138794,1675.9135973433574,1689.0283572513754,1560918
2025-11-03,1695.3870849609375,1701.7458042411731,1670.3496505354751,1677.3044732176897,1099955
2025-11-04,1679.093017578125,1700.156147747174,1671.343308983999,1695.983302370331,1597993
2025-11-06,1675.0194091796875,1712.77416131628,1656.24136346578,1688.0348389492265,3389867
2025-11-07,1680.48388671875,1698.9638198004336,1672.2374056301176,1683.0670823052249,1512908
2025-11-10,1686.8426513671875,1692.1083730346895,1674.9200979249385,1686.5445390181371,1235665
2025-11-11,1705.0245361328125,1707.9058442452217,1684.0607364721645,1690.618116853257,1315353
2025-11-12,1720.9212646484375,1732.8438184656877,1699.162579675458,1710.2903693410517,1833097
2025-11-13,1726.18701171875,1736.5199153752737,1714.2644585648725,1723.3057037833998,1727602
2025-11-14,1745.7598876953125,1748.7405260971425,1723.5044300384848,1726.187077369624,1667322
2025-11-17,1752.5159912109375,1756.5895059671477,1736.4204716107533,1754.4037530586884,1430618
2025-11-18,1747.448974609375,1753.1121390135681,1738.705720189144,1752.615365950657,1429522
2025-11-19,1772.5855712890625,1778.745629873463,1739.7985500161499,1750.6282267536994,2131124
2025-11-20,1765.928955078125,1780.4347046429366,1761.656658110908,1778.4476123386478,1513894
2025-11-21,1768.2139892578125,1775.864367185946,1762.2527125108188,1766.5250093591587,2199311
2025-11-24,1769.3070068359375,1774.374067871133,1760.3650916153026,1774.374067871133,3434492
2025-11-25,1765.332763671875,1780.533946272675,1754.7017476042085,1773.479793200475,1848114
2025-11-26,1793.25146484375,1795.2385571376026,1762.153421931962,1764.0411838676196,1158948
2025-11-27,1798.6165771484375,1803.1868650124306,1790.4694262511168,1790.4694262511168,2902053
2025-11-28,1819.779052734375,1821.170041561623,1795.8346154515186,1798.6165931060145,1623103
2025-12-01,1795.7353515625,1837.0668475095704,1789.3766318900682,1829.1184782396533,1869293
2025-12-02,1787.88623046875,1803.1868648665188,1777.0565535797946,1792.3571879775634,2948688
2025-12-03,1795.039794921875,1804.2798227031194,1770.9960264142678,1793.3508149664815,2114510
2025-12-04,1806.56494140625,1811.4332203221738,1786.694019194368,1796.7288106548715,1713961
2025-12-05,1793.64892578125,1808.4526664948564,1788.581743354456,1807.2604596194283,1777401
2025-12-08,1784.6075439453125,1794.3443447164593,1774.1753093830075,1793.6489109253014,2410074
2025-12-09,1764.5379638671875,1789.5752783550101,1760.563779263883,1784.4088868837098,2401728
2025-12-10,1773.9765625,1780.1364998103056,1756.4901753871322,1776.3610973977736,2321746
2025-12-11,1795.5364990234375,1798.8152497314682,1763.6436928373055,1766.525000840956,1280916
2025-12-12,1781.9249267578125,1800.1068688641526,1779.4410615128197,1796.3313451787706,1442309
2025-12-15,1785.501708984375,1792.953304888502,1766.127559633645,1767.5185484589124,1396948
2025-12-16,1769.8037109375,1780.3352753082418,1766.823072646772,1778.4475134676177,1533979
2025-12-17,1781.328857421875,1785.9984756587708,1760.0669462616247,1769.505634373104,1910628
2025-12-18,1734.6322021484375,1773.479831340348,1724.7960712643385,1773.479831340348,3461351
2025-12-19,1733.638671875,1748.6411942280731,1729.9624784130965,1735.7250944979794,2768986
2025-12-22,1758.3779296875,1761.755889388824,1731.850176147664,1733.6386076339388,1467257
2025-12-23,1744.567626953125,1763.1468905709062,1740.394660549985,1760.5636949589527,1124853
2025-12-24,1725.7896728515625,1747.647688282037,1707.9058420448107,1744.5677194551502,2224786
2025-12-26,1708.402587890625,1725.7896453422597,1696.9768072795507,1725.7896453422597,2507337
2025-12-29,1706.1173095703125,1716.3508828842944,1699.2619385257333,1708.4025141068273,1800816
2025-12-30,1709.0980224609375,1711.9793305250298,1695.9832619186739,1711.9793305250298,2639497
