Price,Close,High,Low,Open,Volume
Ticker,TATASTEEL.NS,TATASTEEL.NS,TATASTEEL.NS,TATASTEEL.NS,TATASTEEL.NS
Date,,,,,
2021-01-01,54.244361877441406,54.80106346113029,53.982884340699755,54.40462562461147,84113960
2021-01-04,58.45334243774414,59.03534101278987,54.52692581906218,54.742017984746546,381849550
2021-01-05,57.40320587158203,58.525039220715186,56.943509420897804,57.947249291204265,215452540
2021-01-06,57.67733383178711,58.76121198580161,56.93507151246672,57.694207086351824,196105220
2021-01-07,60.9669189453125,61.70075109568407,58.34368764573637,58.453344498071495,382321940
2021-01-08,60.152957916259766,61.3422649220006,59.30525386589356,61.321176571968344,193293130
2021-01-11,58.67686462402344,60.055953935770965,58.048467818567424,60.055953935770965,170245090
2021-01-12,58.613590240478516,61.110297375073614,58.29306924480928,58.62202686636087,245254840
2021-01-13,59.815555572509766,60.271036843819445,58.45333328917564,59.16607051637445,193538710
2021-01-14,59.57939147949219,60.26261028293774,58.79916754980201,59.88726080712046,115408580
2021-01-15,59.54142379760742,60.85726081196095,58.845553341801015,60.05594861333186,206884370
2021-01-18,56.2349739074707,59.78181918637718,55.62766550831663,59.71856057615715,250452260
2021-01-19,57.44959259033203,57.68998175231422,54.57331422644739,56.68202043976082,312451180
2021-01-20,58.212947845458984,59.001601972756035,57.576120835021065,58.212947845458984,233131500
2021-01-21,56.2349739074707,58.600942458606525,55.804802487453614,58.28463653698549,161178670
2021-01-22,54.57331466674805,57.00254836265115,53.44726952961529,56.5133269727528,237156650
2021-01-25,54.990840911865234,55.825886778641404,53.22374405816289,54.91070904533294,163484730
2021-01-27,52.80200958251953,54.92336781110074,52.616445598123384,54.90227945900467,149180840
2021-01-28,52.608001708984375,53.190006683144254,51.6717356354492,52.12721694975772,170917520
2021-01-29,50.69329833984375,53.45992320297754,50.27155707838871,53.14361725688626,268265750
2021-02-01,53.65392303466797,53.982880699107284,50.393861714191054,51.022258501523005,210846940
2021-02-02,54.1220588684082,54.657672092257066,52.64174608468834,54.23593081511083,180489570
2021-02-03,55.092063903808594,56.03254512967255,53.750923325094455,54.396186950380155,148463810
2021-02-04,55.32823944091797,55.96506645573569,53.86479668745748,55.16376059946115,147649950
2021-02-05,57.782772064208984,58.25090515544765,54.94445497269135,55.40837296770675,291008880
2021-02-08,59.292598724365234,59.45707754871626,57.58454543440571,58.53768474471833,214621690
2021-02-09,58.976295471191406,60.43130151182807,58.335253397887314,59.59204053413391,293370280
2021-02-10,58.221378326416016,61.110301902562455,57.361022609955164,59.887254904669874,573979190
2021-02-11,58.596736907958984,59.43178287518802,57.59721209210511,57.99786503770289,163407050
2021-02-12,57.39898681640625,58.866644567532575,57.23028645490503,58.62203386980139,147054790
2021-02-15,56.69467544555664,58.03160092525159,56.513329789634604,57.95568415084023,131716720
2021-02-16,58.976295471191406,59.76917108875168,56.36993760790879,56.69467374041095,336618380
2021-02-17,58.773860931396484,59.3389926626453,57.98942194799858,58.84555617175545,159574830
2021-02-18,58.85399627685547,59.97160808270785,58.537690320263906,59.043778563758174,148561470
2021-02-19,56.5723762512207,58.70638614400078,55.32824073567522,58.70638614400078,223923860
2021-02-22,57.740596771240234,58.866645149951125,56.585023415751714,56.757938874778475,281491090
2021-02-23,61.51517868041992,62.080310408182996,57.54237689715451,58.16655214221729,389070710
2021-02-24,61.380218505859375,62.83944605791358,60.730739814359424,61.995963560491916,216767890
2021-02-25,62.662322998046875,63.51424222417739,61.73870852329441,62.012837793629025,219015960
2021-02-26,60.32164764404297,62.552662355671025,59.98003827720363,61.152478382404055,235515910
2021-03-01,61.60796356201172,62.27009398881376,60.00113040333841,61.068135268159814,140586460
2021-03-02,62.038143157958984,62.39661937495515,60.996441710152915,61.612180358292704,111133990
2021-03-03,65.55123901367188,66.00250523744731,62.50205159594907,62.50205159594907,288428350
2021-03-04,63.93175506591797,64.6866755133383,62.72557482364252,63.345534981033865,228738220
2021-03-05,61.852569580078125,63.76727190935515,61.32117151820809,63.134660072089204,168819600
2021-03-08,62.18574523925781,63.36240691562777,62.00017806196214,62.75087696265049,106145960
2021-03-09,59.61313247680664,63.341323845961824,59.23356146381098,62.839450693333006,195564380
2021-03-10,61.11030578613281,61.57000864872308,59.301038618576406,60.300563341996586,196858600
2021-03-12,60.72652816772461,62.83944962708216,60.224655023611504,62.41770835441718,161214090
2021-03-15,62.114051818847656,62.333359074370264,60.31321484950608,60.89943493935121,155429990
2021-03-16,61.07234573364258,62.42613789676507,60.663256230765775,62.42613789676507,125699980
2021-03-17,59.4149169921875,61.23683607990984,59.09861101405236,61.148274009778504,105409590
2021-03-18,59.45286178588867,60.97534788559572,58.900381803505816,60.41443127672886,143206510
2021-03-19,61.8272705078125,62.14357644881032,57.46224594793818,59.27573463004454,246378140
2021-03-22,62.71292495727539,62.89427704796257,61.15248356037324,61.66700841963313,137603700
2021-03-23,62.51470184326172,63.21479384209196,61.85257144661091,62.923791358526344,118738960
2021-03-24,59.27995681762695,61.82727790428113,58.95521421081348,61.6585775210773,210302830
2021-03-25,60.99644088745117,61.633267877474594,58.06111886735827,59.89569593432395,367224000
2021-03-26,64.68245697021484,65.36146067704495,61.16935139446443,61.60796592205938,429122470
2021-03-30,67.47860717773438,68.32208976745605,65.61451142668083,65.79164199829101,284794680
2021-03-31,68.4781265258789,69.46078443676531,66.64355590070514,66.97251356964004,280445850
2021-04-01,72.79676055908203,73.2901970706289,69.08122101600074,69.24991494917093,368420980
2021-04-05,73.19319915771484,74.0451183303672,70.61213819303975,72.70819283299572,305759860
2021-04-06,72.77989196777344,74.43733202246456,72.38345415568911,73.84689683548422,207789200
2021-04-07,73.79207611083984,74.6482104389058,72.93172025118733,73.34080982886553,171132080
2021-04-08,77.46543884277344,80.43871629281833,74.45420622021695,74.56386307671029,530630560
2021-04-09,75.87125396728516,78.44387835852405,74.70725034704627,77.6847427647764,321790690
2021-04-12,71.8267593383789,75.3398651183351,71.135103867978,73.93546582560869,221355040
2021-04-13,74.1421127319336,74.3614199829041,71.6116652423472,72.7081886266782,204285020
2021-04-15,75.76160430908203,76.88343767355627,74.18428958380032,75.23864279809686,218563570
2021-04-16,75.09103393554688,77.12804502899263,74.75363963462893,76.2339491662709,173985980
2021-04-19,74.90546417236328,75.82907854570045,72.53949548658234,73.36611117364188,191469960
2021-04-20,75.40734100341797,76.39842913517774,74.39515808566578,75.9134292446635,169152930
2021-04-22,77.7184829711914,79.17348910777027,75.66460498610297,75.90921570201724,319028150
2021-04-23,78.07273864746094,79.70909676736545,76.82016661201004,78.42700619055856,247523860
2021-04-26,79.35061645507812,80.63692860069533,78.44809040516753,78.86561657431375,212348580
2021-04-27,82.47151947021484,82.9143491596826,79.65006890518372,79.98746326074307,249045150
2021-04-28,81.9358901977539,83.16737388548101,81.14301458205887,83.08302692185109,204479680
2021-04-29,86.99256134033203,87.46490943707279,82.91432460474873,82.91432460474873,447186470
2021-04-30,87.21610260009766,88.78498075942791,85.28452666338974,86.37261999552275,281297380
2021-05-03,89.80979919433594,90.1682818361049,85.90869257563277,87.043177584119,264841000
2021-05-04,89.73389434814453,91.65703356388975,89.20249621440459,90.62798380645314,249616280
2021-05-05,90.2652816772461,91.80041961158038,88.31261757736422,91.43350677338644,192498390
2021-05-06,92.8589859008789,95.22917611627264,87.93305115984265,88.98740429125563,464345370
2021-05-07,99.72915649414062,100.54311403886906,95.32196160415602,95.73526623802421,540754330
2021-05-10,102.59700012207031,103.66400501584933,101.21790437311354,102.06138690955615,280808840
2021-05-11,104.07730102539062,105.09791403761236,99.26945354050135,100.37441351231999,411083810
2021-05-12,99.45924377441406,105.16961769839915,98.11810319894317,103.91283052454183,308891920
2021-05-14,95.49065399169922,99.95267723280422,94.06516649339939,99.95267723280422,376480320
2021-05-17,97.07218170166016,97.69214184734786,93.0782915920713,95.98831004709248,287534300
2021-05-18,99.53093719482422,100.91846310640676,97.59514635909937,99.10919593552413,245738800
2021-05-19,98.20244598388672,100.33645553467667,97.67526945710024,98.94049312138776,174350260
2021-05-20,93.20903015136719,95.77743922175218,92.61859498303771,95.40630486722468,284462530
2021-05-21,93.8880386352539,94.79900131483559,93.27651508623083,93.96395540951623,141049260
2021-05-24,92.10828399658203,93.53798653896385,91.273238145479,93.45786110919617,189238420
2021-05-25,93.2216796875,94.97190967267872,92.78307163492228,92.9475504590465,181137520
2021-05-26,91.27745056152344,92.27698164429515,90.46349308331187,91.98176407280029,154327030
2021-05-27,92.5005111694336,93.60547120945557,90.6743707445333,91.27745765637403,227910320
2021-05-28,93.07830047607422,96.4606673895934,92.56799712407347,95.3978775476519,192085810
2021-05-31,94.94660949707031,95.28399734824086,92.6987278664754,93.79525125330119,154286470
2021-06-01,92.8589859008789,94.72308790024658,91.56002850600763,94.47004057460313,176909250
2021-06-02,94.81165313720703,95.29665945506875,93.12047297443361,93.20481994072142,128625910
2021-06-03,94.63874053955078,96.13592336873081,93.87961138470905,95.27557399012161,121094770
2021-06-04,94.52909088134766,95.21230970028654,93.37351744963532,94.13265304582367,97133470
2021-06-07,95.2038803100586,97.00049587345546,94.93818124033898,95.31353072783016,122185920
2021-06-08,93.7193374633789,95.54125624654469,92.7872865054296,95.54125624654469,108343730
2021-06-09,92.86741638183594,95.14482285612566,92.27275971061081,94.21698701367778,111143380
2021-06-10,94.00190734863281,94.95926179201383,93.02768608669592,93.56751437413507,77767640
2021-06-11,97.70480346679688,98.23198007705624,93.88804352146686,95.12796393843868,174458560
2021-06-14,98.24884033203125,99.41705891239897,96.15700098779959,98.51875446335852,160312640
2021-06-15,99.0501480102539,100.10450111159984,97.85240443158746,98.68745028598047,97681020
2021-06-16,96.3383560180664,99.93159347021124,95.45270320486033,98.60311103277157,175211070
2021-06-17,95.18280029296875,97.77418469571396,94.48429215383017,96.49358205444528,162076870
2021-06-18,94.19539642333984,95.71314223657193,90.56917833065384,95.29058852783004,403470770
2021-06-21,95.38976287841797,95.63553815548822,91.72474005092974,92.2723394214682,130014320
2021-06-22,95.92011260986328,97.53271835298213,95.41994323766463,96.08395620613625,90246340
2021-06-23,94.8680419921875,97.23521140395802,94.67401268324645,96.6272537798456,78063360
2021-06-24,95.99341583251953,96.6272497064735,94.72574808461157,95.29059171585466,72394700
2021-06-25,100.4863052368164,100.89592412574605,97.44649082230174,97.87766998523227,180227700
2021-06-28,102.10321044921875,102.53438954184276,100.29225957605209,101.24085226397074,116603350
2021-06-29,101.1158218383789,102.79310849757768,100.51217364969752,102.14633976144542,78037590
2021-06-30,100.60272216796875,102.70687194045695,100.2750218041081,101.8488296449773,80432670
2021-07-01,100.3396987915039,101.48232086060773,99.72741863376254,101.05976715306933,56149280
2021-07-02,97.96390533447266,100.61997057972158,97.46373592219747,100.55098033404114,75734070
2021-07-05,99.76190948486328,100.18877917619264,97.96389336928328,98.82625159714541,76799000
2021-07-06,100.65876770019531,101.58580678755047,99.19276127362774,99.91713906201977,91468350
2021-07-07,105.09129333496094,105.63889270259497,99.90420864002833,100.71913697770604,167456260
2021-07-08,102.59907531738281,106.0700687193794,101.86176267043285,105.63888957824372,124105850
2021-07-09,106.87637329101562,107.28599874496253,102.44816817889266,102.793106233816,178593560
2021-07-12,105.80705261230469,108.52779202844329,105.0654239391525,107.88102329575976,166477750
2021-07-13,105.9622802734375,107.22994807689987,105.47504570943778,106.75996436396971,79155280
2021-07-14,107.33773803710938,107.59644157806031,105.12147748201099,106.23822989507087,83413880
2021-07-15,108.30789184570312,109.15731529836458,106.73408399912135,107.45846839304168,96555510
2021-07-16,110.2481918334961,110.49396709348643,108.57521471843178,109.06244923641668,84969250
2021-07-19,109.20905303955078,111.32182821293087,108.11386090893531,108.57090974878125,89046290
2021-07-20,106.35895538330078,109.71784449594192,105.63888702452374,109.6919682215112,85799400
2021-07-22,109.7782211303711,110.20508430500095,107.62232524469431,107.70855976426695,78940240
2021-07-23,110.50259399414062,111.71852237674143,109.86445068302662,110.32580896048218,86418650
2021-07-26,111.92979431152344,112.81802231055431,110.21370313147527,111.15797994627268,86784330
2021-07-27,114.74970245361328,115.08170564224399,112.8007643903391,113.4001096892076,103413820
2021-07-28,117.71189880371094,118.13876191830951,112.64122818297137,114.86611400312154,128351250
2021-07-29,125.78358459472656,127.78424904694074,117.97062035113176,118.57426854108674,300610410
2021-07-30,123.68805694580078,126.99952314740821,123.12752925850934,125.52920052075305,140492650
2021-08-02,121.59684753417969,124.78325490456675,121.20447289241069,124.69702696172789,97689200
2021-08-03,121.35105895996094,122.52818275646965,119.89798735459901,121.93745627786355,86405600
2021-08-04,122.1271743774414,124.8694805272584,121.16995616833684,122.45487473182371,112894350
2021-08-05,124.7487564086914,125.04195507633719,119.65221563339162,122.04957068493033,162217990
2021-08-06,123.21805572509766,125.64559634186192,122.97229362052867,124.95570709945426,96740250
2021-08-09,121.78224182128906,124.45986069451278,121.19583132693695,123.6621766245449,78594930
2021-08-10,118.45353698730469,122.28240995672722,117.90162819990869,121.76498971168071,84516230
2021-08-11,122.98954772949219,123.29137842538148,119.36764517154361,119.86781461009309,145353570
2021-08-12,123.77860260009766,124.58490551077774,122.1573647742103,123.83465799535023,109431080
2021-08-13,126.04658508300781,127.33581958655695,119.92384953615573,121.16133149265342,289698720
2021-08-16,131.02671813964844,132.32887439514744,126.95638603732824,127.9739624836368,271144880
2021-08-17,129.67282104492188,132.28576579608645,128.64230965779439,131.0267299722579,189709230
2021-08-18,129.39254760742188,130.98359969978674,128.33616660086233,130.16867796092896,123317450
2021-08-20,118.62600708007812,124.78324489034642,117.52218949538614,124.6150918622514,273400690
2021-08-23,117.16432189941406,121.57527643592144,113.03361803625918,120.90263797595179,229257290
2021-08-24,121.13114166259766,122.45486466046329,118.74672176086764,119.17790086178476,176075790
2021-08-25,119.88504028320312,122.97228420882392,119.07010547058545,122.28239501921705,125650100
2021-08-26,118.5785903930664,120.27743741338163,117.71191603133231,119.90230047395072,91578980
2021-08-27,119.36332702636719,120.25156824612903,118.64758116458734,118.91921299575844,73940810
2021-08-30,124.2313461303711,124.61078592297775,120.55770416826456,120.64393211114678,134443870
2021-08-31,125.0634994506836,125.81806291646423,123.48969828233533,124.61076663463223,247521080
2021-09-01,121.69599914550781,125.51625325884147,121.33381023835372,125.14974834945136,88128970
2021-09-02,122.8946762084961,123.4897055389872,121.59251991667679,121.67876100982227,61480460
2021-09-03,124.4943618774414,125.29634878781883,122.1487462268859,123.14476901999,84523820
2021-09-06,123.9208755493164,125.21011005648941,122.72651413273321,124.78323378300482,69586760
2021-09-07,123.20514678955078,125.81809182443531,122.51095455763539,124.52455415732236,63527170
2021-09-08,123.30429077148438,124.40810824181936,122.33413777273775,122.97228759343294,46762240
2021-09-09,124.78324127197266,125.21011757107658,122.45487653298372,122.45487653298372,53130300
2021-09-13,126.20182800292969,126.93914067401572,123.877766040029,124.78324489776361,56702080
2021-09-14,125.24030303955078,127.2841013348495,124.9557231969511,127.2841013348495,55037670
2021-09-15,125.48175811767578,126.22338682115374,124.55904153042601,125.2402988336173,44174640
2021-09-16,123.89933013916016,126.93051900685839,123.42503044721765,125.90431053480368,56067970
2021-09-17,119.51422882080078,124.2054598890434,117.28072407189369,123.92088008249087,195720300
2021-09-20,108.0621109008789,116.58221467670481,107.56625753563117,116.4183645027785,282384120
2021-09-21,111.43394470214844,111.83925417082985,106.32015953074875,108.48468078604006,255935400
2021-09-22,112.60674285888672,113.65882098586506,110.6491859297001,112.05483410035241,111242470
2021-09-23,113.71918487548828,115.5085888758493,112.62830215170436,114.69365396578107,99462510
2021-09-24,109.70059967041016,114.17623481907432,108.52348242112134,113.83129675897968,132866160
2021-09-27,109.56262969970703,111.1321150356487,108.74770133179362,109.69197818725519,86688770
2021-09-28,110.46379089355469,111.83062147236984,108.91585927640239,109.8170221486337,81007360
2021-09-29,111.72283172607422,112.95169502861864,109.27805312867045,109.51951241832651,94945770
2021-09-30,111.14936065673828,113.52084597952104,110.71386550491157,112.36528901665186,75145680
2021-10-01,111.92118072509766,113.05518405172037,109.08833040976582,109.95068875292603,90374700
2021-10-04,114.18916320800781,114.49961270794915,110.41634582051222,111.92116993201955,96902370
2021-10-05,113.55964660644531,114.9264902532739,112.98186814494258,113.3138713416033,57952160
2021-10-06,110.37323760986328,114.57292492356503,109.79114970157713,113.82267740898217,86316930
2021-10-07,111.17523193359375,112.69297782467669,110.6879973822554,111.67540133326216,46033670
2021-10-08,112.20575714111328,115.90526853087465,111.79181567484765,112.27905022926572,107220150
2021-10-11,113.2448959350586,114.46512711461752,111.93410766171728,112.53775582755107,63496580
2021-10-12,114.61605072021484,115.1248389853956,112.53776395201592,113.24490411057418,60970190
2021-10-13,116.78917694091797,118.70792940028053,113.66312813853524,114.30559401262745,132857180
2021-10-14,118.5785903930664,119.91955132552721,116.7633165727903,118.4880332911981,82273710
2021-10-18,121.68307495117188,122.86451487400589,119.96267420192632,122.28242033854441,109232300
2021-10-19,117.87576293945312,123.01972725067849,117.06946000143827,122.54112469076145,87569240
2021-10-20,115.84058380126953,118.66049892664064,114.40474996483118,118.31554773598253,69757740
2021-10-21,113.37425231933594,117.09533067187424,111.21835646350091,116.99615472542997,83575730
2021-10-22,111.78319549560547,114.23228992835557,109.60573945553585,113.83129647382775,80712890
2021-10-25,111.52880096435547,113.48635799758162,109.2823546889858,112.27904847762402,64185010
2021-10-26,115.87078094482422,116.50461483932504,112.23162776475115,112.36529225229168,77228750
2021-10-27,114.36165618896484,116.56497543527804,113.93909586457666,116.07343802309231,72418040
2021-10-28,112.07208251953125,113.48203350308675,111.33907275303403,113.39148957239226,93076820
2021-10-29,113.48204040527344,115.01272110903457,111.24421958648966,111.26577328035656,79147600
2021-11-01,117.70328521728516,118.39316130766939,114.69365011259352,115.55600838411678,96875330
2021-11-02,113.28369903564453,118.14308315688321,113.03792377029706,118.14308315688321,72161370
2021-11-03,114.35301208496094,114.86611629652045,113.1413997960966,114.24521730368444,57302440
2021-11-04,114.34007263183594,115.12482176596868,114.18485446915058,114.77988374319536,6744340
2021-11-08,115.8362808227539,116.2157205958668,112.63262276335924,115.63362608750242,54936670
2021-11-09,115.20675659179688,117.3065969186897,114.59447641727218,115.8017859161614,47565160
2021-11-10,111.98153686523438,114.60741639185476,110.994146054997,114.52118845428332,118804170
2021-11-11,112.07208251953125,114.21934611296969,111.10192950074858,112.52913133347434,136638600
2021-11-12,111.00707244873047,115.55600701364915,109.6143591196622,115.55600701364915,232395580
2021-11-15,107.40240478515625,112.020329448592,107.06177617725464,111.67539141805358,121082150
2021-11-16,105.96659088134766,108.74770180256867,105.526792863236,107.402418312796,123148800
2021-11-17,105.21202087402344,106.70821303452642,104.78515773091875,105.63889059639973,87802040
2021-11-18,102.32743835449219,105.92347086251537,101.93074774937527,105.5181614115315,101083510
2021-11-22,100.46905517578125,103.20704551362465,98.826263604784,102.45679139568924,96210010
2021-11-23,102.79741668701172,104.25911365640692,100.47767089102383,100.72775557283383,93829630
2021-11-24,101.62892150878906,103.7373872303976,100.99508764959954,103.51748823855958,67671010
2021-11-25,101.21067810058594,102.32743707796268,100.55097454005144,101.75827745280343,47502860
2021-11-26,95.92011260986328,99.99043808979083,95.39838296520803,99.85246418875721,106455260
2021-11-29,96.13139343261719,98.0501393992508,92.70782981297756,95.92011985269524,93929910
2021-11-30,92.37582397460938,97.26539398358291,91.66869042787566,95.80369692018272,133559840
2021-12-01,93.3545913696289,94.6006987961874,91.9705100422454,94.16951966479317,93791140
2021-12-02,95.9287338256836,96.23918333476927,92.61728116779852,93.39340494051271,91286810
2021-12-03,96.41165924072266,97.80867545670263,95.05344098941016,96.15294912258554,100737840
2021-12-06,95.6182861328125,98.3950809172271,95.04913307485909,96.06671613413019,82159400
2021-12-07,99.06771087646484,99.64980531214593,96.67035605500907,96.67898147948605,85053900
2021-12-08,101.15462493896484,101.49956297412328,99.08496383165777,99.94732207809645,74485010
2021-12-09,101.48663330078125,101.93074729399737,99.94732717363206,101.93074729399737,52123940
2021-12-10,101.75828552246094,102.52578392929706,100.6889630083194,101.19344185465962,48121300
2021-12-13,100.49060821533203,103.39675795564709,100.17584928877471,102.4481651738886,53537780
2021-12-14,100.65446472167969,101.5771878660296,98.91249722122016,99.94301515616829,53522640
2021-12-15,99.52045440673828,101.37883541302158,99.08496585194506,100.90022631331868,44308330
2021-12-16,99.44715881347656,100.79243565503617,98.614986212691,100.3785073557586,42460080
2021-12-17,97.6275863647461,99.93439754373553,97.015312736102,99.51615322470924,47435020
2021-12-20,92.5267333984375,96.34267155626833,91.93171063776056,96.32542070565637,73526500
2021-12-21,95.29920959472656,96.95062639044755,93.5658677146826,93.99704682857515,70268490
2021-12-22,97.3473129272461,97.53271679301022,95.72176578323571,96.15294490838542,43669170
2021-12-23,97.24382781982422,98.89524466292528,96.60136855315419,98.13637176923952,46214780
2021-12-24,96.19176483154297,97.74401256199253,95.19143252246508,97.45080728878656,40936300
2021-12-27,96.73934936523438,96.98943404884213,95.06206282145645,95.81231687227971,27588510
2021-12-28,97.2265853881836,97.57583943437778,96.75659513142297,97.18777426583978,28807810
2021-12-29,96.26074981689453,97.15760328107298,95.54930681725787,96.58413419477884,41935200
2021-12-30,94.94564819335938,97.18777847354458,94.77317916383426,96.40303583615204,41140930
2021-12-31,95.8468017578125,96.88594499509024,95.08792889044773,95.29058359910425,36870210
2022-01-03,98.52012634277344,99.25743900481196,96.15295044095824,96.15295044095824,38658030
2022-01-04,99.06771087646484,100.00768476632314,98.00701394028432,99.42990633251611,59757310
2022-01-05,101.55132293701172,101.82727735072892,98.41664843703991,98.9125018653643,61861760
2022-01-06,100.31382751464844,102.0169904358269,99.64981451257813,101.06839103390966,53354000
2022-01-07,100.06375122070312,101.24086849002957,98.98580331637844,100.48198895465099,39738570
2022-01-10,100.8139877319336,101.18911145626879,99.50320611842902,100.46473370179102,38225000
2022-01-11,97.46804809570312,100.26639656623985,95.9804813452426,99.91714250770156,96978850
2022-01-12,98.92974090576172,99.24019040653778,97.65344778265221,98.29590705661656,50358430
2022-01-13,105.30687713623047,105.6820074534435,99.35660382306921,99.51614457516243,157231160
2022-01-14,104.65579986572266,105.75099197052198,104.00903116512497,104.6040604750417,52679070
2022-01-17,106.04850769042969,107.36360537737228,102.65082055640784,104.77653054900186,89696070
2022-01-18,103.03888702392578,106.39346044808492,102.62064270169894,106.07007606982327,58408970
2022-01-19,104.31085968017578,105.2853221953247,102.01699001236457,103.13805186019336,73043210
2022-01-20,104.0607681274414,105.55265079021824,103.2242795748386,104.35397335275793,59205970
2022-01-21,100.87004852294922,103.85380736622385,99.71880101484015,103.48299304464302,71662670
2022-01-24,94.79042053222656,100.34831938211082,93.99705249387226,100.03356045219434,83920760
2022-01-25,95.6441650390625,96.67036697250055,93.74266335231358,94.402366944978,57330630
2022-01-27,93.8547592163086,95.15692201416029,91.52207857433731,93.99704911686963,90566560
2022-01-28,93.53569030761719,97.07998346424421,93.216621945795,95.36389228107102,78648930
2022-01-31,93.6133041381836,96.11845391003067,93.17781557164807,95.7131444623285,55709390
2022-02-01,100.66739654541016,101.27967014809818,93.68660506334082,95.28196660040358,170752680
2022-02-02,100.68033599853516,101.74965849585236,99.8869679063086,101.74965849585236,75247340
2022-02-03,100.60272216796875,101.90487846042319,98.85212929704542,99.42991435675225,65140900
2022-02-04,101.439208984375,103.28897130476152,100.91748587399972,101.2236193997603,93174180
2022-02-07,102.0169906616211,104.74203949884883,100.11979843285933,100.74932289377303,145105250
2022-02-08,105.17321014404297,105.4146693985209,101.02526911567409,103.05180966349528,140839840
2022-02-09,105.41036224365234,106.41501040421794,104.18581509572871,106.15630029498499,73520600
2022-02-10,107.65249633789062,108.16129115018944,105.72512503348389,106.070069665323,93920570
2022-02-11,108.17854309082031,109.08402199118625,106.33740616902135,106.84620101739301,96762260
2022-02-14,102.34899139404297,105.87604021622124,101.76690349670471,105.21633665167492,80216130
2022-02-15,104.15132141113281,104.51781972844671,99.30486556351858,103.21134747528649,101889210
2022-02-16,102.77586364746094,105.02661936286961,102.31881479585114,104.77653466346068,66092140
2022-02-17,102.70256042480469,104.30223135005438,102.28862555546266,103.57785355279525,56557920
2022-02-18,102.68962860107422,103.91417581589607,102.01699017544733,102.36192823424038,47251200
2022-02-21,101.91780853271484,103.65545989481697,101.27535584176582,102.44816359802495,49787320
2022-02-22,98.19673919677734,100.60702899770239,96.51945261415102,99.86109093161329,93858570
2022-02-23,98.22261047363281,99.39541827350025,97.79143132895423,98.99873424990857,49608380
2022-02-24,92.6172866821289,96.57982429214978,92.02225732440871,94.34200335561633,121268670
2022-02-25,98.77021026611328,99.23156853173722,94.4799724941823,94.66106694623511,92128860
2022-02-28,105.27238464355469,105.63888954511371,97.37749562451964,97.79143049475957,176054460
2022-03-02,111.18817138671875,112.07209658769226,105.08267928901718,105.27239259880558,248475320
2022-03-03,112.39115905761719,114.57724051082782,111.5589864543936,112.6239994835057,174503380
2022-03-04,110.13177490234375,113.8183578569318,109.77821142955774,112.31354687243976,162829230
2022-03-07,111.40807342529297,112.26179974031177,109.00209292386306,110.02829485038171,110400010
2022-03-08,109.47638702392578,111.58916229419658,107.27737723677551,111.50293435658901,91078220
2022-03-09,108.25614929199219,110.10590489838572,107.67405482421864,109.85582020893412,69348880
2022-03-10,112.85681915283203,113.29663027862735,107.0186567373168,108.47173485199156,136740620
2022-03-11,112.25318145751953,115.54739657134353,111.7788817476046,113.40011960747975,118822990
2022-03-14,111.84786224365234,113.11552992213977,110.1835105602082,112.53775147443788,52780820
2022-03-15,106.3934555053711,111.5029310762435,105.89760211344786,111.39943913219774,96143130
2022-03-16,109.1098861694336,109.62299041506613,106.94967439846876,107.36360928093748,63024510
2022-03-17,112.40409088134766,113.64157290582183,109.61436132362208,109.95068052594797,106239760
2022-03-21,112.36096954345703,115.03858829534657,111.63227575046508,112.79646468183078,84227630
2022-03-22,112.279052734375,114.69365870728988,111.07605917106036,113.83130037114485,81795880
2022-03-23,114.77989196777344,116.22864755748283,111.44687248905755,114.17623064685148,130552380
2022-03-24,116.46578979492188,117.23760413067345,114.34439582030423,114.77557495514196,94605270
2022-03-25,115.46546173095703,117.79814237952141,114.99978090651652,116.84092419432996,69457440
2022-03-28,115.46546173095703,116.84954303976676,114.48667669435959,115.55600566294278,46554910
2022-03-29,115.09465026855469,116.08637023381614,114.43494667867606,115.9009531941237,43202370
2022-03-30,112.80077362060547,115.17225899827407,112.1065814897889,115.12483560682168,58483160
2022-03-31,112.72747039794922,113.8700924363943,112.11519025663651,112.79646063630435,40067950
2022-04-01,113.58120727539062,115.63361089713476,112.5765525773931,112.9689271476562,55321590
2022-04-04,115.71985626220703,116.76330238123724,113.35268706463512,113.58121147570725,69670320
2022-04-05,115.97856903076172,117.10825626456302,114.62897622631225,116.28470253370152,63296420
2022-04-06,118.20775604248047,119.58321852201293,116.14240432216155,116.41836528189326,114097540
2022-04-07,116.37525177001953,119.09168835255173,115.6422550987028,118.74673713204068,55650640
2022-04-08,118.20775604248047,119.00112406389489,116.95733919523536,117.36264863075205,52287710
2022-04-11,117.09963989257812,119.35039581497928,116.67709270329233,118.20347073673662,44778820
2022-04-12,113.85284423828125,117.27640758993641,111.77025482602076,116.6770754404932,69191680
2022-04-13,113.78817749023438,116.07343492930259,113.4001188786322,115.12051951324325,44937800
2022-04-18,115.4783935546875,117.11255292380213,114.59446847521029,114.85749457738625,80700420
2022-04-19,114.40045166015625,117.85418759589092,112.88269267813011,116.6425752749466,64772190
2022-04-20,113.33543395996094,115.24987029929999,112.36958378645191,114.66777585745972,54100210
2022-04-21,112.29197692871094,114.06843282725093,110.88634192197233,113.48635153241659,66690280
2022-04-22,110.17058563232422,113.1026052582481,109.8428918367955,112.24456293412355,55848230
2022-04-25,105.2378921508789,108.91153355720054,104.58680746167937,107.79478120296295,72310460
2022-04-26,106.38052368164062,107.0790318207272,105.63889499452101,106.5012533210069,44812710
2022-04-27,107.51020812988281,108.22596710089002,104.37984985637895,105.81136121912162,71209740
2022-04-28,108.7304458618164,109.40308428558164,107.1911397119339,108.6140256486965,51295830
2022-04-29,109.61005401611328,111.39081942195638,109.14437974715088,109.34703447288281,57173520
2022-05-02,111.6926498413086,112.34372140499137,107.68699188422595,108.3984348445452,54426170
2022-05-04,108.77356719970703,114.69365515161496,108.18284728385593,114.4608147236819,138374020
2022-05-05,110.74836730957031,113.52946493195336,110.20939337206855,110.38186240036043,87338160
2022-05-06,110.700927734375,111.24421765925864,107.19113639175394,109.34703208282484,69256760
2022-05-09,107.98881530761719,109.88169148675831,107.2773723516687,108.65714429672518,50552970
2022-05-10,100.45611572265625,108.19578008750025,99.90852294360442,107.8810211527097,145537420
2022-05-11,100.52510833740234,102.69824839245365,96.87732977656732,101.32710183209532,107063150
2022-05-12,96.38578796386719,100.24053076423432,95.11812674121738,99.76623762874917,94191610
2022-05-13,94.60070037841797,99.32642663241772,94.16952123981211,97.87766446353115,82924410
2022-05-16,95.1612319946289,97.8604175398602,94.341994285196,96.49788991977876,62665270
2022-05-17,102.50853729248047,103.24154055881965,96.18313971682848,96.9290778318058,112876010
2022-05-18,101.77983856201172,104.25911864744025,101.32709914360088,103.22428475117667,81575800
2022-05-19,96.76953125,99.59375593337528,96.1701925084603,99.25743673045496,66545630
2022-05-20,100.9476547241211,101.62029310700063,98.41232594090364,100.23621179898417,65527500
2022-05-23,88.2149429321289,94.60070525111652,86.36949665018217,94.60070525111652,273883460
2022-05-24,86.7834243774414,89.67663262334955,86.40829406458593,88.90913430678005,123116660
2022-05-25,86.15821838378906,87.81825411503256,85.52869394837522,86.78342681709562,99343400
2022-05-26,90.7200927734375,92.06106022629471,85.8262132473865,86.83948032739987,150536730
2022-05-27,89.9870834350586,92.069679429875,88.99537011667869,91.62556545073784,74772200
2022-05-30,90.32772827148438,91.73767944496568,89.98709303683505,91.32375111891925,72701590
2022-05-31,91.03485107421875,92.43618323520377,89.42654819545902,90.11643742949865,121248850
2022-06-01,91.71611785888672,93.04845982383588,90.83219930512062,91.88427746048932,94055290
2022-06-02,93.26836395263672,93.54431835454561,91.33237371617048,92.0783118280181,79177040
2022-06-03,92.03949737548828,94.2385069285866,91.84115208643168,94.16951669071724,53954860
2022-06-06,92.9708480834961,93.38478297068305,90.47863307282074,91.84116079319097,57262490
2022-06-07,92.14297485351562,93.26404317563288,91.7161117436704,92.0136198041527,43341570
2022-06-08,93.71678924560547,93.90219311881334,92.62159053936246,93.22092928421237,64734340
2022-06-09,90.10350799560547,93.7599053654463,89.78874905657668,92.69920833502589,98547810
2022-06-10,88.27962493896484,88.94363796065477,87.15424705095849,88.82290832034751,95225630
2022-06-13,85.54163360595703,87.27065967542109,85.37347399610528,86.60664666144211,82235750
2022-06-14,85.90381622314453,87.4172591800979,84.98971857295989,85.22255240826813,77202600
2022-06-15,87.2126235961914,88.54869426161484,86.40371129053682,86.70364000242392,92443330
2022-06-16,81.9546890258789,88.61686084380074,81.6365786045791,88.61686084380074,122741050
2022-06-17,82.40913391113281,84.29053774362124,81.39118056982865,81.61840328841078,121290260
2022-06-20,78.29186248779297,82.25462741292668,76.58769203034282,82.25462741292668,139866890
2022-06-21,80.41867065429688,81.39118364925173,78.52817589993819,79.52795451266856,124526970
2022-06-22,76.17414855957031,79.42343787744262,75.95601667242906,79.34163408583487,109877390
2022-06-23,76.46498107910156,77.79650971688143,75.16526694801696,76.3468277705617,111515840
2022-06-24,77.51476287841797,78.5963383221512,76.76946569173775,77.25572564632245,85433810
2022-06-27,78.87809753417969,79.87787610499116,78.44182686520152,79.11895306014786,72814730
2022-06-28,79.8824234008789,80.38231618683184,78.20097656475426,78.70995326733362,84647330
2022-06-29,80.12782287597656,80.78221848123682,78.93717111429963,79.07350613241984,72318470
2022-06-30,78.80538177490234,81.30028268732842,78.4645477106442,80.11872875847226,84672090
2022-07-01,79.33253479003906,79.52794297861479,78.08280997180368,78.79628562584008,54761890
2022-07-04,77.66926574707031,79.18256977616477,76.64676358694865,78.93716537453508,77554410
2022-07-05,78.1782455444336,79.90968149614554,77.96465564093397,78.34638813192984,79058290
2022-07-06,77.99646759033203,78.2645887168106,76.16959510865797,78.02373320532489,81439710
2022-07-07,81.8001708984375,82.39549325493475,78.02827274237448,78.80082852511356,111007940
2022-07-08,80.51863861083984,83.42709354695954,80.02784364463878,83.42709354695954,112000630
2022-07-11,82.95901489257812,84.43596254469311,79.53249245647062,80.45501612751026,150193340
2022-07-12,81.99105072021484,83.24986661148807,81.21849480943928,82.24553907347855,100175050
2022-07-13,82.24099731445312,83.09080812493714,81.85926478363238,82.34097587266155,70135110
2022-07-14,82.52729797363281,82.79996108794998,81.3457370087296,82.70907338317758,74498580
2022-07-15,80.32777404785156,82.73633628379382,79.75517528573326,82.2546252234628,81253510
2022-07-18,82.19100189208984,82.5272940113177,81.09578672630467,81.52750850396114,73060810
2022-07-19,83.56797790527344,83.79065868379381,81.89107299735379,81.89107299735379,85341580
2022-07-20,84.38597106933594,85.2539634849424,84.09057738604372,85.0676391986901,77088650
2022-07-21,84.91767120361328,85.33121819880047,84.02695513200139,84.52684786621522,50877140
2022-07-22,85.07672882080078,85.79929536325882,84.70862221146136,85.6629603524983,48608940
2022-07-25,87.31714630126953,87.69433684744807,84.85405285600169,84.98129702407552,99635630
2022-07-26,86.29918670654297,88.77137102178247,85.98562517620263,88.34419119659647,126264690
2022-07-27,87.1989974975586,87.39440571782791,85.7629481729151,86.43552551530622,52559020
2022-07-28,91.20719909667969,92.7068704466446,88.29875103285276,89.16219460153312,137156107
2022-07-29,97.79666137695312,99.34178009792033,92.843208648226,93.61576454156591,166959934
2022-08-01,98.38744354248047,101.29589175570253,96.47877396916053,100.4324481426706,125365761
2022-08-02,97.25132751464844,98.16021842600028,95.7516561240604,98.16021842600028,64935371
2022-08-03,97.2967758178711,98.56921755920173,96.3424375775857,97.25132849812897,61428846
2022-08-04,97.88754272460938,99.52354904425715,96.38787835493369,97.70576732655383,79526154
2022-08-05,97.5694351196289,99.29632918801707,97.34221239837487,97.84210515884863,54469112
2022-08-08,97.43309783935547,98.29654832065916,96.97865240739152,98.023878287766,41384943
2022-08-10,99.25088500976562,99.88711280997575,96.79688231630661,98.06933098243947,73880698
2022-08-11,99.15998840332031,100.56877196690463,98.70554298723334,100.2506615625011,75321498
2022-08-12,102.38655853271484,102.61378125163596,98.88733004818698,99.3872158692412,95942333
2022-08-16,102.70466613769531,103.3408869595238,100.9777721343634,103.3408869595238,69207437
2022-08-17,102.25022888183594,103.15911980523003,102.02300615098741,103.15911980523003,54008422
2022-08-18,102.29566192626953,102.70466001100584,101.25043612337103,102.25021461272706,49396425
2022-08-19,100.0234375,102.6137749497616,99.56899209006686,102.29566454966573,57134813
2022-08-22,95.47898864746094,99.61443794453312,95.16087129559713,99.52355024440934,74037526
2022-08-23,97.79666137695312,98.38744186043213,94.07021000050555,94.70643086930609,70531639
2022-08-24,96.84232330322266,98.29654728330298,96.11520784603904,97.75121415755872,55686404
2022-08-25,96.56965637207031,98.06932771670577,96.11521093031939,97.29677185258663,42186335
2022-08-26,97.5694351196289,99.2508818700514,97.34221239837487,97.47854741798471,71257092
2022-08-29,95.29721069335938,96.02432619634635,93.84298662167276,94.57010212465974,59895805
2022-08-30,98.4328842163086,98.61465961700299,96.38787975420485,96.79687787291077,67401780
2022-09-01,96.70598602294922,97.93298726070394,96.25154060642623,97.25131913591945,52454732
2022-09-02,95.88798522949219,97.25132151237597,95.43353980186426,97.25132151237597,45601352
2022-09-05,97.16043090820312,97.52398862629094,96.16065238417664,96.3878750911957,40352735
2022-09-06,98.7055435180664,98.88732584605086,96.38787604413059,97.61487728730683,59505849
2022-09-07,97.79666137695312,98.97822234391114,97.34221591801348,97.7512209916316,43945660
2022-09-08,96.20610046386719,98.52377503464727,95.75165501346225,98.52377503464727,71228405
2022-09-09,96.06976318359375,97.56943452153499,95.88798778141965,97.25132410058676,63647166
2022-09-12,97.93299102783203,98.11476642771878,96.79687744282238,97.0695474769395,40838533
2022-09-13,97.93299102783203,98.79643457872456,97.7512156279453,98.16021374483397,44179394
2022-09-14,99.20545196533203,100.34156569160865,96.16066856576826,96.61511405627891,86379872
2022-09-15,97.25132751464844,99.06910933735215,96.7968820589725,98.75099890523646,62926791
2022-09-16,96.06976318359375,97.70576954030912,95.43354234169728,96.52420862331613,107967267
2022-09-19,93.7066421508789,96.52420230589337,93.61575445574037,96.52420230589337,51146568
2022-09-20,96.16065216064453,96.66053795435239,94.5246459001957,94.7064212916737,52140254
2022-09-21,94.93365478515625,97.43310484055975,94.79732669320059,96.16066308705705,46142823
2022-09-22,94.16109466552734,95.70621333661175,94.07020696353113,94.93365053392597,61380323
2022-09-23,94.79732513427734,98.06933103886784,94.29743235770229,96.52421232400054,109765520
2022-09-26,90.75275421142578,94.93365092924638,89.52575289364944,94.88821054520264,101291962
2022-09-27,88.7531967163086,92.11609023259852,87.70797080688209,92.11609023259852,104949032
2022-09-28,86.52641296386719,88.93497529299981,86.34463755325952,87.75342125547503,71724106
2022-09-29,88.02608489990234,89.29853358465827,87.6170867564357,88.16241992582039,60884592
2022-09-30,90.25286865234375,91.25264725004311,86.98085588272802,88.02608179889486,66436616
2022-10-03,89.38941955566406,90.57098051163906,89.07130912422073,90.52553319245258,37282313
2022-10-04,91.93431091308594,92.25242132389718,90.88908504817455,91.16175507703383,40186702
2022-10-06,94.11565399169922,94.34287671313326,92.47964762365918,92.70687034509324,48169310
2022-10-07,93.888427734375,94.07020313096162,92.615979155408,93.888427734375,36080875
2022-10-10,93.79753875732422,94.0702088029317,91.93431655996415,92.70687244346892,36641275
2022-10-11,91.20719909667969,94.20654179660953,90.70731326954949,94.11565409479377,41083734
2022-10-12,91.38897705078125,91.97975055138852,89.9801934702097,91.20719472158247,41357469
2022-10-13,90.97998046875,92.52509920629085,89.7984264234055,91.88887139637845,34668093
2022-10-14,90.97998046875,93.43399013391928,90.7982050569393,92.57053959209978,32456805
2022-10-17,90.48008728027344,91.252643119238,89.16219138153444,90.66186267734031,37568783
2022-10-18,91.47986602783203,91.79797644052101,90.70731018721969,91.16175561514306,30722156
2022-10-19,90.93453216552734,92.02519841000525,90.61641482112499,91.43441797162686,38764542
2022-10-20,91.70709228515625,91.97975539187323,89.79842280098863,90.43464365094877,38091315
2022-10-21,91.07086181640625,92.20697539662233,90.2983059687167,91.66164226497601,30973997
2022-10-24,91.9797592163086,92.79776243904574,91.79798380427255,92.70687473302772,7480281
2022-10-25,91.9797592163086,93.1613201974053,91.52531375193101,91.93431883044332,37163180
2022-10-27,94.7064208984375,95.11542592899481,92.75231117815929,92.93408656888253,74349009
2022-10-28,92.34330749511719,95.0699800014747,91.61619898732725,94.61553458374846,51006232
2022-10-31,92.29786682128906,92.84319993397425,91.16175328057544,92.61597722583153,38715841
2022-11-01,91.9797592163086,92.20698194849739,89.57120380253737,89.57120380253737,69031178
2022-11-02,92.02519989013672,93.61575890058351,91.6162017754509,91.79797717435859,42336049
2022-11-03,92.70687103271484,93.11586916061488,90.88908924775964,91.57075741711785,39110676
2022-11-04,95.2063217163086,95.43354444116852,92.88864714902245,93.16131719256927,70299020
2022-11-07,96.9786605834961,97.66032878891228,95.06999099518825,96.25155199162468,74426059
2022-11-09,96.43331909179688,97.75121500254859,95.93343327816302,97.47854497017597,38295904
2022-11-10,95.16087341308594,96.34243434384801,94.93365069057687,95.61531885810409,27864285
2022-11-11,97.75120544433594,98.34197889956523,96.56964466530475,96.56964466530475,77933417
2022-11-14,98.79644012451172,99.97800109296169,98.38744198466456,98.6146647144213,55474425
2022-11-15,98.66011047363281,99.38721903678162,97.43310220492349,99.06910860701106,35007427
2022-11-16,96.84232330322266,98.8873277254788,95.61531510243944,98.56921037903165,40404167
2022-11-17,96.20610046386719,97.06955098020893,94.97909913463133,96.2515477826226,32894825
2022-11-18,95.88798522949219,96.61510068741164,95.16086977157273,96.20609564197436,28992538
2022-11-21,94.75186920166016,97.88753979720903,94.38831148213457,97.88753979720903,58404309
2022-11-22,95.61531829833984,95.7971006358552,94.11565388598923,94.88820975113985,27846186
2022-11-23,95.84254455566406,96.34243733441609,95.38809909653946,96.06976728522638,22809651
2022-11-24,95.88798522949219,96.29698334064256,95.06998207290454,96.20609564197436,23737867
2022-11-25,96.52420806884766,96.7968781048296,95.52442949405894,95.97887493117081,27361785
2022-11-28,95.34265899658203,96.70599537803663,94.97910124133666,96.34243762279125,33516118
2022-11-29,96.43331909179688,97.84210270191048,95.38809321341778,95.43354053024221,40661568
2022-11-30,97.84210968017578,98.11477279770823,96.25155055789703,96.43332596958534,61142050
2022-12-01,100.65966796875,101.1595607414068,98.16021797404063,98.79643883534264,91702642
2022-12-02,101.79578399658203,102.2502294608525,100.11433716563884,100.70511765604793,70541914
2022-12-05,105.29500579833984,105.52222851561476,102.3865577909357,102.97733824270789,96441799
2022-12-06,102.65922546386719,104.84056503372773,102.0230046008729,104.84056503372773,50581245
2022-12-07,101.06866455078125,103.1591163788697,100.75055412501662,103.06822867640655,39494279
2022-12-08,101.65943908691406,102.7046649399747,100.70510786530055,101.56855138975375,32416724
2022-12-09,100.38700103759766,103.38634389802459,99.70533283607222,102.52290028314071,35665257
2022-12-12,101.52310943603516,101.88666717816474,98.79643677149397,100.15977310376456,37082389
2022-12-13,101.06866455078125,102.56833591142842,100.70511374092865,102.29567280403897,32264080
2022-12-14,102.75011444091797,102.88644252241437,100.97777310430824,101.43221853406146,38606984
2022-12-15,100.84143829345703,103.1136654468408,100.61421557811865,102.38655691833017,34361613
2022-12-16,100.93234252929688,101.8866738639369,99.47811146535231,100.29611470524922,34736665
2022-12-19,101.61400604248047,101.88666915364897,100.70511513667756,100.93233786312828,17297590
2022-12-20,100.84143829345703,101.34133104091624,99.06910388753248,101.02322062629992,34836506
2022-12-21,99.43266296386719,101.79577784849265,98.79643519174188,101.61400244747801,32303565
2022-12-22,97.84210968017578,100.52333514115925,96.66054870133944,99.97800197180689,39639329
2022-12-23,92.93408966064453,97.02409849656532,92.66141963120172,96.34243035724519,46756489
2022-12-26,95.43354034423828,95.93343309118478,92.38875734868427,93.43398322502617,33995681
2022-12-27,101.02322387695312,101.38678162005023,96.20609938306275,96.93321486925694,76033410
2022-12-28,99.97799682617188,102.06844862443396,99.70532678838566,100.93233502413655,50660601
2022-12-29,101.56855773925781,101.79578046350672,98.93277275111313,99.06910777251993,51751642
2022-12-30,102.38655853271484,104.29522798479485,101.88666577737354,102.61378125163596,56048485
2023-01-02,108.38523864746094,108.79423677430252,103.38633875177092,103.9771192172099,143444095
2023-01-03,107.65811920166016,109.52134823159712,107.0218983756893,108.88512740562626,74419090
2023-01-04,105.20411682128906,108.2034594266259,104.84055909120475,107.93078939549093,55634568
2023-01-05,105.93122863769531,106.34022673604234,104.06799966903289,105.88578132264044,58806907
2023-01-06,105.11322784423828,107.11278493395837,104.74967011857457,106.34022910085228,58551863
2023-01-09,106.84012603759766,107.34001186252206,105.9312351548764,106.24934557697142,37763131
2023-01-10,108.02168273925781,108.83968594112162,106.8401287225988,106.93101642629762,56750710
2023-01-11,108.02168273925781,109.38501909760171,107.24912685638706,108.56701589573791,49321252
2023-01-12,107.34000396728516,108.38522979239197,106.8855585593506,108.11255977391659,33740024
2023-01-13,109.47590637207031,110.52113229622667,107.38546145804487,107.74901920570194,68884010
2023-01-16,109.02145385742188,110.38479012208802,107.97623493527395,110.38479012208802,44362359
2023-01-17,108.47612762451172,108.97602039367072,107.24912629527913,108.83968537169216,27880531
2023-01-18,111.29368591308594,111.79357867273579,109.06690602218126,109.06690602218126,64749065
2023-01-19,112.29347229003906,112.97514045788401,110.11213276607779,110.70291323173419,53564076
2023-01-20,111.74813079833984,112.88424439707973,110.88468723701237,112.15713585445846,37784498
2023-01-23,110.88468933105469,112.56613610208619,110.4302438829766,112.1571379725308,28601260
2023-01-24,109.43046569824219,111.3845825192315,109.15779565464841,111.33913520053679,27707765
2023-01-25,109.97579956054688,111.11191319237071,109.15779635877625,109.38501908514101,46522102
2023-01-27,109.65768432617188,112.02079918997521,108.24890071071702,110.79379790822031,58771746
2023-01-30,107.9307861328125,110.0666781978466,106.24933948307445,109.47589777110439,46551837
2023-01-31,108.79422760009766,109.47589571020926,107.02189328752212,107.93078410100426,43986769
2023-02-01,110.93013000488281,112.8387993856244,108.43068019016988,109.15778870296883,72919626
2023-02-02,109.02145385742188,111.33912828106907,107.61267721117228,110.83923554364341,38768010
2023-02-03,109.385009765625,109.97579019069683,106.52200227049745,109.11234667779034,46977350
2023-02-06,106.74922943115234,109.0669039130188,106.34023131519334,109.0669039130188,49546361
2023-02-07,101.29589080810547,104.840566802133,100.47789452311159,102.34111675861567,110953246
2023-02-08,101.29589080810547,102.47745178421046,100.06888944632719,101.29589080810547,66523699
2023-02-09,101.11410522460938,102.65921686781006,99.93254436737115,101.9321083615984,64710455
2023-02-10,98.8873291015625,101.11410895195824,98.43288366807056,100.88688623521227,60810058
2023-02-13,98.84188079833984,100.52332749862663,98.5237703849267,98.8873281149504,56186469
2023-02-14,99.29633331298828,99.88711379964845,98.38744239021494,99.56900336353526,31163587
2023-02-15,100.25067138671875,100.52333450251892,98.8873350048556,99.06911041538905,35544190
2023-02-16,101.79578399658203,101.97755940857523,100.56878262990931,100.88689306804112,30956191
2023-02-17,102.02300262451172,102.79555849583544,101.15955905084766,101.38678177384212,34107244
2023-02-20,102.1138916015625,102.43200203086835,100.93233758781403,102.06845121696868,19896764
2023-02-21,102.84100341796875,103.79533467173736,102.47744568279101,102.61378070026855,29830864
2023-02-22,101.02322387695312,103.34089148740865,100.56877843165356,102.93189336035391,24391211
2023-02-23,101.84123229980469,103.29545641265038,101.20500448311202,101.38678683114745,30845778
2023-02-24,99.75077056884766,102.61377812692936,99.56899517296087,102.2502204008689,34326940
2023-02-27,96.43331909179688,100.02344215803055,95.56987554642852,99.79621944248235,56217189
2023-02-28,94.47920227050781,97.29676948832787,94.11565147337087,97.11498715547243,76540448
2023-03-01,95.88798522949219,97.34220921104416,94.97909437423634,95.16086977157273,76175319
2023-03-02,95.11542510986328,97.16042944217827,94.84275509183998,96.3878736368277,55276248
2023-03-03,97.25132751464844,97.66032565104183,95.43354569194473,96.34243660329658,117175295
2023-03-06,96.0243148803711,97.7966491753962,95.43353447060055,97.70576148180533,106868143
2023-03-08,96.79688262939453,97.16044038293518,94.52465533762471,95.70621630305997,43939583
2023-03-09,98.34198760986328,99.02365575023003,97.7057667859024,98.02387719788284,51967449
2023-03-10,98.25110626220703,98.47832899035011,96.8877698933486,97.251327645235,47699832
2023-03-13,97.06954956054688,99.06910673936974,96.66054450059185,98.38743857373188,34552596
2023-03-14,96.70598602294922,98.66010270085542,96.52420369576797,97.25131913591945,48584984
2023-03-15,98.75099182128906,99.20543724436513,97.61487826359887,97.7057659613567,38930902
2023-03-16,95.47898864746094,97.47854578733244,94.25198042578518,97.47854578733244,81088340
2023-03-17,97.25132751464844,97.56943794676411,95.43354569194473,96.75143473968997,48962238
2023-03-20,94.9791030883789,96.7514376450212,94.38832259140229,96.43332720335303,41569640
2023-03-21,95.2063217163086,95.79710218780184,94.79732358527563,95.52443214425503,26434897
2023-03-22,95.25177001953125,96.29698901726063,94.88821226914013,95.20632270037461,25891259
2023-03-23,95.34265899658203,95.88799216230639,94.84276621633371,94.88821353609717,20913844
2023-03-24,92.79776000976562,95.47899233997599,92.2978741726089,95.43354502101297,39014278
2023-03-27,92.97954559326172,93.97932423672192,92.79776324535871,93.20676832742484,24753289
2023-03-28,93.16131591796875,93.70664906331406,93.02498089806063,93.47942634156293,18703734
2023-03-29,94.16109466552734,94.97909785206767,92.38876020659598,93.1613160749946,37221124
2023-03-31,94.9791030883789,95.88799402702368,94.61554532606348,95.43354855770129,34579415
2023-04-03,94.61553955078125,95.66076545328022,94.34287644640357,95.5244304339478,21840428
2023-04-05,95.29721069335938,95.43354571695535,93.79753930237833,94.61554250966684,25194802
2023-04-06,94.84275817871094,95.52442631166903,94.70642316526195,95.297203600683,21053782
2023-04-10,95.38809204101562,96.11520749554776,94.9790939317706,94.9790939317706,19992257
2023-04-11,97.75120544433594,98.02386851576031,95.5244188891289,95.93342389769491,49304956
2023-04-12,97.79666137695312,98.52377688497151,97.2058808934741,98.34199454082321,27349538
2023-04-13,97.70576477050781,98.29654520016359,96.25154082124598,97.70576477050781,34880922
2023-04-17,97.38765716552734,98.43288304277642,97.02409943418587,97.79665527935713,24642162
2023-04-18,97.79666137695312,98.06933142603187,97.11499318854366,97.43310362294393,25476339
2023-04-19,98.25110626220703,100.34155813483824,97.93299582966421,98.02388353406396,62100775
2023-04-20,98.16020965576172,98.79643046314919,97.6148765445315,98.34198504807621,18337948
2023-04-21,96.47876739501953,98.251101820701,95.75165192411649,98.16021412040989,37638506
2023-04-24,96.79688262939453,96.97865803902116,95.75165668832294,96.70599492458122,23475012
2023-04-25,97.2967758178711,97.79666166359743,96.56966030772152,96.97865844825102,23333425
2023-04-26,97.11498260498047,97.29676492931817,96.20609178615184,96.79687220524778,23590297
2023-04-27,97.84210968017578,98.02388509186407,96.6151083155611,96.6151083155611,22364308
2023-04-28,98.1147689819336,98.61466174606632,97.52399544977862,97.97844089561303,30072920
2023-05-02,100.25067138671875,100.75055723282945,98.16021949414694,98.16021949414694,52822162
2023-05-03,99.705322265625,100.88688313005204,98.84187874228071,99.79621689695539,51272624
2023-05-04,100.93234252929688,101.70489844808765,99.52355878645844,99.9780042603692,38636907
2023-05-05,98.75099182128906,100.75054890910906,98.52376910975102,100.75054890910906,32958346
2023-05-08,99.56900024414062,99.84166335185792,98.3874393078374,99.29633020213612,23130472
2023-05-09,99.56900024414062,101.06866467230375,99.20544249956369,99.61444062828323,27999202
2023-05-10,99.29633331298828,99.97800150506829,98.70555282632812,99.61444374910147,19213215
2023-05-11,98.66011047363281,99.5235540593368,98.38744042852245,99.25088401422643,19817637
2023-05-12,97.02410125732422,98.52377259335807,96.8423258553813,98.4783252757288,36794838
2023-05-15,97.88754272460938,98.3419881540352,96.02432062453563,97.29676921378535,22148028
2023-05-16,97.61488342285156,98.75099704058891,97.43310108344124,98.34199197763114,18587658
2023-05-17,96.3424301147461,97.70576638995476,95.93343200589824,97.61487869179822,28895465
2023-05-18,95.61531829833984,97.38765968410706,95.52443059672574,96.79687922218466,24208481
2023-05-19,95.11542510986328,96.06975630437164,94.57009200810327,95.97886860979274,29848841
2023-05-22,95.43354034423828,95.66076305934361,94.79731951565815,95.43354034423828,21588716
2023-05-23,95.9788818359375,96.38788691933445,95.43354865902913,95.5244363661326,21304034
2023-05-24,95.61531829833984,96.16065837659876,95.34265519349752,95.52443059672574,28454367
2023-05-25,95.29721069335938,95.61532112555842,94.79732485255725,95.43354571695535,25885062
2023-05-26,96.70598602294922,97.02409642765795,95.3880901544605,95.4335374698275,28362042
2023-05-29,98.56920623779297,98.93276395111045,96.61509653049897,97.25131732808958,41062311
2023-05-30,97.2967758178711,99.02366301947336,97.16044079293212,99.02366301947336,33475211
2023-05-31,96.16065216064453,97.2058710630731,95.97886983487983,96.70598526936524,41249944
2023-06-01,96.29698181152344,96.97864994214098,96.16065373282937,96.25154143005435,21211538
2023-06-02,98.16020965576172,98.4328796785202,96.7968734105428,96.7968734105428,46686933
2023-06-05,99.43266296386719,99.88710840069082,97.978438952889,98.75099480863175,39642539
2023-06-06,99.06910705566406,99.84166292566272,98.43288620608568,99.75077522347826,26751372
2023-06-07,101.34132385253906,101.56854655176001,98.97820916749859,99.52354225877154,45157197
2023-06-08,101.02322387695312,102.70467063770413,100.84144153826098,101.34133430180539,46380294
2023-06-09,98.97821807861328,101.47766799507176,98.75099535893523,101.11411025672948,36392617
2023-06-12,99.52355194091797,100.52333052789625,99.20544151791859,99.20544151791859,23472313
2023-06-13,101.02322387695312,101.65944472665765,99.6598875410544,99.97799796590667,30018212
2023-06-14,103.4317855834961,103.61356098695133,101.25044607059758,101.3413337723252,66696433
2023-06-15,103.3863296508789,103.7953277417172,102.9318842458201,103.52266465925386,39430138
2023-06-16,103.84078979492188,104.34068258515512,103.47723203241473,103.977124822648,31715807
2023-06-19,103.7044448852539,105.06778116402837,102.75011365068391,104.93144614929355,33502185
2023-06-20,103.84078979492188,104.74968073404591,103.15912159057883,103.70445476719576,30371599
2023-06-21,103.52267456054688,104.43156545759419,102.56833634493229,104.43156545759419,35627983
2023-06-22,104.27351379394531,105.30592340366555,103.75731256939028,103.80423604765339,34769987
2023-06-23,102.86568450927734,103.94502479936119,102.4902608656903,103.7103859171956,22190233
2023-06-26,103.1003189086914,103.42881189731845,101.45784680494609,102.8656800367278,25332751
2023-06-27,103.94502258300781,104.64893921449546,103.38189070993975,103.80423782458824,24129403
2023-06-28,104.69586944580078,105.16514719829543,104.08580693543568,104.64893880630721,23895274
2023-06-30,105.11820983886719,105.30591806362126,103.61652255900533,104.74278622874928,26741918
2023-07-03,106.15062713623047,107.22996740879113,105.16514814350055,105.3528563819414,30979256
2023-07-04,105.49363708496094,106.43219256229936,105.2120675775154,106.24447717046567,25080307
2023-07-05,106.00984191894531,106.57298095305472,105.30592528691882,105.63442544368607,27877180
2023-07-06,105.72827911376953,105.91598735060249,104.64893885045446,105.11821660314708,34320086
2023-07-07,104.7427978515625,106.33834658146168,104.41430484148668,105.1182215033394,30034274
2023-07-10,108.2154541015625,108.59087058031558,104.78972502836314,105.3528569071031,60652690
2023-07-11,108.07466125488281,108.96628606611976,107.74616828024867,108.49700834218247,37999385
2023-07-12,107.65231323242188,108.91936888881327,106.9953272451606,108.07466750475575,32771204
2023-07-13,107.79310607910156,109.76407134940493,107.46461306081947,108.87244641969482,44847814
2023-07-14,109.95177459716797,110.65569119873676,107.74617067770774,108.59086487110233,34521821
2023-07-17,110.51490783691406,112.01659517370129,109.90484534242268,110.7026160687837,49115369
2023-07-18,109.43557739257812,110.89034138185058,109.24786914391554,110.74955661504829,23433431
2023-07-19,109.52942657470703,109.99870433579937,108.96629469351831,109.52942657470703,17222355
2023-07-20,109.76406860351562,110.04563813249118,109.2009367061751,109.52942971623952,22303831
2023-07-21,109.43557739257812,110.7026259725773,108.40316770371253,109.43557739257812,31546136
2023-07-24,108.40316009521484,109.34171559387471,107.32381983963396,109.34171559387471,38113555
2023-07-25,111.92274475097656,112.5328072655987,107.32382131231543,107.93388382693756,88035259
2023-07-26,112.5797348022461,113.18979733885523,111.54732513446709,112.43895719892984,29716336
2023-07-27,112.43894958496094,113.98756040145773,111.82888708966308,112.86129668753097,39664251
2023-07-28,113.18978881835938,113.65906655571625,111.40653198428119,112.81436519635186,33996691
2023-07-31,115.58311462402344,116.24010062891716,113.18979516506268,113.18979516506268,52330311
2023-08-01,115.63004302978516,116.52167511510717,115.01998763951464,115.95854320683631,27863562
2023-08-02,111.64117431640625,115.34847285290327,110.98418832796891,115.34847285290327,54951586
2023-08-03,110.93726348876953,112.29817333684376,110.2802774659824,111.40654126522053,34624188
2023-08-04,111.68810272216797,112.39201933596314,110.74954723710773,112.06352634831407,22303966
2023-08-07,111.54732513427734,112.25124179329964,110.74955435284085,112.25124179329964,20711952
2023-08-08,110.89032745361328,112.15737587446647,110.70261206791776,111.68809815114234,21275054
2023-08-09,112.81436920166016,113.095938718315,109.71714032150814,111.07804294391596,34154214
2023-08-10,112.62665557861328,113.23671806178608,111.92273898124694,112.62665557861328,24439101
2023-08-11,112.90823364257812,113.94064329820472,111.82889334599149,112.90823364257812,26337436
2023-08-14,110.89032745361328,113.00207720857186,110.13948023205076,112.90822309602899,33095516
2023-08-16,108.82550811767578,110.70261913073175,108.30930688545153,110.70261913073175,31252473
2023-08-17,108.91936492919922,109.6232815302222,107.6523093188699,108.77858017687264,28461865
2023-08-18,108.68473052978516,109.24786240162963,107.69924438359962,109.1540082830906,30381609
2023-08-21,109.7171401977539,109.90484843490523,108.73165405118377,109.57635543958527,22629651
2023-08-22,110.32720184326172,110.51491007893941,109.34171570442837,109.95177821129614,17343131
2023-08-23,111.64117431640625,111.92274383179952,110.4210564577926,110.60876469431463,43744909
2023-08-24,110.98418426513672,112.72051045153906,110.79647603548618,112.15737860197748,27103446
2023-08-25,109.7171401977539,110.89033458147537,109.52942479999231,110.74954982330675,23692527
2023-08-28,110.37413024902344,110.98419278312467,109.81099835624174,109.81099835624174,19218821
2023-08-29,112.20431518554688,112.76744706494954,110.51491238672854,111.21882902613446,36038317
2023-08-30,114.59761810302734,115.16074993643437,112.8612919664349,113.09593082707198,51467177
2023-08-31,115.34847259521484,116.00545858218447,114.64455596891445,115.30154195588406,60626985
2023-09-01,119.24347686767578,120.79208768468685,115.81774792581331,115.91160204190336,76460408
2023-09-04,123.65469360351562,124.73402675657589,120.93288823940298,121.26137408888077,68525900
2023-09-05,123.60775756835938,124.31167419952455,120.93288296266405,123.65468820801449,36466807
2023-09-06,121.63679504394531,124.264738911686,120.32280878885499,124.264738911686,36058850
2023-09-07,122.15299224853516,122.76306191452949,120.69824268465561,121.54293690376117,30268235
2023-09-08,121.54293823242188,123.56082684524414,121.26136871590188,123.32618796834758,34313523
2023-09-11,123.09154510498047,123.74854539598951,121.26136478870397,121.54293429610499,33377857
2023-09-12,121.07365417480469,124.96865360000236,120.74515403576498,124.64016778218242,38065283
2023-09-13,121.58987426757812,122.4814991751067,119.85354077300578,121.63680490928408,23371459
2023-09-14,123.60775756835938,125.95414633890994,122.76306333944937,122.95077157684932,58800620
2023-09-15,123.84239196777344,125.10944758654733,121.87143406450515,124.45246161879123,85058495
2023-09-18,122.43456268310547,126.70499309231269,122.05914620983866,126.70499309231269,62420823
2023-09-20,120.41667175292969,123.70161595488136,120.13510224280408,122.43456031992622,43627379
2023-09-21,119.94740295410156,121.30830564643237,119.38426389185786,120.41668073223089,29826091
2023-09-22,118.96190643310547,120.7920867447554,117.78871208958371,119.33733005515442,34059194
2023-09-25,119.57196807861328,120.41666943209981,118.35184310573163,119.478113963917,23466981
2023-09-26,120.97979736328125,122.52842252002755,120.51051961661031,121.07365864110356,48936598
2023-09-27,120.27588653564453,120.83902558725802,118.91498386900311,120.83902558725802,33277329
2023-09-28,119.00884246826172,121.35523126171633,118.5395647095708,120.46360638444771,29982233
2023-09-29,120.97979736328125,121.58986702668565,119.71275604000188,120.32281138218599,28406435
2023-10-03,120.13510131835938,121.16751807380206,119.43118470907211,121.07365679740906,18613557
2023-10-04,117.60100555419922,119.29040113685885,116.8501582992771,119.19654702014611,33272725
2023-10-05,117.5540771484375,118.39877853611719,116.89709115835899,118.1641396595734,27063441
2023-10-06,118.16413879394531,119.19654841105287,117.41329153026153,118.72727066140305,21928671
2023-10-09,116.24009704589844,117.22558318347252,115.06690267288651,117.1317290657536,21457836
2023-10-10,117.60100555419922,118.16413741508576,116.14624168301638,117.03786653270257,28745957
2023-10-11,117.27250671386719,118.5395623657683,117.03786783916108,118.2579928518769,24455932
2023-10-12,118.16413879394531,119.10269429324495,117.41329153026153,117.64793040508644,19361688
2023-10-13,117.36637115478516,118.02335715742127,116.38088499022058,117.31944051433527,26912800
2023-10-16,119.19654846191406,119.43118733683909,117.27250682328476,117.41329158036181,23868700
2023-10-17,119.57196807861328,120.65130829914553,119.19654445921816,120.0412458127047,24241710
2023-10-18,119.29039764404297,120.79208494930779,118.82111991360958,119.99431423969303,20926079
2023-10-19,118.25798797607422,118.72726570613801,116.70937003474175,117.78871024601044,30941319
2023-10-20,115.53617095947266,118.02334425867602,115.16074735873467,117.31942769252089,30746140
2023-10-23,112.62665557861328,115.81774558546263,112.34508607542277,115.77081494806092,30699479
2023-10-25,113.89370727539062,115.25461703220905,113.33057541353237,113.75292251977353,27346103
2023-10-26,112.53280639648438,113.47136190077431,111.59425089219445,113.42443126131572,36298907
2023-10-27,112.53280639648438,114.31606328675728,112.15738276264636,113.09593826693629,28424007
2023-10-30,111.82888793945312,113.79985303410739,111.64117254529883,113.61214480056321,18753217
2023-10-31,111.45346069335938,112.76743976733991,111.12496771501672,112.62665501644737,22319950
2023-11-01,109.43557739257812,111.78196630391389,108.87244548597968,111.6881121795826,24717941
2023-11-02,110.8434066772461,111.26576096217472,107.55846232176101,107.55846232176101,72538804
2023-11-03,110.09256744384766,111.3126853465733,109.90485203992876,110.937261699346,31747230
2023-11-06,112.06352233886719,112.29816120173726,110.28026554893269,111.21882100041296,27883152
2023-11-07,112.29816436767578,112.81436558417691,111.12497002025044,111.9696713825187,25818033
2023-11-08,111.73503112792969,113.09593368982888,111.26575339477688,112.39201709009966,22552386
2023-11-09,112.29816436767578,113.09593509180301,111.54731712107956,111.87581010623664,22979112
2023-11-10,112.67359161376953,113.04900808852838,111.50039722862245,112.15738322006071,23584510
2023-11-13,113.56521606445312,113.79985494061935,112.53280644144378,113.42443130663135,17951775
2023-11-15,116.42781066894531,116.75630365626421,114.03449132020319,114.22219955278254,38344393
2023-11-16,117.03787231445312,117.55408072278941,115.4423307696854,116.38088630439829,30836413
2023-11-17,117.50714874267578,118.02335714512925,116.66245449954886,117.03787098066732,23319439
2023-11-20,116.7093734741211,117.9294984724875,116.42781112415123,117.36636661193766,18780290
2023-11-21,118.49263000488281,118.63341475978291,117.27250500989543,117.36636628690222,29643312
2023-11-22,118.35183715820312,119.10268435926109,117.78870533771446,118.63340664875226,19588063
2023-11-23,118.91497802734375,119.57197116841473,118.16413792976137,118.58648503711332,30736851
2023-11-24,118.21106719970703,119.19655337929183,117.83565071282757,118.91498385352175,14719450
2023-11-28,119.0557632446289,119.19654800116176,118.25799250508962,119.19654800116176,18377843
2023-11-29,119.90045928955078,120.27587574279143,118.91497319826944,119.33732744907995,23092165
2023-11-30,120.04125213623047,120.93288417433945,118.72727297943482,119.94739801659013,40165104
2023-12-01,122.01221466064453,122.29378417410548,120.18203430497894,120.97979788502786,31192397
2023-12-04,122.95077514648438,124.21783084785636,122.38763609671439,124.0770389248034,41230928
2023-12-05,123.51390838623047,124.31167196112051,122.01221387163,122.95076936295023,35192149
2023-12-06,123.74854278564453,125.20329228762658,122.7630566911388,124.35859810446154,40753593
2023-12-07,122.01221466064453,124.07703389065752,121.82450642541069,123.60775614196274,34686333
2023-12-08,121.26136779785156,123.32618703466484,120.08817342225079,122.15299265906407,34393711
2023-12-11,122.05914306640625,122.48149016825967,120.83901807788071,121.87143483460696,24038059
2023-12-12,122.1060791015625,124.0301064640694,121.73064830015036,122.05914846123339,30696410
2023-12-13,123.32618713378906,123.42004841240073,121.21443725601034,122.52842355047157,22767972
2023-12-14,123.88932037353516,125.06251469525424,123.42004264484753,124.17088987499169,43372143
2023-12-15,128.06588745117188,128.34745694857537,124.82787403408062,125.2032904831389,77377446
2023-12-18,128.20668029785156,129.14523574857895,126.79884712176045,128.44131916053342,38461877
2023-12-19,127.0804214477539,129.14525520744726,126.51729668520083,128.2536159379334,27726431
2023-12-20,121.77757263183594,127.78432193104543,120.8390171587582,127.549683062776,39495961
2023-12-21,122.95077514648438,123.37312227320139,119.99432377763384,120.79209455066069,34914399
2023-12-22,125.3440933227539,126.47035708936122,123.65469051223258,124.26474587545546,37357334
2023-12-26,126.8927001953125,127.73740873444707,126.18878357331052,126.42342244731118,25936447
2023-12-27,128.7698211669922,130.36536276960723,127.17427956437713,127.50277974192498,48101400
2023-12-28,129.66143798828125,130.2245770228141,128.44132728216107,129.66143798828125,34661176
2023-12-29,131.02235412597656,132.57096497955038,128.72288168351417,130.08379862169656,49202910
2024-01-01,131.25698852539062,132.2893909521552,130.50614128333095,131.39776611774306,21186105
2024-01-02,131.02235412597656,131.96090963025657,128.62903472581846,131.86704835134037,27764060
2024-01-03,127.03348541259766,131.02234606023316,126.0949299660952,130.9284847870951,45176618
2024-01-04,126.00106811523438,127.97204027234038,125.7664292546846,127.64354013908287,43913498
2024-01-05,125.43794250488281,127.59662311650266,124.68710952798986,126.70499821552649,71330190
2024-01-08,123.88932037353516,127.59661156592351,123.65468150919135,126.98655624711749,39559717
2024-01-09,125.43794250488281,126.51728997130326,124.35860935968341,125.29716490202064,30736868
2024-01-10,125.86029815673828,126.42342286346131,123.9831871585541,125.57872864276658,27213624
2024-01-11,126.61113739013672,127.31505404943226,125.95415137237177,126.56422106982723,23113349
2024-01-12,126.98655700683594,127.87818183243279,126.37648736316032,127.4558347383311,32883921
2024-01-15,126.61113739013672,127.87819310535714,125.71951248593992,127.64355421892529,34158775
2024-01-16,128.81674194335938,129.98993631442823,125.76643657858038,126.42342256213486,56361287
2024-01-17,123.56082153320312,127.40890467736091,123.32618266639399,127.12733517294598,58982971
2024-01-18,122.95077514648438,124.12396956582106,120.32281678292601,123.56083051605107,45273496
2024-01-19,126.00106811523438,126.42341519998008,123.51390192189447,124.4524573640936,32653013
2024-01-23,122.1060791015625,126.89270366949631,121.35523181995895,126.5172871893049,35373970
2024-01-24,126.84577178955078,127.22120258729399,122.10607790826535,122.19992486678571,39340119
2024-01-25,125.53179168701172,128.11281917964186,123.88931964624707,128.11281917964186,61358839
2024-01-29,126.7049789428711,127.08039537421428,125.29714584350586,126.42340945875426,29745400
2024-01-30,126.42343139648438,129.23909808380571,126.23572314824055,127.26813999541359,35704185
2024-01-31,127.59662628173828,128.30054295595298,126.23572357583416,126.70500135864395,36079354
2024-02-01,126.51728057861328,128.34746088605343,126.23571107257173,128.01896074213494,31701793
2024-02-02,130.17764282226562,131.0223513509592,126.51728216158723,126.98655990378806,69296192
2024-02-05,132.85252380371094,134.5419264397036,130.7877047247063,131.3977600249056,80737626
2024-02-06,135.76205444335938,136.18441589741428,131.82012400154235,134.2134435158952,53192936
2024-02-07,135.5274200439453,138.34308678436983,135.19893418362875,137.8268926722693,61517064
2024-02-08,134.823486328125,136.700597251294,134.26036164390618,136.3721114324713,38997666
2024-02-09,132.61788940429688,135.57433337574645,130.59998657192511,135.33969451067205,35961925
2024-02-12,128.95751953125,134.16650540271056,128.25360290865316,133.27488054499867,36477544
2024-02-13,129.37986755371094,129.75528398503542,125.86028480547309,129.2860062852704,39155909
2024-02-14,132.52403259277344,132.80560210458907,127.40890802613403,128.58210239101555,29141690
2024-02-15,132.52403259277344,134.6357824495602,132.33632435863646,132.80560210458907,31587387
2024-02-16,133.55645751953125,134.63579067265613,132.8056102159038,133.321818632224,22316127
2024-02-19,133.22796630859375,134.5419527586146,132.66484153391804,134.16652192094202,16973568
2024-02-20,132.3832550048828,133.50951873098805,131.44469951292507,133.22794921915667,24291123
2024-02-21,135.05813598632812,137.21681658472158,132.75867778593508,132.8525390680821,88000833
2024-02-22,136.93524169921875,137.16988057418055,134.68271422807362,136.09054747784444,46728176
2024-02-23,136.51290893554688,138.06153426578194,136.09056178047254,137.4045338898642,28414697
2024-02-26,133.88494873046875,136.9821850311979,133.509532224232,136.8883380652496,22570277
2024-02-27,135.33970642089844,135.6212759480105,133.2748870907785,133.88494246517038,24119469
2024-02-28,132.1016845703125,136.0436147447563,131.44469859477525,135.1989205363827,20721926
2024-02-29,132.19554138183594,133.13409683553382,130.83462451699825,132.1486107449071,32248156
2024-03-01,140.7364044189453,141.3933904516549,134.21344609200474,134.21344609200474,123709943
2024-03-04,143.69285583496094,145.3822443139194,141.76881415479082,145.3822443139194,67577785
2024-03-05,142.51966857910156,144.53755731968653,141.48725172690095,143.78671000183348,37165490
2024-03-06,142.28501892089844,143.27049073471392,138.8123521287512,142.4727271558528,51782444
2024-03-07,147.58786010742188,149.37110992236174,142.8950823615579,143.03585996544538,124847699
2024-03-11,144.02133178710938,149.1364561555137,143.59898469636403,149.1364561555137,54155385
2024-03-12,143.1297149658203,145.05375662140824,141.62802042457596,144.72525646512963,34947937
2024-03-13,134.823486328125,143.5051243477816,133.74415327579075,143.41127739435504,70937597
2024-03-14,133.69723510742188,135.10506843109684,129.84916594877632,134.7765825816387,91956952
2024-03-15,132.99331665039062,134.87042772328596,131.256997500695,134.11958042988365,68482621
2024-03-18,140.50177001953125,141.01797846217295,133.4626030413862,133.79110322885504,166913078
2024-03-19,139.61012268066406,143.08277496881314,138.5307896455703,139.84476154231226,105004268
2024-03-20,136.7006072998047,141.3933849526812,135.01121880174583,140.40791310255383,77550319
2024-03-21,140.87718200683594,141.9095844327994,138.71850155804697,138.90620978811123,84225737
2024-03-22,142.4727325439453,143.36435743461362,139.2347188245599,139.844774191538,68241556
2024-03-26,143.03585815429688,143.97441369158548,141.2526083619369,141.8626637326861,52965508
2024-03-27,143.31741333007812,144.63139954345195,142.66042738400097,143.0827744692492,35328794
2024-03-28,146.27389526367188,147.3532284698348,143.31743654558858,143.31743654558858,62575327
2024-04-01,153.12533569335938,153.82925237167004,146.88394687416002,147.16551640972858,84583929
2024-04-02,154.53317260742188,155.3309505896945,151.85829776099706,152.93763096409836,69533405
2024-04-03,153.5946044921875,156.0348545627091,153.07841041527234,154.53316000835417,50938559
2024-04-04,153.35997009277344,155.75328959315118,151.1074425166656,155.37787310420688,61094750
2024-04-05,153.31304931640625,154.06388227247126,150.91972988559223,153.82924339339579,44668121
2024-04-08,155.0493621826172,156.69183426997802,154.11080670412528,156.69183426997802,48255703
2024-04-09,155.80020141601562,159.36671491508395,155.04935420759818,155.80020141601562,63884687
2024-04-10,154.90858459472656,158.80358410211556,154.39237621729404,157.0203344214069,64134758
2024-04-12,153.45382690429688,155.80021569488244,152.98454914617975,155.80021569488244,55317636
2024-04-15,150.96665954589844,154.58008966747775,148.8549096479241,151.8582844163546,66426404
2024-04-16,150.21580505371094,152.46833244146617,149.23031895111058,150.96665229003597,41391261
2024-04-18,150.21580505371094,153.9230962766172,149.37109654238782,151.01356860631515,68093672
2024-04-19,152.13986206054688,152.51527855619668,147.63479250664264,150.1688896553321,60078229
2024-04-22,151.9052276611328,154.58010249446116,151.576727476812,153.7354081936673,39304790
2024-04-23,151.24822998046875,153.453841380171,150.91974411153186,153.453841380171,30295177
2024-04-24,155.37786865234375,156.64491000714344,151.52978530542475,152.46834082211518,59894921
2024-04-25,157.395751953125,157.6773214628384,154.0638771174936,155.2370714736159,50128523
2024-04-26,155.6125030517578,160.21141922265943,155.0962946681945,157.67732226479077,65355111
2024-04-29,157.11419677734375,159.17903048947522,156.64491899208141,157.8650440980078,44906151
2024-04-30,154.86166381835938,158.05274692006748,154.39238604921283,158.05274692006748,55043389
2024-05-02,157.06727600097656,158.52202563705234,154.86166474431158,154.86166474431158,69320283
2024-05-03,156.2694854736328,160.25834621395077,155.0024298629262,158.56894350674858,62573586
2024-05-06,157.30191040039062,158.28738223640633,154.5800908079654,157.63039623865563,37621296
2024-05-07,154.15773010253906,157.63038234562788,152.32754986967515,157.63038234562788,43611824
2024-05-08,155.84713745117188,156.83262355128622,153.45381815695703,154.11080411662664,30128705
2024-05-09,151.95213317871094,156.4572025454539,151.57671669865766,155.75328590443846,30223088
2024-05-10,152.28062438964844,154.25159659713955,151.9052079316596,153.17224921828685,31472419
2024-05-13,153.78233337402344,154.39238875612145,148.33870829223812,152.46834700464285,36561003
2024-05-14,154.81471252441406,156.3164069138405,153.4538100396821,154.01694901602178,46261468
2024-05-15,155.4248046875,157.25498514433107,154.8147349877422,154.8147349877422,29601304
2024-05-16,155.70635986328125,157.67733224483007,152.327568479339,156.9734155830228,41126570
2024-05-17,157.06727600097656,158.09967850653933,155.28401187482459,156.36335934304788,39181277
2024-05-21,163.63717651367188,164.43494019032437,157.63041201026945,158.146620460587,84833644
2024-05-22,162.65167236328125,164.71649161616284,160.96226958502524,164.6695609765295,42919832
2024-05-23,164.71649169921875,164.99806121594014,160.02371415793047,162.4170335682316,49377680
2024-05-24,164.10643005371094,166.64052696457762,163.4494297661507,164.2002770082053,38674485
2024-05-27,164.71649169921875,166.78131095314149,164.10643634733947,166.78131095314149,30410585
2024-05-28,164.15335083007812,166.59360085274736,162.79244822256734,165.09190632784006,39208456
2024-05-29,163.5432891845703,165.18576124237805,162.83937258836698,164.01256691537253,36575550
2024-05-30,154.0638885498047,161.4315553814586,153.313055563147,161.4315553814586,108813875
2024-05-31,156.9264678955078,157.6303844808536,153.92309332894308,155.84713485979879,83713848
2024-06-03,163.5432891845703,164.2472057807736,158.47509542039435,162.60473372296588,86397540
2024-06-04,149.18338012695312,163.91869725617764,139.04697879586485,163.77791967262576,125042158
2024-06-05,158.80357360839844,159.1790043677319,149.23031122429148,152.1867550577945,60098501
2024-06-06,161.47848510742188,163.96565158436454,158.99130430925808,159.5544433672781,57920819
2024-06-07,167.90756225585938,168.61147883488823,160.30527179507953,161.4315354572818,84319867
2024-06-10,169.212158203125,170.91095562178475,166.46219756941727,169.1370863687229,74286848
2024-06-11,170.18826293945312,172.45956542955724,169.40926019066714,169.40926019066714,55555544
2024-06-12,171.032958984375,172.57218937959226,170.34781750243351,171.05173410368323,33304643
2024-06-13,171.34268188476562,172.7880653079752,169.41864033427535,172.13106503130552,36669164
2024-06-14,171.8964385986328,172.22493876072468,170.253966430615,171.70873035796066,28509237
2024-06-18,169.9911651611328,173.2573485659894,169.50312661934797,172.50650131241707,35032118
2024-06-19,168.95877075195312,171.27700405992593,168.29239002340327,171.23945381879082,27476795
2024-06-20,171.07989501953125,171.70872548460727,168.34869508342138,170.4416841551151,38837494
2024-06-21,172.2863006591797,173.20545912431137,170.60115245683764,171.7692612390028,65494855
2024-06-24,170.39051818847656,171.33839941275582,167.65216705545657,169.89263217981113,47597307
2024-06-25,168.20750427246094,171.38629622063544,167.79580118808022,170.41926148471478,30599989
2024-06-26,165.22019958496094,168.513882350278,164.530823442929,168.20748646059263,44006436
2024-06-27,166.7521514892578,167.50854260865793,164.49253291428585,165.22020124495944,49767976
2024-06-28,166.60853576660156,169.56711472112474,166.18726329624906,166.76173372478144,37521949
2024-07-01,166.66598510742188,168.50431665661114,166.12979228870128,167.0776881572447,27807688
2024-07-02,167.11598205566406,168.27452146244843,166.21597697267265,167.04896708373604,33359495
2024-07-03,168.86814880371094,169.35646545267204,166.98194101048543,167.11598556691845,29090492
2024-07-04,168.7915496826172,170.61074250094825,168.34155443693248,169.471356467363,29504744
2024-07-05,167.2787628173828,168.7053767114824,166.02447104847684,168.7053767114824,38123217
2024-07-08,164.9521026611328,168.0064189713982,164.77018193648235,167.1734289266929,31479861
2024-07-09,164.49252319335938,166.31170121741644,164.21485010573164,166.21596346390575,25127904
2024-07-10,160.83502197265625,165.53618024725262,159.9158634377228,165.16276935310563,41525591
2024-07-11,161.7350311279297,163.67868445091202,161.49566481121008,162.76909536932962,33987236
2024-07-12,161.5148162841797,163.14250429654055,160.86373231337913,162.96058356043804,33311402
2024-07-15,159.66690063476562,161.80205867204833,158.74774217160137,161.51481617364936,32635187
2024-07-16,159.96372985839844,162.59675935397343,159.6094577734475,160.66267541558173,26505901
2024-07-18,159.28392028808594,160.48075185594854,157.44558875302025,160.48075185594854,36568852
2024-07-19,151.05929565429688,159.02539888823415,150.5135334524681,158.9392305226065,77987514
2024-07-22,153.50083923339844,153.86466610167957,149.75714651808016,151.66249305680057,40353690
2024-07-23,153.21359252929688,155.08064683428645,148.40711291074504,154.72638936891312,37077411
2024-07-24,153.4912567138672,155.12852877111797,152.41890027528842,153.21359821093546,28086566
2024-07-25,150.69546508789062,151.75825217012866,150.22630182482223,151.75825217012866,45155876
2024-07-26,155.63597106933594,156.018951305155,151.480575610685,151.99760039001671,45642032
2024-07-29,155.94235229492188,157.69451536236318,155.4253275157265,157.69451536236318,31754833
2024-07-30,157.09132385253906,158.26900196887053,154.4487105254659,155.97107670142609,42824600
2024-07-31,158.2977294921875,159.41796206705504,156.59344253796917,159.21688793885622,52769925
2024-08-01,156.12428283691406,161.76375262954843,154.05615437057605,161.04565368510555,118341338
2024-08-02,151.4901580810547,154.3338311372673,148.13902959418223,154.1519103961325,72427529
2024-08-05,143.4474639892578,147.44966209045603,142.66233539920745,147.12412738179393,102883971
2024-08-06,143.9261932373047,147.25816844448048,143.24638643501106,144.7783367837013,53507102
2024-08-07,147.31561279296875,147.73689986582087,145.43897436201678,147.16241483742957,32029697
2024-08-08,143.88787841796875,146.9134721525128,143.61978931336463,146.8751653605634,51858615
2024-08-09,145.35279846191406,146.4921844563585,144.8166202550603,146.4921844563585,23290101
2024-08-12,145.5921630859375,146.87516301026378,143.5048958606688,144.57725226192537,30550334
2024-08-13,142.5474395751953,146.44431577744308,142.18359808342728,145.63047903238453,29396493
2024-08-14,139.95269775390625,143.52403914556635,136.29518799367844,143.52403914556635,97911180
2024-08-16,143.16021728515625,143.61979654336187,140.23037577323345,141.7048659227837,54131721
2024-08-19,147.41136169433594,147.7368963848656,143.99320361449196,144.4336440738492,62889770
2024-08-20,147.3826141357422,149.07733166396417,146.30068837299874,149.07733166396417,37559016
2024-08-21,145.45811462402344,147.62198076401268,145.31450068477454,146.49217881589504,49749381
2024-08-22,147.5836944580078,147.78476859071984,146.0230214105015,146.0230214105015,36719176
2024-08-23,147.64114379882812,147.8230645402611,146.06133192490307,147.44965366407368,31490857
2024-08-26,149.0773468017578,149.74756960110676,147.16241616946866,148.03371311350293,32497603
2024-08-27,148.119873046875,149.84331343969902,148.02413528657172,149.17309067853427,24523684
2024-08-28,147.16241455078125,148.40712237003052,146.5400679460372,148.11987985639436,25195197
2024-08-29,146.4634552001953,147.02835617106115,144.76873767783806,146.6932521114545,44452983
2024-08-30,146.26239013671875,148.64648393077448,145.9847316352877,146.49218706221254,55134023
2024-09-02,146.37730407714844,147.35390819306303,145.66877447463654,147.35390819306303,19200143
2024-09-03,145.6783447265625,146.92305258273504,145.5443001641908,146.33899814459508,19780066
2024-09-04,144.7495880126953,145.70705325297433,142.81551874635903,143.14105342171146,39613696
2024-09-05,145.26663208007812,146.2911123229386,144.57725591620016,144.57725591620016,28347324
2024-09-06,144.78790283203125,146.3964375122058,143.28467530875676,145.47727901203777,30709532
2024-09-09,143.11233520507812,144.481503529731,141.7527362736201,144.481503529731,32624586
2024-09-10,143.064453125,145.1421509240014,142.48039874944587,144.09851732810043,41607844
2024-09-11,141.8676300048828,143.81128337122274,141.34102117440037,143.52404086279952,24633287
2024-09-12,145.28578186035156,145.95600461139665,142.42295551189292,145.53471756509396,73191476
2024-09-13,146.96133422851562,148.79008160011858,146.0134384505366,146.28152752940275,54894255
2024-09-16,147.65072631835938,149.03904804358055,146.97091954558672,148.40711745645567,32575460
2024-09-17,146.31983947753906,147.67943831395104,145.79323069342468,147.44964140549396,18275113
2024-09-18,144.19427490234375,146.47303230076827,143.2463790294976,145.91770069332145,24856345
2024-09-19,143.17935180664062,145.71664356917074,141.50378756355425,145.4294010626895,36913781
2024-09-20,145.5538787841797,146.81772538125833,144.2421413904577,144.57726008887275,53873369
2024-09-23,147.44007873535156,147.82305899048202,146.30069275316202,147.81348959751986,33281905
2024-09-24,153.70188903808594,154.63063146084204,148.2634936563583,148.5507215316357,137414352
2024-09-25,154.78384399414062,155.77003208493187,152.73486883534235,154.6306460397091,58044967
2024-09-26,158.56582641601562,158.8434849203407,153.65402482937571,155.10937615315066,88661662
2024-09-27,159.46583557128906,161.82119183483928,158.83390501872296,159.89669199903508,72795668
2024-09-30,161.38076782226562,162.9414262162406,160.1456294911625,160.37542640642263,92381529
2024-10-01,159.9254150390625,162.2807859160864,158.07751417123993,162.2807859160864,50761579
2024-10-03,159.87754821777344,162.7595280581904,157.5221918125888,158.46050369539955,75959797
2024-10-04,159.65733337402344,161.90738259681194,157.024303888095,159.89669969092603,53880875
2024-10-07,157.36898803710938,160.80628475561033,155.42533476120158,159.99244806433083,48775098
2024-10-08,152.73486328125,156.63173931572797,150.03480421918394,156.0668383152851,74956764
2024-10-09,152.29443359375,155.3008741562495,151.38484444896807,152.7348740754111,42766218
2024-10-10,152.92636108398438,154.324252260621,149.93907398014832,151.56676209160358,46507936
2024-10-11,153.8263702392578,156.81365713768548,152.42846454898114,152.52421691767853,53263433
2024-10-14,151.58590698242188,156.43067886066913,151.3178032686307,154.99448097060719,35566857
2024-10-15,149.01031494140625,152.7444234073302,148.45498336779914,152.71570061988155,38964393
2024-10-16,148.6369171142578,149.89119430858034,147.46880828982898,148.58904092772988,28518262
2024-10-17,145.91769409179688,149.65181722608608,145.63046621280222,149.0294560654913,28404223
2024-10-18,148.78053283691406,149.55607739472043,144.67301311566652,145.9177063216584,34750795
2024-10-21,148.4358367919922,151.2124801778258,148.0145497437117,149.46033162392519,25799090
2024-10-22,143.99319458007812,148.31135748461637,143.71553609316737,148.31135748461637,39079846
2024-10-23,142.45167541503906,145.48683843381778,141.7527298895184,143.90702665194343,42107893
2024-10-24,142.64317321777344,143.45702454907357,141.71443072808205,143.1314898604578,22115070
2024-10-25,139.6558837890625,143.1410567605819,138.28670086645107,142.66232412927562,39730802
2024-10-28,143.0261688232422,143.3612729068424,138.5739464860324,139.7899314876512,28386897
2024-10-29,143.67723083496094,144.05064169224244,140.31653311942756,143.4761713170648,32258407
2024-10-30,142.63360595703125,144.52938314763492,141.8006158267189,141.8006158267189,21362130
2024-10-31,142.24102783203125,143.57190387617973,141.8963397755013,142.7389138269655,26383702
2024-11-01,143.3804168701172,143.8591494807019,142.66231795424014,143.2942485065543,5106804
2024-11-04,140.69952392578125,143.61979603375312,138.92822187388833,143.61979603375312,25571021
2024-11-05,145.8123779296875,146.06132824738492,140.69951695069528,140.74739313561867,42772283
2024-11-06,147.08580017089844,148.35923064718642,143.22721656211465,147.4496416240549,48928986
2024-11-07,144.5293731689453,150.24544174589212,143.81127424832144,149.46989724917992,88254789
2024-11-08,141.29315185546875,145.53471583725118,140.68994408180956,145.53471583725118,61980989
2024-11-11,138.84202575683594,141.4080401336077,137.97074351341604,141.29314898277426,47497863
2024-11-12,138.0377655029297,140.8718691156459,137.492017898951,139.45481000440753,28861672
2024-11-13,133.2504425048828,137.49202133184406,132.70469488727792,137.49202133184406,57609083
2024-11-14,132.11105346679688,134.7440829513831,131.65147422931113,133.76747889794598,36345184
2024-11-18,135.20367431640625,137.15689699718155,132.1302044370754,133.5568329184097,40233848
2024-11-19,133.52810668945312,136.42922515204557,133.14511183364692,135.96006193234294,37611903
2024-11-21,134.2557830810547,135.57708984602934,131.41211002324619,133.56640690887318,58398744
2024-11-22,136.70689392089844,137.09945819896518,133.71002286651526,134.1887555149593,43710169
2024-11-25,137.5590362548828,139.9335460797896,136.76433831220302,138.7750212620927,53883890
2024-11-26,138.32501220703125,139.5984428013521,137.472868679675,138.08564588350688,25608469
2024-11-27,138.3824462890625,138.73670374332016,136.82177331423495,138.17180277308236,24895631
2024-11-28,137.2909393310547,139.07182525084315,137.00369683887718,137.87499370823693,30947861
2024-11-29,138.3920135498047,139.30161717741578,136.96539975235902,137.77923640632747,29742979
2024-12-02,140.1824951171875,140.5846287815188,137.05157956161287,137.98032205176875,23840351
2024-12-03,140.30694580078125,141.89634155975267,140.11545568024775,140.50801992368523,35527228
2024-12-04,139.6463165283203,140.79527193904764,137.8749999215352,140.74739575323386,38537808
2024-12-05,140.81442260742188,141.5899671293947,138.64097237947502,140.26866039728668,36328245
2024-12-06,141.98252868652344,142.35593958432852,140.3644245358758,141.22613749703783,30604899
2024-12-09,143.50489807128906,144.26128919959288,140.39313597135887,141.9825172020591,39059139
2024-12-10,143.9261932373047,146.01346061238982,142.95914391841148,143.80171807116724,36278104
2024-12-11,144.19427490234375,145.64004219447833,143.67723547724202,144.1846908994371,20499709
2024-12-12,144.36660766601562,145.18045896362426,142.3750782143673,144.4527760312419,25761723
2024-12-13,142.61444091796875,143.66765849885763,139.35906502937362,143.61978231613364,39701388
2024-12-16,141.5037841796875,143.42829870025722,140.84314542326788,142.60487799324102,22634773
2024-12-17,139.48353576660156,142.18359488415763,139.14843168256274,141.50378810321808,27110781
2024-12-18,138.31544494628906,140.6516480277094,137.20478168166815,139.78993509363937,19850229
2024-12-19,137.16647338867188,137.6835128312718,135.09835944755528,135.5292159098812,27104579
2024-12-20,134.69619750976562,138.25796922747668,134.04512818554898,136.81220203298884,46503449
2024-12-23,135.68240356445312,137.68350237985638,134.62918597226198,136.39091848123633,27514178
2024-12-24,134.40896606445312,135.48132238631018,133.32702574059147,135.19407991159585,25882917
2024-12-26,134.3898162841797,135.14620736516756,133.5759650188964,134.9547172467949,23939932
2024-12-27,133.0015106201172,135.72070861260912,132.71426810321762,134.71536710834124,19562177
2024-12-30,131.057861328125,133.3270495246232,130.30145552278444,133.00151481309618,32555723
2024-12-31,132.17808532714844,132.78127852119832,130.75145679502504,131.04826869538877,20080291
2025-01-01,130.92381286621094,132.56107037881694,130.77061490896088,132.2259662833139,18169498
2025-01-02,132.3025360107422,132.5610557087721,130.59824910178597,131.17273407301693,23388424
2025-01-03,132.47488403320312,133.7866066660078,131.97699804457096,132.30253270223997,23351832
2025-01-06,126.55774688720703,132.50361238433428,125.76306360416112,132.4748895962608,44620509
2025-01-07,127.70672607421875,128.18545872303827,126.39498868181578,127.13224105173092,24239451
2025-01-08,126.9981918334961,128.5301420973989,126.1652017302452,128.23331559382538,31570331
2025-01-09,124.40345764160156,126.76839806764471,124.18324471647617,126.38541779701265,31903107
2025-01-10,122.00980377197266,124.84390019037357,121.31085088710218,124.40345972299295,34855510
2025-01-13,117.70120239257812,121.11935301145725,117.40439050536858,120.6406203908586,38968332
2025-01-14,121.53106689453125,122.21086635898129,117.71078251633102,117.71078251633102,36877365
2025-01-15,121.14807891845703,122.85236592287846,120.42997996907405,122.55555402802851,18773125
2025-01-16,122.3736343383789,123.00556492559245,121.17680274582023,122.55555507800953,22164393
2025-01-17,124.73857879638672,125.58115294011135,122.21087097497396,122.45981399969992,27421959
2025-01-20,126.05988311767578,126.48117018126658,123.42685357999412,125.41838312893918,20571916
2025-01-21,124.18324279785156,126.76839610907963,123.752386347607,126.44286142309578,32238213
2025-01-22,123.4364242553711,124.8056072262617,121.7129911048261,124.7098548527199,27505569
2025-01-23,124.82474517822266,125.18858666353462,122.26831460717494,122.41193586164648,20722538
2025-01-24,124.22154998779297,127.53437165648766,123.80983232263387,124.94921833698494,37092106
2025-01-27,120.99488830566406,123.94387577351505,120.39168051290343,123.53217272178101,24650571
2025-01-28,123.14917755126953,124.93964752916087,119.4342149575899,120.9948880126621,40373804
2025-01-29,125.23645782470703,125.75348263224956,123.08216100871927,123.51301744996476,16674706
2025-01-30,125.54283905029297,126.52902709015444,124.56623501318917,125.23645776701343,25256096
2025-01-31,128.8939666748047,129.25780814322,124.40345233582303,125.54283831553602,26689228
2025-02-01,127.31415557861328,129.73654149456493,124.70984892743233,129.25780886912372,21173846
2025-02-03,126.21308135986328,126.8737201368187,122.37363620221089,125.7056113159095,27765357
2025-02-04,127.74501037597656,128.6258766422838,126.26093633425106,127.1513866031904,25032519
2025-02-05,128.68333435058594,129.63123028563984,127.41948771360889,127.48650268955087,16958362
2025-02-06,126.90243530273438,129.13333104438675,126.4045639015855,128.77907358400006,22408168
2025-02-07,132.42701721191406,132.84830426209064,126.92159199024184,127.6301215391534,52950146
2025-02-10,128.33863830566406,132.22595957234125,127.34288085359974,132.22595957234125,26120805
2025-02-11,124.5758056640625,128.62587962641553,124.18324140080149,127.3428796833171,23635428
2025-02-12,126.65350341796875,127.6205380710088,122.85236516716951,123.84813721898777,37927696
2025-02-13,130.45465087890625,131.8334032881424,126.25137867534517,126.65351235974546,52036196
2025-02-14,128.75035095214844,133.32703359361898,127.65884117175086,130.45463789680852,41469242
2025-02-17,128.5780029296875,129.06631956098687,125.16942895244972,127.2567108097113,21189637
2025-02-18,128.81736755371094,129.1620556260865,126.14604595012052,128.57800124261013,23957576
2025-02-19,129.9854736328125,131.05784461900643,127.3715976603746,128.77907270932423,18447487
2025-02-20,132.1685028076172,132.47489871450335,129.25781474100347,129.51633446121855,24139808
2025-02-21,134.77281188964844,135.57709385414466,131.31636153324553,132.04404451970584,41987785
2025-02-24,131.7950897216797,134.6770695597755,130.84720844635495,132.9057529509142,25193205
2025-02-25,131.23977661132812,133.4227963419775,130.8855045131865,132.59937559376687,23575603
2025-02-27,132.7908477783203,133.07809025346435,130.10037296764807,131.37380340663796,30747044
2025-02-28,131.36424255371094,131.93872760523516,128.35780195155925,131.93872760523516,45540594
2025-03-03,132.6759796142578,133.13555888824095,128.59716790215208,131.17275201281223,31154401
2025-03-04,133.4132080078125,134.94515829281517,130.03335675342007,130.3588914408109,28634645
2025-03-05,139.88568115234375,140.25909202154875,133.08767192247157,133.08767192247157,62109377
2025-03-06,144.04107666015625,145.72621026535774,139.9814186811011,140.54631968054383,79121467
2025-03-07,145.11343383789062,145.96557734294433,142.92084480008745,143.3708546453163,81821791
2025-03-10,144.62513732910156,147.67945399144855,144.0123601179238,145.11343937543094,54450331
2025-03-11,144.337890625,145.24747971693674,141.70486111111111,141.80061348279318,35916900
2025-03-12,143.9070281982422,145.80280527881376,141.41761273545356,144.57725094291294,26377549
2025-03-13,144.46237182617188,147.02837186521504,143.63895106846553,145.53472830699454,48286431
2025-03-17,145.35279846191406,146.14749637912962,144.48150157089648,145.52514980540872,35879780
2025-03-18,145.35279846191406,145.35279846191406,145.35279846191406,145.35279846191406,0
2025-03-19,151.85400390625,152.42847432600115,149.843320912718,150.1305634274742,66161413
2025-03-20,152.27528381347656,153.29020936319338,149.9869421966734,153.19445698367383,39889517
2025-03-21,150.5901336669922,152.95507400823206,150.14970783253443,152.2656978580057,49184821
2025-03-24,151.681640625,152.2369722139201,150.42736350595635,151.27950697987026,30905773
2025-03-25,150.06353759765625,152.23698799498456,149.41246818369657,152.23698799498456,28467187
2025-03-26,149.1826629638672,150.83907380780764,148.41668781778858,149.5560738387384,23182869
2025-03-27,148.8092498779297,149.4603338558387,147.6411410847122,148.2156260881754,25909068
2025-03-28,147.679443359375,150.23587378804137,146.84643866885847,148.77095314475795,24589315
2025-04-01,146.60707092285156,148.73264489614846,145.60174412203705,145.60174412203705,29142122
2025-04-02,148.1103057861328,149.6039492781643,145.7932415728839,147.44965240855873,24977582
2025-04-03,147.08580017089844,149.33584924737713,146.1091961804673,146.49217641870388,15117526
2025-04-04,134.41854858398438,146.48261682208707,134.04513771331628,146.12834473777897,80846143
2025-04-07,123.97259521484375,124.80559990848474,119.99912031177419,122.55555075002937,121806340
2025-04-08,124.73857879638672,130.40677165016805,122.57471246608434,129.1524944378805,68999181
2025-04-09,121.77043151855469,124.47048324757613,119.97039946750046,124.47048324757613,73399980
2025-04-11,127.74501037597656,128.9705647125571,124.93964423967024,128.941841924181,73706472
2025-04-15,130.60784912109375,131.17275015923235,129.10462154089,129.83230454165573,38967608
2025-04-16,131.14401245117188,131.74722021535035,128.89396333856956,130.60783426512873,42684087
2025-04-17,131.30677795410156,132.09190643682822,128.01309530319298,128.6833180263989,62282856
2025-04-21,133.260009765625,134.3323808066835,131.2206186675147,131.79508906581256,26503486
2025-04-22,132.2834014892578,136.76433181415285,131.84296104914992,135.96006451631428,58429662
2025-04-23,135.15579223632812,135.48132690063045,131.47912934480175,133.46107472782782,37851304
2025-04-24,135.50048828125,135.8451763607548,134.31322609412004,134.71535975191557,23061444
2025-04-25,132.9440460205078,137.34837708045265,132.1493481683336,135.96005549209787,37764696
2025-04-28,136.027099609375,136.53455503999055,132.49405038167612,132.64723372335874,26971589
2025-04-29,135.48133850097656,137.20477894449593,134.9260068797447,136.02710072882473,25758449
2025-04-30,134.12173461914062,135.53877910523266,132.1302051363776,135.43345734283497,29205042
2025-05-02,135.38558959960938,137.01329232174635,133.51853515865602,134.0451440034791,29588258
2025-05-05,136.0366668701172,136.63029066045345,135.19409276014787,135.54836484352708,17213477
2025-05-06,138.29629516601562,139.21545370509273,135.51963693184993,136.03667639362217,42658262
2025-05-07,139.78993225097656,140.69952135394513,136.15156122934144,136.15156122934144,34674594
2025-05-08,137.5590362548828,140.42186272720443,136.77392231533562,139.78993213040928,29687927
2025-05-09,136.70689392089844,137.17605717588756,134.53344360622944,134.99303746776363,21875453
2025-05-12,145.18045043945312,145.48683170107768,138.3537190064348,139.4165059444386,47087413
2025-05-13,143.0740203857422,146.48260883098732,142.6718867477112,145.53471300649727,54389876
2025-05-14,148.70391845703125,150.4656509255911,144.57724576642528,144.57724576642528,60002060
2025-05-15,150.65716552734375,151.12631415768095,147.73689354257314,148.88584894041847,57066105
2025-05-16,150.84866333007812,151.42313375333512,150.32205448477157,150.65717318899246,22884754
2025-05-19,150.86781311035156,151.41356072985053,149.48906075196962,151.2795161733279,21839582
2025-05-20,151.94015502929688,155.20511486986828,151.2795017032843,151.6146203674169,58061639
2025-05-21,154.76467895507812,154.96575308136366,151.78696150996174,152.66782776703747,36044599
2025-05-22,154.4295654296875,156.6413224535258,153.53912975015402,154.13275353650968,60715453
2025-05-23,156.03811645507812,156.57429466952186,154.630641337283,154.72639370833107,29483665
2025-05-26,155.59767150878906,158.50837403137618,155.1572456781114,156.16258710604288,25581584
2025-05-27,154.78384399414062,156.92855691713783,153.78807190009675,155.59768073375614,23296776
2025-05-28,154.3817138671875,155.77003566293013,153.8167982234654,155.49236253792478,13044476
2025-05-29,156.18173217773438,156.97643011523544,154.63064309549128,155.2912964778573,26455081
2025-05-30,154.17105102539062,156.91897148194354,153.68273442178048,156.17214979263815,32739340
2025-06-02,152.27528381347656,153.3093481512878,150.60930344402672,152.23699162752587,31365564
2025-06-03,150.65716552734375,153.81678921897827,150.48481418229866,152.27526955552628,28398746
2025-06-04,151.45184326171875,152.21781836864687,150.14012057007034,150.80077391717384,16660138
2025-06-05,151.25079345703125,152.3231499097348,150.36992714091605,152.10293698314624,23708504
2025-06-06,154.30775451660156,154.68987355895635,151.13321673748325,152.55391497441923,25804151
2025-06-09,154.1411895751953,155.00339807472366,153.6512926059639,154.50370854827648,15315437
2025-06-10,152.5343017578125,156.08116571614772,152.35794603830144,154.80743070129662,22764080
2025-06-11,153.24957275390625,154.34693717546995,152.17179344667835,153.2887579330468,17605668
2025-06-12,149.80068969726562,153.10259037648876,148.78171061318454,152.84784934308564,27846151
2025-06-13,149.05604553222656,149.41856447828644,146.77312403171527,146.77312403171527,24277592
2025-06-16,151.05482482910156,151.37815861242703,147.7921093251464,148.93846640213576,16188193
2025-06-17,149.5165557861328,151.7602772489202,149.27160731004182,150.70209803815087,16740382
2025-06-18,149.0364532470703,150.10442502801618,147.75292560844213,149.12463111144888,14860746
2025-06-19,147.94888305664062,149.3695812614616,147.4589860928769,148.92867698416805,20145922
2025-06-20,148.89927673339844,150.07502639609703,147.5863565258928,147.70392700702223,29944714
2025-06-23,149.3499755859375,150.2024064371807,147.43938048913083,147.45898055307632,17096676
2025-06-24,151.66229248046875,153.79825097470666,150.5355354661638,150.69230607959693,25403324
2025-06-25,153.22996520996094,153.72965470957556,152.3677418062637,152.7498608237262,18240433
2025-06-26,157.29611206054688,157.84480922363562,153.28875844651355,153.70027010597835,40650557
2025-06-27,158.18772888183594,160.00035365399057,157.4528834256331,157.74682459820806,31989509
2025-06-30,156.53187561035156,158.92257523340902,156.27713456626822,157.7370329296518,15842285
2025-07-01,156.8258056640625,157.19813212171806,154.54288413508942,156.77681298008653,17823415
2025-07-02,162.52821350097656,162.7927470840807,156.60045754044165,156.8258059465753,63315210
2025-07-03,162.5576171875,165.36962102869037,161.87176441531565,162.64579505453744,60571824
2025-07-04,159.71620178222656,163.12589539382557,158.7266153035522,162.55761312522574,22938753
2025-07-07,159.1185302734375,160.0493464791388,156.81602347896515,159.7064126190942,17469909
2025-07-08,158.6972198486328,159.6084210032526,158.33470088825314,159.167516736486,11398248
2025-07-09,155.7872314453125,158.67762048517898,154.3273331395368,158.67762048517898,29839077
2025-07-10,157.4136962890625,158.28571228822938,156.06157588231,156.76702870753138,17566887
2025-07-11,156.61026000976562,158.35429202947023,156.1007779245607,157.39409815300198,20689511
2025-07-14,157.19813537597656,157.8643880503442,156.08117093035503,156.61025305703114,15152964
2025-07-15,155.7872314453125,157.59985615615295,154.75844485133464,157.02176638780477,17993051
2025-07-16,154.15097045898438,156.05177294773478,153.82763668972055,155.787224418252,14591157
2025-07-17,156.66903686523438,157.45287496649962,153.94521104995056,154.31753751190692,21733241
2025-07-18,159.08912658691406,159.4614530433001,156.86500525657647,156.86500525657647,30728478
2025-07-21,159.72601318359375,162.25388335707254,159.20672358850962,159.21651614579585,29812899
2025-07-22,159.74559020996094,161.08791801366775,159.44185649430568,160.0003461911957,13615524
2025-07-23,159.48106384277344,160.82337675678392,158.60904783395793,159.95136074796844,14287149
2025-07-24,160.17669677734375,161.42103917135105,159.52023668220534,159.70639990852942,14377270
2025-07-25,158.16812133789062,160.28447973979533,157.79580982400492,160.19630187733304,12443495
2025-07-28,156.4534912109375,159.0107540258306,155.87541636688312,157.97217482791075,19296285
2025-07-29,158.42288208007812,159.16752008069668,155.00339590063598,155.00339590063598,15262937
2025-07-30,158.09954833984375,159.5006464764026,157.79581461516142,158.42288212915784,16083106
2025-07-31,154.7486572265625,158.85399622593465,153.39653680564152,157.74682428993594,26213891
2025-08-01,149.9182586669922,154.73884284196984,149.42836171891963,154.73884284196984,23927359
2025-08-04,156.33590698242188,156.68863337246128,150.39835854214874,150.39835854214874,30064719
2025-08-05,156.3946990966797,156.90419611590218,155.0817788456723,156.33591385416722,14441034
2025-08-06,155.4541015625,156.57106599467667,154.61147822240403,156.39469532092863,13438851
2025-08-07,156.44369506835938,156.76702885943823,153.10259417768006,153.97461017769194,23159540
2025-08-08,154.75843811035156,156.71802584191784,153.83742948444055,156.277121592409,11951173
2025-08-11,155.3169403076172,156.76703115971318,153.97461243699314,154.75845058288553,14325736
2025-08-12,156.92379760742188,158.38368097798784,155.29733611426408,155.31693617876937,20056598
2025-08-13,156.94337463378906,159.11851821725458,156.66903354672746,157.70762760542405,18079396
2025-08-14,152.16200256347656,157.35491345916554,151.7014982135466,156.78663117732714,47256126
2025-08-18,154.76824951171875,155.78722857956774,152.84784690825515,154.80743468913022,61022494
2025-08-19,156.0125732421875,156.23793659591405,153.59248119487864,155.29732790547314,21224239
2025-08-20,158.64822387695312,159.47124715126446,154.836826266843,155.00338943303922,28520245
2025-08-21,158.2465057373047,159.25569224762015,157.93297946685604,158.6482248201789,17282594
2025-08-22,155.34632873535156,158.02116194615854,154.90542446221374,157.99176932464727,16063984
2025-08-25,156.40451049804688,157.09036326188235,155.43450912103523,155.98319133210362,16376542
2025-08-26,151.89744567871094,155.9439992314392,151.51532665935787,155.9439992314392,19621100
2025-08-28,150.52574157714844,152.72047034391545,150.06523724830674,152.63229248106538,22269875
2025-08-29,151.35855102539062,151.96603338377983,149.95745298441892,151.3781510886852,16971859
2025-09-01,153.01441955566406,153.20058279845597,150.59432730030775,151.35856538616036,10798622
2025-09-02,155.18955993652344,155.85582758300345,152.35795607753843,153.01441621642076,21202113
2025-09-03,164.4584197998047,164.6053829115023,155.19935505065737,155.19935505065737,82352014
2025-09-04,163.43942260742188,165.8791148683674,163.25325936917514,165.58517370010776,26316842
2025-09-05,164.29183959960938,164.60538083456697,162.5870077235515,163.6255869010279,16798170
2025-09-08,165.4088134765625,169.01444785456843,165.05608707432555,166.56496310305295,36402317
2025-09-09,165.7321319580078,166.29062165640096,164.59558239805637,165.87911001307,14028910
2025-09-10,166.0064697265625,167.28020475923196,165.34021706513215,165.77132876392503,13128306
2025-09-11,165.9868927001953,167.44677608258885,165.05609145998108,165.92810745667194,13829526
2025-09-12,166.3494110107422,167.5447607925511,165.22265397975173,166.1730552808698,12119036
2025-09-15,165.81051635742188,166.76091762984797,165.2226489917924,166.33961343200357,10611401
2025-09-16,168.54415893554688,168.7891074222772,165.60477709478272,165.9672960709935,26629438
2025-09-17,167.89749145507812,169.40636755614264,165.92811100261414,169.0144559572989,21381306
2025-09-18,168.55393981933594,168.72050298472064,166.3787962117765,167.9954650825129,16413388
2025-09-19,168.0150604248047,169.1810176039512,167.152851925054,168.62254283312726,25406461
2025-09-22,167.9268798828125,168.73031807598298,167.0646564463308,167.34880505629351,20970704
2025-09-23,169.78848266601562,170.29797969308981,167.74071695110763,167.9856654323302,24533561
2025-09-24,169.1712188720703,170.91525082329014,168.8968777752808,169.66111582354708,20168891
2025-09-25,168.89688110351562,170.3371793652769,168.3873840778086,169.40636317875388,17026549
2025-09-26,164.01748657226562,169.86685712635648,163.8215307898951,168.74010016487503,20157657
2025-09-29,165.56556701660156,166.83930206116054,164.1742614896264,164.21346161741062,16832342
2025-09-30,165.3598175048828,166.71192289452748,165.00709110965636,166.07506285197854,24553596
2025-10-01,164.12527465820312,166.3102258708126,162.7731692107931,165.5851729856298,17542776
2025-10-03,169.71011352539062,171.2091970451847,164.72295104958138,164.72295104958138,55172705
2025-10-06,166.62374877929688,169.9746421340475,165.879110795064,169.79828640770359,21474004
2025-10-07,167.966064453125,168.72050995731377,166.95687791202062,166.95687791202062,19189843
2025-10-08,168.46575927734375,170.12161329868525,166.62374202986783,168.52454451707717,22662699
2025-10-09,172.85523986816406,174.22696031292153,169.28879063254445,169.29858318947913,68504717
2025-10-10,170.3469696044922,172.58089852081383,169.40636087371374,172.44372797158246,18085975
2025-10-13,169.5337371826172,170.2881826711327,167.45657890046212,169.50434456167864,19386219
2025-10-14,167.0646514892578,172.88462961188387,165.83011656494588,171.3757535932804,22082970
2025-10-15,169.739501953125,170.48413994081272,166.67274223785583,167.37819504744152,15031989
2025-10-16,170.48414611816406,170.96425053250476,168.74011409529163,169.5043521749562,12205250
2025-10-17,168.7401123046875,170.7878780361492,167.5349699534617,170.09223271611626,21659007
2025-10-20,168.47555541992188,169.79828314395053,167.36839849695085,169.79828314395053,18049579
2025-10-21,169.28878784179688,169.74929216810278,168.62253516997373,168.91646137785548,2471987
2025-10-23,170.6409149169922,172.52211747382847,170.1314178858275,170.38615892617537,31472510
2025-10-24,170.91525268554688,173.76645656232023,170.2097998716964,171.07202329984003,25226376
2025-10-27,173.09039306640625,174.30532792781943,171.98322118098574,172.3359475811792,23832477
2025-10-28,178.13632202148438,178.3812704902341,173.44311593844535,173.76644971125117,59511794
2025-10-29,181.44802856445312,183.16266783116117,178.37147642106427,179.95873770095284,51610530
2025-10-30,180.62501525878906,181.44803856405343,178.94956107620848,180.67399299444838,24270977
2025-10-31,179.1455078125,180.57601344258129,178.44005502923633,180.28207229114344,16041321
2025-11-03,178.9789581298828,180.38007124540465,178.1265421819268,178.71440957861506,16652212
2025-11-04,175.667236328125,179.3904560232443,175.2851173169437,179.30227816307968,18746387
2025-11-06,173.6880645751953,177.01935777322672,172.9532191682353,175.66723744027053,23664538
2025-11-07,177.70521545410156,178.56743887313962,171.47372563120948,173.42352088090925,19165876
2025-11-10,177.81298828125,178.82217477664634,176.55885331705906,178.35187790269174,18376132
2025-11-11,177.3818817138672,179.20429897242093,175.40270879310737,179.20429897242093,14109340
2025-11-12,175.00099182128906,178.46945570347353,174.40331693489793,177.7738103958271,19037263
2025-11-13,173.08058166503906,180.28207261093482,171.56191312244096,180.28207261093482,82083661
2025-11-14,170.73887634277344,174.1093696859203,168.64211803518344,173.93301396354244,38345500
2025-11-17,169.67091369628906,171.70888687233943,169.13202404268722,171.59131638445137,28204282
2025-11-18,168.9654541015625,169.62191421676354,167.10385168236368,168.91646141674815,34278387
2025-11-19,169.71011352539062,170.3861587800188,168.58334153340576,168.9654605688343,19621610
2025-11-20,168.9752655029297,170.8368679650301,168.779294759156,170.5821269287805,15968891
2025-11-21,164.60537719726562,168.42656747344327,164.31143603360536,168.3285970525356,28412865
2025-11-24,162.0187225341797,164.97770434638255,161.84235185507077,164.60537787418383,31202769
2025-11-25,162.9691162109375,163.89012484092416,161.74437387328885,162.6457824397421,19983310
2025-11-26,166.2416229248047,166.51596401038026,163.52758973843058,163.6255751049081,15044796
2025-11-27,164.73275756835938,167.54476135192886,163.80194137825137,167.005871702516,17546627
2025-11-28,164.56619262695312,165.58517172087537,163.90971754715025,164.73275579853328,11975539
2025-12-01,165.22265625,166.22203530061321,164.3114401150656,165.58517522225367,11758473
2025-12-02,164.3898162841797,165.4382029138782,163.6255782524512,165.0266763271307,15355023
2025-12-03,163.5471954345703,164.59558208020943,161.66599294706072,164.38981878370706,18873943
2025-12-04,163.40023803710938,164.57598776405808,162.84174832028913,164.40942458986666,11419966
2025-12-05,163.7333526611328,164.26243476770992,161.6659870170177,163.6255747384361,33500436
2025-12-08,160.1669158935547,164.80133702411302,159.70641154765582,163.7137651572728,15772400
2025-12-09,157.42349243164062,160.08853317640472,156.82581752306186,160.08853317640472,25766371
2025-12-10,158.95196533203125,160.37266354271006,157.56065974326197,157.74682298233478,22537548
2025-12-11,163.0181121826172,163.2924532757465,159.87296721789184,160.1963009956089,32603566
2025-12-12,168.41677856445312,169.01445346166966,164.01749842261532,164.21346916961272,41130927
2025-12-15,169.37696838378906,169.6709095467895,167.05486160197606,167.49576587124238,23254201
2025-12-16,166.39840698242188,169.21041081212448,165.83012470194237,169.21041081212448,22981935
2025-12-17,166.89808654785156,167.83869525433352,166.23183388321416,166.65313807694636,11624504
2025-12-18,164.7229461669922,167.00586775474434,164.17426397345784,166.4865781822587,13152378
2025-12-19,165.28143310546875,166.1926342436874,164.4388097650615,165.73212992099573,28448892
2025-12-22,165.80072021484375,167.99546387027857,165.58516436696766,165.62434954364147,23729300
2025-12-23,167.44677734375,167.88769657443396,165.83012333280536,165.92810870639488,17348078
2025-12-24,166.63356018066406,168.18162142742085,166.24163363996013,167.88769520997894,17430406
2025-12-26,165.70274353027344,166.46698159443727,164.42902339031292,166.45718903737267,16904834
2025-12-29,168.81849670410156,170.61152138554397,165.8693074139259,166.08486327402076,48001907
2025-12-30,172.24777221679688,172.78666185691725,167.34880267109997,169.28879042506475,33741158
