Price,Close,High,Low,Open,Volume
Ticker,TATACONSUM.NS,TATACONSUM.NS,TATACONSUM.NS,TATACONSUM.NS,TATACONSUM.NS
Date,,,,,
2021-01-01,573.8136596679688,578.8696952318573,563.7969623670317,565.7049047100674,3606724
2021-01-04,576.1985473632812,579.0127737679094,569.9977351813917,579.0127737679094,2120531
2021-01-05,581.4930419921875,586.0244044805435,573.4319749730104,576.1985143088418,3813409
2021-01-06,577.1048583984375,585.5474797792008,567.9944455680269,584.7843145049372,2167700
2021-01-07,573.1935424804688,582.208581497737,570.9994204795017,581.6362220977554,2195640
2021-01-08,581.4930419921875,584.3072682353735,574.8629315482807,578.8696216041919,3458752
2021-01-11,600.0478515625,603.6729302765456,581.4454141929153,584.784313207969,6360644
2021-01-12,595.564208984375,605.676338647816,591.4621444662973,603.4821583054611,4562628
2021-01-13,591.84375,603.8637637124957,583.1625772291703,597.9491306850055,3660044
2021-01-14,585.7382202148438,594.3239595991005,580.6344984267332,594.2285857851396,3576000
2021-01-15,574.6722412109375,585.2612976333072,567.6128314455058,581.9223986248043,4492648
2021-01-18,557.8345947265625,573.8136104797389,554.2572031400305,573.8136104797389,3346718
2021-01-19,555.8789672851562,563.7969157083246,550.7751870044468,562.8429446157555,5743934
2021-01-20,569.1868896484375,574.9584032550491,556.7375200040882,560.9350162047745,6156865
2021-01-21,567.851318359375,584.5458132292432,562.8906568100301,575.6262064033674,4506198
2021-01-22,557.8345947265625,578.9650776546548,555.7835335933077,571.6194886184875,4307126
2021-01-25,547.1978759765625,562.6999085133245,543.7636028279624,560.7442791307666,2016556
2021-01-27,546.2915649414062,561.4596702526062,540.4723063892968,546.6254315307401,3662455
2021-01-28,538.612060546875,549.4873543928775,535.6547734229179,545.5760961675438,4769073
2021-01-29,534.0330810546875,547.5794841188111,528.7385523917267,547.5794841188111,3593336
2021-02-01,557.2622680664062,561.6505120464367,528.8338813431362,537.0857550439811,4707518
2021-02-02,548.8672485351562,568.948386750305,541.0447321037509,562.842948426219,5713446
2021-02-03,553.4463500976562,570.4747107313509,544.7174913505039,561.8889709377352,10599727
2021-02-04,560.982666015625,562.8429212139442,550.9659699601226,558.0730659494193,3816120
2021-02-05,565.2278442382812,572.3826270767405,562.0797514345136,566.563426991769,5918498
2021-02-08,569.6160888671875,576.9616775741619,567.5173991444278,567.612772958818,3970852
2021-02-09,571.142578125,579.5375131727159,567.1835742920258,569.5208154141751,3072281
2021-02-10,573.0982055664062,578.058867513594,569.8069932400945,573.0982055664062,2435907
2021-02-11,582.2562255859375,593.3700119620311,570.8085726220398,575.5307411148024,7033762
2021-02-12,579.5374755859375,587.8370362641757,575.721590973026,587.8370362641757,3621853
2021-02-15,594.4193725585938,596.7089265021496,579.4420727825654,580.0144321555666,3234989
2021-02-16,599.4276123046875,605.7238553963125,589.1247378761142,600.9063138310657,6418986
2021-02-17,603.0528564453125,615.9791532542431,595.5164614363841,606.7256219039492,8556599
2021-02-18,595.2779541015625,613.7850163495168,592.5591598130428,608.1088767766308,4457424
2021-02-19,588.5524291992188,597.2812290487793,582.3516176033011,595.2779132080985,3013104
2021-02-22,589.8403930664062,594.8487419661891,583.8303860318234,590.5081845648672,3020000
2021-02-23,598.6168823242188,605.7716657782931,587.6462143613048,591.3667250477341,4222282
2021-02-24,597.1382446289062,623.8971233666795,586.6922490374737,623.8971233666795,10479819
2021-02-25,599.5708618164062,609.7306777532483,595.6118582929399,599.9524735629251,4977348
2021-02-26,581.111572265625,597.0905896592661,576.6755829526005,596.2319923000418,5547291
2021-03-01,595.8026733398438,599.57087104807,581.1592393977162,586.596886627556,2530243
2021-03-02,603.2435913085938,606.7256090533764,593.3700138855347,599.5708259277469,3051386
2021-03-03,607.5842895507812,618.1733467369814,603.8637785254773,605.7717209536778,3601961
2021-03-04,602.0510864257812,614.214216910459,599.8569647286013,605.6762228763405,2621353
2021-03-05,593.9901123046875,613.8803859001883,589.5541235218592,604.5314810234754,2839628
2021-03-08,587.6939086914062,599.2846813236363,586.6922506403465,598.0445304877635,1939925
2021-03-09,583.5441284179688,592.3206741064618,574.2905971836423,590.3172998784959,3065358
2021-03-10,592.3683471679688,594.9440807004116,586.6922076600864,588.4093439397906,2778304
2021-03-12,586.9307861328125,596.0411995304328,585.1659626870899,594.3240629999873,1884687
2021-03-15,579.6806640625,590.3174087610448,574.67231490747,588.6956459609257,2765564
2021-03-16,582.5425415039062,589.554206592976,580.4914801162232,583.4010806557086,2480801
2021-03-17,575.5784912109375,584.2119770162842,572.4780848595178,583.8303652519512,2263020
2021-03-18,567.5173950195312,580.2051982071197,559.9810005127815,578.1064502738425,3387208
2021-03-19,572.6211547851562,579.680564240248,550.4890135423075,562.8429509758304,4874177
2021-03-22,591.9867553710938,594.3716831247649,568.8052692505654,575.2445741854774,3154483
2021-03-23,604.9130249023438,610.5414774377824,591.9867287048703,592.4160273263482,4940745
2021-03-24,600.1432495117188,609.7307065066816,595.8981243168398,603.6729545432482,2938251
2021-03-25,586.5491333007812,605.0085098318202,582.8763676948157,604.8177039582866,2981311
2021-03-26,599.3800048828125,605.7239357171467,586.7875752555329,591.4620567361762,3557256
2021-03-30,599.952392578125,608.2518937997098,589.1247866593324,601.8125894704162,19895244
2021-03-31,609.4921875,615.9791796373235,601.0018210237971,601.0018210237971,4424477
2021-04-01,620.224365234375,622.8954728039289,611.1616393273249,611.4955059388524,3844057
2021-04-05,615.2636108398438,621.9414078696334,609.7782775653737,621.9414078696334,3568896
2021-04-06,643.501220703125,647.7464039203654,608.7289610124653,615.5021910404718,7636739
2021-04-07,635.1062622070312,643.8828080051036,628.8100762137268,643.8828080051036,3898156
2021-04-08,639.8284301757812,646.0292423428441,636.1079195852334,636.3464123608896,2477848
2021-04-09,648.5095825195312,653.470244193602,634.3908210054676,639.1606768025011,2566543
2021-04-12,625.4234619140625,644.5028848916212,620.0812467706573,643.9305254926056,4201041
2021-04-13,633.38916015625,646.697069416783,625.8050778270621,626.7590489822862,3065417
2021-04-15,628.9531860351562,642.9765739974677,617.362471157465,632.2920851582885,3193956
2021-04-16,640.4007568359375,645.409104868897,629.9070752430699,632.2920028778125,2708331
2021-04-19,633.5322265625,638.0159026773264,621.5122131894395,631.5289104089163,2620095
2021-04-20,648.7957763671875,665.8718837831711,635.6309857255129,646.1723556216234,8230341
2021-04-22,634.8677978515625,649.3681709202249,632.4828699858541,649.3681709202249,3013453
2021-04-23,634.0092163085938,644.5983312313438,630.574943386814,636.2987704069666,2329094
2021-04-26,639.3515625,643.9306129916724,631.5766732898602,636.298842763623,1845322
2021-04-27,642.6903076171875,648.6049397685414,637.348034805157,643.8827714289213,2258769
2021-04-28,645.9816284179688,661.10204881262,643.9305670252792,645.8385094460948,3900923
2021-04-29,640.9254760742188,649.1296626723102,635.3447682916969,647.126288377366,3247095
2021-04-30,638.6837158203125,646.7924709875607,634.4385323523029,640.1146726145328,2206232
2021-05-03,645.933837890625,651.0853053551749,630.5749257725577,631.3857779541174,1985777
2021-05-04,615.5498657226562,654.710368588024,612.0201609303892,649.6543332927221,7400792
2021-05-05,619.1749267578125,625.8050375045784,610.5891869139997,619.1272398482796,3332318
2021-05-06,623.0385131835938,624.8033946853996,608.7766915659528,621.9891682452695,4000163
2021-05-07,600.0478515625,612.4494764755565,585.7382843551272,606.7256495926074,14598653
2021-05-10,604.0068359375,607.6319145364565,592.4160635772008,598.1398902784298,5026811
2021-05-11,612.0679321289062,619.9859401028934,596.2320326325008,599.0939463891368,4619231
2021-05-12,610.589111328125,616.9330416065927,602.0510594507851,615.3112793028117,3137276
2021-05-14,615.4544677734375,619.6042186961041,608.681238145529,611.0184789451188,2927148
2021-05-17,623.2293090820312,627.1406255343821,610.6368788947074,616.2653316849263,2659352
2021-05-18,622.9431762695312,627.7130321368325,618.17332040223,627.7130321368325,2267368
2021-05-19,623.1339111328125,630.5748737926239,620.7489834709645,621.9891342099709,3202046
2021-05-20,615.2160034179688,625.8050596429581,610.6368954253256,625.8050596429581,2102743
2021-05-21,619.7949829101562,622.4660901191534,614.6435161154138,615.3589943799186,1833201
2021-05-24,610.6368408203125,624.564852971859,609.1105104431051,620.0811774283765,2669967
2021-05-25,620.0335693359375,621.9891985758745,611.4955157778153,611.4955157778153,2085253
2021-05-26,612.35400390625,624.8510006285128,611.1615401645926,621.9890876485349,2314694
2021-05-27,618.6980590820312,621.9892716276723,611.6387065787839,613.8805157859005,3543940
2021-05-28,624.803466796875,627.4268876712429,616.5515923926412,620.5582831913778,2881977
2021-05-31,633.293701171875,634.390791244036,620.2720303923314,629.5732487601952,3417033
2021-06-01,635.1539306640625,636.5372003692178,626.5681909813004,635.1539306640625,2355484
2021-06-02,642.5472412109375,643.6920182089654,629.7640630393266,634.8677852805728,3021421
2021-06-03,648.7003173828125,651.5622305477367,642.2610127617331,644.8844331629135,2485855
2021-06-04,655.3305053710938,658.1924188745187,643.9305382706283,649.5112463119953,2398771
2021-06-07,667.732177734375,674.4576632974888,655.6644183185832,658.2401522988222,3511853
2021-06-08,677.7488403320312,682.4710093450528,669.3061604055308,672.6928046944223,3981598
2021-06-09,670.49853515625,681.9461878579058,668.4952192237694,679.5135733039584,3039558
2021-06-10,678.9898681640625,689.5915773986915,675.4399589407706,675.7277767569147,2571253
2021-06-11,686.37744140625,688.2482863189474,680.7167711191956,685.1781518165403,2171601
2021-06-14,685.7538452148438,687.9125666583323,674.0967259963791,686.3774992777005,1798953
2021-06-15,690.3111572265625,694.7245199366979,686.3775104005317,688.8720095742486,2387652
2021-06-16,706.0458984375,707.8208238775428,691.7503409226816,694.6286363772837,4134529
2021-06-17,714.7766723632812,716.9833537339314,695.4440986737209,700.9128715029449,4167585
2021-06-18,709.78759765625,717.127273974802,702.3999614619629,715.7360862240812,3762934
2021-06-21,712.426025390625,713.7692532475468,698.3223671292113,699.425737051616,1594856
2021-06-22,726.0020751953125,727.9688987288282,712.23419334256,717.6550065886834,3346784
2021-06-23,727.1053466796875,733.9653072890886,721.3487560342828,729.1681484179181,2952360
2021-06-24,726.7216186523438,732.8139870751382,723.4115672759385,731.0870215706434,1668843
2021-06-25,726.8654174804688,732.4781279449571,722.9317710153572,724.3709185356266,1588289
2021-06-28,734.5889282226562,738.4746150211756,728.2086837882371,731.086978981076,1486902
2021-06-29,727.2972412109375,740.5854063549266,725.1864796060693,735.30853162229,1506378
2021-06-30,723.7952880859375,737.1793132721433,718.998129651007,733.965240544365,1733070
2021-07-01,725.3783569335938,729.1681240268624,719.5738066054563,725.1384989980586,1914434
2021-07-02,732.6220092773438,737.6110657377748,722.6439549155444,727.1532955347622,1916135
2021-07-05,735.2125244140625,740.2015811315582,733.965274874455,739.1941895249162,1020895
2021-07-06,731.6625366210938,737.8029224683816,727.249174552709,736.843490839684,1411602
2021-07-07,732.0943603515625,734.9726555041608,720.7730777964889,728.2086736073678,2104914
2021-07-08,732.3342895507812,734.9247671520346,726.2898808539037,731.9985118405932,1540033
2021-07-09,734.876708984375,741.4008327141102,728.8802609682467,732.04637380895,1151792
2021-07-12,744.4231567382812,754.9288880967162,737.8989736537014,739.7219174965817,2992685
2021-07-13,741.496826171875,749.2202988316986,735.5963558728691,749.2202988316986,1500414
2021-07-14,737.0354614257812,745.1906310724471,732.4302008665359,742.2163575952828,1094262
2021-07-15,741.01708984375,743.1758112846144,732.5261422666435,737.8030168998675,965602
2021-07-16,732.04638671875,743.5116072395917,730.511319423175,741.0170496854527,980383
2021-07-19,734.492919921875,738.7624026620593,727.7768980794926,730.1275174361391,1695546
2021-07-20,726.3857421875,736.843571508843,716.695505100398,731.0869811064301,2195159
2021-07-22,733.19775390625,734.8287995904927,724.4668898595703,732.5261399704951,1464419
2021-07-23,743.7035522460938,745.4784775786063,734.9247282177766,736.0280981654903,2021122
2021-07-26,744.8547973632812,754.1133369466211,739.5299629936011,748.5966045198487,2154261
2021-07-27,738.5225830078125,756.1761504747567,733.0058504942758,748.7405544782506,2001824
2021-07-28,724.2750244140625,738.7624198736736,709.2119347905397,737.7550282856588,3112462
2021-07-29,720.7251586914062,729.0722268179196,718.1346811957203,724.37098771245,1742057
2021-07-30,725.5702514648438,731.0869839553202,714.9685424775673,721.4926665805785,1613176
2021-08-02,728.7363891601562,739.7218946379945,725.9060537269651,732.0464404783266,2054226
2021-08-03,736.5078735351562,739.4820888079981,728.7364405153863,729.1681965541078,2946289
2021-08-04,727.9688720703125,738.7624797286861,724.5149410432607,738.7624797286861,5426419
2021-08-05,737.1793823242188,739.4340821352731,726.5776729017659,730.1275821879494,2469893
2021-08-06,749.6519165039062,765.9622549934027,740.6812537583081,741.6406854341608,7849735
2021-08-09,733.8214111328125,751.6668782912009,732.0464856724385,751.6668782912009,1661739
2021-08-10,740.5853271484375,743.1277859304389,730.1754584265071,734.8287371466901,1429806
2021-08-11,733.9652709960938,742.7920545943957,721.4926585477941,740.5853733345866,1391781
2021-08-12,742.8400268554688,744.7109304657233,732.0464197490767,734.5889372910979,880420
2021-08-13,774.6931762695312,777.9072492001908,742.8879904146849,745.4784678448781,7956492
2021-08-16,769.608154296875,782.3685840743277,767.6412724832339,774.6451706742166,2604160
2021-08-17,799.0148315429688,801.1255933210183,772.342637872359,772.342637872359,7580699
2021-08-18,807.265869140625,810.5758617130591,796.4722623373017,805.2030675279195,3048603
2021-08-20,812.926513671875,817.8196507540363,793.1622429577654,799.1586914218846,3782381
2021-08-23,798.7269287109375,815.2291664573792,789.612327122044,815.1812065818825,2161681
2021-08-24,802.948486328125,806.354457461706,793.4500882088892,799.6863948272178,1170096
2021-08-25,802.0848999023438,816.1405977082292,799.4464627316124,802.1808196485631,1777820
2021-08-26,818.68310546875,822.0411166138713,800.6937600484575,807.8415383406004,2464570
2021-08-27,813.5501708984375,825.9748238762062,809.7604037425682,819.3067614463704,2366396
2021-08-30,825.591064453125,827.7497860045713,815.5170305463756,815.5170305463756,1875514
2021-08-31,829.8605346679688,832.4989720783733,821.7053644903547,827.03019918863,2132008
2021-09-01,832.2590942382812,839.2149745176251,817.7236796102321,835.7609850365794,2051666
2021-09-02,836.0968017578125,839.5027727239077,827.0781199757806,831.2516831813334,1314628
2021-09-03,834.5617065429688,838.1116158243362,827.1741287184492,838.1116158243362,1075187
2021-09-06,834.7536010742188,842.0453176729937,827.9896187970186,834.5617030081069,985142
2021-09-07,833.0745849609375,852.9348340919909,829.8605119906296,834.705630663703,2840271
2021-09-08,844.1080322265625,845.5951397101396,820.8418125567448,838.8311576622739,1601842
2021-09-09,840.0784301757812,851.5436514816023,837.1521750037687,839.502794540295,1685368
2021-09-13,846.3147583007812,848.1377021249036,835.3772710332545,841.2297815270045,1064009
2021-09-14,845.5472412109375,849.9606626659584,841.9973318072884,848.9052525410517,622424
2021-09-15,836.1927490234375,851.399777742326,835.1853573748335,849.0971180663155,1945751
2021-09-16,838.5433349609375,847.1782205612218,836.0008174438942,838.063619094255,1294536
2021-09-17,838.6873168945312,845.2594011872861,831.155742259294,844.2040496491588,1829129
2021-09-20,822.2329711914062,841.3736454181181,820.3141077813913,834.753543229941,1081450
2021-09-21,824.0559692382812,829.3808038406735,816.4764348448838,820.3141619181852,1478291
2021-09-22,819.4987182617188,828.3254442207724,817.3399966514796,827.0302346782576,982114
2021-09-23,816.1405639648438,824.8713686361174,814.605438175359,822.3768697469138,1464265
2021-09-24,802.8045654296875,817.4359005032492,800.1661279574059,816.140690985939,2846056
2021-09-27,801.1734008789062,808.2252587585403,795.3688510121618,803.140224082142,1433229
2021-09-28,789.3245239257812,803.4281825678796,783.8557511593675,803.0443864386666,1933307
2021-09-29,790.0440673828125,795.752697870802,778.099130668748,791.0514589844423,2156442
2021-09-30,780.5936889648438,790.5238432291213,777.9552515151531,789.6123713074142,1622014
2021-10-01,768.7446899414062,786.7340352598479,763.7076732522426,779.9220932562247,1989799
2021-10-04,781.2652587890625,784.0955941506088,769.2244020926896,772.3905151415946,1709463
2021-10-05,768.9365844726562,785.966497962587,767.257578917311,781.936872917945,3499870
2021-10-06,787.357666015625,800.1660560796042,770.4236727001465,776.5160407106997,5215518
2021-10-07,791.0994262695312,796.9999548700241,788.0292330022754,794.4094774708062,1500439
2021-10-08,785.5348510742188,795.3210679536148,779.4904419472336,793.3542443131217,1747911
2021-10-11,783.1361694335938,792.9703449149956,780.0180162321735,788.0772663917786,1772719
2021-10-12,783.0403442382812,789.6124291251097,780.5937461221653,784.3355538393404,1246493
2021-10-13,813.7420654296875,819.3547177659327,784.8631345041365,786.7340381359072,7233280
2021-10-14,815.1331787109375,825.1112921795255,811.679247888231,825.0633323045842,2352197
2021-10-18,809.7124633789062,827.9896270972224,807.8895195711713,827.9896270972224,1914236
2021-10-19,809.0888061523438,827.0301921011546,806.0186127529156,814.5575789952208,1915361
2021-10-20,793.402099609375,817.3399335511227,789.180576473856,806.8821040230357,1535158
2021-10-21,781.7449951171875,804.7233977391073,775.2208707877184,803.1883303294916,2257911
2021-10-22,762.9880981445312,788.4609993603976,757.9510814639166,785.4388244874689,2948977
2021-10-25,756.9436645507812,768.1210089141371,742.2163525649994,760.829351291339,2954698
2021-10-26,776.0843505859375,778.9626457787758,754.2092602731136,754.2092602731136,1776800
2021-10-27,785.5348510742188,787.8854708900116,776.8040443973596,779.0586858897901,1930632
2021-10-28,776.8518676757812,789.1805417316381,773.2539987615354,784.8151391608326,1822874
2021-10-29,776.6599731445312,785.2948585778861,761.9327197457129,774.2613938574882,2220844
2021-11-01,791.4352416992188,796.3283200008998,773.3019589406327,788.1731504587219,1552830
2021-11-02,799.9742431640625,802.0850048887419,789.4204930997369,794.3136305377307,1251565
2021-11-03,793.3540649414062,804.9631646310543,786.7819229195298,799.2065746575307,1044563
2021-11-04,793.8338623046875,800.7417241351513,792.4906344159488,800.1660885023018,175837
2021-11-08,802.4207153320312,804.1956991931218,783.9036943924615,796.3283471838297,891122
2021-11-09,801.7492065429688,807.3618591454859,792.4906662556998,801.989064492804,1481130
2021-11-10,808.225341796875,811.6792727252704,797.0479383173977,803.0923467216234,1371873
2021-11-11,803.66796875,807.9854113023413,789.9960673342525,807.9854113023413,1411243
2021-11-12,813.5021362304688,818.2512761486324,805.9226026155784,808.0813238725844,1180441
2021-11-15,817.9635620117188,823.1924769864419,813.0704832994131,817.9156021339646,1190768
2021-11-16,799.5904541015625,823.19245202984,796.376322562509,821.1776687526947,1669041
2021-11-17,802.46875,812.9744809576375,798.7269427006582,800.0701705924905,1439354
2021-11-18,798.295166015625,808.8009552601771,788.9407065686656,803.2362628907222,1132067
2021-11-22,779.7781982421875,805.0112429607267,774.6932213957934,798.2952203366783,1951384
2021-11-23,787.6455078125,790.4278247553741,769.4642644165305,769.4642644165305,1025086
2021-11-24,766.5380249023438,796.3283696703675,763.707689467003,790.5717790462443,1634131
2021-11-25,775.029052734375,777.6195304947225,763.3239722106717,766.5860639917129,1767252
2021-11-26,735.5962524414062,772.3424726585671,732.1902818203762,767.7372124837193,2616604
2021-11-29,734.9247436523438,743.4637099199737,718.8542613335752,735.6443174875125,1584564
2021-11-30,747.0135498046875,757.6153176693741,733.1977675056461,733.9653012068593,3529356
2021-12-01,741.4489135742188,758.7666465588495,736.315976658458,757.855233158926,1263844
2021-12-02,741.8805541992188,749.2202300504212,732.5740550955762,741.4487982269604,1766820
2021-12-03,742.8880004882812,749.3162049958337,735.9800801004499,736.3638762283001,1408239
2021-12-06,717.2711791992188,746.4379288932242,715.3043557513524,745.4784971080144,1654143
2021-12-07,729.8397827148438,734.4450436477182,713.8172599267176,727.5850828471064,1741795
2021-12-08,740.8251953125,742.2643428328437,727.8248491981461,727.8248491981461,1002435
2021-12-09,745.9581909179688,747.4452984292072,734.9726855907074,741.6407480123343,935828
2021-12-10,738.4266967773438,750.2276960214849,734.3010932544296,749.9398781977876,1412794
2021-12-13,723.5075073242188,745.7183772361279,721.4927239389749,742.6002238414449,1944410
2021-12-14,709.4998779296875,723.3636803596688,702.6879349796856,722.4522083584242,2333787
2021-12-15,716.02392578125,720.0535509695087,705.3742564457016,711.8983808386082,1676700
2021-12-16,710.2193603515625,719.5738200117148,705.4701614276717,716.6955247316679,1452909
2021-12-17,696.8832397460938,708.8281769435039,691.7982630985771,708.0606432425883,1693819
2021-12-20,680.7647705078125,690.3590877824179,668.3401179253855,688.3443045783769,2520192
2021-12-21,677.0709838867188,696.1636401871313,676.2074719056922,681.7242043557499,2695789
2021-12-22,685.94580078125,688.4403001236616,675.2481124186406,677.5507722416912,1035751
2021-12-23,697.2670288085938,700.0013858900986,683.3552683438884,690.7908644543344,1095354
2021-12-24,689.7835083007812,699.4257862345881,685.0343091515718,699.4257862345881,931510
2021-12-27,689.351806640625,695.1083979278119,678.0784820365508,681.1966356504437,691930
2021-12-28,697.4589233398438,699.9534224696704,690.2152253291293,692.997542272541,819253
2021-12-29,697.1710815429688,699.3298029091953,690.7908371924955,698.4662909390788,783940
2021-12-30,698.46630859375,707.9166878344757,695.8758311769874,699.4257403363239,2230935
2021-12-31,713.2896118164062,714.776719453791,699.473769922798,700.3852418808958,865277
2022-01-03,717.6549072265625,718.9981350220023,709.9794536733373,716.6954755324093,925699
2022-01-04,708.8761596679688,726.0020523769167,701.3926033644691,721.4927112199779,2352482
2022-01-05,703.839111328125,713.337509116586,697.0271692981839,710.2193559160091,2076552
2022-01-06,696.019775390625,705.1343770240233,693.2373998894346,703.263473397986,2077754
2022-01-07,706.2376708984375,714.4408590124384,695.6359620257392,696.0197581402074,2107056
2022-01-10,702.2081298828125,712.8577990151316,701.3446178735683,710.411259734363,1592097
2022-01-11,708.684326171875,713.4334667592684,701.1047914889075,706.5735644891057,1905347
2022-01-12,706.2376708984375,713.1455910454073,703.4073941507297,712.8577732390888,1817215
2022-01-13,700.5770874023438,709.4518312398368,694.244802609881,707.1012117007954,1604671
2022-01-14,731.5667114257812,745.4784718397797,697.5068842053023,700.5770775257222,8733345
2022-01-17,734.0611572265625,740.0576052452054,728.4485053047379,736.8435325308379,1857366
2022-01-18,701.7763671875,738.7624495403359,698.8501120537316,732.8139609620938,2674149
2022-01-19,688.5361938476562,708.0606058286552,685.0342446634957,705.1343508090624,2426249
2022-01-20,694.1008911132812,715.975922666868,688.1044428497396,698.5142536116218,5297725
2022-01-21,697.0751342773438,712.8098385821519,683.1154138659142,691.7502997153429,4854277
2022-01-24,663.3990478515625,695.5879690524532,660.5687126794676,695.5879690524532,3114690
2022-01-25,679.0377807617188,681.1485421982587,647.6163928140729,662.0078682099413,2030546
2022-01-27,677.3108520507812,680.7168230334978,659.6093246448621,671.6022214565869,3118535
2022-01-28,688.7760620117188,700.2892427653852,677.8385168721095,677.8385168721095,2074152
2022-01-31,697.794677734375,707.0532172492367,692.7576612080551,696.5474282110993,1682459
2022-02-01,706.2376708984375,709.0200463306685,687.9605082088984,702.3040242409328,2063749
2022-02-02,712.3301391601562,714.680758740848,704.7985645264733,711.5145870089818,1771997
2022-02-03,708.1566162109375,737.8030834290497,703.599314980394,719.5738785068755,8154082
2022-02-04,704.031005859375,716.263760661818,692.9016209921516,710.9389261655091,1931658
2022-02-07,676.2074584960938,706.8613133877344,673.5690212896923,699.4257176242394,1908753
2022-02-08,668.81982421875,681.1965167495149,663.3030918647927,676.4952779286036,2410446
2022-02-09,671.7941284179688,680.2371161734706,668.2921790789213,677.3588209005222,2206837
2022-02-10,678.0304565429688,682.1560015210856,670.6428200608141,677.5987005263947,1770292
2022-02-11,672.5615844726562,674.5763675075093,662.0078363568228,666.8049945912926,2013324
2022-02-14,666.1334228515625,672.3697289507443,656.2992478490065,661.0484465132732,2069409
2022-02-15,673.5210571289062,677.3587839501536,661.1923831392749,664.8861717810997,2209622
2022-02-16,672.5615844726562,679.6133836537025,667.8123861087191,676.879026883679,1217196
2022-02-17,691.1266479492188,696.6913990290855,673.0413826168548,673.0413826168548,3442092
2022-02-18,688.392333984375,695.2042765137626,683.3073570270363,686.5693900944464,1686289
2022-02-21,684.2667846679688,692.0861188533235,675.9197161351807,681.6763070461972,1542807
2022-02-22,686.185546875,687.8165924371724,662.0078569107934,662.0078569107934,1861977
2022-02-23,693.9089965820312,701.5364905238162,685.1301728559846,685.9936848339472,1816654
2022-02-24,650.2069702148438,685.5620101243071,646.7050205723332,670.6428567118452,3091298
2022-02-25,680.7168579101562,684.4106468937929,657.7864146076663,662.0079379253106,1771881
2022-02-28,689.4476318359375,691.5583933968617,666.3733099699712,671.1225088422839,1935344
2022-03-02,682.156005859375,689.4476640736251,673.0893636899365,683.0674777759236,1938441
2022-03-03,659.1776123046875,689.5916123453322,656.7790327834863,683.2593858329893,2112330
2022-03-04,642.7713623046875,660.4728911721679,630.8264243821392,660.4728911721679,2833168
2022-03-07,633.0810546875,646.1773222821017,623.822572881558,632.2655610748404,2137318
2022-03-08,655.9635009765625,659.849187862851,631.3060932224731,632.2655249750909,2850859
2022-03-09,670.7866821289062,677.2628459653657,650.782496476405,657.2107004407032,1920634
2022-03-10,694.8204956054688,697.9866087167001,676.9270697728157,676.9270697728157,2574455
2022-03-11,687.3848876953125,696.5954090542131,678.7500019616933,694.9164034948982,2305707
2022-03-14,692.9495239257812,694.6285293489312,680.8607083027257,690.7908026674455,1584725
2022-03-15,718.2306518554688,742.6002440101811,694.3887940599077,694.6286520198594,9386502
2022-03-16,717.5111083984375,724.8987455900009,710.555227264908,723.4116378870613,1959778
2022-03-17,740.9691772460938,743.0319790670541,723.6514447384462,727.2493140361183,3099238
2022-03-21,717.4630126953125,742.4561967387893,715.0644334481638,740.6812715195248,1889226
2022-03-22,722.356201171875,727.2492797624809,701.7284181706965,719.5738256225076,3047970
2022-03-23,718.4224853515625,729.1681327032127,714.8725761515888,728.6884168264343,1103251
2022-03-24,710.459228515625,721.1088977814284,708.732263034558,717.6549668192944,1179087
2022-03-25,703.5993041992188,709.9795492478447,679.8533665723482,709.9795492478447,2968621
2022-03-28,711.1788330078125,715.9280322048053,698.6102996524831,704.2229523477023,1833105
2022-03-29,713.0496826171875,717.4150853330108,705.7579662399813,711.8983528145691,985708
2022-03-30,734.7808227539062,750.9952436449239,718.6144203002849,719.5738521030889,8328100
2022-03-31,745.8622436523438,748.356742704399,734.8287788560609,736.7956021731505,2892133
2022-04-01,757.7592163085938,760.3496938543593,747.3973646846006,748.3088365972493,3082307
2022-04-04,756.128173828125,762.7482766338579,750.035805356627,759.8699812503339,1565651
2022-04-05,773.9256591796875,777.1397321792709,756.2241313460128,758.9105285849423,2912280
2022-04-06,776.420166015625,779.5383192927961,764.7150866171994,777.571495860548,2004175
2022-04-07,772.24658203125,785.1029313974179,769.5121666100233,776.1802284924446,1965237
2022-04-08,784.52734375,786.5900868509333,771.3831172296713,777.6194235256824,1406219
2022-04-11,788.1731567382812,790.5717360345025,776.6599761164196,784.5273279198381,1231236
2022-04-12,779.1544799804688,789.4683710180183,769.99191872404,788.1731616136731,1193490
2022-04-13,784.4313354492188,790.0920059097202,778.1470695183981,779.154461092809,1036739
2022-04-18,788.9407348632812,791.435292607375,776.180304000063,783.0882244742999,1480954
2022-04-19,759.2462768554688,802.900420613223,753.009970604361,791.5311780252143,2460482
2022-04-20,777.5714721679688,780.4497674130406,759.9658644501727,767.5453986858219,1522453
2022-04-21,786.7820434570312,788.6529471968671,771.6230325828228,779.0586291044477,1344250
2022-04-22,782.5125122070312,788.2691027094637,770.5196153269635,784.815171831631,1880668
2022-04-25,760.5895385742188,777.0438169162287,757.5193451866719,769.464282480635,1193621
2022-04-26,788.7008056640625,790.9074868297689,762.7481902728796,765.8663432519826,1285209
2022-04-27,766.2022094726562,784.6712715603766,763.9955280519114,781.8409946071765,1186809
2022-04-28,778.7227172851562,785.774516445013,767.1615191275754,777.9551251226992,1802590
2022-04-29,790.3319091796875,801.3653743761263,780.0180178004078,781.9368813128319,2268921
2022-05-02,790.9555053710938,795.0330900366405,777.1396656689102,789.9000953810439,1439813
2022-05-04,770.7114868164062,798.2471888154842,768.3129075230905,790.9555311874301,1817504
2022-05-05,744.8547973632812,779.058561832896,741.1610086402859,777.1396983801056,5079723
2022-05-06,733.9173583984375,746.9176474221015,731.9984948212452,738.7624772190342,2003395
2022-05-09,727.4891967773438,736.8436572700297,723.4116114343781,732.0464980430112,1742459
2022-05-10,715.544189453125,741.1130690862525,712.9057521331953,728.6404563011301,1326184
2022-05-11,713.9131469726562,728.0168055126182,708.06063667848,715.5441926713984,1287768
2022-05-12,708.1085815429688,717.6549390347225,698.4663043011737,711.8983486146578,1488552
2022-05-13,707.6767578125,730.3673396366587,705.2302188299626,716.6954386976474,1481400
2022-05-16,705.662109375,714.2490359459663,700.3852343218899,709.0201207724338,829085
2022-05-17,704.4627685546875,712.6179385005028,691.7982576329022,707.1012058900983,2536701
2022-05-18,723.6993408203125,727.1533301770372,704.0309903935479,706.9572454525461,2750146
2022-05-19,692.0381469726562,716.1678802131627,689.4956878331587,714.776692388646,1504820
2022-05-20,709.595703125,712.617936579222,701.7284095751489,705.1823404722022,1205301
2022-05-23,700.0973510742188,718.3745139750598,698.5142652825671,714.7766449568207,970827
2022-05-24,686.1376953125,708.0606891616962,681.1965979739896,705.182393677299,1513724
2022-05-25,687.14501953125,694.5806154689778,681.2444909441365,690.5030305999013,822598
2022-05-26,692.9495239257812,695.4440228451223,669.6833059192735,692.9974837974875,1339748
2022-05-27,696.019775390625,701.9202455231216,693.2853597651655,700.385178145334,1039408
2022-05-30,719.7177734375,722.4521305878105,699.5216876143176,701.3446314205703,1145649
2022-05-31,728.92822265625,748.3087544044644,712.8577419329961,722.4520587826999,6125585
2022-06-01,730.2235107421875,748.8365108611466,727.009437674611,729.1681591985541,1641729
2022-06-02,727.4891967773438,729.647918429502,716.6955885165522,726.2899069705891,630109
2022-06-03,723.315673828125,739.7219345561306,721.5406898224763,729.1681845170677,1747685
2022-06-06,732.6701049804688,738.7624733827902,715.0644966157104,726.0500022499045,1441390
2022-06-07,725.906005859375,731.0869604991362,715.8319729391113,731.0869604991362,1346609
2022-06-08,726.4337768554688,733.8213545230738,709.1159868272804,723.7473210937211,2461233
2022-06-09,729.55322265625,734.1951187985399,717.8517109575541,724.331052605604,882672
2022-06-10,731.6807250976562,745.9933219883143,722.4452741083514,725.2981252058102,3230970
2022-06-13,711.7109375,729.3115184301269,702.0886365304465,727.2323067092228,1455794
2022-06-14,711.6141357421875,724.3310530064035,707.5525135060063,709.8250906631512,1209734
2022-06-15,713.4515991210938,721.8650692959219,708.3745121737732,714.6604293466462,842942
2022-06-16,701.0731811523438,724.0892965705727,695.3674789450279,724.0892965705727,1060953
2022-06-17,688.211181640625,704.5061879088557,685.4550135756594,699.235676825764,1329315
2022-06-20,693.2398681640625,698.9455698956225,681.7801823264115,694.7872061204571,1028878
2022-06-21,703.2974243164062,708.8580433467525,696.286209017274,696.286209017274,816577
2022-06-22,685.6001586914062,703.0556552456873,683.7143717451181,703.0556552456873,1190195
2022-06-23,694.7872314453125,695.996061599882,683.4725693935605,686.615527795441,714841
2022-06-24,704.9898071289062,710.7921923727655,696.3829120738823,698.2203576777371,1013159
2022-06-27,705.3766479492188,712.8229950361316,700.6380097803521,710.8888666447435,695465
2022-06-28,712.5812377929688,715.6275136570154,698.3170407302107,705.9568715805692,878300
2022-06-29,696.2861938476562,719.3023090059714,692.4179372151693,706.0051768317974,1741451
2022-06-30,683.0857543945312,698.2203322987845,679.9427958350145,698.2203322987845,2030048
2022-07-01,695.8510131835938,699.1390549784816,674.0437279091622,676.9449204252705,954981
2022-07-04,706.1019287109375,707.7458905832098,691.0156922146022,699.1873962720031,1281683
2022-07-05,705.0381469726562,714.9022136703516,702.185295762428,707.8909981828845,1367769
2022-07-06,725.2498168945312,727.087203480609,697.495062231931,697.495062231931,1351519
2022-07-07,729.9884033203125,734.5819583682278,725.2981654603022,728.1993581221434,2064199
2022-07-08,736.3226318359375,739.1754237206424,730.1817393652595,731.5839941199755,1456394
2022-07-11,740.6744995117188,744.6394391491705,733.4215179615645,736.4677347976804,1287117
2022-07-12,731.5357055664062,736.9028999222749,727.3773414269456,734.9687715760222,609080
2022-07-13,737.4347534179688,742.7052648235872,732.0675592076243,733.03462335453,697646
2022-07-14,740.6260986328125,753.149591906809,734.2918398878311,739.8041176675922,1697611
2022-07-15,764.5125122070312,766.5433822313308,741.0128663894819,741.0128663894819,3002946
2022-07-18,768.1873779296875,771.6688442573839,761.85311960175,771.5237610260548,1335985
2022-07-19,761.3212890625,767.2203570540347,758.3717550667326,764.8510969913964,1184051
2022-07-20,768.8160400390625,774.8118498921489,761.56305852926,764.9477832338346,1173216
2022-07-21,791.3486328125,793.6212691254707,767.2203689200109,768.8160484796517,2245980
2022-07-22,777.5679321289062,796.8608740768912,774.7634814579036,791.3485965167652,1746104
2022-07-25,781.3394775390625,786.9967791033596,774.8601360473197,777.5679038129241,940240
2022-07-26,764.8026733398438,783.0318683141311,762.2883301140378,779.3570362822176,1146412
2022-07-27,775.1986694335938,777.2295397479843,761.1278965781681,763.9807478847465,1056918
2022-07-28,780.0339965820312,783.225355811181,772.2974826202956,777.5196531544341,1192580
2022-07-29,784.9176025390625,787.8671362472129,777.3261139181868,782.3548590570333,867439
2022-08-01,784.3856811523438,787.6737227578591,773.1194196119437,785.2560624670124,1269287
2022-08-02,784.8692626953125,798.7950104585503,779.695492956666,786.2231761535126,2161684
2022-08-03,785.9814453125,788.544189107121,775.1503142365233,784.8692978488156,908414
2022-08-04,763.25537109375,771.717182303215,755.3737747572553,766.2049049103528,15358133
2022-08-05,758.9519653320312,767.2687527900204,756.3408802112101,759.1937313797941,2109882
2022-08-08,762.7235107421875,767.7522561524361,755.2771049447916,755.7606370222211,947150
2022-08-10,764.5125122070312,767.5587877310264,760.4508311833405,762.7234672325633,1185175
2022-08-11,747.9757690429688,772.2490552871301,746.1866649734353,768.3807987366717,3371339
2022-08-12,738.3052368164062,750.3451989146539,735.5007267927465,747.9758796222405,2257305
2022-08-16,753.8265380859375,754.8902850877673,740.0942147468684,742.0283431319509,1804736
2022-08-17,767.3654174804688,770.3149513885492,754.7935832936432,754.7935832936432,3021532
2022-08-18,781.2427978515625,786.9968417017224,764.9477895352715,766.8819179538183,3191360
2022-08-19,761.0311279296875,782.8384122281582,758.2749597477862,780.5658351355452,1767351
2022-08-22,767.8005981445312,770.7017906113348,754.406724174508,760.0157434969242,2166778
2022-08-23,782.693359375,784.9176541773917,761.0794988684345,765.8181368932093,1890327
2022-08-24,779.16357421875,786.2231304981922,772.2007007414593,778.4866175289602,1355374
2022-08-25,775.4404296875,785.1594724248484,771.2337238944061,781.3878983155864,1267482
2022-08-26,775.537109375,784.0956035198762,772.4908336828039,779.3570245846854,1254230
2022-08-29,779.5987548828125,789.8012694251961,758.0331780376487,763.9806459164555,2181301
2022-08-30,782.9835815429688,787.1419459488319,779.7438809404987,782.3549661801997,2692962
2022-09-01,810.78662109375,814.268028484431,779.4537184779708,782.9835262969242,6228307
2022-09-02,806.2413940429688,819.1033354390962,803.3402015915907,817.1692071381775,1885440
2022-09-05,809.867919921875,813.446069239584,801.7445570938285,806.5315366523232,1553679
2022-09-06,791.3002319335938,817.9428371646892,789.1243376203025,813.9295564017874,2620566
2022-09-07,797.9246215820312,800.245599195706,787.2385743282675,788.1572970930517,1321905
2022-09-08,792.1221923828125,804.2104938110992,788.1572531242981,801.937916752545,1094898
2022-09-09,789.4144287109375,799.7620265915292,786.3682121503532,799.7620265915292,884012
2022-09-12,798.3114624023438,803.6303152711662,793.3794588066733,793.3794588066733,1300582
2022-09-13,821.0374755859375,823.938668079174,802.3731490177651,802.6149150588681,3310733
2022-09-14,812.5756225585938,832.7872861703124,810.9316017582538,815.1383660730862,3818926
2022-09-15,809.8195190429688,820.0703751220302,802.8566455624224,816.6856506964086,1697675
2022-09-16,769.0094604492188,812.0438171703813,765.141203665294,812.0438171703813,4786431
2022-09-19,766.8819580078125,775.7789610027985,761.4180213300721,772.87776822345,1707558
2022-09-20,777.7130737304688,786.1265444247231,769.7347937492635,770.7501993964335,1547208
2022-09-21,777.7130737304688,784.2890987584788,771.8139464506274,777.7130737304688,1082534
2022-09-22,776.7459716796875,781.1461019531782,762.046584140024,774.1832279580834,1255234
2022-09-23,755.8089599609375,779.7437972089785,753.8264902968899,776.5524973808884,1229421
2022-09-26,755.132080078125,760.064143064067,736.9029429600125,753.3430348633199,1431943
2022-09-27,771.5721435546875,775.0052686632376,755.3254769008545,758.9519676282688,1830866
2022-09-28,767.5105590820312,777.7130750276058,764.0290923967484,769.7347950330936,1415083
2022-09-29,766.4950561523438,777.2295041150612,764.2708203122934,771.3787775494133,1136839
2022-09-30,776.407470703125,779.4537465483605,761.0795267165753,764.9477835232669,1436359
2022-10-03,752.32763671875,778.293287932274,750.4418496472562,776.4075008607801,1652675
2022-10-04,759.2904052734375,766.3499614314479,755.4704902556037,760.8376842307051,1238967
2022-10-06,768.1390991210938,773.2645276886502,758.2750322595249,763.9807347747712,2067042
2022-10-07,755.180419921875,767.7522538981266,753.3913158256922,761.9498689860104,1053907
2022-10-10,732.212646484375,749.5230593946633,730.1334349470776,743.9140991166086,2334168
2022-10-11,718.1417846679688,734.8236405699272,715.8692076188249,733.0345955759126,1956824
2022-10-12,732.406005859375,734.0016853069633,714.4669777928893,720.9463193627683,1372962
2022-10-13,732.454345703125,735.162113277416,724.4760671749119,730.0850269412805,1198492
2022-10-14,736.1776123046875,743.6240183490739,734.968782071018,743.6240183490739,1278730
2022-10-17,738.0150756835938,746.5252289290568,732.3577146385186,736.1776300740995,940646
2022-10-18,748.8461303710938,750.4418098912662,738.4018489456311,741.7382321992283,1361691
2022-10-19,739.368896484375,751.4088571588918,736.0325133059071,748.9428553399938,1115277
2022-10-20,745.31640625,746.5735779311703,730.6170182992217,736.4677450259531,955562
2022-10-21,736.564453125,755.1320380808571,730.1817941496251,747.5406079106175,1692279
2022-10-24,745.55810546875,750.4417675375627,739.6589788399131,744.6393827370144,292558
2022-10-25,741.6898193359375,751.2153770600637,739.4655837228069,744.6393530201917,871995
2022-10-27,744.6878051757812,753.8265740361094,734.5819720767923,749.2330189024705,1692389
2022-10-28,736.2742919921875,747.9758040194506,734.4852468639064,747.9758040194506,1598314
2022-10-31,744.7845458984375,747.0087818390407,736.8062659414422,739.997566119257,997865
2022-11-01,749.3296508789062,758.6618437588173,742.1250700096036,747.5406057687263,1893673
2022-11-02,742.7536010742188,752.5693257071945,739.5139598145192,750.4417727937764,1073726
2022-11-03,737.628173828125,744.63938885304,731.7291061757471,742.753601972391,1573795
2022-11-04,739.1271362304688,741.7382213047117,734.1951325540532,735.9358362619108,940199
2022-11-07,746.7185668945312,750.8769307110268,739.1270783101453,742.8503105024594,1004208
2022-11-09,744.7845458984375,756.0508088470019,740.6261224584944,752.8595086691872,1256533
2022-11-10,743.3822631835938,746.2834557868666,736.9512626363731,744.639434840029,839329
2022-11-11,747.7340087890625,754.1649499389686,744.6877331220625,747.1053934847891,921004
2022-11-14,742.4635009765625,749.4747160623067,741.2546707893653,747.8790366052417,708750
2022-11-15,747.2988891601562,748.507719456436,738.3535449676859,742.4635679750371,756436
2022-11-16,744.2041625976562,748.7010342499458,739.6106081458174,747.2987795070345,1071710
2022-11-17,760.1124877929688,763.448871204677,740.7712031163029,740.7712031163029,2944879
2022-11-18,750.1516723632812,766.8818703399911,743.9140967957605,763.3520625853342,1417103
2022-11-21,745.55810546875,749.9098940691612,737.1929771046622,748.7977467057585,760664
2022-11-22,745.8966064453125,751.3122013859992,740.9646026300527,745.606498989988,868523
2022-11-23,744.7845458984375,750.4418480761583,739.8041414668313,747.6373381782781,875779
2022-11-24,766.64013671875,768.8160311465232,755.5188985323538,761.9014985771895,6211909
2022-11-25,763.15869140625,773.1677816677823,754.3100308953973,772.442483561152,2385612
2022-11-28,777.8096923828125,782.2582229354745,759.145365892601,763.0136225340921,2043706
2022-11-29,778.5349731445312,785.1593979103307,776.6008448669099,778.4382903406146,1278339
2022-11-30,791.1068115234375,794.8783852965714,777.7613381356659,778.5349776462057,3390682
2022-12-01,786.4166259765625,794.8300963935632,783.467091946298,794.8300963935632,966282
2022-12-02,769.3478393554688,785.7395877919251,766.1081982034594,783.3219275217962,2882169
2022-12-05,774.1348266601562,776.5524869557845,762.6267400430021,769.3478474698304,1540201
2022-12-06,771.3787841796875,773.6513614439633,767.4137855373384,773.6513614439633,826214
2022-12-07,773.022705078125,779.9372373640387,770.7984693369979,773.5546375808195,2020441
2022-12-08,777.7130737304688,781.3395646310166,770.2666672763604,774.1832656439688,805216
2022-12-09,776.8425903320312,783.2252488941251,774.6183546766432,777.7129716438789,1080966
2022-12-12,783.3703002929688,786.2231513309478,772.8776779103862,776.5525098631624,948219
2022-12-13,781.0010375976562,787.6254628953102,778.1965867848912,785.2561437600167,1224742
2022-12-14,788.5924682617188,790.0914058803774,780.7592132780682,781.7746778494958,971275
2022-12-15,778.3899536132812,788.5924685340227,775.6337853861722,788.5441271317741,783051
2022-12-16,775.1502685546875,778.4383103210031,768.8160100878767,776.8426308410445,849333
2022-12-19,782.2098388671875,783.3219862848412,772.1524068039104,774.7634918965092,1120217
2022-12-20,781.6779174804688,783.2735968906566,773.7479798804345,781.8713421097202,677159
2022-12-21,776.1657104492188,785.1594548118751,774.6184313249527,782.3549449961133,811513
2022-12-22,772.3458251953125,782.3549157735504,761.0795039725391,776.3107646937176,1017965
2022-12-23,753.3430786132812,771.6206172242646,750.2484610938396,766.9303200233378,1216647
2022-12-26,749.7648315429688,757.8881940980166,747.5405957796547,753.3429807404282,1014226
2022-12-27,752.2308349609375,755.2771106818471,745.2196197849537,753.1495577200144,601101
2022-12-28,754.455078125,757.1145043890727,747.6856294528149,752.3758667085799,610240
2022-12-29,750.5384521484375,753.3429617520873,737.9666183836401,753.3429617520873,1691955
2022-12-30,741.6898193359375,756.5342295816365,739.8040325460346,752.375865778843,715796
2023-01-02,737.1929931640625,745.6064631131229,733.1313119102149,744.5427161531467,1061086
2023-01-03,741.88330078125,742.6085989079247,734.0983870016786,739.8040892081509,785495
2023-01-04,737.1447143554688,742.2218015976678,734.3886048910989,742.2218015976678,1004383
2023-01-05,738.6919555664062,755.2771299819943,735.0654648654684,736.9029104305757,3198519
2023-01-06,736.2742919921875,745.4614017291291,734.0500561766474,738.6436110451183,603050
2023-01-09,741.6898193359375,743.4788643014124,736.0324589662288,739.9974571699825,729173
2023-01-10,743.9141235351562,747.347189583342,739.3689100654154,741.6898877169594,873061
2023-01-11,734.2918701171875,747.2988960297084,730.6170377876995,746.5735978452733,688374
2023-01-12,729.4081420898438,738.6919344083675,727.2322477316043,734.9687610053447,763021
2023-01-13,728.1026611328125,732.6478156612636,725.2981513376743,730.2301551568047,1067599
2023-01-16,722.638671875,730.133418890097,720.5594603834284,727.3289093002902,838829
2023-01-17,725.3464965820312,728.0059231510123,717.1747922287244,719.4957699352558,1427736
2023-01-18,725.7816772460938,727.9092302768479,721.9617618766578,725.2981451493275,747592
2023-01-19,714.1769409179688,727.9576063317548,713.3065594923944,725.4916043258502,1140422
2023-01-20,714.1285400390625,718.4319873517187,711.759221044462,713.6933493625176,878832
2023-01-23,717.996826171875,719.399081065055,709.8251218873982,714.8055261209608,682160
2023-01-24,716.4979248046875,724.814653725797,715.6275433717009,719.3507171157623,653737
2023-01-25,715.6759033203125,718.0452225937876,707.1174081155259,715.9660107971848,868627
2023-01-27,711.033935546875,721.3331926333097,701.7984844692019,715.675831787625,772860
2023-01-30,711.4208374023438,715.96599214642,703.587581581333,711.7592862790584,1295677
2023-01-31,705.4733276367188,715.0472867416858,701.1698801799424,711.7592448809115,2189899
2023-02-01,716.4011840820312,723.750907791719,707.1657323061279,712.968117801973,933031
2023-02-02,712.871337890625,718.2868733391591,708.6645735641675,714.466958269701,704702
2023-02-03,702.6688232421875,716.594571314954,696.7214138344817,712.8713977595182,1752697
2023-02-06,705.715087890625,708.3745143951803,697.2532762852218,704.4095748528996,852170
2023-02-07,704.2161254882812,710.7438084975676,698.2203159562508,707.6975328166027,1244247
2023-02-08,700.541259765625,707.7458401124563,697.3499010060602,707.7458401124563,1521104
2023-02-09,698.1719970703125,702.4270440504991,697.0598496525279,700.6379989261465,688243
2023-02-10,702.6688232421875,704.0227367304811,695.4642421810173,698.2203515376475,651630
2023-02-13,694.1586303710938,705.473292654566,692.4179267178467,702.6687830285655,599763
2023-02-14,697.2532958984375,699.9127224778005,691.4509106343728,694.3521032664052,563171
2023-02-15,704.1194458007812,705.7634668050481,693.5784810556198,697.3016547499127,727403
2023-02-16,708.47119140625,711.275701125343,704.1194026162241,708.0844011509732,837121
2023-02-17,702.330322265625,710.5987087468683,700.299511208797,707.1173014994743,624402
2023-02-20,698.02685546875,705.4249194425871,694.9322385442395,703.0072591929552,1316763
2023-02-21,702.281982421875,705.9568143078103,698.2686426757774,701.5566843249834,673449
2023-02-22,697.6884155273438,709.8250583300487,696.1410775329322,702.0885454327184,1690647
2023-02-23,692.5146484375,701.0732020030143,691.4509014298814,699.1390736074063,1165270
2023-02-24,692.5630493164062,697.5917359283164,690.0969883904753,693.3850302751069,1040351
2023-02-27,686.9056396484375,696.7697055781906,676.9448909156605,696.2861735132509,1064436
2023-02-28,691.740966796875,694.110285742322,682.3120914419636,688.5496669432717,2395442
2023-03-01,691.692626953125,693.2883063959767,686.180349543623,689.4683912334764,991540
2023-03-02,684.0528564453125,694.6905629281118,682.602260106749,693.2399665895482,969963
2023-03-03,686.470458984375,689.7585006838242,682.9407102738454,685.6484780719683,873264
2023-03-06,690.0969848632812,695.0773890697117,686.5672359719974,689.5167699571539,739338
2023-03-08,696.7697143554688,699.3807993440176,687.3891803724879,689.5167332900058,1026628
2023-03-09,685.8902587890625,699.0423078185495,684.7781113897322,699.0423078185495,905544
2023-03-10,681.2000122070312,686.8089724830583,678.2504193238126,683.7143553920018,970983
2023-03-13,671.2876586914062,684.004517897678,668.9666809300381,681.7802819742346,1158330
2023-03-14,670.4656372070312,676.944979530377,666.7424634295813,673.0767225044891,1501579
2023-03-15,664.9049682617188,676.8965877597318,663.9862454814421,673.0766724258951,1119482
2023-03-16,671.1425170898438,673.5118360516993,666.3071963615307,666.3071963615307,974834
2023-03-17,682.940673828125,685.3099926593835,671.5293293432835,675.0107364658087,2111478
2023-03-20,679.4592895507812,683.4726296276091,668.241368337712,668.241368337712,1018438
2023-03-21,677.8153076171875,682.7473113270065,676.9449262449073,680.9098657743764,721243
2023-03-22,687.4859619140625,692.6113903580763,677.9120027446502,677.9120027446502,776214
2023-03-23,683.8594970703125,690.4355220602529,682.5539249387232,688.114544287372,587643
2023-03-24,679.2174682617188,686.325425033904,675.8327438058906,683.714340077283,960470
2023-03-27,676.3163452148438,684.1012594813768,674.2371925366023,683.6177273666813,3695292
2023-03-28,673.125,676.6064664076893,667.2742736088469,667.2742736088469,1113702
2023-03-29,674.5756225585938,679.8461342664962,671.9161960020748,673.1250262550379,1160832
2023-03-31,685.5033569335938,687.5825683381095,675.5426086065323,677.0899465662604,972962
2023-04-03,693.433349609375,694.8356044574518,685.9386023100775,686.615559032416,797533
2023-04-05,703.4425048828125,704.409569058332,691.4508854964062,693.3850138474451,947741
2023-04-06,706.4404296875,707.3591525235623,698.7039157415726,703.3458123041456,738748
2023-04-10,696.914794921875,706.5854363055136,696.2861796219743,703.0556285905212,916628
2023-04-11,693.6751708984375,702.0403002248196,692.1278917169288,702.0403002248196,776167
2023-04-12,694.7389526367188,699.76763931286,692.7564237846807,697.1566131636771,702063
2023-04-13,695.8993530273438,699.8643515387519,694.0136251160305,698.220330644993,502380
2023-04-17,689.710205078125,695.560931732624,688.066184119238,693.3850372642215,1180651
2023-04-18,683.7627563476562,696.1895671968209,683.424307474979,692.6114177181727,1323608
2023-04-19,677.7669067382812,685.55182060486,675.2525634810062,684.6814392331577,1235220
2023-04-20,680.23291015625,681.1999742542686,673.511802870039,675.9778045150048,1263116
2023-04-21,677.331787109375,681.7802588050879,674.0437452299947,680.232979700035,966029
2023-04-24,708.4228515625,710.7921706028254,682.7473094497888,682.7473094497888,6009290
2023-04-25,710.2603149414062,713.6933810534147,704.3611878944441,711.7592526494759,1783879
2023-04-26,722.1068115234375,724.3310472601084,700.1544435464867,709.7767436294904,3725680
2023-04-27,729.1663818359375,730.3752120445515,717.7066950682422,718.5286760001347,1664942
2023-04-28,738.6919555664062,739.8041029913261,726.7487364679497,733.0346536829087,1261145
2023-05-02,753.9232177734375,757.2596010288727,739.7557628263195,742.6569553919303,1438425
2023-05-03,755.6640014648438,760.9344542184322,749.1846594171839,752.2792767112066,1189150
2023-05-04,749.958251953125,756.8727842690405,743.5756521422121,747.5405915664289,1001352
2023-05-05,750.68359375,756.437637610136,749.4747634863124,752.2792733080338,617459
2023-05-08,762.9169311523438,763.787253471949,750.8286292835649,751.2154195284188,1048005
2023-05-09,763.0136108398438,766.1082279105896,759.1453542576392,763.6422261444164,652399
2023-05-10,765.0928344726562,765.9148153994206,758.9519416362616,763.013622916847,476497
2023-05-11,763.4488525390625,765.4313223649679,760.1124692089257,765.0928735013676,968940
2023-05-12,763.0619506835938,769.0577601787467,758.9519280733961,762.0465451378212,747655
2023-05-15,761.0311279296875,765.3345751076347,758.3717015756079,763.0135975886557,803643
2023-05-16,760.354248046875,763.6906314331133,758.9519931135383,761.5630783299384,658173
2023-05-17,752.6177368164062,760.6926995249967,747.3955663656963,760.3542506545447,907649
2023-05-18,750.73193359375,760.1124682254336,749.4747619271134,757.5981248921604,1004449
2023-05-19,748.2843017578125,754.5896682790718,739.4861325652842,754.5896682790718,1233831
2023-05-22,748.9197387695312,750.7771540327899,743.1520854954258,748.2843511968218,548104
2023-05-23,752.7811279296875,754.2474894773719,744.9605330087035,748.8708304691954,826476
2023-05-24,753.8565063476562,757.2290902225978,748.3820540245764,750.1906024258458,861728
2023-05-25,762.8012084960938,764.9030170915056,747.8932005356324,747.8932005356324,980266
2023-05-26,771.990478515625,773.2613132412744,763.6322297305582,766.4182927701125,961268
2023-05-29,776.4384765625,779.1268061949166,772.5281789153486,773.2613597241896,1171159
2023-05-30,773.1636352539062,779.1268153694683,770.5730391656002,774.7765972525053,601270
2023-05-31,780.7398071289062,782.0595086832471,769.399908453156,769.399908453156,2201928
2023-06-01,775.8518676757812,783.4769352885378,771.6482504493333,780.9841327548444,703293
2023-06-02,778.1980590820312,781.9128297250437,775.2164692106558,777.6604051161117,697200
2023-06-05,774.6788330078125,782.4994280845949,772.8702845964634,779.0779177385026,774985
2023-06-06,774.3366088867188,778.1003058860301,766.8582010044966,775.1675828734561,744002
2023-06-07,804.6414794921875,805.5213203348443,773.7501517536763,776.1940877983816,3971089
2023-06-08,789.000244140625,806.303322290889,787.1428886516386,806.303322290889,1117198
2023-06-09,783.037109375,793.6437679512819,781.0819605376092,792.5195931696267,835145
2023-06-12,782.7926635742188,789.7334176175881,781.4240356127415,784.9433390852245,3168760
2023-06-13,801.5132446289062,802.6862861321714,784.3567668136033,784.3567668136033,2697513
2023-06-14,843.1578979492188,845.6018338853034,797.7006895380435,804.3481833509129,7652583
2023-06-15,845.601806640625,852.835880644921,836.8036375541908,844.6242322976879,3106263
2023-06-16,843.4022827148438,850.9296172524761,832.9422250846069,848.5345481269017,1754715
2023-06-19,837.78125,850.4897170361727,835.6794412005323,847.0193398941913,1308412
2023-06-20,839.6386108398438,847.5569389985288,828.2987128803916,837.7811957574847,1178858
2023-06-21,840.8606567382812,857.5282885769731,833.9198425935097,839.7364222947232,1439299
2023-06-22,823.0198364257812,842.6690562133845,821.7489420881624,842.6690562133845,988651
2023-06-23,821.993408203125,827.2234670291598,812.999771479996,823.1176426267192,806171
2023-06-26,843.2067260742188,846.5793694446633,828.8363714956306,834.84847748931,3022935
2023-06-27,835.0440673828125,848.6323157912905,833.4799125374064,844.5754178167073,1131450
2023-06-28,835.7771606445312,840.7138989317224,831.9157302219718,835.3372402757637,914411
2023-06-30,841.59375,844.1842861298303,830.9870329032053,830.9870329032053,1394632
2023-07-03,839.5897216796875,847.5081098564581,837.2435789974774,847.5081098564581,1226135
2023-07-04,836.36376953125,842.375875983292,833.0889191439336,839.3942859839372,759030
2023-07-05,826.93017578125,841.9359183550365,822.28669756681,839.7363760429334,2537154
2023-07-06,826.0991821289062,828.5431179731231,822.531071596191,826.9301561157814,2363769
2023-07-07,814.5638427734375,833.3821493721638,813.1463480054474,826.0992083915836,1811594
2023-07-10,807.1343383789062,822.6288689664349,803.5661679030416,822.6288689664349,1177214
2023-07-11,821.4557495117188,824.0952123029097,807.2320540440422,807.4764476419969,2167322
2023-07-12,824.339599609375,828.7875511249201,819.9893816657035,826.0014879960636,1435731
2023-07-13,818.5718994140625,829.9606650328424,816.4701502553424,828.0055162341785,985928
2023-07-14,832.404541015625,833.6265089266873,814.9059366626524,820.1359951218401,1705168
2023-07-17,833.4799194335938,841.3983079671128,830.3028025960081,835.9238554625057,1200820
2023-07-18,839.443115234375,843.6466730509425,829.4229780399692,835.0440306124407,1412514
2023-07-19,841.1539306640625,845.5530156013494,835.2396172927696,845.5530156013494,952601
2023-07-20,853.5202026367188,855.3776179021551,835.3862090704746,840.7140015952609,1381298
2023-07-21,833.2354736328125,856.7461844912474,830.5471441694192,854.1067218120896,1230534
2023-07-24,843.744384765625,847.5569485391093,829.8628769402055,834.8484821826981,1149904
2023-07-25,849.0722045898438,850.000912171846,836.8036582163314,843.7444123560033,873678
2023-07-26,854.30224609375,864.1268563522342,850.0497618825473,854.3511128778414,1940116
2023-07-27,830.987060546875,860.265424130977,828.6897847012682,856.3062599645638,3203072
2023-07-28,840.0784912109375,841.1049920083891,823.1176001573909,835.0928859078992,2365708
2023-07-31,840.0296630859375,841.5448914602088,833.3821691538275,840.0785298722549,1454789
2023-08-01,837.536865234375,843.9399656060663,833.9686948161867,842.5713972491219,987812
2023-08-02,824.14404296875,835.8260683722629,819.4028312427902,835.8260683722629,1604731
2023-08-03,816.6656494140625,822.7754892029923,813.8795266704681,821.1624676321532,1375222
2023-08-04,816.0790405273438,822.726534052535,813.6351046970232,818.2785827746321,887582
2023-08-07,819.0118408203125,821.7979637296675,810.8979850311605,818.1809264261444,1106208
2023-08-08,828.4453735351562,833.9686326707694,815.0525933513057,820.1848585568162,1252297
2023-08-09,840.9095458984375,843.1090883902087,828.6409985998398,831.9158491099134,1704615
2023-08-10,831.4758911132812,843.8422310971079,828.9830883351772,841.8382155173146,941390
2023-08-11,818.1320190429688,834.7018569810602,816.2746038622294,830.644959120989,909080
2023-08-14,825.757080078125,826.9301812522888,811.0445977819991,820.0382342289781,754694
2023-08-16,821.8468017578125,824.5351313308082,818.0342377695473,822.0423285691297,360863
2023-08-17,825.3171997070312,826.9790881454971,816.2746363699983,816.2746363699983,1105325
2023-08-18,823.6553344726562,829.9118347702897,816.7634465873375,826.0504037897069,1145798
2023-08-21,829.4718627929688,830.3517036029765,821.9445281213191,827.0279268389529,680778
2023-08-22,829.76513671875,832.4534663120501,825.0727915437257,828.0055147364167,782931
2023-08-23,825.6104736328125,828.9831173524929,821.504649090002,828.9831173524929,516482
2023-08-24,825.2682495117188,835.6305133948995,823.2153076482501,826.0502970312492,1482572
2023-08-25,813.8795166015625,827.1745636176364,811.5333739514813,821.1624574731467,1149261
2023-08-28,822.922119140625,824.0463535687638,809.6759979353325,813.8306891411581,649996
2023-08-29,819.45166015625,825.0238456211622,817.2521179727111,822.1399894916866,606053
2023-08-30,829.3251953125,830.2539028999569,819.8916384146614,822.140047538859,604884
2023-08-31,815.63916015625,832.3557178555238,810.4580278750876,829.3252014774214,2025392
2023-09-01,825.2194213867188,828.3965380625945,814.3194433859989,814.3194433859989,661741
2023-09-04,827.0767822265625,829.960638545839,818.22974612823,825.0727667051685,705024
2023-09-05,827.3211669921875,833.2844063740283,824.1440503296474,828.0054809758616,745626
2023-09-06,859.190185546875,863.1982168207026,826.539175902496,826.8324362965601,3618782
2023-09-07,839.443115234375,847.508103707921,834.848503807074,846.2861357573838,3458930
2023-09-08,833.9686889648438,845.4551880572936,832.6489874037628,844.6242736916362,901217
2023-09-11,843.2556762695312,845.5530119712074,835.581740889551,836.3149217092845,1039583
2023-09-12,845.357421875,854.3999846415148,836.8036462850534,847.5569641695577,1795152
2023-09-13,869.3568725585938,871.2631545073465,840.8606155630487,842.6691042752681,2812359
2023-09-14,864.7134399414062,877.5685674111032,861.2430626890508,874.9291045479007,2205160
2023-09-15,856.2574462890625,869.7968279488746,853.9112438475323,867.646152321873,1104866
2023-09-18,861.1941528320312,866.0820246800291,856.2574141988342,863.1981683564295,1084407
2023-09-20,850.1964721679688,861.1453174399054,845.6018605300732,861.0475241995377,924868
2023-09-21,851.46728515625,854.4000082968571,841.887068163548,849.5121363958453,1165593
2023-09-22,858.06591796875,869.8945441818481,850.5385832575032,851.4672908581956,1518828
2023-09-25,880.4034423828125,885.2913141696733,851.0273448770596,862.1717164176637,2700627
2023-09-26,875.1246337890625,889.4949897139436,871.5075964973512,887.246520812064,2064298
2023-09-27,868.9169311523438,883.7272063195028,867.0107089160821,878.8393346031338,1233749
2023-09-28,856.843994140625,875.906695664575,850.5874938764574,874.7335944067426,1801983
2023-09-29,857.2349853515625,866.0331546449426,854.1067354473021,866.0331546449426,817204
2023-10-03,852.3471069335938,859.8255149753192,844.7219792051469,850.48969178612,1183376
2023-10-04,845.357421875,850.3430272094361,835.8260719319167,847.5569641695577,623081
2023-10-05,840.9095458984375,849.75658265428,838.2700829750303,846.6283325104791,749977
2023-10-06,855.1331787109375,857.8215082238899,841.6915311461757,841.6915311461757,960117
2023-10-09,860.90087890625,864.0290691066161,847.3614383005263,848.5345394588653,1200788
2023-10-10,868.8192138671875,872.3873841535693,861.9761933360254,865.1533100112079,870512
2023-10-11,868.4771728515625,877.0798161536114,866.3264971094478,874.9291404114967,1062565
2023-10-12,872.3384399414062,874.0981214895722,863.3936705147752,868.9658561956944,775364
2023-10-13,892.8674926757812,897.4132371882301,868.9169215307794,870.2855494627689,5120134
2023-10-16,888.2240600585938,897.2177563107296,885.7312573165401,897.2177563107296,1524935
2023-10-17,887.4909057617188,907.1890540232915,884.8515025833541,891.5967302239849,3228492
2023-10-18,875.6134033203125,894.4805773351943,872.0940996752155,891.9877745447546,1218914
2023-10-19,875.3201904296875,880.2080627022088,859.3368122986969,875.9067112358263,1430475
2023-10-20,878.79052734375,881.576590544232,868.7215228592909,871.9475064773245,2295312
2023-10-23,863.2958984375,885.7312420624106,860.5098353619638,878.5949611264584,973113
2023-10-25,870.0411987304688,874.3914166574021,862.562730852347,863.4914384471944,1531972
2023-10-26,860.6075439453125,867.0595703711076,852.4448220957047,863.4425333899441,1966650
2023-10-27,871.116455078125,874.4402316418149,856.3551066721407,860.2654039628811,797507
2023-10-30,873.5115966796875,875.906665902546,860.4610022540637,866.1309218634551,1147541
2023-10-31,880.3057250976562,883.140714653039,871.9963429062847,879.3281507222008,1082510
2023-11-01,882.8963623046875,899.3684674340636,875.6134209340323,885.6824255383278,2678745
2023-11-02,890.8146362304688,897.120002790566,883.287301719438,889.7393283002089,1082513
2023-11-03,893.209716796875,898.6841094206668,890.8146476490643,891.5478284290225,901911
2023-11-06,898.0487060546875,902.9854446194747,895.4581101445856,896.1912909116253,742374
2023-11-07,901.3724975585938,902.9855192459495,892.5254608384386,899.3684818963455,819721
2023-11-08,895.75146484375,908.606592846097,893.6497155567569,901.8124384228004,1090425
2023-11-09,882.60302734375,898.3420110579607,878.2039425229642,895.7514150191575,3194352
2023-11-10,892.232177734375,896.2890757441885,876.3954603272493,882.6030339766687,3846444
2023-11-13,895.9957885742188,899.8083525334973,886.757698723971,893.5029858314929,904887
2023-11-15,908.753173828125,911.0993763462238,895.8003125227737,900.7371111685062,1564164
2023-11-16,899.4173583984375,912.0769594255684,897.4133427145464,912.0769594255684,1315309
2023-11-17,909.97509765625,913.0544808533133,900.3460137750552,901.3235881656905,961365
2023-11-20,909.97509765625,919.7508415626024,907.38456132091,914.5208424392662,1169030
2023-11-21,906.8958129882812,910.6105838986009,885.6824358691706,885.6824358691706,804344
2023-11-22,907.4334106445312,918.7243827058039,901.5679644135944,910.5616605676452,885449
2023-11-23,912.0769653320312,916.6715771978539,906.2115186096387,908.3133275517265,907511
2023-11-24,906.1137084960938,915.8405257560264,903.2787189531638,913.738776657872,521207
2023-11-28,910.9526977539062,913.9832142502398,904.0119432510907,904.2563368556463,904835
2023-11-29,912.6145629882812,916.8670473992423,909.1441858251331,913.9831910055481,1047897
2023-11-30,919.6531372070312,926.9360785819204,911.0993610172236,911.0993610172236,2982505
2023-12-01,921.7059326171875,931.5306023608746,918.6754760625788,924.6875820550081,1129388
2023-12-04,925.4207763671875,935.0498597864566,920.8261650183332,932.6059239271088,1112904
2023-12-05,928.7445678710938,932.7526588019292,922.9769145800001,925.4697174233105,792716
2023-12-06,930.3576049804688,941.4041842013671,927.620408486166,932.60601425556,982484
2023-12-07,935.44091796875,938.0314541924956,928.7444978815219,930.6507797944233,933106
2023-12-08,925.3718872070312,940.2798965498079,922.6346908675403,938.4714078075741,649090
2023-12-11,929.1355590820312,931.6283617578613,922.8790593337801,928.5979051192293,476174
2023-12-12,927.4736328125,940.3776257240411,922.4391012157847,931.6771904403199,732063
2023-12-13,935.8319702148438,938.1781726640405,925.2741785262723,926.7405401404185,899820
2023-12-14,929.1355590820312,939.2534298053899,922.9279261183251,939.2534298053899,1980762
2023-12-15,933.2902221679688,938.4224873860815,927.6203030031438,938.4224873860815,1155502
2023-12-18,928.4024658203125,936.7118486338744,924.1011143796698,934.561172913553,999922
2023-12-19,944.4835205078125,956.067753159595,927.864755882339,931.6283934162516,3897491
2023-12-20,954.4058837890625,987.3501533130875,944.4835393353146,953.1350489903567,4465789
2023-12-21,957.3385620117188,961.8354398825782,941.4529786086694,954.1125785462265,1588905
2023-12-22,970.5358276367188,975.9124866996066,957.6807604043844,963.8883338195203,1491449
2023-12-26,984.7595825195312,994.193199677032,970.5358864338348,970.7314132539752,1804990
2023-12-27,1003.7244873046875,1005.9240296435582,987.4478501304822,992.1891216385574,1799498
2023-12-28,1017.6549072265625,1026.4530764533051,1002.3070375308123,1007.6347700516612,2052402
2023-12-29,1062.4278564453125,1069.4663440661902,1024.2046037094253,1030.3144434264395,5017576
2024-01-01,1055.8780517578125,1069.3196993273293,1051.8700207127365,1069.3196993273293,936544
2024-01-02,1073.13232421875,1078.313516400393,1055.2915909762155,1061.9879519157544,2635193
2024-01-03,1060.6192626953125,1074.4519638673376,1058.4197203675888,1073.327729477717,1100701
2024-01-04,1100.3089599609375,1103.2904904067311,1061.792503113364,1063.6987255404647,2777186
2024-01-05,1097.76708984375,1105.7832712685658,1091.9994965333788,1099.7711650331562,1207155
2024-01-08,1080.1707763671875,1103.68148822051,1070.1018317324445,1099.8201171064502,1722755
2024-01-09,1086.7205810546875,1095.0299632668039,1081.197261953013,1081.197261953013,998355
2024-01-10,1088.9688720703125,1092.6347757906435,1076.3093322892237,1087.0626498688616,933127
2024-01-11,1094.150146484375,1099.7222728276056,1087.1116585421034,1091.9506040858137,1084035
2024-01-12,1133.0087890625,1139.4119494516754,1098.6470232325653,1100.2111184880896,6018282
2024-01-15,1124.99267578125,1164.242192772535,1109.3025588091843,1163.3135448186204,4237485
2024-01-16,1118.0518798828125,1136.4792542120238,1116.3900510076112,1126.703509457141,1449691
2024-01-17,1113.066162109375,1127.0943305568433,1106.516461514694,1108.569343840429,1272932
2024-01-18,1121.082275390625,1124.2104654744765,1097.3271717348694,1109.497924258407,1218211
2024-01-19,1135.6480712890625,1139.4606351093007,1120.9844560826127,1130.8091260040565,900162
2024-01-23,1119.9581298828125,1139.8517449613298,1112.7240554907664,1132.959797741089,933643
2024-01-24,1133.0087890625,1134.96393796511,1108.5694277798748,1119.9092675484492,1040096
2024-01-25,1111.2576904296875,1137.5544654487096,1106.9563392370724,1133.986295050308,1125321
2024-01-29,1115.4613037109375,1123.42843951082,1109.5469309274947,1111.257686107339,1588430
2024-01-30,1097.7183837890625,1121.4733715411533,1095.51884125649,1119.2738290085808,798009
2024-01-31,1092.92822265625,1102.2151798255115,1087.0627760230323,1099.7712437283374,2428738
2024-02-01,1104.31689453125,1109.4491598975046,1083.1523858686098,1092.9281294233806,4728358
2024-02-02,1136.6746826171875,1144.4463516992028,1106.6142685208827,1106.6142685208827,1741322
2024-02-05,1124.9437255859375,1150.6050532388863,1120.5935672978953,1143.6642989593176,1266268
2024-02-06,1137.456787109375,1140.633904038577,1116.4877437769524,1116.4877437769524,1219085
2024-02-07,1140.047119140625,1148.6498208511846,1127.1921123564898,1141.8557270907602,864874
2024-02-08,1112.3819580078125,1136.8213185434756,1099.771224104847,1133.9863288547758,2477973
2024-02-09,1103.9259033203125,1123.6240515631464,1094.7366799928589,1116.389977057159,917196
2024-02-12,1097.0340576171875,1108.9605381326496,1050.8925888893168,1104.7081129185926,898953
2024-02-13,1112.2841796875,1115.705690024853,1093.1236263320745,1097.8160310992828,886148
2024-02-14,1110.1334228515625,1114.2881138946693,1094.8832866540147,1109.5958285515512,1206706
2024-02-15,1106.0277099609375,1121.033453269157,1101.9707522979354,1114.4837524634524,1278358
2024-02-16,1121.7176513671875,1123.6239929683934,1107.0052288525667,1109.5468983213668,1213292
2024-02-19,1129.0985107421875,1138.1410745728067,1118.8339788263495,1124.2106384013123,961914
2024-02-20,1128.511962890625,1133.00878146993,1113.2618254190256,1128.6096964685369,1056193
2024-02-21,1134.7193603515625,1145.6193375826883,1124.25936315187,1129.098308168042,1445959
2024-02-22,1133.49755859375,1138.6298243829845,1116.8298667260624,1134.963920247817,1689403
2024-02-23,1134.2796630859375,1139.460735984541,1129.2939380081189,1132.0311941554382,1280859
2024-02-26,1150.7027587890625,1156.2750042576938,1123.672803786295,1133.0086866858112,1292210
2024-02-27,1157.0570068359375,1163.0201866592076,1148.6009646223188,1155.4929117018878,1584564
2024-02-28,1141.7579345703125,1177.9771126123894,1137.0167227554052,1163.0691035108634,2170054
2024-02-29,1163.3624267578125,1172.1116696362355,1124.797046261422,1140.7803633444453,2722341
2024-03-01,1174.06689453125,1186.4332349805113,1167.4682671056996,1176.9996178314946,1804771
2024-03-04,1176.266357421875,1186.7752818700653,1163.3134970555006,1179.8833348476635,790960
2024-03-05,1173.67578125,1184.7224195193705,1169.1789629513646,1179.7856211483663,867925
2024-03-06,1192.689697265625,1195.5734940193004,1165.268687547838,1176.8041132281649,1367260
2024-03-07,1233.259033203125,1240.4441811832626,1189.4636523091613,1200.4613643194166,3522952
2024-03-11,1193.276123046875,1240.5418177690728,1181.887358300086,1234.6763718221741,2609165
2024-03-12,1187.9483642578125,1200.3147042959397,1182.0341107319691,1199.9236506690115,1089396
2024-03-13,1152.51123046875,1190.0990357694914,1144.4462420933605,1188.2416206407192,2050756
2024-03-14,1171.4761962890625,1178.0260160216312,1134.035170353001,1134.035170353001,2211062
2024-03-15,1184.966796875,1192.4940717934996,1149.5297259501508,1173.0892444087992,2843465
2024-03-18,1160.3319091796875,1190.3435154499384,1157.7414324349627,1185.8466969880133,803158
2024-03-19,1120.544677734375,1158.3279528937917,1114.2881775864598,1158.3279528937917,2152306
2024-03-20,1098.8424072265625,1127.534188218446,1086.7692695115425,1117.4651254924154,2070193
2024-03-21,1108.5205078125,1113.4083800976343,1096.349753555643,1108.5694342684792,1901034
2024-03-22,1097.5716552734375,1114.434813637692,1093.9057512812083,1108.5204407971041,1696377
2024-03-26,1087.600341796875,1095.958530512906,1080.5617351944898,1080.5617351944898,2407110
2024-03-27,1066.58251953125,1091.9505256390719,1059.7883063441088,1090.3375041294455,1962948
2024-03-28,1071.6170654296875,1084.130066135342,1069.1243221793832,1079.1444603019145,6721940
2024-04-01,1062.525634765625,1079.6331866938,1058.8108043280963,1075.3318354852966,2229535
2024-04-02,1105.783203125,1107.9827453195203,1060.7658584773667,1067.3156779451742,5107047
2024-04-03,1094.39453125,1103.6814879689593,1087.8448305602794,1103.6814879689593,1133287
2024-04-04,1092.8792724609375,1107.4940816042563,1083.6901684014285,1107.3963480290558,2403608
2024-04-05,1090.533203125,1099.6735001789818,1086.0851917353516,1090.9730638853757,627856
2024-04-08,1111.84423828125,1114.8746951045875,1091.9506227802408,1094.8833460285316,1833218
2024-04-09,1100.3577880859375,1115.4124586334437,1096.3497566673157,1115.4124586334437,1184800
2024-04-10,1119.615966796875,1125.6768801204141,1093.6123932488197,1104.6590312948917,1374918
2024-04-12,1123.6727294921875,1130.7113360399055,1109.0091150171086,1118.6871244372207,2006949
2024-04-15,1105.29443359375,1111.2086866558552,1086.0850742554348,1099.7711147951072,1990224
2024-04-16,1110.182373046875,1113.3594897948483,1088.9689373145661,1091.9505869188654,1051408
2024-04-18,1109.1070556640625,1133.0087014163835,1102.2640350342829,1117.3675114054586,2573549
2024-04-19,1112.577392578125,1124.797072488114,1079.2910561030017,1079.7309168466365,2160942
2024-04-22,1144.690673828125,1151.3871538049796,1115.3634423948124,1115.3634423948124,2299311
2024-04-23,1147.036865234375,1153.4400251025063,1126.1656762639275,1146.694738070822,1930671
2024-04-24,1085.2542724609375,1112.1863762868888,1079.242165876854,1081.19731472808,6447489
2024-04-25,1081.441650390625,1090.973000529661,1053.2386535893727,1090.973000529661,6233672
2024-04-26,1077.92236328125,1086.8671923041566,1059.7395045349117,1086.8671923041566,3426210
2024-04-29,1073.865478515625,1085.4986377434402,1064.480788141177,1084.0322761432822,2254895
2024-04-30,1083.4945068359375,1089.26221936686,1071.0793603254351,1075.234051312475,2504796
2024-05-02,1066.6802978515625,1089.0178483428408,1056.85562769847,1089.0178483428408,3423995
2024-05-03,1069.7596435546875,1089.8976510085363,1065.3605590429474,1070.4438978567252,2935813
2024-05-06,1073.5233154296875,1084.765420654817,1065.6049869202884,1080.2196759798333,1076304
2024-05-07,1074.7452392578125,1096.3985344732146,1065.6537502811595,1070.492814800786,2614541
2024-05-08,1090.0443115234375,1092.7814480656432,1070.5905583627398,1077.6779723015584,1071294
2024-05-09,1060.7171630859375,1089.7021489248898,1053.8252157507316,1089.0178945698656,1743688
2024-05-10,1066.4847412109375,1069.417464403414,1043.7073293490578,1063.552018018461,1080599
2024-05-13,1072.35009765625,1076.309321367152,1051.9188899285105,1061.7434401996193,933422
2024-05-14,1061.108154296875,1073.7678152063359,1057.9310372886318,1071.4216126259923,1194960
2024-05-15,1044.92919921875,1066.3869074955282,1032.318466808787,1061.6456959794912,1920081
2024-05-16,1075.08740234375,1077.8246582847044,1034.1270127957125,1046.982139495482,2665288
2024-05-17,1070.639404296875,1076.5048505278648,1064.725150946979,1068.488788411969,1069069
2024-05-21,1069.4173583984375,1072.985528462155,1064.5294868954823,1064.578413343632,906092
2024-05-22,1095.2254638671875,1096.838485506554,1069.4174756357647,1075.3318485358373,2032291
2024-05-23,1092.8792724609375,1105.8321334945895,1079.2421570680674,1102.1662294284615,2087340
2024-05-24,1081.0230712890625,1093.5730773522862,1078.8083643367288,1093.5730773522862,1424791
2024-05-27,1070.83544921875,1092.5887691499972,1069.6050564606983,1081.7613128791413,1881215
2024-05-28,1078.365478515625,1080.7277364901256,1063.0593445207253,1071.9181723917313,981637
2024-05-29,1054.495849609375,1072.9024770712242,1051.2475646899702,1067.9809060754847,1526469
2024-05-30,1050.4599609375,1057.5962381725524,1035.4984346586366,1054.2004025849808,2743237
2024-05-31,1043.6190185546875,1054.0035803124915,1031.85651318919,1052.9207386842625,4787041
2024-06-03,1052.3795166015625,1065.9138364096752,1046.6704463657434,1059.5157943185673,1323788
2024-06-04,1069.949462890625,1075.461598005965,1012.7608357773479,1052.3794796424331,3223165
2024-06-05,1124.48046875,1141.8043731389325,1076.002998597334,1091.6043532854105,6089603
2024-06-06,1122.019775390625,1129.9926963424205,1102.0381491613778,1129.9926963424205,2655137
2024-06-07,1117.83642578125,1130.9769960911487,1113.849905278504,1130.9769960911487,1877248
2024-06-10,1115.2772216796875,1125.513992953537,1107.9932727690339,1121.133842946296,1392359
2024-06-11,1117.787109375,1126.8428715240939,1109.026689529069,1115.277180420253,805013
2024-06-12,1107.0089111328125,1124.0867372695043,1105.8769258513905,1124.0867372695043,773116
2024-06-13,1097.1165771484375,1115.227982358178,1086.7321344898833,1112.2750397747054,1605436
2024-06-14,1095.000244140625,1107.3041711958053,1092.6871298853587,1097.1165436252236,1107470
2024-06-18,1109.2236328125,1110.6016966450925,1095.0002213395612,1095.0002213395612,1161864
2024-06-19,1088.2576904296875,1113.160886263119,1085.698497693792,1111.9796372004123,1201455
2024-06-20,1085.9447021484375,1090.9646808193056,1078.906831192006,1090.669458636048,1223872
2024-06-21,1067.882568359375,1087.6672610219678,1064.8312181740432,1085.9939748364616,1634958
2024-06-24,1084.6649169921875,1086.6828090385761,1060.2539984476853,1063.206940863551,912255
2024-06-25,1077.4302978515625,1090.816946922596,1072.902476568711,1090.7678033059865,932314
2024-06-26,1069.85107421875,1082.5487507914163,1066.1106323846034,1077.873258576501,1003738
2024-06-27,1068.571533203125,1079.2513188588166,1060.9430977125528,1073.0009473589412,2272855
2024-06-28,1080.2354736328125,1086.682779125525,1067.980811006517,1068.5713754423268,1129490
2024-07-01,1077.381103515625,1080.2355184330077,1070.9337977555258,1073.000833444351,767705
2024-07-02,1087.6671142578125,1092.5886849105627,1063.059260994061,1078.808287082862,2026189
2024-07-03,1128.3685302734375,1130.5832371667818,1094.6066261704457,1096.5259907491284,4406793
2024-07-04,1117.3934326171875,1136.686087076114,1115.5233317602163,1129.5498091207533,2113837
2024-07-05,1119.5589599609375,1132.8963448588659,1114.9326112728631,1117.5903316227455,1281630
2024-07-08,1132.748779296875,1145.7416780997087,1118.1808817193032,1120.1495100321893,1958676
2024-07-09,1124.2835693359375,1150.1710794341973,1122.1181262772657,1143.182473029718,1545936
2024-07-10,1132.748779296875,1138.6054004654966,1112.2749967806449,1124.2835814270354,1015150
2024-07-11,1113.653076171875,1135.3079879158179,1107.84559853671,1132.5027165619147,1883264
2024-07-12,1134.176025390625,1135.898575223069,1112.3242984355518,1117.196605613677,1092749
2024-07-15,1130.7802734375,1138.851602332172,1121.9214450701797,1134.4221881485119,1201063
2024-07-16,1157.799560546875,1160.506424556655,1124.8250353368257,1130.7801842205583,2152821
2024-07-18,1160.2589111328125,1161.425621435249,1137.508781168547,1142.3699138879779,2591377
2024-07-19,1155.0087890625,1166.7728571412497,1150.1476565361027,1166.6755311569607,1402279
2024-07-22,1171.34228515625,1177.272922277744,1149.4185852529931,1152.092166163694,1719663
2024-07-23,1221.99560546875,1227.5372994281122,1166.9187060716768,1181.2591503889273,5204189
2024-07-24,1197.057861328125,1222.7733097597215,1183.5923903893079,1222.0927487792594,3367339
2024-07-25,1189.6202392578125,1200.703626664221,1175.279915758972,1197.786971063701,2529080
2024-07-26,1194.6129150390625,1199.829708040571,1186.4923231461646,1196.9752930753768,802492
2024-07-29,1182.55517578125,1202.8320255024732,1166.4123978890595,1195.9418256837193,1944124
2024-07-30,1176.156982421875,1192.3981656283756,1170.546319766309,1187.0828452751414,1331004
2024-07-31,1170.30029296875,1174.2868134487928,1148.6946448405206,1174.2868134487928,2994289
2024-08-01,1189.3961181640625,1196.9261463229443,1169.3653469010344,1170.300397390629,1675363
2024-08-02,1174.9266357421875,1200.8632901499748,1171.3338649823525,1181.1770067048933,1262150
2024-08-05,1180.58642578125,1194.563638770271,1132.945596476917,1157.55345044036,3718458
2024-08-06,1167.0029296875,1193.087256841298,1164.2960655488982,1181.1770786625598,1304014
2024-08-07,1180.7833251953125,1188.8055101935736,1164.0008396825124,1164.0008396825124,759323
2024-08-08,1159.8175048828125,1176.2555044560895,1155.5849056330117,1173.3025617670783,1298997
2024-08-09,1167.5443115234375,1170.2511755714954,1161.4907551666722,1170.2511755714954,489864
2024-08-12,1152.4351806640625,1165.7725667589418,1147.7596879412586,1157.5535667404913,787584
2024-08-13,1160.3096923828125,1164.1976856296076,1149.28530062848,1154.3052793001486,785371
2024-08-14,1149.236083984375,1168.4793543622748,1140.5248072527638,1168.380946974093,991108
2024-08-16,1169.119140625,1171.9736757129901,1149.678936013471,1149.678936013471,831846
2024-08-19,1158.9315185546875,1181.1769945883268,1153.1733047371767,1179.208366264013,682374
2024-08-20,1152.8287353515625,1164.3944271250527,1148.448585252755,1164.3944271250527,673329
2024-08-21,1159.0792236328125,1162.4750595294247,1148.7439246276822,1153.566968038977,802420
2024-08-22,1186.885986328125,1190.8723863280043,1162.4749486581884,1165.4771547165114,2041300
2024-08-23,1178.02734375,1195.9418150573642,1176.157122641846,1192.9888723041363,852159
2024-08-26,1200.91259765625,1202.6842911375065,1175.3204282456152,1186.0986207621077,1045317
2024-08-27,1190.6263427734375,1201.4046545464114,1189.0514642029507,1200.8632337149006,483025
2024-08-28,1182.30908203125,1196.2862962789857,1177.8304041443623,1191.0202390876827,779730
2024-08-29,1179.6512451171875,1189.9374000789849,1166.6583463981694,1182.3089654157611,1062444
2024-08-30,1181.32470703125,1188.5593923448494,1176.2554648878634,1176.2554648878634,2550399
2024-09-02,1180.8817138671875,1207.753539957806,1178.420928333451,1181.1770561934534,1852516
2024-09-03,1180.192626953125,1199.2390810967834,1177.535026897929,1190.0357681287142,1884428
2024-09-04,1176.2061767578125,1180.1434334625117,1156.5691570053418,1177.289018476036,1633635
2024-09-05,1170.005126953125,1187.919597776349,1167.0521842797004,1180.684912257568,1062421
2024-09-06,1155.4371337890625,1173.0563809960277,1150.417155686266,1169.3652029563925,989655
2024-09-09,1173.351806640625,1177.1905359500695,1151.5492227735097,1155.4372158558622,1969830
2024-09-10,1185.261962890625,1193.9238557202448,1177.4858567127824,1181.1770349469919,1815998
2024-09-11,1185.508056640625,1199.8790200523085,1182.4074428530234,1190.9217847868822,1837013
2024-09-12,1203.5701904296875,1206.7199478136984,1180.5372140730385,1191.020184354874,2635403
2024-09-13,1191.3154296875,1207.7534274594955,1189.10072291343,1206.7691133376866,1569211
2024-09-16,1199.3868408203125,1204.554490319128,1188.067227632431,1200.8633121056882,984584
2024-09-17,1201.109375,1214.939037255004,1193.1364541939843,1203.8162389879124,1450593
2024-09-18,1182.013671875,1204.2100049375767,1175.2711436997902,1201.109391205753,930896
2024-09-19,1196.1878662109375,1206.3754944450275,1185.1635949137133,1188.067273825634,2737652
2024-09-20,1197.7626953125,1211.6415013284354,1194.3175956554323,1200.8633090349688,3533125
2024-09-23,1192.5458984375,1214.2992178864743,1191.2662419352791,1202.8319336045536,2818001
2024-09-24,1192.644287109375,1208.6393923584337,1191.0694084698061,1196.9260297141693,3393528
2024-09-25,1170.940185546875,1196.9261052848258,1163.5086851937383,1194.8590694301633,2448744
2024-09-26,1194.416015625,1197.9103790904799,1172.465881100644,1176.2554667322295,2323705
2024-09-27,1182.70263671875,1196.6305848950142,1180.1925877401607,1194.9080352465194,2177204
2024-09-30,1178.1748046875,1194.612923517045,1176.2061763358568,1176.2061763358568,1223096
2024-10-01,1177.48583984375,1186.5414822530597,1172.9087548677949,1178.1748117087154,892381
2024-10-03,1134.668212890625,1171.3339174494415,1132.1090199592393,1167.3966605840653,1912206
2024-10-04,1112.6688232421875,1136.6368505741268,1107.5503171822138,1131.9613580084397,1773781
2024-10-07,1093.966796875,1124.7266148085716,1089.586526707936,1112.6687661786116,1542124
2024-10-08,1101.496826171875,1106.7628829797707,1088.1100572604448,1093.9667986980803,1738272
2024-10-09,1100.2664794921875,1114.2436933071442,1092.588780539691,1109.322122223632,1322027
2024-10-10,1096.6737060546875,1111.2907481080827,1093.9668419649645,1100.2664769685193,1176370
2024-10-11,1095.6400146484375,1104.7449201895263,1084.369666121951,1100.4631778310395,569469
2024-10-14,1096.0831298828125,1120.149564107438,1088.2577598679984,1102.431908436143,513799
2024-10-15,1097.7564697265625,1101.4476481721797,1088.7499702881469,1098.494705415686,768815
2024-10-16,1096.4766845703125,1102.431833159863,1084.8125860809332,1097.7070772412499,738403
2024-10-17,1073.050048828125,1099.4788585958538,1070.589263558215,1095.5416021639976,975432
2024-10-18,1076.1014404296875,1080.9246037776072,1055.2340285905898,1073.050090607301,953926
2024-10-21,1001.0967407226562,1042.8316265737374,970.878282899066,1030.5769628994703,11484692
2024-10-22,982.5916748046875,1007.790094925845,978.9004964620704,1007.2487341178156,2742491
2024-10-23,998.6359252929688,1000.8506321668972,979.3925953594992,984.3141661904514,1936612
2024-10-24,980.8198852539062,1006.067508145037,979.294210277118,1001.9826403089763,2014701
2024-10-25,957.786865234375,987.8084466085313,955.2768761842203,981.2627936014824,2258366
2024-10-28,960.5922241210938,967.9253166374934,948.8788614476346,957.7868926852976,2364081
2024-10-29,976.4888916015625,979.6879127564999,958.5251574238373,966.5965458918489,1256095
2024-10-30,1006.6581420898438,1010.8906811247633,972.6500985719407,975.7014485539646,2048134
2024-10-31,986.8241577148438,1011.7765579355271,981.4596334804174,1008.922022815478,1381633
2024-11-01,988.349853515625,996.1259596427586,984.3141893703149,986.8241785376551,212772
2024-11-04,978.9989013671875,985.2493327248093,960.739884560966,982.3455937537702,1427199
2024-11-05,985.0523681640625,997.2086236701291,969.6478279583192,969.6478279583192,1163041
2024-11-06,991.2536010742188,994.7971682336594,982.247162209237,986.2828263899037,683591
2024-11-07,969.4017944335938,994.157320048077,968.1221980174026,991.6965346024134,1144864
2024-11-08,977.3748168945312,981.6565597209918,960.1001143467884,973.4867637094598,973252
2024-11-11,960.6414794921875,982.2963924328975,957.9838190702732,977.6208998661533,1108758
2024-11-12,952.3731689453125,970.8782634380159,950.4045405933703,960.6414320545778,968082
2024-11-13,937.8053588867188,954.7355752295903,935.0984948227581,949.8632078989069,948691
2024-11-14,910.4906005859375,940.2661040105047,907.5376580975507,935.0984546558277,1950720
2024-11-18,916.1504516601562,927.7161436365267,901.6318170515209,915.2153411443848,2193819
2024-11-19,902.7637939453125,925.7475065194449,900.6966980754804,920.3337784111441,1844903
2024-11-21,897.3992309570312,907.5376547812244,886.3749003584519,902.763755140218,1550618
2024-11-22,930.373779296875,933.6220040904919,898.5311793784919,901.8778716372306,1427895
2024-11-25,940.7091064453125,947.6485096392693,931.7518110502024,935.0985034093023,2468847
2024-11-26,948.4359130859375,952.2747624067509,937.0178926656133,944.9416097736824,638057
2024-11-27,944.9907836914062,949.9615581123093,937.7560987506408,948.8788365830001,786040
2024-11-28,926.288818359375,957.442385221752,923.5819544482852,944.941583507711,1834887
2024-11-29,943.61279296875,949.272599385473,926.7317811034168,927.0270633356921,1482253
2024-12-02,941.9887084960938,947.7469226517164,932.4408485469843,943.612850990127,916920
2024-12-03,940.02001953125,944.6955117749918,933.7696486680919,943.0221656932569,1346981
2024-12-04,946.122802734375,948.7311992672021,934.7539859600804,941.0043569779368,1236061
2024-12-05,951.2904663085938,955.7198801885862,931.4073075428514,949.8631987094865,2043341
2024-12-06,959.1649780273438,961.0844027205345,948.9772900763024,954.7847678500035,1893714
2024-12-09,919.3002319335938,958.7220024628416,916.8886501993192,958.7220024628416,3679131
2024-12-10,912.2131958007812,923.877295179696,910.6875207880203,923.778887789623,1990270
2024-12-11,920.3829956054688,928.1591019425571,914.8216563320327,916.7902847639263,1356603
2024-12-12,906.7994384765625,923.7296543909462,901.6317890306988,922.3023868141537,1913140
2024-12-13,915.1168823242188,916.3964787107316,893.166688673554,904.8307873843609,1278151
2024-12-16,905.9135131835938,919.9892537347207,902.6160847784876,915.1168866268513,848667
2024-12-17,890.7059326171875,907.5376811983259,885.882769065611,905.9135387572643,1597108
2024-12-18,895.0860595703125,902.5176795588383,890.2629562210899,890.8043169948701,1154541
2024-12-19,892.8713989257812,903.6004478827307,886.9655136455019,893.7573057489318,2589001
2024-12-20,875.498291015625,902.1239785300633,869.0510449194807,892.7729934825612,2441036
2024-12-23,888.5896606445312,891.7886818542734,876.0396543601582,880.9120217567046,1054695
2024-12-24,893.0682373046875,898.629636414225,882.7329384863666,890.7551230288377,1038280
2024-12-26,886.81787109375,897.0547025030105,884.5046967277211,893.7572740362973,595956
2024-12-27,893.7080688476562,897.103964773195,884.8984449496778,887.8513874800994,870974
2024-12-30,889.3278198242188,897.6944899609158,884.6031239978726,893.7080297348665,1830048
2024-12-31,900.3521728515625,902.7637545555914,879.0909509799776,884.8984285465966,1120133
2025-01-01,905.8643188476562,908.0298220377174,896.7102090800656,898.6788374205269,641424
2025-01-02,915.0676879882812,916.6425666219739,898.7280367943182,906.5533464255979,1705632
2025-01-03,924.7139282226562,927.1255098743877,911.4748910615543,918.0698077964516,1832664
2025-01-06,932.047119140625,940.0200399509862,914.5262787107364,920.3337563918033,2692614
2025-01-07,940.02001953125,956.7533601930628,934.8523702092195,937.0670770615183,2413582
2025-01-08,946.5164794921875,948.7311863691918,930.6198417327952,940.0200300174156,1235226
2025-01-09,954.8831787109375,967.3839810314334,939.5279012651096,942.4316401625202,2130681
2025-01-10,957.540771484375,964.6278452199114,943.9572485366275,950.0600081443885,1443387
2025-01-13,950.3060913085938,953.8495981547513,930.1768552819132,930.3737301239813,1876479
2025-01-14,948.042236328125,961.6749638313715,943.5635587004709,950.5522254975965,1558290
2025-01-15,940.5614013671875,948.0422251713804,929.7831490957171,948.0422251713804,3190709
2025-01-16,922.9913940429688,944.9415876573729,911.5241101199778,944.9415876573729,2019985
2025-01-17,939.4786987304688,944.3018022562334,920.678261493325,927.2239749441558,677451
2025-01-20,945.2368774414062,953.4066729677589,929.6355220099574,944.9415952084573,702848
2025-01-21,956.851806640625,962.6592844326254,942.87459310883,945.9751467819659,2281022
2025-01-22,952.2255249023438,966.3012051159186,943.1206190897958,961.576509250366,1759236
2025-01-23,968.4667358398438,977.9161278402066,946.0735884735984,952.1762882650412,1235360
2025-01-24,976.7841796875,988.2514642348798,970.9275582156558,973.2406725719496,2201712
2025-01-27,950.650634765625,982.7393134764687,944.9416244666928,973.5359397331777,1806238
2025-01-28,946.1720581054688,963.8897143300704,942.9730368426934,955.7199181976143,1647098
2025-01-29,945.4337768554688,951.4873331381762,923.2867076423005,946.1720124959077,1479070
2025-01-30,951.5365600585938,959.706355996652,938.0514433485224,950.7983244001348,1706978
2025-01-31,1008.5775756835938,1015.0247616426019,952.717744466809,954.7847802692731,5028986
2025-02-01,1053.0684814453125,1058.1377234071613,998.8327951882948,1009.9063295030209,3077657
2025-02-03,1020.0448608398438,1057.5963517147982,1017.4364041600227,1050.6077448757715,1298543
2025-02-04,1017.9776611328125,1027.427173238941,1003.0653375833564,1023.6867313506369,2251233
2025-02-05,999.3742065429688,1019.0112870705318,994.6987140401095,1018.8636159077539,1628436
2025-02-06,1007.2978515625,1010.2016503700448,994.304952971237,1004.3941729104899,1172479
2025-02-07,1005.181640625,1015.7138142407507,996.667299038593,1015.7138142407507,941811
2025-02-10,1011.3828125,1020.586125984099,999.8663246632782,1004.0004562043796,1418998
2025-02-11,997.897705078125,1019.2080710585672,993.2714164100357,1013.7451994451739,1204012
2025-02-12,1013.5975341796875,1022.7024404104835,994.2065326780059,1003.016156668222,1082392
2025-02-13,1006.7565307617188,1020.7338041259599,1000.899849378229,1013.5975263246935,1169309
2025-02-14,1006.510498046875,1021.5704936631772,1002.0318803418446,1011.7766151935668,2032391
2025-02-17,1007.199462890625,1011.3335342949538,989.2849331867162,1005.969070192249,925113
2025-02-18,1010.8413696289062,1011.8256837802195,1002.573166804536,1003.1145275722047,789814
2025-02-19,1009.2173461914062,1016.6488459315729,1005.2800295131148,1007.9376897340218,782204
2025-02-20,993.0745849609375,1014.0896683496454,987.9069355954091,1004.0004481598043,878748
2025-02-21,988.25146484375,997.7501209821716,975.8983335487575,992.1887216757968,1330146
2025-02-24,986.6765747070312,995.24006015527,974.4710546380325,974.4710546380325,1002365
2025-02-25,989.0880737304688,994.1573157577672,977.5716459566785,978.4082889734857,1663313
2025-02-27,992.188720703125,994.305020279384,982.5916571844192,989.2357780819848,1362115
2025-02-28,948.5835571289062,985.7906199346505,942.333126237927,979.3925779680253,5082193
2025-03-03,938.9373779296875,954.7848131686977,933.5236496075969,948.5836454698577,1323481
2025-03-04,939.5770874023438,942.8253121769832,928.3559418101559,930.2753063966907,1916433
2025-03-05,941.7918090820312,950.7983079909017,933.1298561878249,933.6220132849704,2773457
2025-03-06,943.1206665039062,949.8631946837656,928.2574861673736,948.8788804923836,2421530
2025-03-07,946.9594116210938,952.2255283459479,935.2461093368194,941.9886372020908,945675
2025-03-10,942.2839965820312,954.0957672946303,938.0514574255711,944.9416570079205,1660207
2025-03-11,944.7939453125,947.3039945434675,915.5105983437315,941.004359735885,2748541
2025-03-12,930.619873046875,946.6641825023775,928.5527771787879,936.7226331066348,1619168
2025-03-13,931.2596435546875,940.0200639936953,925.4030221082526,935.0984929780215,907521
2025-03-17,925.6983032226562,941.4965341481133,919.9400290946904,931.2596424169103,993027
2025-03-18,925.6983032226562,925.6983032226562,925.6983032226562,925.6983032226562,0
2025-03-19,934.9508056640625,944.7939475253582,930.4229844389746,932.6376913577661,1650477
2025-03-20,950.6998291015625,952.5208463857824,935.344551886235,938.149823275149,2403031
2025-03-21,946.122802734375,956.9010550312139,941.5949214553925,952.816127149208,3155551
2025-03-24,955.2277221679688,960.8383250927596,941.4965271377038,950.1092763404794,1475967
2025-03-25,955.4738159179688,964.5295186679438,943.9573276423358,963.6436118475983,1569597
2025-03-26,944.5971069335938,960.9859016380674,941.9394466881263,959.7063052466256,1399118
2025-03-27,958.279052734375,965.0216408775259,937.5592513731265,947.8945502071609,2585170
2025-03-28,986.1843872070312,999.0788787539301,959.706312103529,960.1984691866589,2313101
2025-04-01,976.6857299804688,998.6359238390037,973.7327874861968,987.2671072516101,1045548
2025-04-02,1046.0306396484375,1056.316795007572,999.0789009375304,1002.0318435018778,8717812
2025-04-03,1054.200439453125,1058.38377453032,1031.659621711956,1033.4314352186288,1595000
2025-04-04,1070.7861328125,1078.3654239228704,1046.2275426311628,1048.7374716408892,4089261
2025-04-07,1030.9215087890625,1060.7954223347822,1003.0162237492295,1003.0162237492295,3200820
2025-04-08,1052.9700927734375,1056.661270943945,1028.3622383033876,1039.43577281491,1444712
2025-04-09,1072.6563720703125,1075.8061293676978,1043.4222891387328,1045.341653717524,2274161
2025-04-11,1080.6785888671875,1108.3377939752481,1076.5936608884792,1107.3534797710072,1888677
2025-04-15,1086.09228515625,1093.573048858105,1076.938115262909,1090.915448646768,1023355
2025-04-16,1088.5531005859375,1091.5060431934648,1069.7527233491219,1076.938144934113,679360
2025-04-17,1102.628662109375,1116.01543066581,1077.3318365316948,1086.6828209511111,1541674
2025-04-21,1103.4161376953125,1111.7828077848844,1085.1079189421794,1102.6286383305512,692767
2025-04-22,1118.869873046875,1130.9769854441322,1100.6600608356334,1104.1051604431657,1231830
2025-04-23,1132.0596923828125,1138.4577344284523,1114.834194567628,1125.0710858717594,1760325
2025-04-24,1143.0841064453125,1150.5648701897246,1081.0723130429744,1132.945622318905,5766752
2025-04-25,1137.5718994140625,1146.7260697498198,1112.964043840032,1142.001313417388,1451946
2025-04-28,1137.0797119140625,1144.2652536118633,1127.0397551703943,1128.1224767556068,663435
2025-04-29,1150.5648193359375,1155.6832047886396,1131.862850723745,1137.0796435590887,1439143
2025-04-30,1147.5135498046875,1161.9829205755586,1134.323715408723,1156.273850116613,1477319
2025-05-02,1136.5875244140625,1157.7502790760873,1132.945610046069,1138.8514950680294,825657
2025-05-05,1143.2808837890625,1155.1910609579963,1134.9142135245709,1137.37499889648,1359727
2025-05-06,1137.17822265625,1155.0926927084731,1134.5205022712237,1143.2809225231288,1382140
2025-05-07,1128.0240478515625,1144.0684170132376,1118.5746557750133,1122.1181627842768,1792683
2025-05-08,1098.49462890625,1122.118169312836,1090.1279583455841,1118.180912578405,2692162
2025-05-09,1096.230712890625,1101.0538766619416,1069.3590064313687,1080.777027499526,815694
2025-05-12,1127.6302490234375,1136.8828259235324,1105.384773603573,1105.384773603573,748637
2025-05-13,1101.0538330078125,1132.2566650404667,1098.691454911897,1127.3350940721182,1096797
2025-05-14,1102.8255615234375,1111.1922315240488,1098.2977406130367,1101.0537480493306,1386813
2025-05-15,1129.2052001953125,1141.0169705745752,1088.1593461895907,1102.8256517749505,2064096
2025-05-16,1149.678955078125,1155.0926830344004,1126.0554149052869,1136.7844634315586,1336653
2025-05-19,1131.2723388671875,1151.35225208098,1125.0711114505198,1149.6789660316772,786128
2025-05-20,1110.798583984375,1137.0797252818236,1109.1252978926059,1130.9770252530323,825451
2025-05-21,1120.93701171875,1135.4063817859267,1106.1722993418198,1110.7985278243766,619421
2025-05-22,1109.02685546875,1120.9371544268872,1098.0025835526742,1120.9371544268872,1414277
2025-05-23,1122.9056396484375,1133.9299101571955,1106.3691137297637,1108.8298991250701,897235
2025-05-26,1128.3193359375,1135.3079422334583,1119.1651664609622,1119.1651664609622,616370
2025-05-27,1120.543212890625,1131.7644178361713,1109.5188227059264,1128.6145405738869,901912
2025-05-28,1103.8099365234375,1120.937027147524,1101.447558479505,1120.5432774476124,492483
2025-05-29,1100.488037109375,1108.7183215786372,1088.985272522652,1106.3384350763479,2556089
2025-05-30,1097.0174560546875,1110.4041820811626,1092.3568195511666,1100.4880887282181,2475644
2025-06-02,1110.9991455078125,1115.5605243314214,1089.9769545549955,1090.7702904573898,907133
2025-06-03,1105.2476806640625,1113.77549627354,1100.7854388984697,1106.7350945859268,795876
2025-06-04,1114.965576171875,1116.4529901953044,1100.6863773377404,1100.6863773377404,635699
2025-06-05,1102.5704345703125,1117.6428479177744,1098.9014074338752,1115.0646878775588,1044950
2025-06-06,1106.2393798828125,1114.469786004684,1100.091450257701,1102.5704736623532,503186
2025-06-09,1111.7923583984375,1113.0814989760333,1100.884655513149,1106.2393702296852,467790
2025-06-10,1105.7435302734375,1119.1302561146317,1103.3636436924578,1111.7923229258022,460271
2025-06-11,1095.0341796875,1109.6107877298725,1092.7534299180693,1105.842624035871,862130
2025-06-12,1075.9952392578125,1099.5955892802494,1070.93805598045,1099.5955892802494,941294
2025-06-13,1069.3515625,1071.5330546826865,1057.6505235846978,1057.6505235846978,614108
2025-06-16,1074.3095703125,1075.8961210283067,1064.5917504783363,1064.9884184188031,439929
2025-06-17,1062.6085205078125,1084.8205934307807,1056.5597278797961,1074.3095588736614,664517
2025-06-18,1056.26220703125,1066.773362737575,1050.1142776203576,1057.4522108516571,545933
2025-06-19,1079.16845703125,1082.4406951161232,1052.692415911506,1056.2621852068485,2816398
2025-06-20,1090.968505859375,1093.7450603239513,1073.615343070917,1079.1684520000695,2084108
2025-06-23,1100.0914306640625,1102.6695907497685,1080.854185177381,1080.854185177381,758904
2025-06-24,1098.4056396484375,1107.5285183880335,1095.1334013880914,1102.6696083148433,1134930
2025-06-25,1117.0479736328125,1124.3859073004219,1097.314922636832,1098.405668752515,1564437
2025-06-26,1135.789306640625,1140.3506851721022,1109.7099338569624,1112.5856250113902,2236678
2025-06-27,1114.866455078125,1137.5742126506898,1110.6024863994155,1134.4011111079744,622376
2025-06-30,1089.6795654296875,1117.246233402584,1081.449159206065,1114.5689365108865,1836286
2025-07-01,1086.4071044921875,1091.4642876181144,1076.7885428810334,1089.6794635392282,971874
2025-07-02,1086.6055908203125,1089.0846142333485,1074.9045518923572,1084.8206455445006,1230645
2025-07-03,1080.25927734375,1096.5216953031068,1077.5818594035866,1086.8038750095945,730322
2025-07-04,1080.556640625,1085.8122185028446,1072.9212971872857,1081.8457811749804,573351
2025-07-07,1092.654296875,1098.9013627515817,1075.8960757259106,1075.8960757259106,1152136
2025-07-08,1090.671142578125,1099.298095459645,1084.3248185620564,1098.7031540619648,605639
2025-07-09,1088.6878662109375,1098.1081544876627,1082.440679251108,1090.7702215155286,752158
2025-07-10,1079.763427734375,1094.4391732463034,1071.0372171789118,1088.6879117381645,533377
2025-07-11,1067.7650146484375,1092.5552488198252,1064.988460002816,1074.8054169438985,983485
2025-07-14,1062.806884765625,1074.4086650328363,1061.0219396263358,1067.764931212477,770739
2025-07-15,1072.7230224609375,1075.8961239010232,1058.5429606122968,1062.806929153094,538506
2025-07-16,1072.425537109375,1080.7550800534184,1059.2370840274675,1072.7230683397597,1753658
2025-07-17,1096.5216064453125,1100.3887858576127,1070.9380382248519,1072.4254521668308,1193262
2025-07-18,1086.7047119140625,1099.0006920750411,1084.3248252625726,1096.7199421494333,844437
2025-07-21,1081.1517333984375,1086.6055848772874,1067.9632804947928,1086.6055848772874,805610
2025-07-22,1075.6978759765625,1081.151727425281,1066.2775871105944,1080.7550594743432,961735
2025-07-23,1053.68408203125,1077.879374631454,1042.1814376611392,1075.8961559108811,1508414
2025-07-24,1063.798583984375,1095.2325526962995,1056.559787141609,1074.904560545757,6264546
2025-07-25,1045.5528564453125,1070.7397565448848,1041.1897513732042,1068.954811409823,1180451
2025-07-28,1051.0067138671875,1062.0135528103524,1035.636769825581,1039.2065390711946,1219854
2025-07-29,1052.6925048828125,1067.169977776786,1045.1562977232436,1051.0068173371699,944513
2025-07-30,1064.095947265625,1073.91290383678,1047.1394519405721,1047.1394519405721,1175543
2025-07-31,1064.195068359375,1070.6405289063894,1045.6520225886961,1059.7328264422113,1114320
2025-08-01,1061.418701171875,1080.7550840201297,1058.0472050814276,1058.1463418098976,1040166
2025-08-04,1063.60009765625,1066.57492551901,1051.1058448418692,1061.4186056419817,663828
2025-08-05,1055.667236328125,1063.9967786554216,1050.2133851793787,1063.6001107263014,861402
2025-08-06,1043.96630859375,1058.344643294113,1041.78469552882,1052.0974563507054,598309
2025-08-07,1043.96630859375,1047.6352145471444,1029.9845207724143,1042.1813634539033,600790
2025-08-08,1042.181396484375,1053.0890990165617,1034.2485219155121,1043.173005805483,843741
2025-08-11,1050.21337890625,1053.9815426412988,1028.9929158086704,1039.2065399537375,617689
2025-08-12,1038.0167236328125,1053.9816100760181,1036.2317783712592,1046.9412078484502,651741
2025-08-13,1047.2386474609375,1049.8168076531467,1034.4468621831275,1039.008362191729,501792
2025-08-14,1042.379638671875,1050.5109074887594,1036.6283774095507,1048.3292944201073,767620
2025-08-18,1062.3111572265625,1080.854203865275,1050.114313663602,1052.0975323862906,1099268
2025-08-19,1076.689453125,1083.7298551208135,1060.030368052431,1067.6657114338234,667231
2025-08-20,1096.02587890625,1097.612429680101,1069.8473674764828,1076.8877697546159,871108
2025-08-21,1078.9700927734375,1094.7367054028539,1077.3835420472833,1094.7367054028539,614098
2025-08-22,1075.003662109375,1082.5398688899434,1070.938088021469,1078.0776268565205,394813
2025-08-25,1072.524658203125,1082.143341610534,1070.045634806277,1075.8961542320512,444715
2025-08-26,1070.8389892578125,1082.639165040392,1061.121168955437,1065.0876064590898,1201357
2025-08-28,1053.48583984375,1076.0944613016395,1051.1059530992175,1072.4255549781167,641975
2025-08-29,1056.4605712890625,1068.4590195969022,1046.346083812344,1056.0639033602793,1079893
2025-09-01,1066.674072265625,1067.9632127700281,1048.1310268318662,1050.2133821461618,807324
2025-09-02,1091.5635986328125,1096.3232507880878,1065.0875569002305,1067.963248165785,1649975
2025-09-03,1095.1334228515625,1097.3149150678814,1077.3835907505545,1093.6460087824175,1244093
2025-09-04,1062.11279296875,1116.5521726658453,1058.2454921401786,1116.5521726658453,2407789
2025-09-05,1063.40185546875,1068.459038774853,1052.2957584937565,1064.9884061663035,1130356
2025-09-08,1065.1866455078125,1072.2271682680196,1059.732794440419,1063.4018214224805,600835
2025-09-09,1074.40869140625,1076.8877146905284,1059.1378837658833,1065.1866763703108,779147
2025-09-10,1091.7618408203125,1093.745059423074,1072.6237328852392,1074.4086780461475,1200433
2025-09-11,1096.02587890625,1098.5049023172874,1085.118175897686,1089.77869149201,1030547
2025-09-12,1094.6375732421875,1099.9922878805855,1086.010499367529,1095.728319305587,1131972
2025-09-15,1093.348388671875,1098.6039663740542,1081.4490770860116,1094.6375291787663,1491729
2025-09-16,1082.9365234375,1096.1249759248751,1077.8793400714,1093.745089327281,641025
2025-09-17,1126.7657470703125,1129.2447704326548,1093.8442441907673,1093.8442441907673,3361334
2025-09-18,1119.824462890625,1134.7977395390506,1113.5772757037826,1126.7657281888678,1030976
2025-09-19,1117.345458984375,1123.0967205609286,1105.0494788903402,1119.0311464533852,1438338
2025-09-22,1120.61767578125,1127.261530897105,1110.503309068356,1110.6024457918038,701996
2025-09-23,1119.0311279296875,1125.0799206282034,1109.0158979146286,1121.5101512525268,1082761
2025-09-24,1130.5338134765625,1137.475079035549,1109.0159386621306,1115.5605362656763,1100753
2025-09-25,1124.6832275390625,1136.880070433131,1118.138630322318,1135.3926564726867,1023970
2025-09-26,1109.61083984375,1127.3606710531437,1107.8258946320113,1116.5521051510837,565909
2025-09-29,1113.6763916015625,1120.9151879813594,1093.7450686842524,1109.6108176406876,1372491
2025-09-30,1119.824462890625,1123.691642434226,1104.652791748899,1113.5772757037826,1377509
2025-10-01,1135.1944580078125,1140.1525048701,1112.6848526253868,1119.6261182325895,789835
2025-10-03,1127.95556640625,1140.3506825206043,1119.6260241681928,1136.3842453640111,1567152
2025-10-06,1132.5169677734375,1142.3339241432552,1122.7992691713816,1123.4933472693647,1472109
2025-10-07,1110.6024169921875,1135.2935127934575,1105.9419016964468,1126.8648337359275,1354474
2025-10-08,1110.80078125,1117.2462422327217,1100.6864139724637,1102.6696327363782,963508
2025-10-09,1108.6192626953125,1114.965586798309,1105.1486299408996,1107.627653336909,852898
2025-10-10,1117.0479736328125,1121.9068838347475,1099.0998679505446,1106.6360750769807,982270
2025-10-13,1107.627685546875,1122.8984943195817,1103.1654433042959,1110.6025137085944,832628
2025-10-14,1109.51171875,1115.0647068648811,1101.3804495049396,1105.6444181007937,1033610
2025-10-15,1104.85107421875,1112.6848121856663,1102.8678555459137,1109.5117107275526,1299596
2025-10-16,1139.6566162109375,1144.515404941118,1099.6947130269718,1104.8510329653932,2383412
2025-10-17,1156.2164306640625,1163.653500329569,1132.9136123788091,1142.5321740611084,2001759
2025-10-20,1166.529296875,1177.5361367652342,1153.836648413967,1157.109007780878,1751305
2025-10-21,1164.7442626953125,1174.4620822798042,1162.6619073689378,1166.5292078585237,123219
2025-10-23,1151.2584228515625,1181.2049759577874,1148.283594885538,1164.7442854216627,1137414
2025-10-24,1145.6063232421875,1153.539197992114,1134.7977571862002,1153.539197992114,1103267
2025-10-27,1160.083740234375,1170.0989699202437,1146.201210082779,1146.201210082779,874449
2025-10-28,1159.0921630859375,1166.5292330162783,1148.085323798245,1159.4888310247677,842574
2025-10-29,1167.2232666015625,1178.0318320305828,1157.5055682242296,1159.1912555923832,1017034
2025-10-30,1166.7275390625,1174.0654724746794,1157.208113494891,1174.0654724746794,900192
2025-10-31,1155.224853515625,1173.5696258675898,1148.0853148565272,1161.1745094135595,749738
2025-11-03,1187.4521484375,1192.7077261976508,1147.490244835752,1155.026572426774,2595111
2025-11-04,1169.4049072265625,1189.732898073308,1128.5505310435174,1189.732898073308,2886618
2025-11-06,1180.4117431640625,1182.4940984993782,1157.6047291049551,1162.2652444290452,2401724
2025-11-07,1157.4063720703125,1177.833621290702,1146.1021224424844,1175.0570667230584,1351606
2025-11-10,1133.1119384765625,1163.9510856262093,1129.0463644130264,1157.4063671795705,1586398
2025-11-11,1146.4986572265625,1149.2752117648674,1124.4849785516476,1138.3675091510506,1177071
2025-11-12,1152.25,1156.0181637368391,1143.4246530713394,1146.5978754407977,1168588
2025-11-13,1145.1104736328125,1158.1996680381078,1136.9792047055953,1158.1996680381078,1603498
2025-11-14,1148.0853271484375,1153.8365886170477,1137.1776245521082,1139.3591166529498,1832598
2025-11-17,1169.00830078125,1172.8756015013043,1148.283640911374,1156.2165158054079,2105780
2025-11-18,1144.416259765625,1168.8098241412686,1142.2347677414994,1168.8098241412686,1695622
2025-11-19,1152.3492431640625,1156.0182705195932,1139.3591844177731,1144.4163680767324,1935207
2025-11-20,1164.0501708984375,1169.5040219988641,1153.2416054174719,1155.1256872795577,2193836
2025-11-21,1173.1729736328125,1177.040274227439,1152.7458456523993,1164.050216218977,3194549
2025-11-24,1176.0487060546875,1184.675659105634,1161.9679015001147,1178.5277294654268,4765158
2025-11-25,1167.8182373046875,1183.9815174946034,1155.9189255710733,1178.0318616277964,1258048
2025-11-26,1175.3546142578125,1177.0403017390977,1140.3507556865732,1140.3507556865732,713335
2025-11-27,1167.8182373046875,1182.890771461567,1158.4972066168698,1177.0402523166617,1118308
2025-11-28,1162.5628662109375,1172.1814288189662,1155.9190107093534,1167.2233818981128,1020242
2025-12-01,1154.0350341796875,1168.1158388269166,1149.8702021946006,1162.5628505595332,487062
2025-12-02,1152.4483642578125,1163.25693062687,1146.498708023036,1150.2668720568208,708989
2025-12-03,1130.4346923828125,1153.638376067252,1124.088368146187,1150.068606511046,716554
2025-12-04,1138.76416015625,1144.3171481042164,1127.5589264920918,1143.3255387904346,703643
2025-12-05,1153.142578125,1155.5224648584183,1130.5338357266264,1138.764242041262,699541
2025-12-08,1136.18603515625,1161.1745422150402,1132.7154024510812,1153.1425307351478,590111
2025-12-09,1137.078369140625,1141.4414743974169,1122.4026236991292,1131.029576442965,851746
2025-12-10,1130.5338134765625,1146.994504735803,1128.7489892461765,1131.525422842132,342793
2025-12-11,1132.5169677734375,1144.5154162049666,1125.476565887669,1126.5673119185246,616435
2025-12-12,1139.6566162109375,1141.3423036014829,1128.4513827093724,1132.5169566276727,751834
2025-12-15,1147.688720703125,1159.5880332639742,1130.5338300094738,1133.4095214208924,1037323
2025-12-16,1160.083740234375,1166.8266108232306,1143.7221868414224,1147.6886240275928,1181775
2025-12-17,1169.9007568359375,1177.9327683431022,1160.1829368100437,1160.1829368100437,1502200
2025-12-18,1161.6702880859375,1173.6687363358299,1158.1996555564447,1167.025002483509,568209
2025-12-19,1174.0654296875,1176.3461795318367,1159.7862313334401,1161.6703132423195,598033
2025-12-22,1168.9091796875,1178.7260156633072,1164.2485429972842,1174.0655000191575,670307
2025-12-23,1175.6519775390625,1177.337785999164,1161.1745057753283,1168.9091068368325,805182
2025-12-24,1169.3056640625,1179.5192884973364,1161.571183978678,1177.3377964074004,530345
2025-12-26,1165.8350830078125,1169.900778244637,1162.1661767726048,1163.7527275487469,322741
2025-12-29,1185.17138671875,1190.8236323553215,1160.6786854317777,1164.1493179811253,1806020
2025-12-30,1169.107421875,1191.7161634390995,1161.273683812681,1190.6252963189052,2256987
