Price,Close,High,Low,Open,Volume
Ticker,TCS.NS,TCS.NS,TCS.NS,TCS.NS,TCS.NS
Date,,,,,
2021-01-01,2534.897216796875,2545.0688354419235,2492.262985454863,2493.128655126782,2681440
2021-01-04,2631.159423828125,2640.941532578551,2545.890968215903,2553.7253203660493,5113293
2021-01-05,2677.51611328125,2695.9115925593705,2631.289440480398,2631.289440480398,5801309
2021-01-06,2641.591064453125,2695.2625853432096,2629.2119455917064,2683.5760445042397,3726716
2021-01-07,2625.40234375,2666.997802988866,2597.224760953021,2661.9335521808316,3717827
2021-01-08,2701.668212890625,2707.814551686017,2648.949017953712,2674.9191063650233,5879039
2021-01-11,2749.756103515625,2796.112751935151,2723.8726675326607,2796.112751935151,9508039
2021-01-12,2748.371337890625,2778.79954116313,2726.859362823632,2749.7562825059354,3611458
2021-01-13,2734.607177734375,2750.2325576380786,2706.2998216292235,2748.501218287976,3572801
2021-01-14,2819.38720703125,2833.090857385207,2706.3757644928123,2736.385016087656,6931542
2021-01-15,2804.339599609375,2839.5959521291543,2784.087662289122,2805.7705880078847,4131692
2021-01-18,2794.278564453125,2824.6346596671733,2764.4861405941256,2818.7802698758924,4160906
2021-01-19,2828.059814453125,2843.931754057611,2803.1678649326623,2804.0351817225546,2975735
2021-01-20,2869.7783203125,2886.387354938711,2833.6112464291687,2836.1263808447598,3453446
2021-01-21,2839.465576171875,2870.0816939738183,2829.2746023872464,2866.482413463697,2778546
2021-01-22,2864.8349609375,2883.829119158745,2811.7549894065555,2811.7549894065555,3052459
2021-01-25,2854.599609375,2896.6644709800617,2843.6279256399694,2869.907665033406,2272887
2021-01-27,2828.364013671875,2867.7401189418397,2798.831828845749,2862.145966901448,2786662
2021-01-28,2772.421630859375,2840.4625932239414,2761.3633413743046,2801.433336217811,3083938
2021-01-29,2698.526611328125,2790.0285473235554,2688.68247948657,2784.1307498578026,5445659
2021-02-01,2722.811767578125,2745.0583644106773,2640.1998215401736,2688.6827581905527,3985846
2021-02-02,2778.406494140625,2796.22990015266,2732.0484446280643,2752.8640518252305,2881837
2021-02-03,2775.457763671875,2806.637766972181,2743.0199813438967,2786.6894762922184,2505866
2021-02-04,2765.396728515625,2808.242313539117,2754.598674675003,2789.3347613949722,2057261
2021-02-05,2738.943603515625,2780.4882137372515,2713.834819396082,2774.503599551176,2366135
2021-02-08,2787.6435546875,2797.964541919402,2736.515049968468,2766.3074725517463,2526592
2021-02-09,2755.379150390625,2815.137415654774,2744.1908463670006,2771.0776719793193,2658751
2021-02-10,2786.949462890625,2792.2399689811728,2738.3797160414965,2762.4043520441965,2127983
2021-02-11,2780.618408203125,2792.1537670931702,2762.4481587085925,2788.424261501262,1165882
2021-02-12,2767.434814453125,2814.877006663674,2759.8023833627517,2761.7104381985223,2777404
2021-02-15,2723.245361328125,2783.220247051006,2716.046587894049,2783.220247051006,2630853
2021-02-16,2696.315185546875,2747.3566649630898,2688.6827534456943,2732.0486043077217,3435770
2021-02-17,2665.351806640625,2717.173994459445,2641.457182292696,2693.105949070788,3678426
2021-02-18,2651.691650390625,2686.8611844905117,2628.837763295516,2658.326540580916,4189909
2021-02-19,2664.267822265625,2677.537603023142,2615.9580957662,2652.255397066577,3725028
2021-02-22,2565.9140625,2685.2135640669753,2552.6440693978784,2685.2135640669753,5366696
2021-02-23,2584.777587890625,2626.2353749301933,2574.1963648589212,2575.9309985279638,3832829
2021-02-24,2556.9375,2604.856767390992,2533.563135920015,2577.6662929597965,3774549
2021-02-25,2597.874267578125,2627.883304283941,2574.586724879215,2579.4003758655426,4224073
2021-02-26,2510.275634765625,2577.969768946647,2497.8729593195408,2567.258319300639,5553153
2021-03-01,2536.20849609375,2571.5950743738917,2516.7806787130944,2537.7697091460395,3265871
2021-03-02,2607.45849609375,2623.6338731250016,2556.850465445456,2567.258269239671,3306469
2021-03-03,2653.2099609375,2657.459730245807,2599.262665161915,2632.30753306006,3509857
2021-03-04,2645.056640625,2672.5939556672793,2615.8715079641565,2621.8993188286727,3916760
2021-03-05,2608.932861328125,2656.7653076598276,2599.0021243430324,2615.91480530581,3203686
2021-03-08,2607.97900390625,2630.5726557786415,2598.4819244025093,2615.828265686905,2003125
2021-03-09,2646.14013671875,2659.9737972671282,2595.0986703164904,2607.9781976902505,1942397
2021-03-10,2663.4873046875,2682.785109429216,2653.990225152841,2666.999981158492,3053778
2021-03-12,2652.2119140625,2703.42702403116,2637.8145792568857,2666.999710906582,2938317
2021-03-15,2659.32373046875,2687.815176427966,2637.510794294109,2637.510794294109,3097083
2021-03-16,2697.399169921875,2724.242587644878,2653.989913464924,2653.989913464924,4894756
2021-03-17,2699.914306640625,2736.3850274060687,2675.933077232486,2693.0191791112024,3838390
2021-03-18,2633.608154296875,2728.96961913165,2590.719369631691,2711.1896200659207,3656306
2021-03-19,2645.490234375,2687.815345737692,2606.287548867946,2627.9704735673467,5776626
2021-03-22,2714.398193359375,2722.897941147131,2618.1260195174214,2644.1889341547226,2821646
2021-03-23,2725.630126953125,2748.5272080136174,2708.5006184778117,2723.375018353663,3305973
2021-03-24,2706.9833984375,2734.0436487376264,2698.3534241722164,2698.396832375288,2207104
2021-03-25,2658.196044921875,2715.4389551376166,2645.3163054244246,2699.2633693691996,3179786
2021-03-26,2659.887939453125,2704.2945295321547,2639.289159762173,2680.5733237996446,3697370
2021-03-30,2739.4638671875,2765.3965580858217,2654.7702439160366,2673.93803231726,4694008
2021-03-31,2756.203125,2779.7506943892795,2716.436560008494,2736.3848489229877,3530069
2021-04-01,2745.057861328125,2788.4237043190906,2727.7115241317388,2767.694916068321,4285076
2021-04-05,2809.153076171875,2830.0555015349146,2732.915993054403,2750.262333854494,5317862
2021-04-06,2831.530029296875,2840.463437572141,2801.4341689642797,2840.463437572141,2291562
2021-04-07,2837.3408203125,2842.6749470447644,2805.5971443641874,2826.5861739415063,2491268
2021-04-08,2877.19384765625,2892.5019064803846,2832.700447644889,2836.1263071037056,2578118
2021-04-09,2881.443359375,2909.284314518921,2869.084094457822,2908.980668927308,2911129
2021-04-12,2815.787841796875,2895.1907496618546,2786.8627372733504,2881.4436915230553,3791828
2021-04-13,2692.19580078125,2787.5572776210893,2665.3089695409717,2787.5572776210893,8654596
2021-04-15,2791.850341796875,2807.722287105344,2677.798142938476,2740.982278487863,6062760
2021-04-16,2771.207763671875,2816.178233779317,2760.323104971808,2800.566528140873,3224657
2021-04-19,2742.28271484375,2765.873693017994,2719.125395135016,2748.5273543976236,2679106
2021-04-20,2727.321533203125,2797.400784488991,2711.536407203048,2797.0971388602725,3141893
2021-04-22,2704.988037109375,2730.313648680331,2693.2358505605457,2730.313648680331,1988980
2021-04-23,2696.921875,2705.161385471941,2680.9199206960566,2693.0189489869754,1615309
2021-04-26,2689.37646484375,2734.6503676872076,2678.318173632836,2690.4606110408986,2490260
2021-04-27,2716.436767578125,2719.992851877007,2691.284575285735,2693.886526212534,1471417
2021-04-28,2709.58544921875,2732.9161946166687,2699.0908275617494,2732.0054693080297,1639037
2021-04-29,2701.909423828125,2738.423556113337,2693.4530826412783,2728.2325808368805,1621395
2021-04-30,2632.87060546875,2716.480086208157,2619.297179947084,2687.815218760269,3072305
2021-05-03,2634.041259765625,2649.652962984519,2605.4198038643194,2623.5466412362357,1545831
2021-05-04,2645.099609375,2680.009113195754,2632.3066856145997,2656.4181368141667,1990777
2021-05-05,2684.953125,2688.1621554674107,2647.3982575233513,2662.663121026859,1939289
2021-05-06,2698.613525390625,2718.1715667285157,2666.1325450298204,2693.4530314216354,1791671
2021-05-07,2717.21728515625,2740.5916471927385,2698.9170239049954,2717.3041015532767,1912540
2021-05-10,2728.145263671875,2744.3640470832393,2710.3652675169637,2728.53551392094,2137153
2021-05-11,2708.28466796875,2713.054912383015,2681.0073736929326,2710.36614446876,2415625
2021-05-12,2677.927978515625,2706.0289638256604,2663.1835899306775,2706.0289638256604,1978558
2021-05-14,2646.61767578125,2687.381572475243,2636.643530845486,2687.381572475243,2043935
2021-05-17,2662.446044921875,2667.1728796616994,2633.17409964421,2649.6531206894138,2890462
2021-05-18,2678.96875,2709.498265572481,2669.601684197214,2688.6826578984287,2098538
2021-05-19,2673.071044921875,2704.2944575166794,2660.1481060746196,2674.8056789549196,1986041
2021-05-20,2653.990234375,2678.9690083421133,2647.138514220481,2660.1482702713383,2329027
2021-05-21,2671.769775390625,2678.448073333491,2649.7400102940805,2654.8570954295415,1685566
2021-05-24,2672.637451171875,2693.019401554007,2664.3979393152686,2672.637451171875,1652260
2021-05-25,2714.03564453125,2726.4553644845478,2686.2329881349738,2694.8613400419476,1841613
2021-05-26,2752.82080078125,2758.485937778267,2705.146536609125,2719.2657585681495,1923753
2021-05-27,2771.55908203125,2804.460451637124,2755.696742420264,2755.8273912259992,5959785
2021-05-28,2739.833984375,2787.2467266316285,2732.9049175016894,2779.8384723550903,1763701
2021-05-31,2753.386962890625,2763.14859899798,2726.76099180802,2745.4122790029396,1652799
2021-06-01,2748.02734375,2762.800236009924,2729.724592649857,2761.6237582519175,1377441
2021-06-02,2727.501708984375,2753.648492779045,2714.9077173465566,2746.1532090944156,2240078
2021-06-03,2737.785888671875,2749.3776709242543,2721.5747991720896,2749.3776709242543,1281706
2021-06-04,2739.96533203125,2751.382847235814,2723.62359048832,2726.238269135189,1836060
2021-06-07,2774.34814453125,2780.6669508759305,2731.118921208525,2741.054614347618,2559821
2021-06-08,2789.12109375,2816.0087898714464,2777.834440599766,2787.2473259080425,2574057
2021-06-09,2789.207763671875,2806.4210605494686,2776.962312450447,2790.73299250913,1710925
2021-06-10,2803.632568359375,2809.9077540375833,2782.88941024876,2797.70592135876,1874324
2021-06-11,2853.311279296875,2883.9901284053785,2798.577305019544,2799.056705258424,3452954
2021-06-14,2855.533935546875,2883.7287565429338,2850.3045787618544,2857.8434830136966,1847360
2021-06-15,2843.680419921875,2874.4028886376045,2833.918997241148,2874.4028886376045,1304985
2021-06-16,2853.79052734375,2871.5266329719457,2835.1826495566793,2843.1139249899015,1635552
2021-06-17,2891.6162109375,2907.5657905780254,2841.2836553858037,2846.0772321050126,2273413
2021-06-18,2873.793212890625,2926.696832554393,2854.3573932744603,2920.5086749244424,3380431
2021-06-21,2852.701416015625,2863.9444481822334,2834.0499154939534,2845.641699122031,1130569
2021-06-22,2877.191650390625,2899.7215444408,2863.072431640513,2879.632059099012,1708688
2021-06-23,2842.50439453125,2901.4219086087305,2838.146596530936,2901.4219086087305,1467104
2021-06-24,2940.293212890625,2948.485787073429,2857.4078193674954,2862.201396615176,4155204
2021-06-25,2946.568603515625,2962.997373554617,2919.7245265063507,2941.731405400167,2722861
2021-06-28,2908.17626953125,2955.8941539267953,2904.90792128498,2955.8941539267953,1355238
2021-06-29,2911.749267578125,2933.930411454228,2899.2423052425283,2912.75147576147,1497322
2021-06-30,2916.019775390625,2947.6138026962844,2909.700969929493,2916.2376652341122,1693146
2021-07-01,2912.316162109375,2930.1831324290642,2904.3414775433343,2926.6968943179054,990310
2021-07-02,2898.327392578125,2910.74711500687,2871.9627186504385,2903.164590185935,1682274
2021-07-05,2894.44921875,2940.6418741531165,2877.889587567751,2912.751969004065,1972858
2021-07-06,2843.28857421875,2900.5499903048712,2837.8849479232354,2887.476597920685,2159420
2021-07-07,2854.314208984375,2861.0687962145444,2825.247822573452,2854.3578295231287,2640710
2021-07-08,2839.9765625,2874.403161922664,2816.7929952439126,2874.403161922664,2485811
2021-07-09,2796.093994140625,2860.4587591325862,2789.862427782879,2832.5688504512204,6365067
2021-07-12,2782.976806640625,2820.366625180118,2778.836898893528,2819.4950656544133,1892226
2021-07-13,2778.139892578125,2801.192601831849,2767.2017768562914,2801.192601831849,1809339
2021-07-14,2801.67138671875,2808.1644618657065,2775.9167632036856,2777.6598820502813,2044279
2021-07-15,2797.6533203125,2822.8964842713835,2789.835882951835,2819.184273093379,2232968
2021-07-16,2790.534912109375,2812.415165876921,2788.0891771991855,2806.4318691544436,1256526
2021-07-19,2781.625732421875,2794.9023053084866,2774.1138778064173,2777.607724000128,1597058
2021-07-20,2800.143310546875,2808.1791148200396,2756.775813064705,2781.6259668093744,1811945
2021-07-22,2809.35791015625,2816.8695509188374,2786.342114911224,2786.342114911224,2859334
2021-07-23,2806.301025390625,2831.3693292187577,2800.8853931842596,2821.280805669737,1776193
2021-07-26,2792.936767578125,2816.258146190416,2787.0846183754047,2795.0767055313113,1259611
2021-07-27,2780.18408203125,2803.8112569236587,2761.142579755305,2795.076642416108,1121367
2021-07-28,2793.155517578125,2798.963951857688,2736.0310015940213,2784.5955513391964,1660654
2021-07-29,2791.408447265625,2817.3064967675937,2786.604408769665,2795.2953084901396,1731997
2021-07-30,2766.6455078125,2815.603066161806,2762.1909822360863,2811.672489522213,2999943
2021-08-02,2812.021728515625,2816.825766527671,2766.25243348165,2777.6074324192127,2608669
2021-08-03,2869.2333984375,2873.688137079662,2811.6286591294147,2820.4069892493094,3804735
2021-08-04,2859.6689453125,2886.96461441979,2848.5323123167254,2882.4226577298195,2929598
2021-08-05,2868.404052734375,2895.5250768731294,2849.668344886451,2860.5866144070887,2534521
2021-08-06,2890.982666015625,2903.385775596427,2851.851551541015,2858.446227946742,2292362
2021-08-09,2902.25048828125,2914.7410304017426,2891.1575698620823,2903.2985994335254,1510489
2021-08-10,2912.033447265625,2926.008832406461,2896.049271108757,2896.049271108757,2040777
2021-08-11,2921.02978515625,2934.8305189364487,2906.093722070834,2926.0959042967565,1929707
2021-08-12,2927.624755859375,2941.818506074252,2905.1331209034925,2905.1331209034925,1310205
2021-08-13,3025.146240234375,3039.645785313863,2932.6467598250847,2935.4855094809095,4363584
2021-08-16,3033.48828125,3052.1804865769095,3001.6506500469623,3022.1769967008554,2083489
2021-08-17,3103.452392578125,3110.221719131916,3024.7971426810414,3041.480342454519,4336019
2021-08-18,3110.00341796875,3140.0941242989843,3089.084057481392,3121.6204986858806,2631309
2021-08-20,3109.08642578125,3122.6250799741447,3057.11546291175,3062.3562322767416,2836148
2021-08-23,3177.128662109375,3208.2239757054094,3111.182321198469,3126.9920590866773,3744176
2021-08-24,3155.9912109375,3203.289281535624,3139.5700912462094,3194.248869248207,2511141
2021-08-25,3195.99560546875,3229.842238349842,3150.619323520232,3153.195992277176,2123263
2021-08-26,3207.219482421875,3220.9765001390165,3186.299910279459,3196.8688790309616,1902533
2021-08-27,3249.407958984375,3257.5749099242707,3189.0956084587892,3202.11010049132,3944728
2021-08-30,3232.94287109375,3267.0515829812716,3220.976492013116,3244.9092501743835,2033114
2021-08-31,3307.318115234375,3322.7348380108765,3234.820813776714,3240.017866834133,3207480
2021-09-01,3244.865966796875,3333.74068017422,3237.921990071919,3315.660068603454,2643336
2021-09-02,3351.253173828125,3370.8186247495905,3251.0234737703217,3261.5050110312686,3403717
2021-09-03,3355.8828125,3368.8535878797816,3323.1280061155453,3340.9902512143804,1746812
2021-09-06,3364.573974609375,3386.9346761466745,3331.382434880622,3362.564970344723,1723693
2021-09-07,3333.04248046875,3380.25312892022,3326.3605836329616,3375.056074353775,1585039
2021-09-08,3296.57470703125,3332.2556953856665,3280.72146575847,3327.8883877901417,4147175
2021-09-09,3311.64208984375,3326.753017556797,3288.58278984343,3310.1572478338157,1441148
2021-09-13,3358.765625,3364.9233586382898,3290.329823827149,3290.329823827149,1691473
2021-09-14,3394.183837890625,3403.4426147631857,3340.9901197149197,3362.7829407221366,1991188
2021-09-15,3454.1474609375,3476.377015029846,3376.802397011403,3390.865213451585,2461369
2021-09-16,3409.383056640625,3477.9060835598534,3399.600328363803,3432.704441110121,2946666
2021-09-17,3343.480224609375,3445.806170455863,3323.5215408325876,3423.9696294517066,6477148
2021-09-20,3339.679931640625,3381.1693514792364,3326.010344929612,3327.01474032147,2002008
2021-09-21,3374.1376953125,3381.6495487022958,3338.063696598914,3369.814104002726,1568129
2021-09-22,3373.439453125,3403.7487396255815,3364.9669187066097,3373.745249967666,1744067
2021-09-23,3379.641357421875,3388.157608177154,3349.7252970764075,3380.2964536338195,2003869
2021-09-24,3381.431640625,3445.281550083093,3367.19417513383,3397.7653284748635,2320754
2021-09-27,3351.427734375,3409.9933649131685,3321.686330538198,3406.499519252397,1673362
2021-09-28,3300.9423828125,3362.8272236426765,3276.5728890102832,3362.8272236426765,2253075
2021-09-29,3312.07861328125,3324.394505866805,3251.154672980617,3284.0406267687767,2489161
2021-09-30,3297.797607421875,3323.5210059352767,3275.568054906828,3323.5210059352767,2252412
2021-10-01,3258.186279296875,3327.8885546661445,3253.6443218192617,3303.213265514092,1578374
2021-10-04,3295.83251953125,3304.8727186534416,3238.3149909855993,3253.4696342242864,1356860
2021-10-05,3348.240234375,3354.092384166634,3268.143852121344,3278.9746901462354,1877966
2021-10-06,3328.67431640625,3369.333991530842,3314.786363974737,3350.5982851665585,1678154
2021-10-07,3400.2978515625,3405.6260514842033,3336.666315532846,3345.35721394832,1647233
2021-10-08,3437.63818359375,3485.0234633029286,3406.4993707981093,3428.335905226302,2934339
2021-10-11,3219.230224609375,3282.032029644776,3196.8695218895223,3279.8483755997695,11845402
2021-10-12,3190.6240234375,3237.921879814256,3171.1895044664,3237.0484182874648,5752877
2021-10-13,3192.676025390625,3210.363618512154,3183.766761875189,3188.134068818776,3545655
2021-10-14,3160.515625,3211.754973922932,3157.671427816008,3172.373782144585,6442299
2021-10-18,3191.7578125,3196.6148686071647,3151.764069415855,3153.5143445062477,3590107
2021-10-19,3180.380859375,3229.344973413171,3172.5484214832622,3210.879486705096,3135441
2021-10-20,3158.239990234375,3176.749062532768,3131.5044974037755,3160.9965878425232,2933693
2021-10-21,3091.42333984375,3157.014855306704,3072.826667240302,3154.083272760841,4871211
2021-10-22,3061.974853515625,3116.889730316667,3049.854113970201,3115.489424887781,2691670
2021-10-25,3056.8115234375,3075.7145791199464,3019.22441010677,3065.6066981460913,2595594
2021-10-26,3047.754150390625,3088.3604476916144,3041.1030194753075,3058.1682018867514,3878763
2021-10-27,3054.01123046875,3072.8266875803133,3048.104052073259,3048.104052073259,2510813
2021-10-28,2994.414794921875,3078.734396911669,2988.59521473944,3078.734396911669,2424942
2021-10-29,2973.49853515625,3028.8509837909737,2963.171869596629,2975.5113942015646,3960501
2021-11-01,3042.327880859375,3051.6044237040865,2986.8004499216345,3008.678887143488,2020718
2021-11-02,3049.154052734375,3074.883223579942,3036.5083585161897,3057.7304430162308,3087414
2021-11-03,3056.199462890625,3080.396933487503,3033.270899156859,3066.657315092802,1537639
2021-11-04,3070.551025390625,3074.576743250324,3067.3568590599543,3074.3141592757156,328991
2021-11-08,3065.387451171875,3104.987417531315,3046.5281979423053,3104.987417531315,2526082
2021-11-09,3067.969482421875,3093.6110538313474,3059.480691426985,3069.982341397558,1782692
2021-11-10,3049.241455078125,3080.2212352978518,3045.653306076,3061.2307953933705,1516489
2021-11-11,3052.654541015625,3071.776380579202,3006.9724069017007,3045.4784563498015,1284514
2021-11-12,3085.7783203125,3092.8668051695226,3050.4664402070175,3068.2317724364716,1747259
2021-11-15,3109.625732421875,3123.8905146184666,3087.4847137107154,3087.4847137107154,1809157
2021-11-16,3112.33837890625,3129.0973873140833,3099.736486557918,3123.365194953475,2013204
2021-11-17,3082.14697265625,3117.9840276583277,3068.58234009972,3107.2635922507475,1632914
2021-11-18,3041.715087890625,3081.227670596647,3020.624404263083,3076.239216377488,2136598
2021-11-22,3026.575439453125,3076.9396452248434,3010.7355789237035,3044.078189423723,3167936
2021-11-23,3031.6953125,3046.3100671183884,2982.2938396390264,3014.8489143573643,2153461
2021-11-24,3013.361328125,3056.8994235417035,2996.47112978478,3038.652719195866,2161746
2021-11-25,3015.63623046875,3030.601167204628,3005.2659792716213,3013.885955466033,1849619
2021-11-26,3016.468017578125,3054.2301182479646,2985.881788591854,2997.3461762175584,1941251
2021-11-29,3064.7314453125,3088.666540777799,2981.1120166304045,3016.7300692229596,2981745
2021-11-30,3088.491455078125,3118.771298358579,3055.105044565359,3055.105044565359,5588446
2021-12-01,3131.067138671875,3141.7437739467196,3093.611209164806,3093.611209164806,2102118
2021-12-02,3188.038330078125,3192.501616814279,3127.8290406863075,3141.0434888119357,3152938
2021-12-03,3185.89501953125,3208.211031037436,3177.49382574645,3191.1458457679996,2486263
2021-12-06,3094.836669921875,3201.253492590383,3082.234773347001,3185.894784250808,1849642
2021-12-07,3136.9306640625,3148.7450214247106,3084.247424334192,3117.677637250009,1484458
2021-12-08,3174.035888671875,3191.1448683174553,3151.3699144885136,3151.3699144885136,1428660
2021-12-09,3152.027099609375,3180.9066426890195,3120.7409279397602,3159.2469853792863,1567957
2021-12-10,3182.7001953125,3187.2508677135506,3128.704252723142,3137.368028762515,1510718
2021-12-13,3158.93994140625,3204.753474268667,3151.9826411227077,3194.2518244349085,1883864
2021-12-14,3171.3232421875,3181.1247392304226,3130.104181424236,3154.8706148351234,1747007
2021-12-15,3124.547119140625,3170.6230209966334,3113.870271191835,3167.9976086138045,1603233
2021-12-16,3134.392822265625,3157.890137946773,3124.2411409388565,3134.7427918327685,2072320
2021-12-17,3136.799072265625,3195.433282684752,3127.478730027425,3152.6827318642822,4333992
2021-12-20,3112.776123046875,3155.745454717675,3071.8634497224016,3140.8681189633207,2312310
2021-12-21,3157.758544921875,3186.5504819413068,3121.0901570926853,3135.31114084143,2340989
2021-12-22,3177.4052734375,3182.699897702745,3155.964406068714,3171.4980956930385,1224328
2021-12-23,3205.3662109375,3212.192326450821,3176.749256236611,3192.501731887371,1792861
2021-12-24,3212.542236328125,3242.3845112192694,3189.70127525278,3224.8817608213244,2209923
2021-12-27,3234.595703125,3238.0086538109676,3196.964791742873,3212.6296670648817,1534135
2021-12-28,3243.740966796875,3259.887211057231,3232.6267631978826,3246.7601484623697,1456218
2021-12-29,3233.370849609375,3255.468074020451,3224.882057616448,3231.226805219628,1456923
2021-12-30,3267.54443359375,3273.014042622196,3220.505795949113,3221.687316961898,1966475
2021-12-31,3271.57080078125,3290.5174447544787,3265.401037841006,3275.4651204512925,1207141
2022-01-03,3341.056396484375,3351.776831519915,3277.390139436575,3281.765827206183,2346158
2022-01-04,3399.68994140625,3403.540460420657,3335.76111298223,3352.7389063704113,2488606
2022-01-05,3378.862060546875,3386.7820975890972,3336.3740925344277,3382.406410124512,1733031
2022-01-06,3332.0419921875,3356.1520713111595,3301.0184127733232,3336.023910257664,1810293
2022-01-07,3372.34228515625,3382.3187669832855,3322.3718494970512,3343.025179524296,2460591
2022-01-10,3395.402587890625,3481.2972549604933,3378.9061592263615,3481.2972549604933,3937092
2022-01-11,3426.950927734375,3434.9147646258375,3374.530275769995,3374.530275769995,1906106
2022-01-12,3377.943359375,3438.4154498217918,3357.509025682152,3434.9148996056333,3203744
2022-01-13,3411.1982421875,3433.164278039845,3375.4052053019836,3428.788590711219,6684507
2022-01-14,3472.6767578125,3480.421810089149,3378.0745230015314,3393.6520131101706,3348123
2022-01-17,3517.30859375,3538.1807073776067,3467.557157953258,3494.1612509482666,3442604
2022-01-18,3492.323974609375,3537.043374991402,3483.0474311642265,3530.2610590136323,2389041
2022-01-19,3431.876953125,3517.2213810726757,3428.2388361626868,3517.2213810726757,3102539
2022-01-20,3354.641845703125,3436.567108062124,3341.0095022512132,3427.8003552354353,6176776
2022-01-21,3360.735107421875,3376.559141017117,3306.0306487010357,3337.5032095878646,3112358
2022-01-24,3306.24951171875,3374.893017177605,3278.8534083165705,3366.4331860598354,3258414
2022-01-25,3304.977783203125,3339.606453941932,3263.1604185603896,3304.627198732507,3330501
2022-01-27,3199.207275390625,3272.9794148169553,3178.0356529262563,3270.8754797512975,5718297
2022-01-28,3234.975341796875,3269.8231807515967,3196.3577567022803,3196.3577567022803,3143862
2022-01-31,3275.4775390625,3294.545223632486,3262.458827432943,3286.6551472586984,2739393
2022-02-01,3331.93603515625,3338.3796844983467,3275.6096447337136,3305.0660216803485,2105169
2022-02-02,3380.63525390625,3387.473364062477,3331.9358981149344,3355.825300074226,1984212
2022-02-03,3352.93212890625,3403.691538484224,3345.4365129758144,3376.0762690799093,1960538
2022-02-04,3344.428466796875,3353.0199274159713,3304.189156735994,3344.7792653309098,2307366
2022-02-07,3312.9560546875,3359.244554675045,3292.92393788928,3323.476158592303,1919149
2022-02-08,3281.790283203125,3331.1032714460657,3262.1089644796893,3323.958452984582,2946443
2022-02-09,3296.78125,3312.0353141804735,3284.1133350757727,3287.532283037312,1638721
2022-02-10,3305.372802734375,3322.4240945117594,3294.5457771673173,3322.4240945117594,2112459
2022-02-11,3239.27099609375,3289.7236967950407,3234.9314966485545,3289.7236967950407,3851488
2022-02-14,3273.286376953125,3325.4485569139447,3252.4653387334697,3264.738792841898,5951745
2022-02-15,3346.97119140625,3362.049964607987,3285.779209217923,3319.092872491744,3931683
2022-02-16,3342.8505859375,3378.7942723116603,3336.626105855008,3369.939766396913,3256906
2022-02-17,3317.51416015625,3362.0493019295445,3312.9554920447845,3353.282550164409,3134372
2022-02-18,3326.01806640625,3345.348798016269,3294.1949268123303,3304.1889388122663,3688883
2022-02-21,3260.705322265625,3355.73703271796,3248.5635003973875,3340.132172935638,7465922
2022-02-22,3144.1083984375,3215.5574396627126,3129.731008270039,3199.865036466567,5408531
2022-02-23,3124.295166015625,3176.106542670108,3117.1501346124674,3165.674193251161,2426203
2022-02-24,2982.14208984375,3054.2049620593434,2972.8933377671333,3045.5696257804584,5039136
2022-02-25,3086.554443359375,3094.6636895714246,3035.049771472032,3040.309823069037,2549723
2022-02-28,3115.879638671875,3124.2519314805745,3029.702404742474,3059.597121253513,3288942
2022-03-02,3108.822021484375,3131.440286972598,3073.6235938927493,3114.3889952378754,2761341
2022-03-03,3107.2880859375,3137.270554721848,3094.7517994120094,3123.4629176882404,1928039
2022-03-04,3089.710693359375,3122.016049893525,3057.010661712767,3069.6785770495417,2370257
2022-03-07,3055.125244140625,3110.443533520385,3008.3547517838224,3024.5293660217944,3054130
2022-03-08,3155.987060546875,3163.9210144590907,3033.296400672888,3033.296400672888,3300992
2022-03-09,3184.61083984375,3203.3716060011575,3153.4449895405287,3160.414515499226,2719654
2022-03-10,3174.3974609375,3229.671882735904,3169.1812855836843,3229.671882735904,2005441
2022-03-11,3155.286376953125,3190.96723918263,3149.7634928145703,3158.8808319299847,1623423
2022-03-14,3193.728271484375,3198.418570177751,3138.497724928373,3138.497724928373,1765688
2022-03-15,3150.683349609375,3207.7549986026397,3143.23160938305,3207.7549986026397,3651133
2022-03-16,3205.036865234375,3215.6447210556885,3170.2767782218198,3191.5361524000095,3090475
2022-03-17,3219.808837890625,3252.464989061117,3208.8942744668934,3240.7176270045443,3600452
2022-03-21,3179.438232421875,3255.928151498079,3169.1811743321073,3240.191872844113,2413831
2022-03-22,3244.531005859375,3253.3416343367817,3177.9475678983654,3191.097695765531,2907611
2022-03-23,3254.56884765625,3269.8231241842045,3234.931409267006,3250.7115624829426,1596195
2022-03-24,3287.40087890625,3294.720989062963,3239.31515426463,3243.6985306574106,1879046
2022-03-25,3250.2294921875,3313.3939844123242,3219.1513985347415,3296.2110645371786,1690133
2022-03-28,3250.448974609375,3255.0953965166586,3209.6835730639873,3239.3152410797343,1760990
2022-03-29,3248.388427734375,3262.9849837063884,3235.8080534283395,3239.0955853168134,2689063
2022-03-30,3271.357421875,3277.0119341716986,3249.1336196941684,3277.0119341716986,1583455
2022-03-31,3278.7216796875,3291.608763532692,3261.4073428596666,3278.765556258031,2168110
2022-04-01,3295.203369140625,3298.9292392620346,3268.289479540621,3285.779109421766,1387014
2022-04-04,3305.372802734375,3313.832633765955,3276.2233490114336,3298.0524783670694,1472994
2022-04-05,3344.34130859375,3362.57619944682,3306.819559229796,3306.819559229796,2314947
2022-04-06,3292.22265625,3339.5192456312348,3271.0069428753104,3339.5192456312348,2051729
2022-04-07,3229.802734375,3283.586841541289,3225.287942872888,3283.586841541289,2494829
2022-04-08,3231.117919921875,3248.081670941631,3193.2894700148154,3234.931542719195,2296773
2022-04-11,3240.54248046875,3254.525622673996,3205.212637244365,3234.9318441838004,2291660
2022-04-12,3235.896240234375,3277.8889009048767,3198.4183716829752,3228.7950847907623,4483476
2022-04-13,3210.34130859375,3252.3341869773744,3204.730671873133,3249.8355765754336,1621672
2022-04-18,3092.95458984375,3164.7980937925427,3088.0889987213936,3164.7980937925427,3820792
2022-04-19,3043.728515625,3124.075925447324,3015.0174030668795,3112.1969337809937,3170014
2022-04-20,3118.157958984375,3128.9847677741254,3050.8292702146177,3068.3627717675754,2640370
2022-04-21,3181.147705078125,3194.6047563908915,3127.4513435718295,3138.4975378373742,2280996
2022-04-22,3167.033203125,3170.9343651637614,3131.045641465959,3139.461809441389,1581465
2022-04-25,3110.619140625,3142.0041580007246,3097.3814725080088,3119.210601050943,1960694
2022-04-26,3108.95361328125,3145.4231768034088,3084.275075531486,3134.2455668934876,1943469
2022-04-27,3122.015625,3128.3715200891825,3073.8862429719675,3108.6902049987402,1727648
2022-04-28,3142.26708984375,3159.8881336605136,3101.720860196266,3145.510745409141,1703660
2022-04-29,3109.30419921875,3176.4137352800244,3100.669076056526,3153.4010089842677,2051115
2022-05-02,3105.534423828125,3110.4000144347265,3062.007581823019,3085.8092300435665,1324161
2022-05-04,3050.610595703125,3108.2081148301027,3037.9426815850666,3102.1152648596903,2305825
2022-05-05,3080.11083984375,3097.293760926186,3055.5202694917,3078.97133320661,1612262
2022-05-06,3009.27587890625,3046.008490298316,3002.174722989375,3032.420022432544,2010812
2022-05-09,3020.234619140625,3029.7902957452734,2934.1012578683526,2978.943120643067,2481830
2022-05-10,3014.667236328125,3037.50467106659,2999.9829248171122,3010.5030285861963,1622685
2022-05-11,2991.21630859375,3023.171082448603,2965.047463657498,3011.379841740777,1841769
2022-05-12,2988.279296875,3024.2668622053225,2936.9501272047946,2961.40928345353,2807195
2022-05-13,2993.7578125,3015.6746907256643,2965.0467020243805,3011.3790682062395,2187823
2022-05-16,2960.357421875,3006.9965085895665,2951.41537593867,2993.8463780855304,1195813
2022-05-17,3025.9326171875,3039.4333314895703,2937.212903663973,2954.3958255321177,1754076
2022-05-18,3023.4775390625,3063.9798913868717,3018.4366565516343,3037.679634808444,1866781
2022-05-19,2859.67138671875,2985.0798502531293,2831.661649432484,2978.066446787043,4642963
2022-05-20,2886.891845703125,2905.214274385835,2866.772189797455,2901.795326230593,3065125
2022-05-23,2912.095947265625,2927.130841857703,2864.097978389944,2897.2363449132604,2293690
2022-05-24,2882.50830078125,2914.813870239504,2871.6376129969626,2906.3099488564503,1711510
2022-05-25,2795.706298828125,2906.205560249245,2783.7033321781046,2906.205560249245,3548046
2022-05-26,2848.043212890625,2860.884802763167,2807.0915622767334,2816.3144857680904,2813186
2022-05-27,2878.360107421875,2893.893396446921,2850.0291844295866,2871.2111184877385,3103153
2022-05-30,2978.929931640625,2988.9473068380908,2900.468608772178,2909.8680052200993,2094624
2022-05-31,2969.31005859375,2986.123046252866,2934.5804266036826,2960.3075643045477,4840965
2022-06-01,2961.234375,2990.1830616669745,2947.8633651492946,2990.1830616669745,1493835
2022-06-02,3021.07373046875,3029.0169567539438,2953.3798339996915,2961.058242980618,2657939
2022-06-03,3036.209716796875,3068.9977170114703,3028.3106631264545,3053.1993941968394,1913622
2022-06-06,3028.08984375,3047.550788928705,2980.6069647315944,3016.6604681605313,1084210
2022-06-07,2967.853515625,3017.4105418438976,2961.9402691478545,3001.7005652596245,2308256
2022-06-08,3004.436767578125,3013.086100853081,2953.556080411676,2983.254832442945,2185707
2022-06-09,3024.6923828125,3033.429845494202,2959.381411451845,2987.5356494029306,1279197
2022-06-10,2965.382568359375,2994.5960733606303,2958.4102675817367,2984.887686444342,1527582
2022-06-13,2841.55615234375,2906.3374723089673,2817.5939634259803,2903.6897309129977,3030921
2022-06-14,2833.5693359375,2858.5903679658018,2801.9287335908107,2815.432260568546,2611493
2022-06-15,2829.818115234375,2854.265553846968,2825.140395134244,2840.5855550576584,1404536
2022-06-16,2773.068115234375,2863.841611879597,2765.1690623293366,2859.561009980705,2032028
2022-06-17,2726.203125,2752.548242059403,2668.7914294364296,2728.9392110453464,5240434
2022-06-20,2746.94384765625,2770.1999332856935,2708.6399347682336,2730.7044503658894,1502769
2022-06-21,2834.8046875,2857.575309853257,2758.4172942182936,2762.4772511283127,2964461
2022-06-22,2844.513427734375,2868.8727412761314,2809.2543718174775,2824.169899477694,3336315
2022-06-23,2920.282958984375,2928.402658039696,2844.513322405252,2844.513322405252,3692578
2022-06-24,2906.426513671875,2952.2323646195014,2892.6581689209015,2946.9368805574036,2132118
2022-06-27,2925.48974609375,2968.0300860921525,2918.2526285792947,2956.6448830305876,2037686
2022-06-28,2928.53466796875,2938.993334040657,2888.333294892649,2918.693980682418,1400046
2022-06-29,2904.13134765625,2941.641021649683,2886.921026647499,2886.921026647499,2133994
2022-06-30,2883.4794921875,2922.1363544822384,2872.800179524171,2887.8040514295203,2719603
2022-07-01,2925.8427734375,2941.6408785851318,2870.1960284541215,2877.2125005063094,1502879
2022-07-04,2855.1923828125,2928.3582275862204,2846.3665769061995,2923.106916166727,2622535
2022-07-05,2838.644287109375,2887.8039879413677,2830.392071553336,2872.800116365878,2170627
2022-07-06,2877.875244140625,2884.7152451042343,2826.2442691249917,2840.5862066293344,2182144
2022-07-07,2901.792724609375,2929.6379702823137,2881.669843746481,2886.921155244726,1989921
2022-07-08,2882.022705078125,2916.9288100296644,2868.3868782439968,2912.5159071400585,2136916
2022-07-11,2748.17919921875,2846.3221075534384,2741.295028235963,2829.685378967849,6974600
2022-07-12,2722.496337890625,2767.949238860167,2718.568897309372,2749.1502289566492,3734815
2022-07-13,2681.941650390625,2744.825514673745,2678.631973323092,2739.530031365693,3863530
2022-07-14,2653.624755859375,2705.170780712667,2625.528853900714,2704.285870414756,4764908
2022-07-15,2649.95263671875,2680.3048890751556,2613.1402795167933,2671.146196522234,4574806
2022-07-18,2710.923095703125,2722.825097749123,2667.3855458616686,2675.084223375403,3202795
2022-07-19,2720.435302734375,2724.594337649914,2681.3223133720576,2681.3223133720576,1865074
2022-07-20,2800.564208984375,2806.8912313215537,2741.496445439905,2750.1243210138164,3402251
2022-07-21,2811.625244140625,2817.554099319506,2782.2019797554576,2802.5106257992697,2420640
2022-07-22,2806.05029296875,2829.05795856862,2781.7152620458105,2818.4390359840645,2075886
2022-07-25,2802.289794921875,2819.722485260362,2786.671213973187,2800.741201840289,1797504
2022-07-26,2757.2919921875,2804.1922393604004,2740.1248183185944,2800.4756592080407,2639367
2022-07-27,2821.845947265625,2826.49172576554,2752.070692330837,2756.4952432831374,1389808
2022-07-28,2885.25,2888.347186014415,2833.1729430263163,2845.871492102438,2106333
2022-07-29,2921.88525390625,2935.513002248576,2898.081253084199,2911.3549076784775,2430257
2022-08-01,2919.14208984375,2944.0965166592227,2894.5415407250725,2944.0965166592227,1306913
2022-08-02,2912.947998046875,2931.6194772211047,2895.1169244727353,2911.3551161729774,1269114
2022-08-03,2955.15771484375,2963.5643620337532,2899.895114155868,2902.5055561274144,2895824
2022-08-04,2968.830078125,2997.9878323495136,2926.708473067324,2964.4498148906173,2150567
2022-08-05,2977.767578125,2988.342213462795,2968.874186013526,2974.3605869043527,1106933
2022-08-08,2986.085205078125,2990.023012291132,2952.0604508243423,2977.72284682971,1068836
2022-08-10,2968.210693359375,2995.4216880141566,2951.1761682502843,2995.4216880141566,1878359
2022-08-11,3028.605224609375,3034.0916247588166,2986.6162779251963,3008.6947446813365,1449248
2022-08-12,3010.06640625,3025.5080464020416,2992.102685550425,3025.5080464020416,1472354
2022-08-16,3002.234619140625,3021.83550856542,2997.6331295745786,3018.4285180749484,839942
2022-08-17,3009.66845703125,3024.57906570946,2983.121148478597,2995.5098924698354,1622326
2022-08-18,2992.10302734375,3001.6158133086874,2975.068503639094,2999.845992664048,1430659
2022-08-19,2996.085205078125,3027.7207499593305,2983.254005056377,2997.191343011034,1398410
2022-08-22,2968.47607421875,2994.625218414386,2962.1488355557162,2977.723344218881,1536532
2022-08-23,2906.576416015625,2957.2816026427063,2893.6566394043225,2937.8578650454288,1849256
2022-08-24,2880.692626953125,2927.28306452254,2876.1352096062324,2913.124500727993,1691923
2022-08-25,2847.818359375,2900.868690050921,2844.7654619679774,2898.9662192727565,1946930
2022-08-26,2851.3583984375,2882.153325194302,2846.5799684418707,2862.065901260692,1457962
2022-08-29,2772.025634765625,2781.0073873469664,2726.4084683684146,2765.3445191987325,2539173
2022-08-30,2841.579833984375,2855.1632945129086,2780.4769460757943,2791.892203374625,3431525
2022-09-01,2771.27392578125,2822.8642466000433,2761.805427472958,2822.8642466000433,3546935
2022-09-02,2770.123046875,2798.9712083448303,2761.1855826958235,2798.9712083448303,2052900
2022-09-05,2772.778076171875,2785.653565306753,2754.0623082010966,2764.150200035652,2147912
2022-09-06,2767.15869140625,2779.3704962895417,2748.841092102585,2774.6361399478797,1936453
2022-09-07,2787.113525390625,2797.9977490829297,2744.991709326938,2744.991709326938,1291534
2022-09-08,2804.855712890625,2817.111806381108,2796.4049927606457,2805.1655178979468,1346113
2022-09-09,2847.33154296875,2861.3574576535334,2803.838288101197,2827.2884110725345,1561185
2022-09-12,2869.7197265625,2893.4796538091186,2853.83563037096,2867.0207070213914,1785928
2022-09-13,2857.68505859375,2887.8603690881314,2853.835612513342,2887.8603690881314,1972678
2022-09-14,2761.274169921875,2779.857287273214,2755.433891236994,2774.193947449832,5090269
2022-09-15,2747.071044921875,2776.626958960374,2743.2215991641015,2769.7689049624637,2138023
2022-09-16,2662.42919921875,2738.221885301835,2654.7305239079215,2721.9836971802556,5322221
2022-09-19,2680.216552734375,2691.897326326489,2643.935227823334,2686.5878641443855,2072220
2022-09-20,2690.392578125,2725.4791818403546,2681.277959674037,2698.976164028321,1544295
2022-09-21,2655.79296875,2691.366322542929,2653.0939489033167,2679.508609959477,2253818
2022-09-22,2661.279052734375,2681.2338224800474,2636.413203836875,2645.881700493006,2017983
2022-09-23,2638.8466796875,2674.641256436931,2636.1476601904446,2658.270416653943,2652374
2022-09-26,2649.775634765625,2677.606239883684,2589.3364268366727,2619.202153055586,2925489
2022-09-27,2670.1728515625,2676.8539683117606,2633.493358577124,2663.049279611865,2227447
2022-09-28,2686.277587890625,2698.931847080091,2637.0324212069113,2637.0324212069113,2739767
2022-09-29,2652.341552734375,2704.1530914163895,2645.881664658973,2702.5159210262555,2493902
2022-09-30,2658.75732421875,2672.1636290441115,2610.574000882851,2646.6340961387687,2817353
2022-10-03,2641.41259765625,2673.0481365801566,2631.7228743971527,2650.3059881706363,1763331
2022-10-04,2735.39013671875,2741.4518581351913,2675.083591718103,2681.233674530913,2145875
2022-10-06,2744.947509765625,2764.459825429553,2736.54086176896,2752.955991328854,1790816
2022-10-07,2712.16162109375,2747.6466122290967,2706.1444036015023,2740.92120721209,1939879
2022-10-10,2759.63720703125,2767.1146562581002,2659.1555938777074,2663.580145614609,3064063
2022-10-11,2716.2763671875,2783.0428039660296,2701.940863997202,2743.22184174712,4730645
2022-10-12,2743.8857421875,2751.9825853975053,2709.6397551702103,2729.8598268537053,1665247
2022-10-13,2746.142333984375,2752.0711901243612,2701.0561948337768,2743.8857693820296,2054781
2022-10-14,2742.469970703125,2787.4677508118325,2717.559829442266,2783.043198826417,2245977
2022-10-17,2760.74609375,2775.5178951019166,2724.9918710842394,2726.056468339946,1517005
2022-10-18,2789.979248046875,2799.4280629231534,2775.6510472338673,2794.6814538133085,1793722
2022-10-19,2769.706787109375,2802.6661968962776,2760.967776113079,2802.6661968962776,1194289
2022-10-20,2801.158203125,2803.5536011727536,2754.7575733042404,2754.7575733042404,1587601
2022-10-21,2783.502685546875,2803.908296485969,2774.2758872411737,2801.601705210383,1021913
2022-10-24,2805.061767578125,2819.523178997157,2799.1175675695504,2812.5143817126964,260949
2022-10-25,2805.416748046875,2825.068152203504,2795.7017294278116,2821.7411503755184,2069643
2022-10-27,2801.246826171875,2815.974441397047,2780.7970275331877,2804.1746311987695,2438421
2022-10-28,2806.436767578125,2819.966574171207,2790.245359688043,2794.6813618497094,1355739
2022-10-31,2832.96435546875,2838.1545653376957,2819.3459569590173,2838.1545653376957,1919414
2022-11-01,2892.007568359375,2894.580579896571,2842.1025377869346,2851.90614711306,2991060
2022-11-02,2876.03759765625,2901.1454132070917,2858.6041958047094,2901.1454132070917,1405955
2022-11-03,2845.0302734375,2863.92768787321,2834.6056673057806,2863.92768787321,1422652
2022-11-04,2854.478759765625,2856.8299710167985,2809.0097348143217,2854.1239662115554,1464013
2022-11-07,2868.940185546875,2877.0137966588013,2834.694376541909,2864.770386557883,1474498
2022-11-09,2853.281005859375,2883.224020577956,2840.5051896184455,2883.224020577956,1162267
2022-11-10,2844.0537109375,2861.2211243241036,2812.4251051495844,2812.4251051495844,1573092
2022-11-11,2941.912353515625,2964.6691755192865,2887.881931563793,2900.790741715342,3265394
2022-11-14,2959.256591796875,2971.2337958110434,2935.7457839172116,2949.0537883773986,1342074
2022-11-15,2956.684326171875,2963.2051195621743,2920.663901019243,2946.3927142420735,1400708
2022-11-16,2976.868408203125,2988.002601660146,2946.792180040441,2962.2737860893976,1748235
2022-11-17,2971.234375,2980.993580173186,2943.509360303449,2963.249570767393,1417986
2022-11-18,2966.310302734375,2983.433314748381,2946.3926959421224,2972.1215090051523,1164540
2022-11-21,2913.123046875,2957.6604717907267,2903.80744096905,2947.7238688113866,1304194
2022-11-22,2941.025390625,2944.5741927896725,2888.0595616376004,2910.017775031512,1149739
2022-11-23,2935.124755859375,2954.3769587869997,2919.7761475579628,2954.3769587869997,1150011
2022-11-24,2998.870849609375,3010.2270599589883,2935.1256201131005,2942.1788211585995,1296591
2022-11-25,3007.299072265625,3019.4538923326327,2970.3472582768977,3001.3992756125285,1588981
2022-11-28,3012.26708984375,3031.5636981065,2985.9172818811535,2986.316478731776,2195437
2022-11-29,3014.13037109375,3042.210177164446,3001.398958689799,3001.398958689799,1576028
2022-11-30,3008.3193359375,3029.7007368695226,2994.3015254756792,3001.3991290916215,3410702
2022-12-01,3083.598388671875,3087.4577975595,3034.2257665670945,3038.661769149795,2180856
2022-12-02,3051.215576171875,3077.6097915939044,3028.015369256716,3068.0281992766704,2411749
2022-12-05,3039.459716796875,3051.215121915398,3022.6917161363995,3045.7589261802937,1475065
2022-12-06,3003.484130859375,3023.534731073787,2988.0911164070485,3016.525934157563,1166999
2022-12-07,2999.2705078125,3010.892705993621,2975.6708846388997,2988.357896847238,1167505
2022-12-08,2972.609619140625,2999.270036952731,2962.7616071469197,2980.993620377601,1285619
2022-12-09,2921.329345703125,2993.5031905316173,2906.779344645206,2993.5031905316173,1797896
2022-12-12,2915.740234375,2924.2130430354455,2871.06981618164,2888.281420388924,1527610
2022-12-13,2956.24072265625,2960.0999146743784,2899.19369008115,2907.5332877172273,1378016
2022-12-14,2985.739990234375,2996.0757883833653,2964.0477669009356,2971.056780109854,1213311
2022-12-15,2932.28662109375,2985.208047200076,2926.8302077564695,2979.92924725395,1415694
2022-12-16,2874.751220703125,2920.6638433931603,2861.3988107840464,2905.581435939429,2703680
2022-12-19,2840.860107421875,2879.4089217974597,2834.1617010266477,2862.9957142629496,2120965
2022-12-20,2878.03369140625,2882.5140967421403,2806.791456036551,2838.0652701055446,1529971
2022-12-21,2899.85888671875,2912.723292412185,2874.529272188241,2882.5140757220975,1432566
2022-12-22,2892.007568359375,2922.438590322109,2879.0545703851453,2922.438590322109,1384101
2022-12-23,2864.19384765625,2898.3510672263396,2854.1240352462114,2854.1240352462114,1360281
2022-12-26,2885.973876953125,2902.9194899563026,2861.2654776368245,2864.1932820564366,870157
2022-12-27,2891.830322265625,2904.5173340192837,2866.9887057528354,2900.436124665786,835883
2022-12-28,2889.700927734375,2897.685732490091,2862.108904660057,2883.2243205566224,910795
2022-12-29,2900.036865234375,2902.4766668035973,2863.8834419813575,2866.6338503909797,1037927
2022-12-30,2889.345947265625,2926.8745733236387,2880.0303416215215,2915.3853696829165,1163131
2023-01-02,2893.559814453125,2898.350826761541,2870.27080304208,2893.1606175778406,709547
2023-01-03,2937.83154296875,2945.505740863758,2879.2319050146616,2885.176105207512,1245178
2023-01-04,2940.7587890625,2952.0264076914345,2915.517980403362,2933.705589035318,1231668
2023-01-05,2937.609619140625,2960.8542285796434,2911.7475949836166,2954.555018481283,1826057
2023-01-06,2849.288818359375,2929.136863618989,2839.041609230721,2927.7616595191807,2488376
2023-01-09,2945.461181640625,2951.7159883266663,2857.805731152668,2864.7703415409696,2885060
2023-01-10,2915.695068359375,2925.9866787944575,2865.7458632246403,2914.453074542084,3864655
2023-01-11,2953.224365234375,2971.6781796058563,2902.165931337438,2918.9785546870203,2720512
2023-01-12,2958.236572265625,2972.1211710959064,2941.557162373175,2953.4899637547082,2250391
2023-01-13,2993.902587890625,2997.850586923589,2932.1977477900155,2965.8225611920748,1742837
2023-01-16,3025.20654296875,3042.401100769178,2992.5413358027226,3009.7358936031505,1843607
2023-01-17,3065.4482421875,3068.5334225583842,3013.36547080827,3021.5317728971813,1688475
2023-01-18,3075.974365234375,3093.1689268942955,3059.868599752691,3066.9006945404685,2421189
2023-01-19,3060.639404296875,3073.2517157010698,3049.6601761060806,3066.900147348573,1585044
2023-01-20,3051.565673828125,3080.1929219636927,3044.7604221587917,3053.289582307642,1529349
2023-01-23,3098.567138671875,3102.2874315724907,3044.760458713778,3074.1590576682065,1067916
2023-01-24,3117.98486328125,3132.1850663852497,3100.7448925102035,3107.731573201867,1387863
2023-01-25,3112.04150390625,3116.805179945468,3089.5841740070796,3108.003765663745,874110
2023-01-27,3095.07421875,3126.7866507783147,3068.987417760483,3108.63931095952,1785879
2023-01-30,3115.579833984375,3138.082574277727,3071.9356250833475,3103.194366133091,1953798
2023-01-31,3047.5732421875,3129.5085196989075,3040.5865611803533,3129.5085196989075,2820375
2023-02-01,3092.6240234375,3102.2873921912537,3044.2159113195835,3051.474846428542,2205161
2023-02-02,3139.8525390625,3147.6559835267867,3103.285827802895,3109.5465712154214,1813847
2023-02-03,3159.723876953125,3179.4136948565433,3133.0471565298344,3179.4136948565433,1804469
2023-02-06,3139.4443359375,3151.4215357600465,3118.4842916293296,3151.4215357600465,1138714
2023-02-07,3150.876953125,3169.4325618085195,3140.7596793384228,3147.564931045713,1455647
2023-02-08,3194.022705078125,3211.988394681695,3155.8678779480388,3155.8678779480388,1986946
2023-02-09,3212.85009765625,3218.9748240809963,3180.5931608475644,3189.3945752566206,1655427
2023-02-10,3209.855712890625,3214.2111181684145,3183.17899401736,3193.9313800289237,1187821
2023-02-13,3159.814453125,3220.2451782155104,3151.6481508979105,3220.2451782155104,1087939
2023-02-14,3175.875,3198.332330949659,3171.2473401639604,3180.32100923453,1579818
2023-02-15,3194.521484375,3199.37598635062,3139.6257818298463,3163.988673966141,1429449
2023-02-16,3228.45703125,3243.8368567974812,3200.2832430558647,3200.464672141428,1618931
2023-02-17,3176.827392578125,3211.0804915355684,3166.7103407014015,3199.5115640731206,1061369
2023-02-20,3164.260986328125,3195.7465769521814,3153.1457405678566,3177.599236935417,1296082
2023-02-21,3131.3232421875,3183.859698266715,3125.6521989352045,3170.340019763293,1139541
2023-02-22,3086.45361328125,3127.693390442905,3080.510316377622,3098.61223991111,1218430
2023-02-23,3097.5693359375,3132.5935672666674,3092.3065633263427,3104.1023336676694,1441570
2023-02-24,3085.4560546875,3115.8528490283225,3068.987432333799,3105.463541237757,977592
2023-02-27,3023.210693359375,3075.973993457147,3008.828838437729,3075.973993457147,1128022
2023-02-28,3005.970458984375,3077.788458973307,2994.2198806605948,3020.170662055617,4116217
2023-03-01,3072.072265625,3075.066620891651,3007.921465994636,3015.180401659178,1669307
2023-03-02,3013.773681640625,3057.7355627061675,3010.6433102071874,3049.660086077865,1556538
2023-03-03,3032.55615234375,3046.938006110693,3022.5299254639276,3043.3085385632116,1043190
2023-03-06,3059.50537109375,3089.539084539037,3047.8456170537634,3050.476892626339,1334132
2023-03-08,3076.336669921875,3081.418013206234,3022.30314788213,3052.38227221018,1844590
2023-03-09,3027.74755859375,3071.437189533484,3022.303356780692,3071.437189533484,1648500
2023-03-10,3022.439208984375,3028.110252231494,2985.2371652832767,3006.0157791306688,1024404
2023-03-13,2977.9326171875,3057.6448843231524,2968.9043612497244,3024.2537396226567,1901233
2023-03-14,2917.139404296875,2998.3033356920723,2912.103473293845,2976.1636701703733,2670334
2023-03-15,2902.57568359375,2958.3335528960897,2896.314941034264,2948.9422175317536,1780522
2023-03-16,2889.963623046875,2921.540035980481,2878.1678531568878,2910.833062083006,1901060
2023-03-17,2884.7919921875,2922.9920105654155,2852.761892285247,2858.6597778768037,6739966
2023-03-20,2852.12646484375,2876.035450110584,2808.346011246895,2876.035450110584,2289468
2023-03-21,2818.3720703125,2864.330109539051,2810.5232146770777,2852.1260705389936,1815297
2023-03-22,2840.784423828125,2852.3079395141376,2818.3725050009734,2840.103898631804,1123939
2023-03-23,2835.2041015625,2854.894141943843,2813.7449614277098,2826.357273644435,1372218
2023-03-24,2831.43896484375,2876.3536351721477,2818.2821422223,2857.2081012301787,1329577
2023-03-27,2833.0712890625,2860.700562697099,2818.2811665172276,2844.594802650196,1524217
2023-03-28,2827.264404296875,2857.7974330642905,2822.0470446787185,2837.336265387191,1303530
2023-03-29,2848.13427734375,2858.2061399708514,2816.558081969909,2839.1514323710458,1740616
2023-03-31,2908.927490234375,2915.369883910021,2860.0205023605313,2894.455032314574,2382581
2023-04-03,2903.574462890625,2926.213225725945,2879.7560786247254,2926.213225725945,1521830
2023-04-05,2939.6875,2961.963403011525,2890.4174301241856,2890.4174301241856,2655065
2023-04-06,2922.356689453125,2955.6118210617306,2917.1847421468806,2926.2584116403386,1703464
2023-04-10,2961.10107421875,2968.9045182251125,2917.1846045518755,2921.721439084615,2203187
2023-04-11,2916.09619140625,2969.766862364624,2896.4515623853827,2961.6459717898997,2348779
2023-04-12,2941.365478515625,2958.8777019410077,2902.6663733700425,2928.9345977455678,2417727
2023-04-13,2893.45703125,2930.7950906210835,2885.4267455650293,2912.6477525986616,4174070
2023-04-17,2848.67822265625,2870.3642017389866,2785.843068358131,2843.778530281314,5505048
2023-04-18,2840.738525390625,2864.4208867828047,2822.455173519428,2862.696756998552,2617302
2023-04-19,2803.401123046875,2849.132330441354,2786.9776920224904,2840.739185837347,3298034
2023-04-20,2817.1923828125,2824.632745997743,2792.8749091490695,2803.763310354329,2419999
2023-04-21,2868.051025390625,2871.317413624094,2813.5635935937275,2821.9113255572283,1929184
2023-04-24,2880.708740234375,2886.288958566477,2836.565203622376,2859.204187054987,1640676
2023-04-25,2881.79736328125,2895.5892962816,2855.9374058336693,2888.148931777147,2024090
2023-04-26,2901.895263671875,2911.1957740797325,2886.3340104775543,2886.3340104775543,2000029
2023-04-27,2892.64013671875,2902.8480138926443,2876.942645737427,2889.963448787062,2434446
2023-04-28,2921.041259765625,2928.3001958774908,2900.1718184440097,2903.9373029419803,2931312
2023-05-02,2921.1767578125,2935.3317693287354,2912.647598004711,2935.3317693287354,2321159
2023-05-03,2885.3359375,2918.091971436183,2879.2112108808474,2918.091971436183,2468285
2023-05-04,2922.356689453125,2925.7593155131717,2883.6121650210844,2885.562915352124,1953253
2023-05-05,2931.430419921875,2943.4984449042227,2912.6933806381967,2921.7216376669535,1710027
2023-05-08,2949.48681640625,2953.3431255778287,2931.9745916279403,2944.40547335836,928235
2023-05-09,2979.11279296875,2992.496456624058,2945.3133711951764,2951.3020821865957,1107375
2023-05-10,2982.33349609375,3000.2085792684147,2963.505633393064,2985.2370257955795,1559987
2023-05-11,2978.1142578125,3003.112260846999,2968.9045721537977,3002.4771483059035,1719623
2023-05-12,2970.9912109375,2985.2368256484924,2958.015821159296,2975.3918070815257,1027479
2023-05-15,2953.52490234375,2987.0520676067877,2947.445587944961,2979.793131841036,1150390
2023-05-16,2956.33740234375,2980.700292430745,2949.3507214579936,2954.5680811783823,986306
2023-05-17,2911.468017578125,2976.1633194055926,2901.9860781368707,2954.341101981148,1588815
2023-05-18,2903.43798828125,2929.8422314714453,2899.037170320326,2927.1201308420364,1369364
2023-05-19,2924.307861328125,2934.8785984009746,2906.3419501972057,2912.648106621465,1152449
2023-05-22,2993.130859375,3001.9776857947654,2919.0444477620817,2930.7948036761345,1333243
2023-05-23,2991.6337890625,3019.671334917514,2985.3276340299108,2999.7546777174225,1687418
2023-05-24,2997.350830078125,3009.9177299537914,2972.534254332538,2972.534254332538,1016555
2023-05-25,2988.41259765625,2999.7546828151094,2964.4582024107794,2988.8662810626047,1374917
2023-05-26,3020.53369140625,3029.3805189934887,2986.144573292574,2988.4129906226353,1791115
2023-05-29,3012.775634765625,3059.6410443587624,3005.1990328933043,3049.478579856899,1210372
2023-05-30,3009.010009765625,3018.7642037470678,2995.535744483075,3007.9212138122552,1344224
2023-05-31,2984.78369140625,3019.445065861434,2962.689216754016,3002.477347579657,5815424
2023-06-01,3016.08740234375,3030.605271909785,2992.0421808750048,3007.0137338649783,1177314
2023-06-02,2999.392333984375,3026.8853758575733,2991.9971602900687,3018.1293732382414,2030661
2023-06-05,2984.239013671875,3018.8097823868075,2980.7457838991895,3007.9213792041683,1861468
2023-06-06,2932.882080078125,2984.1937226639307,2922.2659316354016,2976.163436975457,2022849
2023-06-07,2971.53564453125,2975.119920852353,2940.7759965528526,2951.6643988850446,1567196
2023-06-08,2936.648193359375,2967.0904037332934,2933.517821183406,2958.9240998698074,1759366
2023-06-09,2912.0126953125,2948.942484583645,2908.4286402901084,2944.405649991978,1775689
2023-06-12,2946.12939453125,2952.934646039938,2913.5550125863747,2917.184480057675,2324605
2023-06-13,2943.225341796875,2962.552296951836,2938.96076258101,2958.015463418985,1371928
2023-06-14,2949.894775390625,2954.2501801820126,2927.0291771422044,2943.225541035836,1658544
2023-06-15,2940.068603515625,2968.5432011878183,2934.3096334323036,2966.577942883082,2273810
2023-06-16,2902.223876953125,2924.619696403326,2884.947191217735,2922.425909481337,4156189
2023-06-19,2934.675048828125,2938.788566807641,2902.3154633249883,2916.027189923374,1468186
2023-06-20,2950.48876953125,2954.876565910973,2926.127695464935,2937.9654393929986,1528452
2023-06-21,2978.369873046875,2981.294996829443,2947.06142983265,2970.8741736125958,1645987
2023-06-22,2960.361572265625,2987.007936549625,2952.68309515918,2980.015045726706,1529603
2023-06-23,2940.1142578125,2970.3255840143474,2933.5324504051714,2959.2649249571587,1119505
2023-06-26,2915.706787109375,2937.8740756056604,2900.486861802617,2929.7385414678183,1978803
2023-06-27,2922.745849609375,2933.9892862063707,2908.988373447767,2926.9963953304227,863542
2023-06-28,2939.291259765625,2953.460043363007,2919.134977819985,2932.4811471226985,1575872
2023-06-30,3018.636474609375,3025.720866365972,2938.0573208662913,2943.4505104829095,2672406
2023-07-03,2991.258544921875,3033.764892219911,2988.013392052773,3029.6513747394556,1687264
2023-07-04,3024.669677734375,3030.2913960326273,2995.8293032220745,3007.4385197427887,1656681
2023-07-05,3034.816162109375,3043.08894780055,3021.150186987329,3034.861912495592,1453008
2023-07-06,3037.512451171875,3042.585833733941,3018.4075381551934,3022.5668057753587,1848238
2023-07-07,3043.3173828125,3068.592573451774,3018.407748906473,3018.407748906473,1789326
2023-07-10,2990.9384765625,3039.2037923408957,2984.7682004219478,3039.2037923408957,1407431
2023-07-11,2991.35009765625,3012.009187727315,2980.7464966348984,3012.009187727315,1110172
2023-07-12,2979.923583984375,3006.661449392106,2970.9654349670614,2999.165750561899,1515240
2023-07-13,3053.647216796875,3078.23682351536,2991.6701688926455,3001.9539636829727,4585146
2023-07-14,3212.794677734375,3222.1188306720537,3064.1139399358403,3075.9974367196014,6306101
2023-07-17,3191.8154296875,3245.016880200195,3178.4237336660526,3208.5437794971795,2743228
2023-07-18,3196.523193359375,3221.341326855405,3167.408540736089,3177.4638059447752,2600090
2023-07-19,3172.02490234375,3214.8055303533806,3149.720361723245,3199.4026028392373,2405370
2023-07-20,3174.087158203125,3188.384300817306,3149.1127482930447,3164.7389834644387,1715404
2023-07-21,3087.020751953125,3148.058998813378,3078.543199020897,3119.785348420925,3770223
2023-07-24,3111.26171875,3128.4000771632996,3090.5032611034767,3098.659951717726,1680132
2023-07-25,3115.294189453125,3122.305488623781,3097.926708032121,3113.7820669129846,1272980
2023-07-26,3105.35009765625,3135.181959017552,3102.3256291018097,3116.393871751204,1066803
2023-07-27,3113.232177734375,3126.750437306845,3102.3718797194615,3111.44506274488,1701769
2023-07-28,3075.197265625,3110.298955097925,3052.8349496111605,3102.325519193569,2599831
2023-07-31,3135.731689453125,3140.4974033773265,3080.2380509028217,3083.445773087776,2743678
2023-08-01,3163.776611328125,3171.062678801949,3129.8205341354496,3129.8205341354496,1956167
2023-08-02,3153.328857421875,3158.5986876704637,3128.5379219504644,3148.10489653474,1914899
2023-08-03,3116.02734375,3146.546576146607,3086.7454652186043,3134.4030555367062,2026351
2023-08-04,3155.986572265625,3181.1442369080387,3117.2189097618743,3117.2189097618743,2248493
2023-08-07,3193.104248046875,3196.7243469805094,3153.8783426165933,3165.517747179838,1853889
2023-08-08,3180.77783203125,3198.5118213655774,3167.9469415813505,3193.1046070343086,1634225
2023-08-09,3173.353759765625,3177.4779740382446,3139.031176847413,3175.5532512098443,1794589
2023-08-10,3154.65771484375,3175.5535568337395,3143.613939700264,3161.8979133179873,1096701
2023-08-11,3160.79833984375,3177.157591339879,3128.9043665762088,3150.991918067584,1679974
2023-08-14,3161.760498046875,3166.480343065744,3126.1546889138212,3153.3744607157764,1190425
2023-08-16,3169.596435546875,3176.5618655495573,3148.333861924489,3161.8979908095707,1328445
2023-08-17,3148.837646484375,3171.795817712279,3128.1707054438275,3166.480118927022,1843241
2023-08-18,3085.9208984375,3125.238323326548,3076.205991860868,3125.238323326548,2526749
2023-08-21,3117.585693359375,3125.0093698966166,3090.411788339729,3093.1612650197467,1375579
2023-08-22,3099.713623046875,3126.154509262279,3084.0417426084127,3116.0730963036494,1222012
2023-08-23,3114.46923828125,3117.9060836115095,3094.0772893217095,3105.0751943785403,1330046
2023-08-24,3104.8466796875,3128.033978809317,3096.0026188060006,3123.405648107151,1152881
2023-08-25,3098.934814453125,3103.0590289456754,3070.4776897039346,3093.1608694129627,1158046
2023-08-28,3093.6650390625,3110.5742740278224,3079.5052804737493,3110.5742740278224,1037485
2023-08-29,3094.214599609375,3106.4957275474662,3083.9958025730525,3098.705544985246,944517
2023-08-30,3107.779052734375,3123.4970275682554,3100.5388541540133,3114.2403672286305,1188200
2023-08-31,3076.48095703125,3132.020248209701,3064.428950759541,3116.9898661423113,3417652
2023-09-01,3097.010009765625,3105.9916769517795,3076.4806765569438,3084.9123589907613,1277950
2023-09-04,3133.028076171875,3146.1798266041815,3088.6240810539457,3095.9101481084085,1828332
2023-09-05,3142.97265625,3159.1486542881707,3120.7933657205554,3134.4033645678983,1501842
2023-09-06,3143.476318359375,3156.307208388253,3114.332047153296,3147.2340256547322,1314818
2023-09-07,3166.70947265625,3171.06281032939,3136.5111013373767,3144.301284541943,1885092
2023-09-08,3154.473876953125,3175.6449326721154,3148.19604070307,3166.7091352425186,1518917
2023-09-11,3189.988525390625,3194.61685580775,3157.315667562757,3172.8960351530523,1783604
2023-09-12,3281.775146484375,3290.1150908255845,3192.14216916297,3200.390598540652,4476016
2023-09-13,3269.90625,3289.152583049449,3248.9643171569232,3272.884849162415,1754929
2023-09-14,3262.757568359375,3297.2634045513405,3249.514302983379,3271.9224888622016,2604721
2023-09-15,3297.813720703125,3306.1080193423236,3264.9573878973515,3269.906579718022,2952897
2023-09-18,3305.008056640625,3317.0600625898555,3276.6885388831606,3281.0877459263597,1395753
2023-09-20,3304.916259765625,3322.2837396679206,3281.0415966927326,3281.0415966927326,1649396
2023-09-21,3285.899169921875,3303.9540195360164,3233.3841278566065,3288.8777692460058,2004073
2023-09-22,3302.716796875,3330.3032996737925,3267.3403346720384,3284.707815901169,1989083
2023-09-25,3278.4296875,3317.701464222715,3261.474583332011,3301.6628521719144,1238778
2023-09-26,3286.265625,3294.7431767877106,3240.716013118244,3269.677252510413,1726062
2023-09-27,3289.565185546875,3312.2024959846676,3258.770961052586,3290.2066852753064,1541134
2023-09-28,3241.403564453125,3301.937914832368,3232.788627869385,3299.3716920990314,1755753
2023-09-29,3233.933837890625,3270.455910710598,3212.8086520358106,3241.815535026992,2243791
2023-10-03,3220.416015625,3239.0664965379606,3189.484405708049,3239.0664965379606,1948148
2023-10-04,3242.320068359375,3251.71411279459,3186.9181632456966,3195.166592505886,1788138
2023-10-05,3289.611083984375,3321.3674464755695,3254.646775316749,3257.2129980061186,2990768
2023-10-06,3318.98486328125,3331.4033777148984,3276.505582786958,3291.1235890654875,2075691
2023-10-09,3334.519287109375,3371.7746033230796,3327.782980338707,3340.659739733684,4233074
2023-10-10,3325.858154296875,3343.363243234952,3300.6089754727277,3336.0771756544805,1848148
2023-10-11,3308.44482421875,3345.196247840039,3303.954102318724,3345.196247840039,2426417
2023-10-12,3246.719482421875,3288.969638519313,3242.6411368893027,3276.4596095114603,4241281
2023-10-13,3272.656005859375,3278.2923429472667,3230.6347522754027,3235.217212916928,2890357
2023-10-16,3229.76416015625,3276.138528036827,3225.2275688286772,3268.210960552936,1671104
2023-10-17,3214.18359375,3239.0203948649587,3210.7926178047637,3235.2170422343333,1672065
2023-10-18,3196.037353515625,3228.5269565339395,3193.0587539317335,3217.804042782525,1408245
2023-10-19,3175.270751953125,3194.750838771474,3171.8250136242077,3187.9971019140276,1514545
2023-10-20,3211.0146484375,3215.5629781222533,3164.612039380442,3170.446688296385,1481211
2023-10-23,3133.46240234375,3196.680258583494,3125.33059463688,3191.2130654023267,1106272
2023-10-25,3115.03955078125,3147.1078003867246,3103.1860758536272,3115.407006485019,1518537
2023-10-26,3066.01806640625,3099.9700309962845,3059.8157372092046,3094.778541475233,1984471
2023-10-27,3079.06591796875,3089.219405557149,3066.247815688342,3078.193042420122,1108851
2023-10-30,3104.4267578125,3108.377916282555,3063.261622377677,3078.1931563450225,910972
2023-10-31,3095.42138671875,3123.2170073341836,3078.2386842955907,3123.2170073341836,999811
2023-11-01,3060.412841796875,3098.0404842339485,3042.3572624846965,3082.787259328347,1563475
2023-11-02,3087.47314453125,3102.036995503541,3071.9442177455426,3071.9442177455426,1245384
2023-11-03,3079.01953125,3113.017479853767,3072.9551669090106,3107.596275079441,1402598
2023-11-06,3105.98876953125,3117.0611210828984,3086.4629174929278,3101.164735498253,1099852
2023-11-07,3096.9833984375,3127.9490531184615,3092.894500782051,3103.9208626386717,1191144
2023-11-08,3107.183349609375,3125.92807790879,3096.156986061027,3097.902737223406,992899
2023-11-09,3075.849853515625,3116.32583917985,3070.88807990428,3115.0395198974807,2112352
2023-11-10,3062.98583984375,3075.8499303163658,3052.7865884253365,3067.166714113737,1338557
2023-11-13,3061.239990234375,3083.7061597919806,3057.059116098903,3083.7061597919806,1030990
2023-11-15,3128.086669921875,3136.080736513943,3083.7515115460187,3108.6068110044553,2059802
2023-11-16,3214.046875,3242.991076076638,3137.183806430668,3151.7478830543773,3951984
2023-11-17,3218.2734375,3238.534422647094,3209.1767785353018,3214.0467999770926,2021292
2023-11-20,3234.0322265625,3247.1717958060967,3207.9823552979888,3207.9823552979888,1475621
2023-11-21,3225.39453125,3251.9038322872334,3216.941032130206,3234.0319825306688,1807236
2023-11-22,3243.72607421875,3246.023233095817,3198.6559965162287,3216.022427894088,1798051
2023-11-23,3223.603515625,3256.452892289603,3216.0228902408608,3243.5888007286394,2729804
2023-11-24,3176.60302734375,3220.203054615763,3172.8355973419175,3210.738715902692,1989733
2023-11-28,3188.594482421875,3198.7939582765516,3154.4587888727906,3176.6034917170814,1689195
2023-11-29,3228.656982421875,3232.562152731457,3193.7861535827024,3198.564199448039,1441634
2023-11-30,3204.628662109375,3231.3214692327615,3198.5640728417716,3215.517060765944,3266235
2023-12-01,3226.7265625,3231.5965833767523,3206.8792476983567,3216.0218936439105,1172141
2023-12-04,3227.462158203125,3259.9440736924166,3214.184625072852,3257.0495189763487,1625213
2023-12-05,3245.058349609375,3250.938986137575,3218.595036568669,3250.938986137575,1377656
2023-12-06,3311.67626953125,3319.7163257375805,3239.131811495445,3245.977524530947,1896572
2023-12-07,3321.599365234375,3335.979712694237,3300.2817782561006,3312.5027068954923,1967653
2023-12-08,3332.442138671875,3349.257385225396,3309.7922436184076,3338.231023463337,1641155
2023-12-11,3347.327880859375,3356.608492292705,3321.6916779737553,3328.950610165191,1102503
2023-12-12,3374.1591796875,3398.3251133631525,3336.3937952739866,3343.698716167012,2236866
2023-12-13,3301.98193359375,3353.851732647353,3273.9106091568547,3347.925108013577,3850968
2023-12-14,3369.702392578125,3379.580175854481,3333.269542133453,3335.4747249461025,3290396
2023-12-15,3547.732177734375,3579.8464140417323,3369.196944540151,3369.196944540151,8531230
2023-12-18,3546.077880859375,3610.21459633512,3519.384852021619,3545.0672656351603,2521612
2023-12-19,3506.567138671875,3542.311066426432,3482.4929578140577,3533.0304545633385,2004435
2023-12-20,3473.35009765625,3582.4651407823453,3460.945440121915,3516.7204109839868,2586083
2023-12-21,3480.195556640625,3497.837691229688,3439.6278222609985,3451.481071849861,1517562
2023-12-22,3513.734619140625,3533.9036315153803,3456.7650724913783,3491.681891405433,2413058
2023-12-26,3487.592041015625,3522.922294064422,3482.6300440304876,3509.9204666190303,1285231
2023-12-27,3501.972900390625,3508.4049455776526,3462.2780378170705,3490.762809359621,1293976
2023-12-28,3491.58935546875,3526.598144867868,3484.4223995695133,3513.7340557516227,1682889
2023-12-29,3485.616943359375,3512.4479388122318,3459.888763645509,3484.330624106451,1574996
2024-01-01,3501.881103515625,3521.0852627367144,3466.8723111444738,3482.4929921117296,825907
2024-01-02,3476.24462890625,3501.881057224548,3461.588799764739,3501.881057224548,1344068
2024-01-03,3392.21484375,3465.8159110637007,3387.8962295073957,3461.3593326758987,1803075
2024-01-04,3369.28857421875,3417.253201882149,3354.770486709257,3401.40280722432,3598144
2024-01-05,3434.6201171875,3443.6710132655903,3376.685947407125,3376.8236872126063,1963127
2024-01-08,3379.85595703125,3436.320079253609,3374.4345273007075,3434.620091894895,1067805
2024-01-09,3390.5146484375,3447.897858716544,3383.944863545508,3408.937908160742,1370944
2024-01-10,3411.786376953125,3426.671921717854,3388.7687999719633,3390.606527086916,1292227
2024-01-11,3432.460693359375,3466.8720875812282,3406.227094795551,3421.847774755498,1777909
2024-01-12,3567.763427734375,3588.3918695130374,3511.5290234837503,3535.7869314092995,6813450
2024-01-15,3587.0595703125,3643.2939746897505,3569.784890711143,3638.6996569410876,2801505
2024-01-16,3548.008056640625,3582.649169426814,3542.724590950909,3582.649169426814,1432672
2024-01-17,3569.41748046875,3592.7105371518787,3503.213316001241,3509.139941106088,3458696
2024-01-18,3585.95703125,3591.6539404750943,3548.6510808536727,3581.7301691267776,2239110
2024-01-19,3648.3662109375,3667.334143476537,3622.4587908841813,3650.1704325122582,2941975
2024-01-23,3569.903564453125,3639.899768957106,3555.5619574424277,3608.533376885165,2618854
2024-01-24,3554.68310546875,3593.4053099998555,3521.1885578051592,3590.028183123641,2657709
2024-01-25,3525.537353515625,3572.448244885673,3496.298888503896,3552.925062591193,2205154
2024-01-29,3516.932373046875,3534.512408586967,3498.288373082006,3516.747365220146,1646747
2024-01-30,3516.515625,3560.2343923222415,3503.978240197422,3522.899862568521,1411621
2024-01-31,3530.7646484375,3547.4657255271886,3512.7219823843493,3526.3696400399376,2459358
2024-02-01,3566.110107421875,3613.0673074626943,3520.679730209892,3534.512397161187,2363107
2024-02-02,3669.878662109375,3686.625823288954,3582.626126302747,3585.448229768175,2826510
2024-02-05,3676.35546875,3721.415829059659,3665.9925459315737,3685.3304940687767,1691523
2024-02-06,3826.89599609375,3839.7570890882835,3691.807307643632,3698.2841625693227,4474396
2024-02-07,3778.2265625,3844.4756189999935,3769.482854466062,3842.625089219488,2124267
2024-02-08,3825.138427734375,3847.25217261588,3780.6793958083763,3784.334147666895,2345173
2024-02-09,3824.76806640625,3872.0026633870466,3793.586455555742,3827.4047101937194,2100596
2024-02-12,3812.739501953125,3848.7322185445555,3798.7213763754216,3821.3442853665883,1013716
2024-02-13,3839.38671875,3858.3546492800338,3776.468705284522,3817.134278526908,1257415
2024-02-14,3793.67919921875,3807.372940800221,3746.8606988444094,3800.063437499442,1391283
2024-02-15,3796.54736328125,3836.425921611901,3777.8568303798697,3819.4937535655404,1091582
2024-02-16,3819.771484375,3837.9533038448403,3793.679281317608,3805.846426237156,1307556
2024-02-19,3797.102294921875,3819.7712872346397,3751.949544010636,3814.9136460247614,772291
2024-02-20,3729.419189453125,3791.7358760164275,3710.3125580346205,3777.024253238986,1193648
2024-02-21,3693.195556640625,3759.6759428133064,3683.110257654341,3713.0887558057943,1885939
2024-02-22,3781.650634765625,3788.9138294075187,3674.2272789613758,3674.2272789613758,2982052
2024-02-23,3749.26611328125,3821.3441609716992,3743.9919224643445,3821.3441609716992,2538072
2024-02-26,3702.031494140625,3747.3231697416345,3685.0990998243196,3734.369460019071,1379284
2024-02-27,3797.6572265625,3815.7925092534197,3700.1343948846816,3700.1343948846816,2960475
2024-02-28,3811.12060546875,3844.383612480411,3783.408736890397,3789.515576493475,1939225
2024-02-29,3789.05224609375,3828.838635363033,3760.785359236276,3792.66068871609,3772719
2024-03-01,3788.35888671875,3830.597144097078,3781.3730907093754,3800.2486324635324,2043265
2024-03-04,3775.728515625,3810.1483254860927,3771.2871988279785,3798.2124983704316,1749271
2024-03-05,3712.255615234375,3760.276776027011,3682.554519829602,3758.426246117549,2070859
2024-03-06,3760.5546875,3767.6791830158427,3662.615294214232,3695.5548194727744,1744204
2024-03-07,3801.543701171875,3815.792691183568,3735.942280037316,3761.20205859874,2688905
2024-03-11,3814.266357421875,3842.625640015194,3783.408678550958,3783.408678550958,2304068
2024-03-12,3878.942138671875,3913.824809369905,3813.063090933948,3814.2662064898195,4039801
2024-03-13,3838.9248046875,3924.0491917762565,3823.1026815119985,3890.7396490023953,2837260
2024-03-14,3893.144775390625,3909.24429467232,3780.632470539905,3843.0417702321947,2919608
2024-03-15,3903.92431640625,3922.198299993149,3864.8318705051624,3879.2660947342424,3373143
2024-03-18,3842.162841796875,3936.771186305901,3810.102500494757,3900.2232194784533,1526904
2024-03-19,3680.05615234375,3754.7249850086127,3670.155863037833,3748.4794468990003,8931209
2024-03-20,3674.13427734375,3717.714344210438,3664.2339881565845,3688.105867601495,1817913
2024-03-21,3676.031494140625,3708.8320928330704,3652.946177836041,3691.853615815909,3829582
2024-03-22,3618.618896484375,3643.6936690237358,3566.8966719366435,3605.7578029927627,5852485
2024-03-26,3587.715087890625,3651.7433816109683,3582.1171893830456,3585.401925358136,3440925
2024-03-27,3553.85009765625,3603.907022394527,3543.209550606818,3597.892800149196,1968575
2024-03-28,3586.60498046875,3622.412692944183,3553.480446296842,3562.36308118918,4311783
2024-04-01,3624.031982421875,3639.345164591727,3597.476919948952,3606.4056375645764,1569676
2024-04-02,3593.544189453125,3617.6473874613553,3583.5512824485972,3599.2807871740365,2142666
2024-04-03,3652.298828125,3683.4802155671455,3563.195757384847,3563.195757384847,3973090
2024-04-04,3704.113525390625,3727.5688582731514,3641.1491951647313,3678.761128130228,3394637
2024-04-05,3681.861083984375,3702.91086463667,3664.5123636665494,3680.7045026298533,1636819
2024-04-08,3675.6611328125,3731.269417903905,3664.0490131096794,3685.3301058625893,2302538
2024-04-09,3651.604736328125,3715.725647857853,3631.711538253932,3686.255866399333,1876992
2024-04-10,3686.857177734375,3691.992443782896,3625.18835440643,3660.718440875778,2101965
2024-04-12,3702.355224609375,3713.4123219078538,3650.633002250067,3674.227259392984,4354821
2024-04-15,3646.654296875,3760.4618895048175,3626.1597679097335,3702.3552035360053,4200329
2024-04-16,3583.3662109375,3635.088432257424,3574.159869690793,3610.383902806716,3051420
2024-04-18,3573.373291015625,3641.8428983525378,3562.270111447477,3587.067257661961,3476284
2024-04-19,3540.248779296875,3564.6296015885387,3516.8395304016394,3551.1669511103,2957749
2024-04-22,3575.779052734375,3588.177512833397,3527.1100255082283,3550.2416494950344,1728883
2024-04-23,3585.124267578125,3603.907192347492,3572.0781665521927,3587.298730696502,1807586
2024-04-24,3544.736572265625,3606.683019690121,3538.6297328235796,3599.28089958814,1317312
2024-04-25,3564.305908203125,3584.1527979444854,3526.1850340945725,3526.3700419218662,2856271
2024-04-26,3535.76171875,3587.0676210226866,3518.366690485543,3567.0354969857567,2039178
2024-04-29,3580.9609375,3587.993042603504,3533.7724174967375,3551.167446520037,1110693
2024-04-30,3535.11376953125,3591.647553590295,3525.2597872554966,3582.6262194890505,2203078
2024-05-02,3574.576416015625,3581.7935283890847,3495.6975726397995,3495.6975726397995,2491044
2024-05-03,3556.16357421875,3602.612060071111,3513.786615985312,3599.419714958449,2962234
2024-05-06,3628.010009765625,3645.4974261548164,3565.0456876480675,3565.0456876480675,2053831
2024-05-07,3681.58251953125,3689.9562115795043,3621.0239804454336,3637.0311074850447,2062112
2024-05-08,3679.732666015625,3686.533454251881,3644.248888132834,3664.974734166066,1247685
2024-05-09,3664.234375,3674.2272820894473,3617.8324260235386,3665.8998971640367,1726486
2024-05-10,3602.889404296875,3676.6332077878074,3594.7009443311135,3666.4552924738027,1672489
2024-05-13,3652.76123046875,3659.423093323152,3580.7755679293546,3594.191910496532,931326
2024-05-14,3609.643798828125,3650.9107084833586,3601.9640540938385,3641.8430662390724,1058317
2024-05-15,3590.398193359375,3633.469324021022,3585.864485245422,3612.697170078893,1115021
2024-05-16,3635.646240234375,3643.6148000120916,3582.1034617844925,3626.466275520861,2599399
2024-05-17,3573.3427734375,3653.400619466784,3569.521523611679,3652.468629512838,2765804
2024-05-21,3560.388427734375,3583.2688295105067,3550.9288195177332,3570.0812610056682,1908117
2024-05-22,3571.3857421875,3580.006649837613,3557.9185319603234,3574.1817122361854,1311168
2024-05-23,3628.65625,3639.420779503035,3565.3275779741,3579.726777292213,2095742
2024-05-24,3587.6953125,3619.6626132920987,3582.8490102673554,3614.490023562313,1309452
2024-05-27,3585.412109375,3642.5431408365193,3580.099811979568,3592.8213842320465,1841538
2024-05-28,3578.748291015625,3606.8012808815743,3569.5216810791803,3595.617400940856,1801993
2024-05-29,3544.963623046875,3587.1361699587314,3541.5619506089633,3587.1361699587314,1568095
2024-05-30,3482.008056640625,3536.3428935872575,3462.7623259187662,3520.126358012179,2919230
2024-05-31,3421.28857421875,3494.7760752132112,3405.25839205768,3485.6425278948263,10956800
2024-06-03,3451.01904296875,3496.406907573954,3444.634820860251,3478.9320961856615,2156773
2024-06-04,3462.3427734375,3490.3024728192295,3347.2420109827135,3448.3629237466353,3395997
2024-06-05,3491.654052734375,3526.463971871471,3448.363160723964,3463.275001418987,2799670
2024-06-06,3569.89404296875,3578.7479470708913,3487.040231385456,3523.853832652254,4328036
2024-06-07,3629.1220703125,3648.74050345654,3576.324932841619,3576.324932841619,4552445
2024-06-10,3596.269775390625,3640.259657979909,3580.6122978489143,3630.101057972248,1734661
2024-06-11,3590.118896484375,3616.074682376751,3579.773716105295,3583.5016762366204,1419898
2024-06-12,3571.05908203125,3628.70274953458,3567.1447698788693,3610.9016510674905,2177001
2024-06-13,3614.39697265625,3625.441145308923,3590.0255248663166,3594.4991224295495,1932323
2024-06-14,3571.431884765625,3624.5086632156554,3567.657280223587,3624.5086632156554,1860730
2024-06-18,3555.635009765625,3580.7054488326035,3536.9485654428177,3565.8402543844654,1774045
2024-06-19,3543.146240234375,3573.109854433855,3534.9913279582247,3567.3313345631773,1509050
2024-06-20,3529.678955078125,3550.8350815373415,3522.968672913241,3537.833867179764,2846526
2024-06-21,3551.58056640625,3614.070535675963,3539.7443400003353,3566.725402515704,4642195
2024-06-24,3557.219482421875,3594.6854349663126,3533.4537373890407,3549.7169174041856,1702154
2024-06-25,3577.397216796875,3585.971479881088,3534.945023860779,3557.4060754250127,1338808
2024-06-26,3593.61376953125,3603.958722115837,3579.7736268740387,3583.035591907639,1639845
2024-06-27,3666.588134765625,3673.9043468159107,3558.4308841597035,3570.453463381977,4526556
2024-06-28,3638.62841796875,3690.6801469139846,3632.757063400671,3651.3502171183336,2731571
2024-07-01,3707.642578125,3729.544343158271,3619.849165498956,3619.849165498956,2658723
2024-07-02,3744.1767578125,3749.768698145293,3711.6970409015075,3721.9955765217287,2307449
2024-07-03,3695.573486328125,3752.2851709732076,3686.02058846926,3746.5999407449876,1821198
2024-07-04,3747.484619140625,3772.0892882100375,3711.2769492433063,3727.8197694219957,2518001
2024-07-05,3738.95751953125,3752.8907244942034,3716.776112071244,3737.2798920275045,1668616
2024-07-08,3721.622314453125,3757.0845784309718,3707.5027573776674,3748.4636711812386,1758882
2024-07-09,3714.446044921875,3734.437184375931,3704.753440197671,3713.9800499344306,1305801
2024-07-10,3643.288818359375,3731.03581821931,3636.6251805066217,3712.7687221974984,2669716
2024-07-11,3656.8486328125,3709.3197083652867,3630.6598538055437,3663.652204418076,4872189
2024-07-12,3899.3994140625,3914.311252806398,3701.2116207349213,3709.3198875445955,13509164
2024-07-15,3885.652587890625,3951.637292730522,3874.328546212561,3947.6299180714223,4848030
2024-07-16,3894.273193359375,3909.2778659729083,3863.004660666529,3888.2616767627237,2029521
2024-07-18,4022.0498046875,4030.8572934041435,3877.0789226731185,3877.0789226731185,5613364
2024-07-19,4019.10693359375,4071.746640115579,4003.086272338465,4033.1192535482633,3903354
2024-07-22,4005.0478515625,4035.501383022473,3984.1694048386576,4016.8182908544136,1896386
2024-07-23,4019.059814453125,4074.5019767736776,3985.383270127061,4000.9838331566834,2365208
2024-07-24,4022.70361328125,4053.3906859171716,3987.065703265684,4005.1882129331457,1809793
2024-07-25,4037.88330078125,4057.0334702817745,3992.763815580868,4012.1940490122543,2810342
2024-07-26,4098.9306640625,4131.252506902691,4051.475333101173,4063.5728185417897,3552210
2024-07-29,4092.625,4139.239225486161,4083.1899468742968,4124.292751189664,1746803
2024-07-30,4077.911865234375,4108.411921630266,4042.3670091056038,4101.966346130687,1797906
2024-07-31,4096.5947265625,4123.358163060002,4058.9014994326476,4063.572272159268,2330091
2024-08-01,4107.57080078125,4128.308756789134,4077.6308756871877,4109.719173657026,2202244
2024-08-02,4001.03076171875,4108.412017712444,3988.8402263829325,4077.5849152603046,2811282
2024-08-05,3881.458984375,3959.881447438652,3839.842578366732,3959.881447438652,2787771
2024-08-06,3896.545654296875,3977.863625691211,3886.830082040627,3896.312115658603,2203067
2024-08-07,3923.8701171875,3965.4399994848077,3905.046535917252,3949.6058955734143,1237666
2024-08-08,3897.806640625,3953.342314714544,3886.083182706168,3905.7004295419442,2441283
2024-08-09,3950.305908203125,3973.5662644176555,3928.633340987178,3939.3295926438254,1302536
2024-08-12,3919.385498046875,3959.8811895481867,3910.698043069639,3951.473798487575,936912
2024-08-13,3920.600341796875,3955.210587370805,3907.568702638658,3935.5933407163916,1495593
2024-08-14,4012.42724609375,4022.6564206521393,3912.379204677013,3931.8564178589354,3226545
2024-08-16,4125.2734375,4135.50261331458,4040.3123462174317,4063.5727056513274,3457058
2024-08-19,4194.35400390625,4198.32416081418,4101.265592573427,4129.897338812813,2055210
2024-08-20,4225.4609375,4264.415363248319,4203.69531974095,4208.366092318441,2212298
2024-08-21,4251.8046875,4259.745001647808,4196.736091046363,4220.510508211579,1896990
2024-08-22,4205.56396484375,4260.63256038501,4201.080205263111,4259.744931072301,1829872
2024-08-23,4169.97216796875,4209.300163518819,4161.658284171403,4203.69523653677,1809253
2024-08-26,4205.98486328125,4252.412076557385,4189.683681888486,4193.420300556836,1844164
2024-08-27,4201.03369140625,4213.037670451652,4191.365099096131,4208.366896981085,930697
2024-08-28,4209.34716796875,4262.080377779873,4163.807131055486,4202.528021816373,1848058
2024-08-29,4214.7177734375,4256.007581681974,4166.328756431432,4166.328756431432,2133641
2024-08-30,4253.90625,4289.871199903925,4192.298575439788,4203.695443315948,3637222
2024-09-02,4223.359375,4285.901206487449,4214.905458515991,4274.691351544587,1216500
2024-09-03,4215.23193359375,4255.914177534855,4199.86491040308,4223.358803649795,1717263
2024-09-04,4184.3115234375,4191.551220776707,4144.563432111068,4182.163150550173,1265505
2024-09-05,4181.22900390625,4202.761082613176,4160.864162190618,4185.946301664735,1688793
2024-09-06,4163.29345703125,4221.398054814522,4147.646367693666,4179.361098385194,1649179
2024-09-09,4156.56689453125,4194.587164415334,4138.771434094347,4161.658218912157,1184938
2024-09-10,4211.029296875,4241.015753552719,4148.0673621993965,4149.935671573333,1385591
2024-09-11,4184.4052734375,4249.7960919167,4176.838530358877,4223.733271206021,1325919
2024-09-12,4220.23046875,4234.149281228469,4139.519145451951,4213.270834445676,2742216
2024-09-13,4224.8076171875,4247.600897834605,4208.366405266087,4231.720269890206,1458786
2024-09-16,4216.0732421875,4246.713330569917,4198.511318185657,4228.917867918421,1155120
2024-09-17,4208.9736328125,4237.138303114714,4171.934493703706,4216.0732990838,1699364
2024-09-18,4059.976318359375,4200.9401699807795,4036.482419110844,4200.9401699807795,2961779
2024-09-19,4013.267822265625,4131.018272379729,3999.8626137698093,4100.9848398642125,2927551
2024-09-20,4002.758544921875,4045.5430949040842,3949.138167592068,4032.6514890645,5447908
2024-09-23,3987.43896484375,4025.645797282258,3972.9595683449616,4016.864835147739,1702319
2024-09-24,3990.05419921875,4008.457226546826,3960.815343872883,3971.69815329688,3012026
2024-09-25,3993.27734375,4007.149630672786,3960.8154716650097,3972.352372106861,2713073
2024-09-26,4009.858642578125,4032.5584170310385,3979.4986179109637,3979.4986179109637,3964251
2024-09-27,4024.99267578125,4089.729416249689,4016.9118724461396,4049.560762778073,3012477
2024-09-30,3987.43896484375,4015.697141881708,3979.5451759133052,4004.6273184936945,2503416
2024-10-01,4005.561279296875,4012.89448387877,3963.571305160189,3975.3412878081467,1823365
2024-10-03,3954.04296875,3997.247619935326,3932.7909511399207,3981.9275753897014,3350119
2024-10-04,3972.2587890625,4014.9963608420544,3945.9154476118897,3946.803076909651,2965463
2024-10-07,3991.503173828125,4014.2964582683157,3950.913967904794,3992.483853853468,1472619
2024-10-08,3973.193115234375,3997.6211671843516,3927.1394751787057,3991.2690982560466,1541867
2024-10-09,3972.9130859375,4012.1941053785968,3967.0746195443417,3979.4986935769084,1082504
2024-10-10,3949.044921875,4011.1196752502233,3922.141452820864,3973.1929086369787,2378875
2024-10-11,3875.994873046875,3962.637721680989,3841.6646877390185,3870.2029314408064,5759183
2024-10-14,3864.270263671875,3891.1272065370717,3850.7720043272802,3867.399772588283,2137590
2024-10-15,3845.727294921875,3895.377974493319,3825.3629080466067,3859.0389973491433,2759474
2024-10-16,3825.316162109375,3844.046006612446,3799.3933731218913,3816.0213698692205,2359151
2024-10-17,3838.44140625,3858.0121283615904,3823.4481787021273,3841.9910114211275,2522659
2024-10-18,3860.96240234375,3882.594110124687,3820.649118439755,3830.013454514362,2361000
2024-10-21,3820.508544921875,3876.788293233767,3811.2845829224775,3869.905415130514,1595450
2024-10-22,3760.2490234375,3829.8260838402684,3751.6807476679483,3807.538919013043,1928049
2024-10-23,3807.773193359375,3852.066320525731,3741.192671772974,3745.359984263881,1966476
2024-10-24,3790.58935546875,3819.7125309359994,3749.480013206115,3749.480013206115,2676744
2024-10-25,3799.626220703125,3831.8863126796623,3776.3557541640885,3799.1580039005003,1759676
2024-10-28,3830.809326171875,3871.2163428984345,3793.4923573008123,3810.301294003955,1532534
2024-10-29,3816.200927734375,3842.655176236552,3802.0140505171976,3835.4915508341114,1445885
2024-10-30,3825.00341796875,3845.932800405673,3801.96728855046,3815.9669251651126,1935002
2024-10-31,3716.189453125,3819.0567638779958,3708.2766358258755,3811.284320154372,3740372
2024-11-01,3730.938720703125,3744.7511163671993,3723.3068782763153,3736.2297077405597,154895
2024-11-04,3712.1630859375,3738.149117791104,3664.49870814831,3714.176555308054,2269192
2024-11-05,3718.905517578125,3732.624177811658,3690.578402330056,3690.578402330056,967590
2024-11-06,3876.5068359375,3886.0115444872176,3722.5572604185204,3749.1052415175327,3792017
2024-11-07,3887.042236328125,3938.452350809554,3825.3782193936936,3904.6474627956704,3724349
2024-11-08,3883.389892578125,3904.6937556251837,3855.90547671498,3890.8813609023655,1648039
2024-11-11,3931.80419921875,3965.1408717888557,3855.905976573986,3865.785626053087,1406487
2024-11-12,3930.5859375,3949.8765593236603,3899.6369927808482,3948.0036922969543,1587640
2024-11-13,3886.527099609375,3929.977525148187,3868.4536576373816,3912.513130781797,1098813
2024-11-14,3882.360107421875,3895.5639130951454,3854.7824112771245,3872.1530722712564,1825432
2024-11-18,3763.99462890625,3945.1945196123975,3736.557080351516,3945.1945196123975,3313944
2024-11-19,3782.770263671875,3869.48387485758,3758.9380751010713,3764.369206895897,1776233
2024-11-21,3813.953369140625,3832.3073290355883,3768.208500051012,3787.779869251299,2384347
2024-11-22,3974.786376953125,3984.478556715104,3796.3020311537834,3812.221403262716,3096553
2024-11-25,4040.8046875,4052.978324205677,3981.903105964969,4007.935776946078,4052167
2024-11-26,4076.014404296875,4089.0307389004984,4036.0285097141345,4046.3759173117037,2060669
2024-11-27,4057.14501953125,4099.144155960028,4049.185334306465,4081.8672312002336,1558993
2024-11-28,3975.066650390625,4064.0749328901306,3963.9231826910855,4044.4564672909987,2558544
2024-11-29,3999.366943359375,4025.446706729403,3928.9469641069945,3951.749210359426,2017425
2024-12-02,4004.798828125,4015.61491099407,3961.1609291279406,3998.571635878377,1670944
2024-12-03,4029.23974609375,4050.0753940748286,3994.310955072099,4040.1024675010203,2010905
2024-12-04,4077.6064453125,4108.0876338534845,4016.41041706955,4039.353040657334,3302642
2024-12-05,4180.2861328125,4203.65033349106,4082.850401875924,4121.056708977947,3746747
2024-12-06,4162.9150390625,4181.175491938829,4132.246842565077,4169.93829016878,1842087
2024-12-09,4169.142578125,4185.296057017253,4134.869018418065,4148.822244241094,2066639
2024-12-10,4150.7880859375,4208.144637237795,4131.63829540013,4144.795003046134,2087828
2024-12-11,4146.0126953125,4165.864811228231,4126.8624472810225,4150.132911276676,1635256
2024-12-12,4171.76513671875,4199.904784091783,4144.6552005329395,4148.447573795295,1914642
2024-12-13,4189.51025390625,4209.175359798749,4115.063781598932,4153.036438989519,1967048
2024-12-16,4134.541015625,4190.539551199746,4117.49774449727,4175.556616491546,1646224
2024-12-17,4053.3525390625,4151.1632042757365,4043.519986986687,4129.671871841429,3225027
2024-12-18,4071.472900390625,4084.723344320789,4016.9256434427375,4037.6209173556795,1575404
2024-12-19,4000.3505859375,4086.596211548236,3991.0799847888597,4009.808656702463,3015763
2024-12-20,3905.208740234375,4103.45191021329,3888.5404055592617,4053.8209309249955,4116989
2024-12-23,3893.97119140625,3948.940020065292,3853.330069463599,3933.0672895418265,2195338
2024-12-24,3913.823974609375,3949.8766658457575,3893.971400693724,3893.971400693724,1181886
2024-12-26,3904.085205078125,3932.9742715466155,3879.784571556427,3913.824022550346,1208464
2024-12-27,3900.10546875,3915.1821407656116,3883.624146371002,3898.372975186565,858100
2024-12-30,3894.43994140625,3932.3655028745316,3850.6150310512044,3887.1359420947347,1527169
2024-12-31,3834.5078125,3876.787920775226,3775.7466123522086,3872.1523922090355,1555429
2025-01-01,3851.036376953125,3871.216337275171,3825.752442210114,3834.1334768483284,763161
2025-01-02,3910.312744140625,3917.1018879818557,3836.5219567358895,3858.106569085643,1720835
2025-01-03,3839.283935546875,3914.245717822352,3832.1671775259365,3914.245717822352,1791953
2025-01-06,3834.695556640625,3885.871560960142,3807.9134644789865,3844.52810934996,2085593
2025-01-07,3772.235107421875,3877.16252664447,3756.549846323289,3853.3772072331085,2669054
2025-01-08,3847.2431640625,3863.724484528945,3762.3555617344086,3778.4153042435764,2181277
2025-01-09,3782.114990234375,3874.728183134026,3769.4262690508385,3840.314247847898,2392472
2025-01-10,3994.497314453125,4023.8545949995028,3904.927545065843,3933.0205489871796,7894300
2025-01-13,4018.330078125,4048.155577994656,3958.6790783856877,3975.160400233359,4003771
2025-01-14,3963.97021484375,4039.6809656649875,3950.8601439567124,4028.537496859603,3441709
2025-01-15,3979.46826171875,3985.882923236608,3939.9976774856577,3949.8768689287285,1653474
2025-01-16,3938.920166015625,4021.0455693202,3925.3889758814885,3989.2068293675015,2637705
2025-01-17,3933.1982421875,3967.8165423249693,3910.071878467617,3967.148790924069,1761466
2025-01-20,3888.853271484375,3953.7022267709062,3879.602772098358,3953.7022267709062,1287799
2025-01-21,3848.846923828125,3920.514717096685,3843.2678934321675,3905.542231174273,1971591
2025-01-22,3964.001708984375,3970.2480248109573,3856.8096861084223,3862.3409864324167,2409223
2025-01-23,3953.368408203125,3997.141512526167,3948.218247742152,3974.8733548946852,1822998
2025-01-24,3959.94921875,3984.410622138042,3913.839443095865,3913.839443095865,1910099
2025-01-27,3876.7890625,3963.7634492210204,3853.8058882600144,3911.9316916717908,1551782
2025-01-28,3853.091064453125,3911.932122707326,3841.647089447643,3882.177834258726,2468272
2025-01-29,3909.83349609375,3917.5107746444246,3866.155848644477,3866.155848644477,1217089
2025-01-30,3910.07177734375,3938.5387545651533,3870.447205350259,3909.9288208062503,1531251
2025-01-31,3921.85009765625,3937.156693449871,3895.958197625441,3919.5613958118993,1492943
2025-02-01,3884.418212890625,3944.260656381013,3868.0629609086086,3922.4218338799574,437172
2025-02-03,3880.126953125,3888.0901447868278,3813.4181682881867,3844.1261184510477,1265713
2025-02-04,3916.747802734375,3928.0013238151814,3877.647789023421,3894.479875194974,2547132
2025-02-05,3901.536865234375,3957.707610233867,3887.136438388733,3957.707610233867,1693912
2025-02-06,3893.57373046875,3947.6941907477535,3863.819444687176,3915.174138224137,2284536
2025-02-07,3842.69580078125,3900.4879649829604,3822.287472775478,3900.4879649829604,1548940
2025-02-10,3849.89599609375,3864.248693904035,3828.34331731039,3852.804719489709,1339511
2025-02-11,3779.897216796875,3852.8048259096363,3771.743338235795,3832.205578263567,1810908
2025-02-12,3767.11767578125,3835.400146101803,3757.5810309224153,3787.097133023103,1678002
2025-02-13,3728.971435546875,3799.828759859108,3721.4375785543857,3784.141024204959,2277310
2025-02-14,3752.52685546875,3765.0674505275315,3719.2915544724856,3743.133167001155,1681975
2025-02-17,3723.5830078125,3751.7161103174226,3677.520966298114,3677.807112211271,1799806
2025-02-18,3693.7333984375,3742.5609756413837,3685.4365636204366,3717.765697945917,2149879
2025-02-19,3608.761962890625,3695.402243866394,3593.5508277041968,3692.779666465734,4366672
2025-02-20,3604.279541015625,3612.4811488989126,3577.4817080927064,3587.209039488717,2888572
2025-02-21,3610.57373046875,3640.137329423988,3600.0834211620527,3601.1325452240194,1833931
2025-02-24,3505.2890625,3588.829926643714,3499.948448575242,3569.708908308604,2508516
2025-02-25,3461.372802734375,3488.5045093924064,3453.457341344246,3457.033582981813,4101954
2025-02-27,3445.16064453125,3469.4313588459286,3433.8596273751255,3444.349936596485,3823856
2025-02-28,3321.851806640625,3433.192134904543,3296.8181139902795,3418.83943788603,7085018
2025-03-03,3331.19775390625,3359.9983745974937,3315.08068451919,3323.520708287026,4990439
2025-03-04,3368.390869140625,3386.462765522496,3303.780096861225,3313.03059628982,2797737
2025-03-05,3382.695556640625,3433.5259187324127,3357.7095944485823,3357.7095944485823,2501894
2025-03-06,3434.71826171875,3442.204388576499,3372.253235052136,3392.184730582395,2786513
2025-03-07,3443.873291015625,3457.033908045006,3408.778389880028,3433.1922948860747,2051315
2025-03-10,3423.32177734375,3454.2683775177134,3416.5986286887846,3439.391117760303,1004626
2025-03-11,3409.636962890625,3422.4637047132396,3373.7313523521616,3393.1385193645992,1995450
2025-03-12,3343.73876953125,3403.8673690473665,3325.2854992426232,3399.814294502728,3174167
2025-03-13,3348.36376953125,3360.999824081682,3322.662557973568,3340.019205205493,1693004
2025-03-17,3335.632080078125,3366.864590627224,3316.2251483346326,3327.3352459788202,2690906
2025-03-18,3335.632080078125,3335.632080078125,3335.632080078125,3335.632080078125,0
2025-03-19,3335.060302734375,3382.6480693895237,3302.301833176931,3382.6480693895237,3051244
2025-03-20,3398.049560546875,3413.117506170413,3349.269714639503,3349.269714639503,2845192
2025-03-21,3412.30712890625,3448.6893373916764,3304.4475780330895,3313.9842232799383,4161925
2025-03-24,3460.800537109375,3480.636804108051,3401.339698729423,3433.1919980242437,1834751
2025-03-25,3488.266357421875,3538.0953280117983,3469.4314833711383,3476.1071349334247,3135390
2025-03-26,3467.33349609375,3509.9622534210275,3457.8445807190283,3478.7297405017125,1734499
2025-03-27,3482.019775390625,3493.2730630548403,3443.2056768112207,3447.354210516991,2528474
2025-03-28,3439.057373046875,3491.318237700118,3425.467653014974,3481.829321857531,2051919
2025-04-01,3386.27197265625,3417.933587672838,3361.667381848982,3407.1571321951615,2618493
2025-04-02,3379.7392578125,3398.955737182192,3366.4834143953553,3379.7869876031436,1764313
2025-04-03,3245.463134765625,3339.732960373482,3238.7874835027424,3329.242651246095,4537821
2025-04-04,3146.5205078125,3242.1253724074613,3142.80130945332,3206.7922895105216,5317367
2025-04-07,3122.34521484375,3138.8911537557533,2914.446359699624,2956.3598667283995,6623955
2025-04-08,3140.36962890625,3193.8225734236476,3104.46425178094,3149.0480694302546,5557558
2025-04-09,3096.16748046875,3118.4831382349053,3063.2183230694536,3109.47105463043,2990265
2025-04-11,3081.7666015625,3146.0912207172287,3057.448158628926,3137.126868218105,7108961
2025-04-15,3097.69287109375,3160.825412160961,3088.537831919463,3160.825412160961,3512160
2025-04-16,3122.106689453125,3126.207493109741,3079.382475986214,3097.6927866639667,2384391
2025-04-17,3146.0439453125,3150.5263550376844,3068.8925750135395,3095.1183505924305,2932346
2025-04-21,3167.691650390625,3198.5902827094847,3131.929236675179,3137.65122286965,2432946
2025-04-22,3160.825439453125,3179.421896695883,3142.3244417890623,3168.645674402416,2710498
2025-04-23,3254.85693359375,3262.390790001095,3182.6645776182195,3209.081037662751,3543923
2025-04-24,3243.985107421875,3254.379956863419,3230.7290317834236,3243.5082751937634,2252175
2025-04-25,3288.235107421875,3316.65435532197,3247.2275350265327,3261.532502141187,2742991
2025-04-28,3283.943603515625,3297.581052006719,3247.227521408655,3275.837455517982,1593296
2025-04-29,3311.600341796875,3333.057795415429,3271.4509687837376,3294.911211204666,1578332
2025-04-30,3293.671142578125,3347.2670426291115,3210.0348098149666,3311.123250052752,2809332
2025-05-02,3272.02294921875,3329.7196523454577,3261.532639559349,3311.123194312883,1721761
2025-05-05,3294.2431640625,3342.117073001106,3286.7090751925784,3290.142360352066,1284443
2025-05-06,3299.67919921875,3312.076837828531,3277.7449155245213,3299.67919921875,1324763
2025-05-07,3285.4697265625,3299.202402500721,3262.1049458539387,3262.1049458539387,1477128
2025-05-08,3289.09326171875,3315.89132616591,3269.8292861996833,3288.2350568363695,2543591
2025-05-09,3280.891845703125,3286.5183728127727,3240.6472525793256,3241.5054574508877,2531757
2025-05-12,3452.64697265625,3462.279077544389,3339.9238717309913,3342.594178981706,2228678
2025-05-13,3352.130859375,3455.126629734175,3347.839368943368,3452.647008797929,3062887
2025-05-14,3384.269287109375,3395.999407449705,3346.0274789718064,3357.8528260686357,2119499
2025-05-15,3414.0234375,3433.192187008764,3351.272499900048,3398.8602651386764,3548330
2025-05-16,3396.285400390625,3427.37472311883,3381.789746684424,3427.37472311883,1666727
2025-05-19,3355.754638671875,3385.5089240585153,3341.3542118072583,3385.5089240585153,2537377
2025-05-20,3336.20458984375,3393.1383143193784,3332.103785899918,3368.1523508133114,2038374
2025-05-21,3362.430419921875,3373.1114160079887,3336.2046455537043,3345.4551448560997,1440153
2025-05-22,3315.891357421875,3335.7276249349993,3291.382227143766,3333.057317857191,2034383
2025-05-23,3351.749267578125,3371.2039297984234,3305.0197081551764,3315.8913900733005,1274331
2025-05-26,3373.397216796875,3380.74038630303,3347.457591004991,3357.8524401052096,967470
2025-05-27,3336.5859375,3375.972327891045,3321.708911006242,3368.3430118958113,2467680
2025-05-28,3335.632080078125,3365.481823748712,3331.149903755809,3356.8988437504863,1222933
2025-05-29,3336.013916015625,3368.8198820327834,3324.951314566822,3342.3079620855306,3188072
2025-05-30,3302.921630859375,3344.2153514588645,3293.0990724903722,3328.2892004179307,3404365
2025-06-02,3289.951904296875,3299.679235825276,3260.197617868956,3290.1425906350296,1877585
2025-06-03,3247.41845703125,3312.5537919193694,3242.936280242354,3286.3280169725485,2848125
2025-06-04,3252.90234375,3266.2762443041534,3242.415101032151,3260.6957796433117,2544807
2025-06-05,3243.473388671875,3279.9384360226436,3236.353404838992,3279.9384360226436,3584683
2025-06-06,3256.07763671875,3262.5239346599506,3231.5430403786086,3243.473730125776,2070390
2025-06-09,3292.350341796875,3303.992342378787,3262.5239694574043,3271.27954690969,1718678
2025-06-10,3331.798095703125,3353.8312663403485,3293.601143598204,3309.7651599636156,2419874
2025-06-11,3340.457275390625,3356.909980604606,3318.5206483022603,3338.629301432497,2847013
2025-06-12,3304.184814453125,3343.1515277744293,3293.601262686845,3340.457485799832,4060134
2025-06-13,3315.24951171875,3319.867835937101,3264.737104419316,3264.737104419316,2178493
2025-06-16,3363.933349609375,3376.15249232849,3296.487177077423,3309.764768768882,1934088
2025-06-17,3382.21435546875,3386.736371257649,3356.04416685221,3377.114961112031,2111940
2025-06-18,3320.733642578125,3404.0551543920346,3312.748059500982,3385.870781867798,2696327
2025-06-19,3294.370849609375,3320.3486571267385,3283.787298398597,3319.386516107577,2672768
2025-06-20,3305.6279296875,3315.826718687675,3281.7667848759743,3295.333067521792,2351248
2025-06-23,3265.121826171875,3295.332959933054,3242.4152043720856,3285.71154983106,3123421
2025-06-24,3262.04296875,3311.7858496666604,3253.9610777731646,3304.5697916881572,3403048
2025-06-25,3314.38330078125,3319.3863869066126,3271.2793378210094,3278.3030139670477,1757699
2025-06-26,3311.4970703125,3320.7334833351697,3286.000332815166,3314.3834934254055,2879106
2025-06-27,3310.823486328125,3335.1654656898822,3301.105768277059,3324.1971522580116,1778433
2025-06-30,3330.93212890625,3333.7222438362,3300.143617027278,3309.6687189307536,1468351
2025-07-01,3299.854736328125,3353.06117731207,3284.268100073099,3324.1969490999145,2375183
2025-07-02,3293.697509765625,3357.7759628799704,3290.5223973149878,3355.1782290195283,3090585
2025-07-03,3272.04931640625,3305.243182495177,3268.9705120384147,3300.1437879715377,2531870
2025-07-04,3290.329833984375,3297.257202194738,3261.7542933055606,3278.9765232213795,1109320
2025-07-07,3282.53662109375,3296.3915933540857,3279.361508602982,3288.8868460752856,1639174
2025-07-08,3277.24462890625,3295.3329266950955,3264.929177120374,3276.090106685197,2325242
2025-07-09,3255.69287109375,3284.7494832808984,3239.5288547764453,3280.90091915286,2034938
2025-07-10,3253.960693359375,3270.317089511684,3228.945028655843,3252.036411459103,3035012
2025-07-11,3142.352783203125,3208.740518059529,3137.638385846326,3174.9692720213116,7635550
2025-07-14,3100.69189453125,3148.125494964879,3078.8513398189525,3142.3526487027184,3924009
2025-07-15,3129.171142578125,3136.002202567695,3084.623968418985,3084.623968418985,2590889
2025-07-16,3121.2548828125,3132.6464874286985,3109.187305299685,3115.365810708297,2540733
2025-07-17,3098.181640625,3129.8470122556437,3093.2582102459683,3112.5663349360093,2947640
2025-07-18,3079.549072265625,3117.103513998714,3076.749488627971,3113.434923384125,3432645
2025-07-21,3048.94580078125,3086.982946316993,3042.960329505588,3079.645764950135,3844346
2025-07-22,3050.29736328125,3070.088189339792,3045.4703325352643,3050.29736328125,3198036
2025-07-23,3069.123046875,3071.9226306702544,3048.366812883985,3050.2976253482652,1922875
2025-07-24,3039.098876953125,3063.909770455093,3031.3756269481614,3055.6074181166887,2934778
2025-07-25,3027.32080078125,3047.6907301283586,3017.47370470728,3031.375459671135,2568917
2025-07-28,2972.775390625,3010.1365638260077,2963.700430830921,3002.413314143324,3374473
2025-07-29,2950.281494140625,2967.658806606113,2935.993434530025,2954.1431191329557,4785312
2025-07-30,2947.96435546875,2962.831516110354,2941.7856146047457,2954.14286063789,2880121
2025-07-31,2931.74560546875,2953.9499481457733,2910.6997030967705,2936.47600158721,2968371
2025-08-01,2899.11474609375,2931.7455219766357,2896.2185275661836,2925.0840779463133,2053847
2025-08-04,2968.044677734375,2972.8717086542492,2888.1092342571515,2905.0038424767117,2519252
2025-08-05,2957.908203125,2971.0378227936944,2936.765899898755,2968.044969051672,1927996
2025-08-06,2927.401123046875,2960.7076353045086,2921.319017147813,2957.0390447864347,1487081
2025-08-07,2941.5927734375,2946.0337363593026,2906.741514367591,2911.665180402855,2543076
2025-08-08,2931.359375,2953.950022141175,2920.353838284088,2942.654816418027,2762140
2025-08-11,2935.607177734375,2944.3922326106717,2916.78175710605,2931.3592490987544,1884215
2025-08-12,2930.39404296875,2989.283824339261,2922.1880898269574,2935.8004122577677,3358232
2025-08-13,2931.166259765625,2939.0825434733065,2923.8293140563796,2931.0698605624675,2148166
2025-08-14,2917.747314453125,2950.1848225685903,2914.658061636635,2929.0425202763217,3342174
2025-08-18,2907.03125,2943.5236533530624,2899.501034118434,2941.1101377304376,2945609
2025-08-19,2911.8583984375,2920.3540209100356,2906.9349677861255,2907.0313669979796,2650784
2025-08-20,2991.407470703125,2996.041231481408,2906.741166187621,2906.741166187621,4952358
2025-08-21,2995.26953125,3021.721568272579,2976.444109339037,3021.721568272579,3230726
2025-08-22,2948.350341796875,2988.607730562596,2944.4887172496624,2979.2433381745764,1593791
2025-08-25,3031.954833984375,3042.960370488012,2970.6515397185153,2980.498635910434,3448370
2025-08-26,3047.98046875,3052.6144657420946,3012.067404527304,3020.756060501902,5522097
2025-08-28,2986.67724609375,3037.6507428505593,2979.7263682848406,3036.2026334864163,3116051
2025-08-29,2977.988525390625,3007.2403810515466,2970.747978726777,2986.001444170926,2271789
2025-09-01,3004.92333984375,3022.7833539936464,2983.105066117822,2983.105066117822,1246862
2025-09-02,3003.861328125,3045.8564969417885,2995.7520104934983,3013.1293217280318,2185229
2025-09-03,2990.345458984375,3033.209396467178,2981.1741008373688,3021.624523018328,1799774
2025-09-04,2988.608154296875,3010.136761338951,2983.877757833792,3008.205948791588,1481391
2025-09-05,2942.84765625,2996.0413944584525,2923.8292019621163,2989.959524182405,2802055
2025-09-08,2914.561279296875,2958.8733290135365,2911.6650607351357,2944.4888711015133,2626187
2025-09-09,2943.909423828125,2954.1428233110028,2925.9530108288373,2927.208085964641,2489301
2025-09-10,3002.413330078125,3014.6739418754814,2947.7712440051832,2950.667462651561,2079428
2025-09-11,3016.1220703125,3030.4101295308183,3002.5099840051885,3030.4101295308183,2263446
2025-09-12,3025.00390625,3039.7746692912174,3013.032962803265,3035.23730697003,1447167
2025-09-15,3004.247314453125,3025.5828847209655,2988.897450892185,3025.5828847209655,1732539
2025-09-16,3036.87841796875,3041.029712016194,3001.5446903508278,3019.79077434497,2573429
2025-09-17,3063.041015625,3072.3087742640014,3033.692524030945,3042.960518364833,2418271
2025-09-18,3066.805908203125,3092.1961390627853,3052.035145819797,3074.8188270106057,2633138
2025-09-19,3059.565185546875,3070.474322402291,3035.2369972120114,3060.337557621526,4901694
2025-09-22,2967.465576171875,2999.420379452393,2958.96995461183,2987.93214013821,3634901
2025-09-23,2956.4599609375,2974.126942183857,2946.419830367542,2963.79714260431,3177741
2025-09-24,2930.39404296875,2951.246912289377,2928.077162241963,2944.4890685255477,1625714
2025-09-25,2855.09228515625,2924.7948033919906,2848.9137795733855,2917.457621779319,4974361
2025-09-26,2798.80908203125,2852.5821577986485,2791.278866873073,2839.2595057026215,3934636
2025-09-29,2795.912841796875,2827.964278797825,2793.885394606466,2815.124329879908,3110035
2025-09-30,2788.479248046875,2814.448816935253,2785.2935960579534,2810.297523025748,2253458
2025-10-01,2813.38671875,2823.620118812873,2767.433524755383,2790.989341906879,1952902
2025-10-03,2801.511962890625,2822.8475327064652,2791.0857652107957,2822.8475327064652,2899519
2025-10-06,2885.019775390625,2890.040076154485,2795.4302691582598,2801.608774520881,2112774
2025-10-07,2870.828369140625,2900.5629272327596,2853.2580234436414,2891.391568334869,3062943
2025-10-08,2922.4775390625,2937.7310038355854,2865.325540382523,2872.083383638142,4121889
2025-10-09,2955.7841796875,2959.9354735767624,2915.5267874109013,2929.042474504859,3211304
2025-10-10,2923.53955078125,2963.7969409179377,2902.8797173331764,2944.4888175243354,8817365
2025-10-13,2903.169677734375,2930.4907222176985,2894.481021335113,2922.284768951729,2866865
2025-10-14,2857.891845703125,2922.47742224366,2853.257849088388,2916.4919513097684,3611416
2025-10-15,2877.756591796875,2887.349664986807,2859.539215693528,2878.9193527026337,4282226
2025-10-16,2878.628662109375,2882.7954389661986,2851.8842144350965,2877.8534092983937,3251495
2025-10-17,2870.391845703125,2896.1675207642234,2863.8025522629873,2877.950145926403,4374683
2025-10-20,2921.749267578125,2929.307567962745,2886.186765192536,2892.9698128193104,3133039
2025-10-21,2913.512939453125,2937.8351067763124,2903.1446131495227,2937.1568492749448,310644
2025-10-23,2977.95166015625,3001.983076189401,2942.001649703373,2960.3157836535247,5564758
2025-10-24,2968.26171875,2994.231149497321,2963.513679841537,2984.541081052346,2684318
2025-10-27,2989.2890625,2998.300873295387,2965.3546412157716,2971.4594315335457,1946312
2025-10-28,2963.1259765625,2994.424945391891,2945.974602490029,2980.6650953225503,3470737
2025-10-29,2962.83544921875,2980.665080689528,2951.691870406029,2963.125962015583,2895420
2025-10-30,2941.2265625,2968.843257944529,2938.804045355743,2954.598904451086,2241536
2025-10-31,2963.222900390625,2972.3314700068563,2931.342670159881,2940.9357431934422,1868085
2025-11-03,2923.300048828125,2963.2230855965854,2916.7107546258085,2952.467014430014,2194877
2025-11-04,2897.524169921875,2935.4124315282234,2883.7643202783443,2926.01311261092,2670720
2025-11-06,2917.58251953125,2930.2766034150336,2897.3303717628805,2897.427367073782,2542721
2025-11-07,2899.074951171875,2910.896788283535,2868.7449872547954,2907.989767522932,1830520
2025-11-10,2931.439453125,2953.4358611387806,2899.2684732632038,2900.237480105872,1556656
2025-11-11,2952.56396484375,2960.9942773891976,2924.462765309628,2950.6259510827763,2806868
2025-11-12,3034.735595703125,3039.192885115363,2962.3508338140637,2965.1608589527805,4460315
2025-11-13,3009.4443359375,3034.8322664831685,3005.859058134587,3034.735507748666,1740435
2025-11-14,3009.7353515625,3016.6153949995773,2981.924901585002,2994.2312415737683,2210794
2025-11-17,3006.052978515625,3026.6928715689805,2990.93661372188,3009.7352518307202,2232853
2025-11-18,2991.421142578125,3008.7662705711664,2982.6030856096777,3005.8592500198897,2548350
2025-11-19,3050.142822265625,3057.216619603584,2987.932629650603,3001.0142221592077,3151053
2025-11-20,3047.332763671875,3066.4221511422043,3040.8404651460387,3050.4335382511167,2700767
2025-11-21,3052.953125,3071.7517635606687,3038.030277327296,3047.332837865448,4177037
2025-11-24,3043.84423828125,3080.375748831919,3033.960415828725,3060.1236005069036,6703764
2025-11-25,3022.526123046875,3052.1778273241375,3018.4563415864895,3047.817296493595,2737920
2025-11-26,3064.87158203125,3079.503679669953,3020.394263540353,3022.1385231343734,2508527
2025-11-27,3039.386962890625,3081.4417653096157,3028.1463888655812,3081.4417653096157,2836233
2025-11-28,3040.259033203125,3049.755347777002,3028.1464474134714,3042.681550361056,1616690
2025-12-01,3036.2861328125,3056.247769627983,3025.4333028223336,3040.6466638725274,1747647
2025-12-02,3038.514892578125,3046.557697172346,3023.6890396759504,3033.960607457575,2512003
2025-12-03,3081.441650390625,3112.3528729457903,3041.7123712503685,3042.6813780586676,3952112
2025-12-04,3129.11669921875,3149.27208789607,3088.6121678196405,3095.00770730463,5025905
2025-12-05,3137.837890625,3170.2028609083113,3122.527535293584,3129.892081880524,5244013
2025-12-08,3136.190673828125,3158.8653395160463,3109.1554773099156,3142.489218360763,2544725
2025-12-09,3108.864501953125,3133.4771795542747,3082.604323565585,3129.8919017803323,2734893
2025-12-10,3090.356689453125,3125.0471830165943,3079.6008550466445,3125.0471830165943,1386849
2025-12-11,3092.972900390625,3108.9615135733166,3055.3756234989633,3105.6669848803986,1914362
2025-12-12,3120.6865234375,3123.1090405337873,3086.9650381423917,3098.5931202045713,1146554
2025-12-15,3130.085693359375,3137.8377476982373,3098.205464520373,3111.577805569695,1562190
2025-12-16,3105.763916015625,3120.202023295087,3092.197820262168,3120.202023295087,1734623
2025-12-17,3118.0703125,3136.5782015286727,3101.306446555184,3101.306446555184,1376350
2025-12-18,3179.11767578125,3185.9007236352077,3121.1710196569366,3127.954067510894,2307422
2025-12-19,3180.280517578125,3215.067769256,3177.179742937931,3196.753634213965,3902511
2025-12-22,3221.8505859375,3225.436100324642,3189.0013503402283,3207.412479375921,2632816
2025-12-23,3207.41259765625,3217.005670614833,3191.423985009323,3217.005670614833,2365420
2025-12-24,3216.1337890625,3223.98283930865,3193.943626455098,3201.695681385047,1367708
2025-12-26,3178.342529296875,3217.102804044398,3170.3967202884214,3210.4167512800273,1176664
2025-12-29,3150.7255859375,3186.094333865139,3142.392032892103,3178.342279524835,2079473
2025-12-30,3146.171630859375,3166.230026251057,3139.0978332181485,3149.272405605489,2807593
