Price,Close,High,Low,Open,Volume
Ticker,TECHM.NS,TECHM.NS,TECHM.NS,TECHM.NS,TECHM.NS
Date,,,,,
2021-01-01,820.8375854492188,823.565457139398,815.1720057850004,819.2008521891989,1268291
2021-01-04,840.9818725585938,843.5418649875191,818.3615108087872,823.0618230969925,3515825
2021-01-05,842.5765380859375,846.0178836517531,832.0427675776021,841.4434427197342,4040321
2021-01-06,836.9530029296875,861.1680890349976,825.3699993449837,842.7024964825902,4677359
2021-01-07,834.9385986328125,847.7386123338936,829.7766054025186,843.9615591106239,3354950
2021-01-08,882.235595703125,889.7057874290222,843.9195234256383,845.8500068694311,9279370
2021-01-11,904.4784545898438,907.7939299262902,873.3387651470672,891.4686027303728,6488791
2021-01-12,893.2310791015625,904.520332989316,883.8304542846544,904.4783247476274,4257926
2021-01-13,897.8054809570312,905.4435006561429,881.3543379606872,901.4566115454901,4671772
2021-01-14,883.4945678710938,893.0631218108898,864.5253904748275,893.0631218108898,4765344
2021-01-15,845.4723510742188,892.0560576728536,841.5694269026552,880.8927263034624,6063896
2021-01-18,837.876220703125,850.9280263669891,832.5883569791596,837.6663844344791,4659705
2021-01-19,833.050048828125,846.4376140149024,828.6015298460383,844.8847947730525,4416027
2021-01-20,855.6705322265625,858.9859562365879,836.8272209669005,836.8272209669005,4687853
2021-01-21,843.2901000976562,867.3373084106323,834.7287691425888,861.1681419208609,3911527
2021-01-22,823.271728515625,843.5419358235089,818.3615795302698,843.2901425064897,3922421
2021-01-25,815.885498046875,837.5826023810021,807.6179682514897,827.4684516551262,2751784
2021-01-27,836.9110107421875,843.4579437563503,817.2284083776893,820.8795392105744,6975618
2021-01-28,823.9011840820312,830.9517038795005,809.9680749936546,830.9517038795005,4274190
2021-01-29,806.9464111328125,835.9038174955274,802.4139270363896,831.0355748624954,4425911
2021-02-01,790.4533081054688,807.3661336499356,773.1628182208962,807.3661336499356,6321189
2021-02-02,803.4212036132812,816.5989329731384,786.8860935874509,801.5746340010833,4971530
2021-02-03,823.7752685546875,839.3451101011518,805.8552197162919,809.9680312476115,5640121
2021-02-04,813.4932861328125,829.2729638632458,809.3804746258775,829.2310068539015,4232910
2021-02-05,805.2677612304688,823.2716737999184,797.4198533029185,816.1372399909977,3077720
2021-02-08,824.6985473632812,833.4697142190515,806.232954500422,813.9968969541242,3713579
2021-02-09,818.4453735351562,839.1772074221985,811.8565350964989,821.3830813385553,3086774
2021-02-10,818.277587890625,822.7680638451884,803.7568761551048,818.7811744769001,2776301
2021-02-11,827.258544921875,829.8185885683812,816.5568944459977,818.3615069788526,2070435
2021-02-12,831.9589233398438,846.8992567713647,827.8041545993641,830.95169891343,5863879
2021-02-15,821.88671875,835.9877059539133,820.4598218573798,835.9877059539133,2487825
2021-02-16,828.2658081054688,839.345174656852,817.1025275284454,830.9517229102835,3912433
2021-02-17,822.9358520507812,836.4912436651808,815.3397897092743,830.1122418736464,2227724
2021-02-18,848.2421264648438,852.3549378928316,823.8172048663853,824.2368774108918,6742595
2021-02-19,834.2671508789062,855.4606166477911,816.3891088128489,850.8022611504441,4357699
2021-02-22,797.96533203125,848.5778272062456,790.5791059968296,838.4637298182938,5946290
2021-02-23,793.8106689453125,808.0795363754688,781.4303280867946,799.0565760887523,4120032
2021-02-24,805.813232421875,809.0447417120508,786.172588321397,797.3778246282978,1686531
2021-02-25,803.9246826171875,813.3253574695581,799.2663278125766,809.1286321988173,3682791
2021-02-26,771.232177734375,796.4125292028257,768.0007197877463,793.181071256197,5254937
2021-03-01,785.6270141601562,803.2532612727239,777.5273134475574,785.165384600739,3429569
2021-03-02,811.7305908203125,815.0040570614036,790.6630502078705,792.7614128676578,3703190
2021-03-03,819.2007446289062,822.7260039808023,806.9882847576548,816.011243778926,3203532
2021-03-04,812.5280151367188,834.8965825800916,802.0781583787323,805.7712973165904,5134954
2021-03-05,805.51953125,823.313658246237,803.2532891538106,810.1359294635276,2618145
2021-03-08,812.9057006835938,822.558168993208,807.4499577259858,808.289302796387,2880739
2021-03-09,829.39892578125,838.086127542874,807.0723141795763,816.6828263387246,2814747
2021-03-10,846.6893920898438,853.4461100782049,833.4697064140915,841.0238125145213,5268496
2021-03-12,842.0731201171875,859.9931206714623,836.1137893477819,839.3452480609893,4674919
2021-03-15,861.7137451171875,864.483522721498,841.023866044526,843.5419015716054,5203101
2021-03-16,861.6297607421875,877.1156369857035,857.0552684326755,866.2041505925799,4797715
2021-03-17,856.1740112304688,875.6048207428937,852.4389150617388,859.4894348236012,3477295
2021-03-18,836.1555786132812,868.7221574585701,821.3830744733524,867.8828123789,3738712
2021-03-19,830.4900512695312,839.9746410171173,818.4874261254413,832.6303711106474,6208000
2021-03-22,850.7182006835938,853.9497099986842,821.1312864363784,830.8677201604312,3873143
2021-03-23,850.969970703125,857.3909809198985,839.8066916233049,850.7181774304108,3782337
2021-03-24,832.7562866210938,850.5503622951486,828.6434750149889,842.4926695834846,2749823
2021-03-25,813.0736694335938,836.7432132699807,809.212650947055,833.2179533403805,3654840
2021-03-26,831.7910766601562,837.4986136607511,820.040244093817,820.7956752506218,2761824
2021-03-30,853.5300903320312,855.9641604916653,832.2107033597845,832.2107033597845,4300037
2021-03-31,832.1688232421875,858.6501545163029,830.2802965093804,858.6501545163029,3780505
2021-04-01,832.7562866210938,845.892007095294,827.5942936082847,839.345125363372,3555291
2021-04-05,837.4147338867188,845.3885134543118,821.0475021427118,832.6304559002496,5118272
2021-04-06,832.0848388671875,846.0599568607311,829.7346825662652,844.3812664701344,2395572
2021-04-07,841.3595581054688,844.0874297108601,824.3208114019914,832.6303484763922,2974419
2021-04-08,863.6860961914062,881.1864207973387,843.541814064493,846.0598493303571,6737118
2021-04-09,883.8304443359375,887.0199968945889,853.2363033245502,863.6441524631334,6029994
2021-04-12,872.7930297851562,888.9085180676876,853.4461344111385,882.1517486571208,7896295
2021-04-13,840.89794921875,881.5222764770496,825.0763130463602,877.1157142761407,6448995
2021-04-15,833.5955810546875,845.8919556557697,814.4165153686959,840.8978422176425,4373215
2021-04-16,847.9903564453125,850.6762710497437,835.9877315890919,837.6664218131665,2660763
2021-04-19,839.428955078125,847.234904943682,825.32796863413,838.5896100370592,2777425
2021-04-20,825.4119873046875,845.6401836119182,816.976528112306,835.9877150148591,4028636
2021-04-22,812.318115234375,827.1745326108927,806.3168289673716,817.1863061951034,5085190
2021-04-23,797.5457763671875,814.9621883299495,793.5169298699069,811.2270921450349,3916517
2021-04-26,807.6179809570312,814.1648634273378,786.4664711664077,798.2173042468023,5053998
2021-04-27,813.53515625,828.9371167921607,792.467616853377,808.0374566445438,10497935
2021-04-28,820.3759765625,822.5582534778611,812.4861115985402,818.3615276948107,2968625
2021-04-29,819.956298828125,826.7549740620898,814.626426379429,826.7549740620898,2747579
2021-04-30,806.1070556640625,819.9562498335148,801.9103301581679,817.3542492821244,3129105
2021-05-03,803.8408813476562,809.9680908564085,801.5746391376892,805.7713649970489,3506839
2021-05-04,806.1070556640625,814.0808341252623,802.0781581947562,809.1286775364829,4064221
2021-05-05,806.1070556640625,816.3470249147979,800.5253902493989,816.3470249147979,3041045
2021-05-06,820.8375854492188,826.503165113437,803.9667174891428,809.9680556993616,4620827
2021-05-07,823.3556518554688,826.1254806607936,815.9274163894116,822.5582637008665,2002597
2021-05-10,831.3712768554688,833.1758892152765,816.7666524087898,826.7548790536464,2036101
2021-05-11,820.0821533203125,828.3916906427042,814.5844529359,825.9156122503098,2029457
2021-05-12,807.7437744140625,820.0402011981627,797.7136409818286,820.0402011981627,3070622
2021-05-14,799.2244262695312,811.1850941211765,790.1595093015649,808.2893432374977,2090820
2021-05-17,800.1896362304688,804.0506544554049,791.5024348760916,800.7352310411361,2281200
2021-05-18,814.794189453125,821.718785964058,803.295152273907,806.0649806323692,2000985
2021-05-19,820.5858764648438,827.8461818946141,807.9536898949438,813.3255198055066,2152740
2021-05-20,816.7666625976562,826.5870101081314,810.1358673191468,826.5870101081314,1769194
2021-05-21,822.9778442382812,827.5942421406887,815.7174888635809,819.9981794744571,1534262
2021-05-24,825.6638793945312,834.3091246657788,818.4454799725611,822.390412638926,1830838
2021-05-25,833.1759033203125,840.7719659496317,825.7476687211645,830.9935754029536,2719646
2021-05-26,845.8920288085938,849.4172886715223,833.4697308802586,835.6940160113913,2013788
2021-05-27,855.9641723632812,866.2041934229142,845.1366506832321,845.2205647062738,6393813
2021-05-28,861.3779296875,867.043509249391,849.9208483038518,856.1320226857491,1839013
2021-05-31,857.5169067382812,866.2041076751774,850.2565514292197,860.3286922161403,1801746
2021-06-01,864.9451293945312,866.2041470501274,850.5503403737251,860.0768868092453,1262702
2021-06-02,853.5720825195312,860.0769563699819,834.30910058506,856.2999543272792,5252186
2021-06-03,851.3897094726562,856.7615387797541,845.22054327819,853.5720375415978,2024676
2021-06-04,855.4606323242188,861.9655063508417,848.5779914846617,855.7543826504141,2315912
2021-06-07,868.2185668945312,872.0375255139306,855.6703477654792,860.2866944527958,1745475
2021-06-08,887.8173828125,890.4613406769182,870.4429782048322,872.0796603565941,4517995
2021-06-09,883.200927734375,893.440897507066,878.1228486297532,887.8173260261678,2163655
2021-06-10,893.8186645507812,901.4566848711796,886.7681448476734,889.4540083254649,3934077
2021-06-11,900.6172485351562,908.5071125835777,885.4251234552303,893.8185740473566,4988857
2021-06-14,897.4697265625,905.9470913765279,888.0270944148937,900.6172706117021,2757666
2021-06-15,895.455322265625,917.4042176818598,891.0907686180332,897.469771048791,3484298
2021-06-16,897.3859252929688,904.7721014476181,885.5091704299731,898.0993482085984,1881596
2021-06-17,906.7025756835938,910.43762052433,887.2298096726958,889.6638285797163,3161931
2021-06-18,898.686767578125,916.2291008549878,885.5090903452605,914.4664966172145,4396398
2021-06-21,892.1399536132812,898.1412917472342,885.5091066357485,888.8664871348413,1074790
2021-06-22,887.355712890625,899.7780629523512,884.4180046627022,890.5872739086454,2437289
2021-06-23,886.7261352539062,891.6363863072859,871.617922681351,889.7058514949209,4130539
2021-06-24,906.4927368164062,908.4232715914234,883.4107458326552,886.8101345793655,3617010
2021-06-25,914.4664916992188,925.9654786515777,903.9746778889936,912.7038874709248,3200049
2021-06-28,927.560302734375,929.9944241558496,907.4160191786526,915.725556637213,2143755
2021-06-29,913.3333740234375,931.1694570658001,909.0107263472298,930.8336985402381,2956332
2021-06-30,919.4605712890625,927.4763581736689,909.2626100420517,913.3753191652986,1917370
2021-07-01,910.8153686523438,922.7340282574432,907.3320659462026,919.9222426244571,1459518
2021-07-02,914.3826293945312,921.1813046362403,902.2960387097569,912.3681805372147,1669409
2021-07-05,902.0023803710938,919.0410272244163,899.1065778249537,917.4043449942199,2597359
2021-07-06,880.9346923828125,902.0022339415046,879.4238302162594,902.0022339415046,3865594
2021-07-07,877.8712158203125,889.2862907070753,864.609519911531,880.9348464688939,3713891
2021-07-08,889.8317260742188,892.5595976425278,877.1156273485855,880.4730077403505,2171947
2021-07-09,882.7813110351562,897.092187629124,880.4731117431699,885.6770109814506,1889035
2021-07-12,886.85205078125,888.6146550761691,878.0389268475312,887.1878093276925,3224820
2021-07-13,881.4383544921875,891.3845743068937,879.6337418772359,891.3845743068937,1908081
2021-07-14,905.233642578125,906.4926601616829,879.6336183791145,884.6696887133461,3173326
2021-07-15,933.7294921875,939.8147446622097,903.4711603232126,904.8140921016679,5922995
2021-07-16,925.9237060546875,938.6398067135608,909.052887513007,933.687649391003,2323939
2021-07-19,918.4114379882812,932.0507969110503,911.612762647834,913.2075389521676,1409001
2021-07-20,912.5359497070312,925.1261261790329,910.6055174567955,919.8802193156989,1230858
2021-07-22,964.0718994140625,967.3453662646154,906.4928378011147,906.4928378011147,7309727
2021-07-23,974.7587890625,983.8082738415948,961.0552624984718,968.6826643423102,2840803
2021-07-26,965.45068359375,981.2658193717023,962.3049945503453,974.7587669524854,984581
2021-07-27,966.010986328125,971.9146771130008,951.5318730024804,965.4507590550346,1397105
2021-07-28,964.8905639648438,974.5001705848204,953.643305312389,968.7257796395168,2533035
2021-07-29,972.0008544921875,983.6789355497168,961.0552244965633,972.7764404198468,3821405
2021-07-30,1042.4576416015625,1066.3741381388247,1012.6804840102076,1021.2990413209328,20425030
2021-08-02,1043.44873046875,1046.2928965702345,1030.3916998213049,1042.8454735172847,2385223
2021-08-03,1056.8507080078125,1060.0826673595184,1042.845550817087,1043.7074066442087,2603616
2021-08-04,1048.4473876953125,1060.4272021513955,1046.0341498167536,1055.9454896922127,1938175
2021-08-05,1075.7684326171875,1080.7672386426782,1048.8785721117538,1048.9217069871686,5790873
2021-08-06,1089.9027099609375,1097.1423189672423,1071.3297825323118,1079.0433490549783,3894726
2021-08-09,1109.5960693359375,1126.2730611530549,1091.1093068127839,1112.1386067532599,6585101
2021-08-10,1140.2781982421875,1146.0094543422376,1105.2437438476436,1110.0701146088925,6314469
2021-08-11,1140.75244140625,1143.4673085164889,1118.990580060826,1140.2784837882834,3430349
2021-08-12,1195.006103515625,1202.116413282183,1135.7103872583796,1140.2351298370982,8613315
2021-08-13,1192.075927734375,1197.9796192048816,1177.2089144744582,1189.4472253360486,4760344
2021-08-16,1178.8892822265625,1206.5548287802228,1172.339200036732,1191.0414263904702,2912430
2021-08-17,1218.405517578125,1231.4196244860957,1181.1733886364166,1182.4661723525455,8042970
2021-08-18,1217.3712158203125,1228.1444124204922,1210.2609060641937,1222.1114223243915,2939739
2021-08-20,1205.9085693359375,1223.8352117028373,1181.3026498586503,1181.3026498586503,4051399
2021-08-23,1220.3878173828125,1243.6147891972319,1214.3548267601573,1219.9137546082295,3987240
2021-08-24,1261.196533203125,1264.3423275885584,1223.8351091859256,1225.4726560776442,5366923
2021-08-25,1260.9810791015625,1273.8227503323749,1249.6907902448872,1260.8949145712209,3105863
2021-08-26,1249.2598876953125,1264.1268991218349,1244.5196811535227,1258.137043847282,1993944
2021-08-27,1245.7261962890625,1255.8098654629412,1233.4877827507846,1249.5614119064549,3097939
2021-08-30,1223.1456298828125,1254.0001076028511,1220.3015690516247,1249.6908288825664,2742699
2021-08-31,1247.66552734375,1253.1382904456298,1212.5879343563174,1227.972144027047,6392991
2021-09-01,1237.88330078125,1265.4195464624427,1230.29892904828,1249.6906809947502,1829925
2021-09-02,1239.1761474609375,1251.8885188299232,1224.8692589071966,1237.6247651432811,3860958
2021-09-03,1242.7525634765625,1249.4319439634621,1228.2303185561177,1244.5194094300812,1919590
2021-09-06,1259.3004150390625,1265.1179407273794,1237.7108887351797,1247.9669921011657,1801171
2021-09-07,1236.935302734375,1269.4273269090252,1234.4360052807083,1266.0229336482403,1940043
2021-09-08,1230.6004638671875,1243.0973697264685,1223.7056192551704,1241.244359195593,2256454
2021-09-09,1235.2548828125,1239.262533510332,1218.6641578907204,1228.6616645943905,2303457
2021-09-13,1232.022705078125,1240.8998607407086,1224.1367044974015,1237.6247670459513,1937241
2021-09-14,1251.4576416015625,1255.7237853371705,1232.0227530126872,1236.762959477584,1554999
2021-09-15,1262.4892578125,1275.5463922611661,1239.3053192360846,1242.8820413098367,2410087
2021-09-16,1248.268798828125,1266.0661417394508,1241.0723241012997,1262.4894192084523,1800078
2021-09-17,1251.0267333984375,1268.6516410847846,1238.1419270444708,1250.5526706617,2861623
2021-09-20,1233.5740966796875,1286.8798503024525,1229.3078478709704,1241.0721991333205,2526342
2021-09-21,1259.7745361328125,1263.8683510377343,1224.1799559784313,1240.2104522489349,1713705
2021-09-22,1304.5048828125,1316.8294625043864,1255.2929389952474,1261.7568573216904,5145820
2021-09-23,1311.3134765625,1319.5011058936493,1296.2310014788038,1314.4161361097467,2015302
2021-09-24,1305.49609375,1334.0235001409303,1302.3072693222405,1318.6393949084006,3592146
2021-09-27,1262.1015625,1314.3299991289027,1257.6198495427052,1312.6062876546355,2728552
2021-09-28,1218.7071533203125,1262.6186612658364,1213.8376473395597,1262.1015688623493,3995669
2021-09-29,1202.5904541015625,1214.3116717901894,1183.112534312182,1206.5981045616863,7948104
2021-09-30,1189.8780517578125,1208.8820135170026,1186.7753920357209,1196.2558054797246,3856630
2021-10-01,1181.8197021484375,1192.8083630070646,1176.260774620403,1185.0516612245042,2661824
2021-10-04,1205.7794189453125,1211.3814817376403,1182.5093119617966,1193.411703845874,2538936
2021-10-05,1217.84521484375,1224.6969254402281,1190.222698123121,1205.8222649427134,2481825
2021-10-06,1194.23046875,1229.782019262741,1189.3178277367647,1226.3345961827176,2769341
2021-10-07,1221.421875,1226.6792790175623,1185.6118332308938,1204.8311525163394,1956325
2021-10-08,1241.029052734375,1247.1051774023042,1222.5422903560254,1222.5422903560254,2665924
2021-10-11,1206.7703857421875,1236.288945342963,1194.1873127639872,1223.835171769378,3073366
2021-10-12,1184.5775146484375,1209.0542373604442,1172.9855976654012,1205.7361139852287,2965629
2021-10-13,1208.4510498046875,1215.216596338648,1186.7753568498713,1195.3077497379043,1738985
2021-10-14,1233.1431884765625,1257.9645697304336,1215.6474755300562,1234.1773732428505,4328124
2021-10-18,1275.244873046875,1281.5363568558282,1223.835156859916,1223.835156859916,3579606
2021-10-19,1326.482177734375,1352.9412126618483,1273.0040910086398,1291.059927078235,8645334
2021-10-20,1326.6546630859375,1358.715656474659,1306.4010519681738,1330.705343226688,5159270
2021-10-21,1313.6834716796875,1332.5581314153842,1272.1420715220625,1332.5581314153842,4261416
2021-10-22,1307.8228759765625,1346.1754542187725,1278.7783812781806,1319.50106267019,5223521
2021-10-25,1313.5543212890625,1322.948569960803,1278.8215978533797,1319.5011469771919,3890467
2021-10-26,1347.339111328125,1404.8248467152055,1329.8433978414491,1354.7510496006828,16978043
2021-10-27,1351.2606201171875,1367.8513445757153,1316.4847589818828,1346.0894852210229,3624131
2021-10-28,1321.4833984375,1364.1882856213804,1315.1918096897377,1360.0083064812623,3054565
2021-10-29,1273.693603515625,1329.628067317626,1265.032015642234,1316.3554666381158,3795495
2021-11-01,1311.8736572265625,1318.553038812106,1281.6225436031127,1284.164975801264,2271900
2021-11-02,1297.4678955078125,1325.6263923753013,1295.2483542772034,1325.017131548248,2041689
2021-11-03,1304.3880615234375,1338.4654453698633,1300.0793522842464,1303.9092806343892,2697346
2021-11-04,1310.7423095703125,1318.7067976186297,1306.520728201692,1313.484196439942,166444
2021-11-08,1354.568603515625,1360.3135497602004,1309.3931887577523,1312.61375028533,3050392
2021-11-09,1357.1796875,1368.3212772976926,1351.7830430300996,1358.7465100901388,2061369
2021-11-10,1363.62109375,1369.4965198487205,1346.1689659055132,1354.3509557656455,1299996
2021-11-11,1324.756103515625,1357.8761377094654,1318.706633737077,1357.8761377094654,3027565
2021-11-12,1379.636962890625,1383.5103490860681,1332.8947310028393,1339.161809089733,3713868
2021-11-15,1374.544921875,1393.999087071926,1369.4963656643358,1379.6369360031235,2448280
2021-11-16,1392.6063232421875,1397.0455120295983,1371.8029451455745,1379.723867296299,2864344
2021-11-17,1408.7529296875,1414.4543111046617,1388.3413084381139,1391.3878254158778,2304359
2021-11-18,1364.6220703125,1414.2367780196041,1357.440994196998,1410.276263236087,2938804
2021-11-22,1341.59912109375,1376.8516758741177,1323.0588460779973,1376.8516758741177,1951782
2021-11-23,1358.3548583984375,1361.7494635890178,1311.1338473687354,1324.7996089807702,1823592
2021-11-24,1338.8135986328125,1366.493423406272,1331.763109304955,1365.5359679118358,1644163
2021-11-25,1357.3101806640625,1362.0541060257865,1331.8065480583373,1332.6334172133743,1557493
2021-11-26,1329.5001220703125,1349.1718975188014,1314.4851445011516,1343.9492966251803,1522173
2021-11-29,1337.5516357421875,1345.2549508322732,1287.719318734651,1318.706729544415,1995524
2021-11-30,1341.7294921875,1387.8624613649135,1328.7165556475766,1330.8926390993413,5662900
2021-12-01,1381.900146484375,1387.8191365424461,1349.1718694819524,1349.1718694819524,2761193
2021-12-02,1418.501953125,1420.9826673117557,1375.284909251194,1383.9892441198724,2664202
2021-12-03,1386.861572265625,1425.9875109118582,1383.7279270369509,1414.4542684155467,2400296
2021-12-06,1350.695068359375,1409.7104971247516,1346.429923322536,1397.916081704628,2911781
2021-12-07,1372.3687744140625,1376.4597686928653,1336.9856371793037,1361.3577711903847,1758254
2021-12-08,1396.87158203125,1405.575916150951,1377.06922190893,1377.5914607052964,1604565
2021-12-09,1402.4423828125,1410.1022399509052,1379.637068100114,1386.6005359517235,1947954
2021-12-10,1395.0001220703125,1402.4422639535358,1374.022698196023,1402.268219773631,1776362
2021-12-13,1425.9005126953125,1441.0025111170312,1390.4738091346728,1397.0456238857355,3163063
2021-12-14,1429.86083984375,1449.2715462988103,1415.0200147887492,1427.5107122702998,2725454
2021-12-15,1428.9034423828125,1432.9945430986345,1406.5333465953445,1426.640336802824,1622068
2021-12-16,1438.521728515625,1451.5782290505067,1429.4256360572135,1435.344625467989,2225836
2021-12-17,1429.991455078125,1457.9759094567212,1416.1080851882118,1452.9273533581666,3405084
2021-12-20,1390.9959716796875,1426.0743697687906,1372.325113721267,1423.1584394769443,2233189
2021-12-21,1421.3741455078125,1440.8284165559671,1397.4807917261153,1397.4807917261153,2237445
2021-12-22,1444.7015380859375,1446.3988403647145,1420.3294079058462,1431.8626480803537,1656110
2021-12-23,1465.6358642578125,1471.9899645977855,1448.531825963696,1453.6238403211905,1715034
2021-12-24,1500.453125,1510.3759806745911,1462.6327303306532,1465.2440305090354,3343946
2021-12-27,1553.7237548828125,1559.8167892156862,1482.9140128508752,1501.0625295772606,4512000
2021-12-28,1572.08984375,1586.8001904083324,1545.9768400680198,1553.723719077824,3605483
2021-12-29,1555.333984375,1585.0593078571856,1551.7652284911574,1567.2154221838894,1902921
2021-12-30,1566.736572265625,1599.8566059847312,1554.594068709864,1555.464502118996,4650594
2021-12-31,1558.5545654296875,1578.0957527399776,1552.3744032921436,1566.9541627286546,2378048
2022-01-03,1553.549560546875,1582.4479066597123,1551.9827379396409,1562.471502814896,1779147
2022-01-04,1557.9017333984375,1570.0878009325504,1538.0558094841087,1560.687077761747,2701533
2022-01-05,1512.421630859375,1551.939223109394,1508.4611162982183,1549.3279228503668,3138050
2022-01-06,1472.8604736328125,1504.8489040961263,1471.0325845714406,1501.4977564412632,4290750
2022-01-07,1483.0880126953125,1501.1060488647504,1475.4717200069722,1481.4777320634514,2103362
2022-01-10,1493.6639404296875,1501.497842215158,1468.856584775698,1496.2752410248443,2330348
2022-01-11,1512.073486328125,1518.9063676481037,1484.089029707746,1484.089029707746,2704832
2022-01-12,1506.241455078125,1527.610637841297,1498.015901837534,1526.7402044294217,3013194
2022-01-13,1496.1009521484375,1522.3009759176182,1481.3035845291708,1505.849763607736,2768371
2022-01-14,1512.5955810546875,1520.4730455149095,1476.6902047240842,1492.358005304711,1889385
2022-01-17,1499.2344970703125,1524.1288708545865,1497.1454356766926,1508.417505612279,2522806
2022-01-18,1445.572265625,1520.2554936696836,1436.2586707686976,1514.554112411561,4878369
2022-01-19,1453.7108154296875,1459.3686325893925,1416.6739376212965,1447.6177815653898,2610709
2022-01-20,1450.9254150390625,1456.4090815529005,1430.600816969609,1453.7107593393541,2440011
2022-01-21,1387.0789794921875,1438.8261948764712,1382.9878793719836,1436.214895067258,4079190
2022-01-24,1317.09619140625,1382.248103761579,1307.347274529043,1382.248103761579,3250275
2022-01-25,1306.17236328125,1329.7176296943787,1275.18495491102,1304.7796910659513,3910618
2022-01-27,1258.2984619140625,1292.1583413518679,1244.7197225551843,1292.1583413518679,4434890
2022-01-28,1227.876953125,1290.7657691515903,1224.047024739,1258.6467539716225,7080683
2022-01-31,1287.3712158203125,1294.8569230725732,1246.025622344001,1250.8130068517844,4406035
2022-02-01,1310.6551513671875,1318.6630965079776,1283.8893231058287,1309.1318928482483,2542754
2022-02-02,1290.80908203125,1296.9456795940443,1256.0353125196013,1288.1543240905633,9031146
2022-02-03,1265.8714599609375,1288.0675138323618,1261.3451420856848,1287.2841024449058,2433692
2022-02-04,1260.561767578125,1275.1415288810085,1249.0720877395784,1274.314659547556,2406272
2022-02-07,1257.1671142578125,1275.8378698515667,1248.2016069364806,1262.1285425787287,2741520
2022-02-08,1248.3756103515625,1267.4816883141139,1236.1895420626595,1259.0819842784463,1981111
2022-02-09,1266.306640625,1280.3640560064537,1253.4677470847748,1253.4677470847748,2282701
2022-02-10,1278.2314453125,1281.2779622063329,1262.389599966199,1275.184928418667,1850405
2022-02-11,1240.2806396484375,1262.0849337392472,1236.8859279549579,1261.99791164538,2426039
2022-02-14,1210.0330810546875,1234.9710206332968,1193.3642592462015,1209.902494786448,2149302
2022-02-15,1253.1195068359375,1255.6872429488824,1214.2981971680606,1222.1320980260928,1955525
2022-02-16,1256.906005859375,1274.2711121229006,1243.718916749298,1262.5638237527862,2164650
2022-02-17,1259.9959716796875,1272.0949115222472,1253.6417650503906,1272.0949115222472,1669669
2022-02-18,1251.6396484375,1257.7762463277884,1233.4911335388795,1252.074865131731,2374188
2022-02-21,1234.44873046875,1253.4242230132243,1227.3982404651183,1242.2391739406253,2109461
2022-02-22,1229.53076171875,1236.6247090411528,1196.8459445142032,1201.63332829226,2111878
2022-02-23,1230.18359375,1240.3240580795346,1226.614731728327,1237.7563219947497,1319711
2022-02-24,1160.2877197265625,1218.606757402241,1157.676419532129,1192.9289721569796,4108603
2022-02-25,1209.6412353515625,1218.6067417388426,1175.1720944789074,1179.4372393258084,1885454
2022-02-28,1227.3111572265625,1235.884905407435,1186.6183936802208,1201.1981538813166,4983140
2022-03-02,1213.68896484375,1236.6248669863348,1203.5919572003188,1218.6069355128884,2160190
2022-03-03,1241.8038330078125,1256.5576366557495,1223.0895148829918,1227.1370514491755,2730530
2022-03-04,1265.2618408203125,1270.832635266816,1217.3009865894808,1231.6631362346195,3567738
2022-03-07,1239.584228515625,1274.3145436823747,1228.2251359872982,1242.9789401492014,3341715
2022-03-08,1272.530029296875,1276.838738252919,1236.0153917397151,1236.0153917397151,2365949
2022-03-09,1309.7845458984375,1315.2247541801223,1272.5299570838326,1272.5299570838326,3667977
2022-03-10,1292.898193359375,1328.2377671623683,1283.4540124837413,1327.4108979570738,2835942
2022-03-11,1294.160400390625,1298.5560252360674,1281.713160473194,1284.759677323215,1116432
2022-03-14,1308.2613525390625,1313.396930662785,1294.334418646431,1294.334418646431,1372791
2022-03-15,1269.6141357421875,1318.7066007434523,1260.3875629547979,1317.8361673436216,2188506
2022-03-16,1296.8587646484375,1300.8627371016482,1278.1444462491834,1284.0633297113839,1453944
2022-03-17,1299.9923095703125,1314.3108967924381,1294.3344923542381,1310.0022938756747,2346185
2022-03-21,1288.0675048828125,1323.0588882412421,1284.9338593547611,1301.2980512635902,2110200
2022-03-22,1338.9005126953125,1343.9055043689455,1283.9327326220584,1294.2473463856013,3030660
2022-03-23,1342.3388671875,1359.3557761277646,1331.066691088733,1349.1717480153434,3741783
2022-03-24,1365.3184814453125,1368.277870282474,1331.893814467271,1331.893814467271,2085571
2022-03-25,1332.241943359375,1370.8891030708091,1325.1478895764685,1367.450933486337,1755511
2022-03-28,1326.93212890625,1339.5534129663467,1320.0557901802163,1335.2448102198748,1928306
2022-03-29,1325.1044921875,1340.0760129840924,1322.2755831529978,1337.8563649323062,2311150
2022-03-30,1302.4295654296875,1335.5060353028855,1292.593625307868,1335.5060353028855,3792481
2022-03-31,1305.17138671875,1314.006307437096,1294.5085770165595,1302.4296063700242,2036984
2022-04-01,1294.421630859375,1307.9569142259916,1284.281059378523,1304.7798107142619,2537230
2022-04-04,1304.4749755859375,1309.392945318381,1291.4184751922319,1294.4214277811554,1675276
2022-04-05,1296.118896484375,1325.2348512062913,1288.24143171449,1312.6135669090886,3207223
2022-04-06,1270.2669677734375,1289.9823056387727,1265.6101703095653,1289.9823056387727,2627895
2022-04-07,1278.27490234375,1283.5845243771535,1262.737582484221,1265.6100549592772,3336784
2022-04-08,1261.04052734375,1291.2010692312967,1253.424234253667,1283.8894066139992,5402943
2022-04-11,1261.43212890625,1272.878350166737,1249.6378192647062,1267.307554766727,3268704
2022-04-12,1231.663330078125,1254.8168385658794,1224.2210815890937,1250.2470629595825,2021088
2022-04-13,1227.702880859375,1243.5882921475018,1221.5663884703874,1234.3617183487775,1430399
2022-04-18,1170.3414306640625,1209.9025916074313,1157.850624661101,1209.9025916074313,3968044
2022-04-19,1132.60791015625,1185.399717703331,1119.072734388385,1185.399717703331,2677360
2022-04-20,1139.5712890625,1149.7988808329542,1127.8640031119912,1136.2637061147102,3025261
2022-04-21,1142.617919921875,1148.101693027048,1129.3438101275894,1143.6625037892836,3728173
2022-04-22,1137.2210693359375,1152.4536515888108,1125.339633927884,1135.9154194285484,1954666
2022-04-25,1105.798828125,1129.7792092161997,1099.0094037801473,1127.2114726873926,2686619
2022-04-26,1110.1942138671875,1119.1161560270373,1101.098227532678,1115.3733562392524,2568317
2022-04-27,1097.834228515625,1109.3674721452242,1084.7777262934371,1103.4920461452398,2382463
2022-04-28,1106.58203125,1117.984687614699,1088.2158013851074,1108.7581147644112,2576887
2022-04-29,1095.875732421875,1118.33295832024,1086.605594768919,1117.6365690466143,3811317
2022-05-02,1071.6776123046875,1087.171370088608,1065.5845782049114,1079.3374691031818,2149957
2022-05-04,1055.66162109375,1082.7755352438105,1044.5200315885104,1072.765551607754,2797667
2022-05-05,1099.6619873046875,1102.055679095187,1063.800174617742,1073.1137692646014,3563713
2022-05-06,1123.5118408203125,1130.69291592143,1069.5014092248239,1079.076176026314,5745203
2022-05-09,1097.747314453125,1114.1549659429497,1053.2246162429446,1114.1549659429497,5712061
2022-05-10,1081.3394775390625,1106.712526667121,1074.9852710868768,1092.393939444559,2852416
2022-05-11,1065.8021240234375,1101.664043515875,1050.874276358231,1081.9487059419816,3244609
2022-05-12,1055.66162109375,1073.1137462024312,1041.9522956791507,1052.353931825424,3110220
2022-05-13,1047.0006103515625,1074.5934080457155,1040.1677306104978,1068.8920277738002,1892084
2022-05-16,1034.9888916015625,1062.7991966284142,1007.0478940579457,1035.8157608417796,3474480
2022-05-17,1042.9532470703125,1053.224403590428,1029.8532882822326,1040.8642919342205,4434968
2022-05-18,1020.1915893554688,1071.0683830925673,1017.1015080403615,1052.354063518012,5294021
2022-05-19,964.7448120117188,1004.3930948301332,957.4767145656037,1003.6096835401283,4393100
2022-05-20,984.373046875,987.7677580187607,970.3155277341607,981.8487690371234,2461651
2022-05-23,994.8182373046875,999.0833817147129,971.0989299396791,987.0713597034681,2783695
2022-05-24,956.0404663085938,1002.6086513902419,949.6428023192192,999.2575041819099,3666196
2022-05-25,922.7899780273438,953.0375382763503,909.6028909413501,949.686390981592,4711542
2022-05-26,938.8494262695312,948.3371714012769,919.134088880819,931.3637204216303,2946857
2022-05-27,977.7142333984375,980.2819692084287,950.5131919618017,953.1244919397187,3367600
2022-05-30,1013.1845703125,1018.8423879302245,988.3336519668602,994.8184451427043,2469771
2022-05-31,1027.3289794921875,1037.5565715354269,999.8233063969287,1002.7392369201441,9674664
2022-06-01,998.0390014648438,1041.9088698679977,994.992484301487,1032.4646879124093,2419021
2022-06-02,997.5166625976562,1005.6987576952585,985.0694226482542,992.2940622699199,3206663
2022-06-03,999.1705932617188,1028.8523530942468,995.8629036012369,1009.7028169114435,3229236
2022-06-06,995.9498901367188,1000.1280131108771,967.1385647957421,997.5167128155484,3938875
2022-06-07,983.8508911132812,992.1200082165376,975.4946456688361,983.6767406849784,1656444
2022-06-08,978.5410766601562,991.6847045377573,974.7982772099663,987.8547767540214,1303551
2022-06-09,991.0753784179688,993.9913088524618,967.6172424363069,976.626206243083,1323539
2022-06-10,966.050537109375,978.2801695060035,957.6943972931484,974.0150243772171,3119792
2022-06-13,915.65234375,944.0720146144996,913.9550411751613,941.1125198970224,2012004
2022-06-14,896.677001953125,919.6564653148381,888.1902761735322,900.0281493434818,5775453
2022-06-15,887.8856201171875,902.6394775550922,885.9271448765907,902.6394775550922,3238141
2022-06-16,848.9336547851562,899.679909609801,845.1908019211087,891.3673346821765,5600443
2022-06-17,840.0116577148438,848.1066768967676,821.4279277413015,845.277768630765,7043370
2022-06-20,852.4588623046875,860.1187181266688,825.2143096429272,839.9681652433336,2985094
2022-06-21,870.5203247070312,874.4808387356129,853.02463657503,862.9475974757975,3433536
2022-06-22,853.0247192382812,867.7785757729631,842.5795185945472,867.7785757729631,2719988
2022-06-23,862.6865234375,869.171262907553,845.4084416592941,853.9821894178419,2915172
2022-06-24,854.0692138671875,871.3037835762558,847.8020831201529,871.3037835762558,4056588
2022-06-27,876.7005004882812,891.4107925583286,866.9516361233344,866.9516361233344,3796002
2022-06-28,888.451416015625,895.6760028867768,856.550009433613,872.1743001871238,2755698
2022-06-29,888.7994995117188,894.2832722854118,872.6529710027172,877.3968435301477,3770663
2022-06-30,870.4334106445312,893.0646793212891,867.8221104125977,884.3603452148437,3264301
2022-07-01,879.7470703125,882.619489979926,861.1197738293661,867.8221218047202,1842102
2022-07-04,870.389892578125,882.4453739674866,866.0812366047838,879.7470516670711,1814322
2022-07-05,873.2188110351562,889.4959264927634,869.5629800731048,874.7855805540242,3045188
2022-07-06,879.0507202148438,883.4028872559569,871.8260804249647,877.3968754884052,2188175
2022-07-07,888.4949340820312,893.8481209900649,884.3603752410911,888.6690313954791,1901699
2022-07-08,893.4998779296875,900.6373892507783,883.098188257753,897.416828198254,2841036
2022-07-11,877.005126953125,885.5353633112616,859.988165279728,883.489866152757,2892507
2022-07-12,868.1266479492188,885.0565865998328,865.6459342451817,870.4333174913843,2013304
2022-07-13,861.7726440429688,874.0892988613406,859.1613436399537,871.6520957772683,2067142
2022-07-14,849.3688354492188,869.2147048099786,843.2758021201325,868.6924660611564,2212219
2022-07-15,847.6279907226562,860.7715662632398,840.0116988641684,853.0246881506492,2544737
2022-07-18,877.3968505859375,889.5829179551865,856.6805466836214,857.3768827650282,3946821
2022-07-19,877.1358032226562,879.9647119513861,862.5995538988515,870.3899439464543,2985845
2022-07-20,910.0382080078125,915.4348531098585,885.4484620716856,888.9301960095443,5574762
2022-07-21,925.4967041015625,928.2299988367632,906.0502845648197,918.5515581739061,4935223
2022-07-22,921.8671875,935.3094043453954,908.021747906459,931.9937012807475,2985409
2022-07-25,911.6064453125,922.0465901578254,903.5411142652525,922.0465901578254,2888919
2022-07-26,895.5653076171875,929.5293320853705,890.905382681377,909.5900429661615,5939871
2022-07-27,903.0033569335938,905.0644859442984,888.9786219168813,896.1478043516948,2546052
2022-07-28,930.201416015625,935.08537776639,909.9484976226022,915.1461439211503,3428026
2022-07-29,939.7454833984375,957.0859227608598,935.6679668429384,945.4360004800628,6185909
2022-08-01,940.5966796875,948.9756394777596,930.022201612881,948.9756394777596,2540084
2022-08-02,925.3622436523438,940.5071641242838,923.0322811319794,937.3706466641266,2802273
2022-08-03,943.330078125,947.2282994845714,918.2826794990146,920.747086143842,3509019
2022-08-04,946.3770141601562,961.2977888749735,928.5883911952168,952.6051981803138,5360632
2022-08-05,948.3035888671875,957.041030199722,941.3584431926088,949.9166987165659,2641829
2022-08-08,946.8697509765625,954.2629703841483,940.1039006696885,946.332084170983,2579239
2022-08-10,945.6150512695312,949.1549004775238,934.7269437455066,946.3320132185773,2823021
2022-08-11,965.3753051757812,980.2961892787376,959.0574188550987,960.6705287987353,3201408
2022-08-12,955.203857421875,964.6134082926925,951.7088595055368,961.8353722951524,1771561
2022-08-16,965.7784423828125,967.7947749371551,946.8250038864255,964.2550348767484,2222701
2022-08-17,989.7953491210938,991.9461259457348,960.8497283818792,961.1186165073544,4280823
2022-08-18,990.3778076171875,994.007140734688,975.098443182375,985.7626243608885,3041422
2022-08-19,989.4816284179688,1017.1277665373126,985.7625931198625,994.7240712391339,4577717
2022-08-22,966.674560546875,985.7625518999719,963.5828944822225,982.1779608021537,2157609
2022-08-23,955.203857421875,958.9676340129901,938.2666439757976,951.7088595055368,2875768
2022-08-24,959.7294921875,961.9251200466487,945.5255707029985,955.2936041057665,2180800
2022-08-25,959.4158935546875,976.4875543388129,954.8904124196065,967.8397054623217,2734931
2022-08-26,972.813232421875,983.5670054069756,968.7357164078101,970.5280119053268,2624896
2022-08-29,928.0059814453125,938.804497769929,911.6512279290215,937.3706830396832,6118233
2022-08-30,964.3447265625,968.2877991735155,934.0549933903128,939.1629926273432,4453769
2022-09-01,943.5540161132812,954.3973823344355,934.771724143035,946.332052342877,6112823
2022-09-02,946.6904907226562,955.7415609827515,938.3115312649398,948.303491012545,1645341
2022-09-05,954.4423217773438,959.5951719708706,945.25680621497,946.3321398894428,1677079
2022-09-06,953.2323608398438,959.7742834666271,941.2240679635642,954.4422478712511,3051076
2022-09-07,946.1976318359375,950.8128148800806,935.5783022948201,942.7474846878839,2615897
2022-09-08,976.442626953125,979.3999584683677,956.279301330223,958.8781518446723,2634786
2022-09-09,1009.6448974609375,1014.7528959447196,973.4405060145617,988.1373511830553,3394349
2022-09-12,1030.6595458984375,1044.0121697767654,1021.5636239998859,1021.6084751463628,5230075
2022-09-13,1028.2847900390625,1043.5193032418485,1024.3865688334295,1035.946897789447,2483685
2022-09-14,998.9359741210938,1005.3434531880322,981.2819050657156,996.5164186603431,5179539
2022-09-15,970.5281372070312,1007.5390877663292,966.0473978847458,1003.9544963085008,3392174
2022-09-16,925.8999633789062,962.4179901799101,921.2400380719506,954.3975102593652,6635089
2022-09-19,931.5457153320312,942.6131197009926,916.8488683149455,928.4091977719908,2485826
2022-09-20,946.466552734375,955.0246988768675,940.955221700094,944.5398130208562,2321528
2022-09-21,950.0511474609375,956.1448870922511,938.2667815730771,938.4459673825393,2760138
2022-09-22,939.5213623046875,960.6704282113287,934.0100315328893,940.9551768860963,3867282
2022-09-23,927.6026611328125,940.8656936916656,915.863145626195,930.2015118982293,3230711
2022-09-26,925.631103515625,942.9715419232746,908.2906104114534,922.1361051452121,3314114
2022-09-27,916.3111572265625,936.474483424702,913.2194362702098,927.4681539656481,4448875
2022-09-28,922.763427734375,928.7676841626637,903.8099329014726,910.4862455428389,1965519
2022-09-29,902.510498046875,936.0264502652857,897.6265359123329,934.5477844010961,3176310
2022-09-30,903.8546752929688,912.9953940561381,882.3023310201213,897.0439736949726,3848885
2022-10-03,901.07666015625,912.5025452054714,895.3861432064238,905.10932546774,2431236
2022-10-04,921.5088500976562,928.4091445771604,912.1888908603577,915.8630750558475,2715420
2022-10-06,924.197265625,936.4744466710305,920.6574161955383,926.1238958716604,2397633
2022-10-07,917.5208740234375,928.8123140663669,915.0116712023997,922.9426117985338,1539126
2022-10-10,922.4497680664062,925.7207295994573,899.2843680087661,903.4066262426032,1660433
2022-10-11,900.4940795898438,927.5129571775366,896.6406550548836,927.0648832851803,2310765
2022-10-12,910.3966064453125,912.995402346016,894.5347788441015,903.13777617195,2192421
2022-10-13,907.7528686523438,914.9668470556435,898.8809841039514,913.0401075265275,1344162
2022-10-14,913.9363403320312,940.8656263154883,910.5309895255884,927.5130018022383,3492929
2022-10-17,916.9832153320312,921.1950661382756,902.8240913558736,913.174587269328,1426207
2022-10-18,913.533203125,926.5720896052495,908.6939825228941,921.5985343308245,2395805
2022-10-19,913.3539428710938,923.0323291696842,910.7550921045296,918.1035157614965,1304927
2022-10-20,933.472412109375,935.0406708171021,902.420867817771,905.1093113167316,1852905
2022-10-21,933.0243530273438,935.8919823812766,924.0180234054128,933.4724269509612,1202009
2022-10-24,939.29736328125,941.9858067523256,936.4744757580116,941.8513627001629,231316
2022-10-25,970.0800170898438,973.2165344661157,941.8513607033957,944.0021373543054,3097049
2022-10-27,964.1207275390625,983.9704260450862,956.3242843139611,979.7585745359962,2342818
2022-10-28,940.0142822265625,968.7358657595405,936.5193929820201,968.7358657595405,1542568
2022-10-31,952.9635620117188,966.3161856845556,943.6436033102933,943.8676402531495,2629847
2022-11-01,959.6847534179688,967.8396769656438,938.401242003215,957.9820506261789,4709472
2022-11-02,969.6318969726562,984.5975211262014,955.6071623513293,959.7742714026939,4104485
2022-11-03,943.50927734375,959.9088273704007,941.0897218153173,958.8782354256786,3460133
2022-11-04,944.2262573242188,948.841440890814,930.873631726973,943.6437393102311,2531080
2022-11-07,944.0917358398438,956.996286428556,935.9815542474565,948.9756977402689,2588984
2022-11-09,937.8919677734375,956.3544089602739,934.5642587680459,954.5765887712395,2697639
2022-11-10,930.9628295898438,942.7241100887511,916.512003546148,925.401326634509,3285774
2022-11-11,965.2437133789062,971.8993538471118,953.8471449707554,956.4000208120265,5299457
2022-11-14,971.3067016601562,979.603381130866,962.2805972997659,968.2524436120164,2229790
2022-11-15,972.7655029296875,976.0021730564567,957.3117998218398,970.9876826764375,1577944
2022-11-16,972.6742553710938,980.1048399046414,965.5172329851305,971.8993110124164,2335937
2022-11-17,965.1070556640625,968.1156829846744,954.8501439684459,966.429013098096,2089630
2022-11-18,967.203857421875,970.9875400481193,953.6647576435049,966.4289130995365,1617331
2022-11-21,950.5650634765625,964.5145093101169,946.1888474876271,961.961633178935,1475958
2022-11-22,957.9043579101562,959.955740154686,944.5931887156845,950.5649235841056,1696991
2022-11-23,951.8870849609375,965.1982554518521,949.4253592509759,962.7365297418905,1704144
2022-11-24,974.9081420898438,976.4580309544635,953.6648929770017,956.6736317078743,2208145
2022-11-25,984.8001708984375,987.3074156410738,966.4288826162002,975.546136225787,1943246
2022-11-28,982.1106567382812,994.6925130620454,976.8227156545926,980.1049051711262,1749691
2022-11-29,979.6947021484375,989.6324212819046,978.0991824882509,981.1078099278313,1233868
2022-11-30,981.928466796875,986.4870947764333,969.3466090554424,979.8770842060736,3909954
2022-12-01,1004.265625,1010.1462098795665,992.0941119945109,995.0572198304164,4264917
2022-12-02,1016.345947265625,1017.7591662335808,1002.9436276437028,1004.2655850308015,3418928
2022-12-05,1002.6701049804688,1021.1325461042283,999.479065773893,1021.1325461042283,2760688
2022-12-06,992.6866455078125,999.3878048408063,984.7090483745812,992.8689460673024,1838107
2022-12-07,982.8856811523438,991.3191416957964,979.3754490796492,990.1338540745472,1478573
2022-12-08,979.3300170898438,986.8517528412333,975.8198959981198,982.9312884772056,1110431
2022-12-09,943.9093627929688,980.7429803720962,939.2594741598696,979.1474609023952,3138360
2022-12-12,940.9918823242188,952.2061506831403,931.6011206436754,942.724183062658,1689393
2022-12-13,953.4368896484375,954.9867783960987,939.2139948827212,948.057687232761,1983827
2022-12-14,971.078857421875,973.7685145611105,958.2235494737773,958.2235494737773,1983937
2022-12-15,932.4672241210938,966.4289978668877,930.1879104468794,966.4289978668877,5184673
2022-12-16,930.6893920898438,942.2683172287934,921.7544931962362,925.4013952464686,2994364
2022-12-19,936.0685424804688,937.3449804614122,920.6148395067204,929.9144508966116,1529622
2022-12-20,928.0909423828125,934.5185957411318,915.3723610966794,934.5185957411318,2149130
2022-12-21,935.4760131835938,939.5787780186367,930.1879606561353,934.0627941114536,2037666
2022-12-22,926.1763305664062,943.6358962191428,923.2132226797278,939.077268701176,1925482
2022-12-23,907.8506469726562,925.8572252078659,905.3434019019309,916.3296828096479,1504806
2022-12-26,912.63720703125,917.6516971797734,905.3434031788524,912.0445632093199,966423
2022-12-27,920.4324951171875,923.2132468464767,905.5258050021502,920.5692762052305,1615647
2022-12-28,926.5410766601562,929.4130343596507,913.7313439991384,916.55767090395,1077963
2022-12-29,923.7603149414062,926.0396287585498,918.1076055454282,920.8427821260005,1977329
2022-12-30,926.6777954101562,936.9347070079045,925.4013574857358,932.4672299197402,1317151
2023-01-02,920.3869018554688,931.6466896390564,916.4664932940158,928.045418394319,1348611
2023-01-03,933.424560546875,934.336341698849,919.0648838483966,923.5779362259515,1439615
2023-01-04,930.2334594726562,938.484563612184,922.7572997016807,933.4244985269613,1702044
2023-01-05,922.3471069335938,934.4729890780657,915.8282474726506,930.8717179388514,1376035
2023-01-06,899.0980834960938,922.3470826965681,898.0495769595029,920.3868507011352,2346808
2023-01-09,925.6292114257812,930.8716324705468,907.5314845127723,909.8563731509905,2190779
2023-01-10,914.1416015625,924.5352389506178,910.8593563499559,923.5779382980332,1411099
2023-01-11,917.514892578125,927.1792158231913,914.6885659166967,919.4295494286814,1294200
2023-01-12,913.138671875,924.0338028306345,909.263838464018,920.8427635510023,1948321
2023-01-13,914.597412109375,919.930983760262,899.2348048098318,915.7826440709827,2837817
2023-01-16,943.1343383789062,944.319625970621,914.688549123848,919.2016011884328,4286551
2023-01-17,953.71044921875,957.3117202198281,939.8977864252275,942.7241130545735,2466876
2023-01-18,955.8074340820312,958.6793917513373,951.3855875344941,953.7105321464609,1138627
2023-01-19,960.3204956054688,960.9586589256191,948.2856524550585,951.7502538077406,1768051
2023-01-20,954.1207885742188,964.1497696294662,949.8812425055759,959.591141877081,1160517
2023-01-23,971.2611694335938,975.1815221040605,954.8044804918976,960.5027645721786,1344952
2023-01-24,976.0933227539062,982.2019505353352,971.2612442583372,975.5463096989803,1578750
2023-01-25,958.3602294921875,973.4492189202543,956.3999975148126,970.9876047219022,1049973
2023-01-27,939.1683349609375,964.2864148553526,931.3275185905114,958.2234185400172,1651820
2023-01-30,944.6387939453125,955.4427191547991,928.5012966749016,939.1684407967501,2654212
2023-01-31,925.4013671875,938.0287428946331,908.1241581189222,934.5186220366379,5797831
2023-02-01,933.37890625,943.1799545940171,914.734110131223,928.1820601846418,1939670
2023-02-02,926.90576171875,952.0693635281796,921.8456406219406,936.615660656223,3860090
2023-02-03,922.0279541015625,936.2509047821484,914.4606438511983,934.0171106101311,2980262
2023-02-06,916.6031494140625,926.67776005016,908.9902642442586,917.1957932093522,2003960
2023-02-07,913.959228515625,919.4295814552399,908.9903134660133,916.2841173854998,1697633
2023-02-08,921.8001098632812,931.0085713432826,915.6915375245302,918.5634952773742,2611176
2023-02-09,926.3131713867188,927.8631159722416,914.0960265917879,921.8001187234332,1782899
2023-02-10,927.5439453125,931.4187788134373,915.4635820448719,922.2559483700946,1116554
2023-02-13,914.0048217773438,927.9542109203941,912.181370761329,925.4013906274353,1682312
2023-02-14,922.7117309570312,935.1567499667317,916.9678717489152,917.2413782545768,2440189
2023-02-15,976.8226928710938,980.1048823110733,919.2927822047295,925.3102037077675,6712218
2023-02-16,1030.4776611328125,1040.3243402361315,979.2387367891964,980.1048314247055,14422445
2023-02-17,1029.5203857421875,1038.4553401223686,1010.2830000322065,1010.2830000322065,5333732
2023-02-20,1043.1961669921875,1054.7295156587313,1021.1324566432733,1029.7938480165867,4590531
2023-02-21,1034.3067626953125,1050.2619560720414,1031.2069855892253,1044.8372348417922,3494288
2023-02-22,1026.3294677734375,1034.1247662044905,1019.3092251413888,1022.9561275569215,2674708
2023-02-23,1029.15576171875,1048.0284345521259,1024.825065708204,1027.5146113442765,2576193
2023-02-24,1020.2208251953125,1040.2787860123785,1017.4856487202582,1036.6318840456393,1913493
2023-02-27,1015.6165771484375,1019.5370413199176,1000.0260933429114,1011.1035804371014,2247105
2023-02-28,1003.1258544921875,1035.264174302094,999.9348156458138,1019.3089800702256,3894204
2023-03-01,1027.423583984375,1029.3381854539289,1000.1629667342428,1003.1260748854609,2084324
2023-03-02,1011.8330688476562,1024.7795272541925,1007.4567416511412,1021.1326250219712,1838692
2023-03-03,989.3590087890625,1020.7679096575314,986.89728301249,1019.3091710276866,2388401
2023-03-06,993.826416015625,999.2511381694102,989.2221577680748,995.6042362052882,2076844
2023-03-08,983.113525390625,992.3219295036001,975.1814477786662,984.6634140244892,2230530
2023-03-09,966.4290771484375,987.7178463531131,964.012982196642,986.48703912699,2550755
2023-03-10,967.5687255859375,969.1186144800995,949.1519142669559,952.7531856181905,1400844
2023-03-13,1033.71435546875,1061.8865827219868,1025.691127023963,1025.691127023963,13080169
2023-03-14,1016.847412109375,1037.7714661176915,1001.4392301514515,1028.4262805014328,4325522
2023-03-15,1016.0270385742188,1032.2556876000363,1012.5169172466283,1025.6001574465363,2583351
2023-03-16,1019.0812377929688,1023.5030844701173,1003.8554655618647,1008.3684625354716,2396839
2023-03-17,1027.6513671875,1032.529076104879,1015.844455787724,1024.1867659463014,2507004
2023-03-20,1011.1035766601562,1036.4495900068146,999.2511451934456,1036.4495900068146,4007438
2023-03-21,998.9320678710938,1011.8785254731692,990.5441264814162,1007.4110482573712,3354949
2023-03-22,1002.5333862304688,1008.6420141539126,997.0175134643529,1000.1629220742673,1750203
2023-03-23,1002.3966064453125,1013.8388065587661,991.1368182177254,991.1368182177254,1720354
2023-03-24,1004.6759033203125,1019.3091425954568,999.8438247878219,1007.4567107048119,1943460
2023-03-27,1005.6333618164062,1015.3432619568781,993.8720790249037,993.8720790249037,1455300
2023-03-28,975.8197631835938,1007.0918783653788,972.0815999196267,1001.9862382637207,2431154
2023-03-29,985.6664428710938,991.4103581967478,971.0788344703166,980.7431027769076,1642278
2023-03-31,1004.5846557617188,1008.3683386040102,995.1026889083288,998.3393587444766,2281085
2023-04-03,1005.8155517578125,1007.4567022159216,989.3133420618874,1007.0919897480508,1508662
2023-04-05,1006.089111328125,1016.5739548082097,1001.6216340211652,1004.721523048114,1947605
2023-04-06,996.2880859375,1007.4110930311247,987.3987619037406,1006.5449982841455,1355815
2023-04-10,1009.5081176757812,1013.6108826606908,994.5557963607422,999.5702868978537,940829
2023-04-11,1001.3025512695312,1018.3974047512556,995.9689792421572,1010.1918750800279,1384483
2023-04-12,1011.9241333007812,1015.2063227724203,994.5101988781116,1005.633205224948,1376719
2023-04-13,990.9088134765625,1003.1259571403301,981.016614299473,1003.1259571403301,2725180
2023-04-17,939.0316162109375,946.3710508631264,913.5489334921509,943.6358744155451,4349422
2023-04-18,934.700927734375,946.1431271505487,921.7544702955479,943.4535814731705,2735592
2023-04-19,924.3984985351562,938.1655312045013,920.8427468576738,934.7009298172895,1953837
2023-04-20,931.60107421875,933.4245251589501,920.8882999450747,925.4925024396185,1250758
2023-04-21,910.5858764648438,929.5953315769253,906.1183990923499,924.763197379465,4269272
2023-04-24,917.2869873046875,918.5178500966211,903.5199547535414,913.5489350787573,1625433
2023-04-25,908.9902954101562,917.2869749448469,906.6198314423323,917.195824656587,1984203
2023-04-26,908.3521728515625,914.0048825062506,905.0699830635823,908.9903918790343,1589700
2023-04-27,914.597412109375,919.6119021100504,905.34337648557,910.8137292135796,3543950
2023-04-28,933.3333740234375,936.0684947839477,894.4482605000546,895.2688356813222,5146250
2023-05-02,960.4572143554688,971.7171136783978,930.3247523878647,930.3247523878647,4762884
2023-05-03,947.8297119140625,957.9954724723572,946.5989048721625,948.1032740543094,2217136
2023-05-04,953.1634521484375,954.6223020953873,938.0288299531462,941.8125133256253,1744298
2023-05-05,944.912353515625,957.9499617069843,940.4905069916514,953.6648962702715,1222282
2023-05-08,951.2487182617188,954.5765383860744,943.9093952256785,949.0605549405938,1487285
2023-05-09,955.3060302734375,958.6337393366249,948.0577457196515,955.8530433184397,1747630
2023-05-10,953.8015747070312,958.2234207551148,946.5077713140332,955.4882444827406,1186977
2023-05-11,951.8870849609375,965.3350365403978,950.8840978413492,961.8704350054684,1451786
2023-05-12,953.9839477539062,960.5028072905967,942.7697909619294,951.8870458958695,1140016
2023-05-15,970.4861450195312,975.4551156743391,950.017952461785,953.6648543906209,2122222
2023-05-16,963.8760986328125,977.1873792027417,960.0468962709434,975.4550785934732,1343911
2023-05-17,961.095458984375,972.264096369839,947.2827953875105,964.6055799037404,2803566
2023-05-18,956.12646484375,966.3833764775042,952.7987558827122,965.5172817907217,909923
2023-05-19,977.5064086914062,983.5237740652368,956.3999434479105,963.2835147274602,2624323
2023-05-22,1006.9551391601562,1012.4254919167935,975.6373918873303,977.3696925191878,2996190
2023-05-23,994.236572265625,1020.403047347987,990.4985202959457,1006.544865457359,1414119
2023-05-24,1001.7583618164062,1005.9522767264077,989.2221365832089,989.4500679510852,1782245
2023-05-25,1001.1658325195312,1002.8981333724635,986.0768410169303,1000.162956645084,1200289
2023-05-26,1016.345947265625,1021.4972183265662,1001.9862714015895,1001.9862714015895,2104054
2023-05-29,1015.7079467773438,1028.4721051469257,1012.1065638891488,1028.4721051469257,1432241
2023-05-30,1001.4393310546875,1021.8620049132335,998.3394420351067,1016.5739523919124,2822485
2023-05-31,1017.0752563476562,1027.9246989517742,999.250981278723,1001.4391443725596,7599886
2023-06-01,1021.8619384765625,1036.3582842320434,1018.9443502323902,1022.9559645089948,1412280
2023-06-02,1023.9589233398438,1038.6376821548579,1018.9444329108586,1028.4264007082274,1907589
2023-06-05,1011.4227294921875,1034.3982804210584,1009.7360594621688,1024.8706815256567,1754521
2023-06-06,990.3616943359375,1004.721369075446,976.9593757635705,1002.8979183148734,3284841
2023-06-07,998.9776611328125,1001.986400027451,988.4928170924888,998.3394977525559,2086377
2023-06-08,976.7315063476562,1004.2655700602432,974.6344933221969,1003.8097073411964,4054486
2023-06-09,969.2098388671875,983.7518160979622,966.5201818610485,983.7518160979622,2782697
2023-06-12,979.876953125,983.7517863892766,968.3892344121851,971.89935522796,1767945
2023-06-13,984.1165771484375,991.8662442936671,980.469674962447,984.2533582393365,1846534
2023-06-14,982.4754028320312,989.1765631774305,976.5036674239982,984.6635663495097,1321534
2023-06-15,986.0311889648438,987.8546400771227,974.9537011988243,983.7062442788387,1389325
2023-06-16,982.1106567382812,990.9999802968101,976.8682351524822,987.854571863177,4392418
2023-06-19,997.0628662109375,999.0687288496543,979.2387015780564,983.7516977496132,2188899
2023-06-20,1009.59912109375,1012.8813103452541,992.1395570502044,997.062896574764,3318866
2023-06-21,1021.041259765625,1021.8162040678984,1006.6359544632452,1009.599061903103,1985965
2023-06-22,1020.266357421875,1026.830735809988,1012.3799104217718,1018.3061255452035,2360795
2023-06-23,1017.0297241210938,1019.3090377116835,997.4732580316783,1015.66213596674,3492348
2023-06-26,1013.74755859375,1026.6028652873604,1010.4653692052173,1014.021009454271,1432154
2023-06-27,1020.8590698242188,1022.0443575756532,1009.0066374883726,1011.1036508041029,1227245
2023-06-28,1010.2831420898438,1027.469147850026,1007.1832527081073,1021.1326992786053,1876800
2023-06-30,1031.0247802734375,1032.5291496377938,1012.5623385249472,1016.2548713924929,2478834
2023-07-03,1022.4544067382812,1036.5406309646914,1016.664972699127,1035.720055844626,1899656
2023-07-04,1046.6610107421875,1053.9548156950948,1021.2238437099974,1024.3693638727173,2773593
2023-07-05,1071.277587890625,1080.3492131595917,1045.2934080992354,1049.2138727259637,3732838
2023-07-06,1075.1522216796875,1079.4829175058298,1059.4249578900121,1071.2773885720862,2520085
2023-07-07,1053.9547119140625,1079.7565889121597,1049.6240156497097,1066.7188693247865,2261102
2023-07-10,1045.885986328125,1057.5560065845082,1035.3555117139508,1057.5560065845082,2088505
2023-07-11,1058.923583984375,1063.2542802996581,1044.016893663325,1052.7239170887426,1212566
2023-07-12,1057.0545654296875,1065.8071079581018,1051.6297319357657,1063.071931462059,1274203
2023-07-13,1071.5054931640625,1086.6857464046357,1051.6754617015495,1057.0546649089267,3215610
2023-07-14,1120.1915283203125,1123.2457864059188,1078.5712380829561,1079.4373327672906,6033106
2023-07-17,1132.727783203125,1158.5751788633647,1112.8977535826032,1126.8015674544633,4880073
2023-07-18,1137.4232177734375,1147.3154174132937,1116.8637627654984,1133.2748221367465,2666872
2023-07-19,1134.82470703125,1150.3240408276142,1122.4252622530823,1144.2155243786594,2293881
2023-07-20,1142.346435546875,1144.671380119924,1126.5280201753083,1135.0982622455638,2000345
2023-07-21,1118.16064453125,1139.539561735368,1104.9684111523504,1122.277399811384,5032086
2023-07-24,1087.05126953125,1126.4408920036765,1080.8761935831265,1119.4705610233377,2669308
2023-07-25,1082.0457763671875,1089.7178235197553,1071.2861339735666,1089.0629344499837,2557865
2023-07-26,1069.6019287109375,1091.8697551781113,1066.0933498061236,1083.4491658065579,3170213
2023-07-27,1029.089599609375,1052.573664754021,1012.6226922297559,1039.4749702593042,17594818
2023-07-28,1020.8094482421875,1029.1832114140689,1015.1957216344745,1029.1832114140689,4244321
2023-07-31,1043.685302734375,1046.959976476706,1017.1604682638045,1024.5050708150072,4766331
2023-08-01,1069.8826904296875,1080.1745221697195,1047.8020560842938,1047.89559534871,3805214
2023-08-02,1071.8941650390625,1078.3966849619765,1053.134919292433,1069.414746677336,2357217
2023-08-03,1069.227783203125,1073.110519197114,1049.111930598428,1066.6079985746358,2348236
2023-08-04,1099.541748046875,1105.7636505082403,1069.2277191668782,1079.6598018957566,3580506
2023-08-07,1107.447998046875,1116.0556669500759,1096.6415280699216,1104.0329580039563,1694290
2023-08-08,1127.7974853515625,1131.0721585876522,1099.4481256516572,1109.6464165720724,5137402
2023-08-09,1148.942626953125,1156.8954057227515,1122.9323165866665,1129.2477585507818,3396984
2023-08-10,1156.240478515625,1159.4214985492233,1137.3408657718437,1141.4576210178243,3715680
2023-08-11,1141.878662109375,1169.8537542810648,1137.0603050824207,1156.2405365624295,2933959
2023-08-14,1141.2236328125,1142.5802374804794,1125.5519821876921,1134.0661098340859,1842625
2023-08-16,1148.80224609375,1159.2344433047836,1141.457643932071,1142.3932649516873,2341456
2023-08-17,1152.4512939453125,1154.462902159642,1136.3586566537977,1146.1358514982812,2636308
2023-08-18,1132.85009765625,1147.024666253444,1127.563815486518,1147.024666253444,1794430
2023-08-21,1140.381591796875,1145.200062615056,1126.8150877871378,1127.4232642574693,1175945
2023-08-22,1135.09521484375,1144.264345224356,1131.3995580233463,1140.3814956995625,1003208
2023-08-23,1123.680908203125,1140.38172150688,1121.9967445878065,1135.0954396043292,1569035
2023-08-24,1121.9031982421875,1138.1830276451444,1119.6576848397872,1128.5460849734732,1218843
2023-08-25,1112.921142578125,1120.1253783545008,1102.5824851864975,1113.388953062605,1213340
2023-08-28,1108.47705078125,1119.283519708348,1106.1848248689832,1112.9680775536542,950013
2023-08-29,1120.8739013671875,1130.1365716414953,1111.7515970780973,1115.6344468742236,1419344
2023-08-30,1120.1253662109375,1142.9545404483777,1117.646062039307,1130.1832915182188,2016339
2023-08-31,1124.5697021484375,1136.311792290238,1120.874044597534,1121.8096656698192,2817747
2023-09-01,1148.989501953125,1150.7203780922043,1126.5345962485983,1127.4233905814465,1686038
2023-09-04,1175.8416748046875,1184.4961689299657,1146.6503457099893,1155.4919183479524,3466873
2023-09-05,1173.783447265625,1185.0576125189725,1168.2632601657492,1177.7130100355405,2199985
2023-09-06,1168.5439453125,1178.5083330245984,1156.2873315544182,1173.7835149231394,1753376
2023-09-07,1187.536865234375,1192.7763195993252,1158.9068876227361,1168.5437146734482,2554884
2023-09-08,1181.6424560546875,1195.7235973101324,1177.9936256480935,1190.1098715011647,1731105
2023-09-11,1187.1627197265625,1192.9168118968457,1182.1571700640507,1183.5606016074587,1293853
2023-09-12,1184.49609375,1201.1501919375776,1170.9764170375481,1189.9227408119852,2335224
2023-09-13,1179.2568359375,1187.0692491387815,1173.1752988975772,1179.1632966715051,1204376
2023-09-14,1197.45458984375,1206.3429899066618,1180.7537767783795,1180.7537767783795,3288631
2023-09-15,1216.354248046875,1219.769173668222,1191.9812728814338,1195.910835788727,4316210
2023-09-18,1206.763916015625,1218.1784456279845,1200.4016480343348,1217.242824702003,1967717
2023-09-20,1192.30859375,1206.1558301793643,1187.3498709967155,1199.4661172137487,2843560
2023-09-21,1208.494873046875,1212.5648015059166,1184.4026325848554,1193.8055549955313,2960250
2023-09-22,1221.3128662109375,1235.0197368907086,1201.337380430053,1206.9979332420885,3252940
2023-09-25,1215.792724609375,1229.7803277978142,1212.6117044168036,1221.3129116324812,2100302
2023-09-26,1199.746826171875,1219.1609614718132,1196.7995972478886,1216.3072718033486,1141475
2023-09-27,1205.6881103515625,1210.6001209513558,1182.6250282168887,1188.1919278786986,1568115
2023-09-28,1150.3460693359375,1192.0280323763259,1143.3289115319362,1192.0280323763259,6570797
2023-09-29,1144.077392578125,1152.3576154996426,1132.101398218141,1145.2000920818218,2861162
2023-10-03,1137.9022216796875,1151.4687262651032,1134.4872963774253,1142.0189769479164,1622290
2023-10-04,1127.42333984375,1137.2473606473677,1109.693367030413,1132.1014449883298,2340603
2023-10-05,1127.984619140625,1145.1532411062017,1122.2773540631463,1135.8438581347725,2497613
2023-10-06,1138.5572509765625,1144.2645164008468,1127.4233379092564,1129.2945799638776,1446719
2023-10-09,1134.580810546875,1148.708664581108,1124.7567902022595,1125.785950443672,1451064
2023-10-10,1148.708740234375,1152.170492422991,1134.9083297937664,1136.966650412151,1503359
2023-10-11,1152.3109130859375,1159.1409927363586,1143.32897345268,1150.9074814491298,1622663
2023-10-12,1121.57568359375,1152.6850821167884,1112.734110750769,1152.6850821167884,2452842
2023-10-13,1117.2249755859375,1125.5051983144267,1104.0327427730765,1110.5820895522388,3266079
2023-10-16,1108.336669921875,1121.1079200613588,1104.7813784686418,1118.347883656115,2638043
2023-10-17,1120.4996337890625,1125.5520097925346,1111.9386792014493,1113.3889373675113,1163897
2023-10-18,1110.67578125,1124.616558435649,1102.2084788502782,1122.7453162419126,2337078
2023-10-19,1096.6881103515625,1109.1318003571407,1092.618182094894,1095.1911396862013,3107691
2023-10-20,1095.33154296875,1100.2903803334468,1074.4672615965037,1094.6766539031742,2962470
2023-10-23,1081.5311279296875,1095.5654439504624,1077.4144865995052,1089.1564624766197,1203959
2023-10-25,1068.6195068359375,1090.8405047301271,1063.3332255472217,1087.1915601283515,1555285
2023-10-26,1043.638427734375,1047.895549087162,1027.4522525120128,1029.2299553036673,7099401
2023-10-27,1048.41015625,1053.462418276017,1042.3286197557115,1047.848692281289,1382498
2023-10-30,1054.351318359375,1065.5787702594591,1043.6852162119858,1048.4101479045567,2255915
2023-10-31,1060.198974609375,1063.941458664503,1043.732067609122,1054.3513432732375,1194765
2023-11-01,1052.667236328125,1064.7367708967704,1047.8487650059208,1058.1405967105468,1288497
2023-11-02,1054.9368896484375,1068.649650652384,1053.3292328113134,1063.921112375161,2493118
2023-11-03,1071.581298828125,1074.3238740599772,1055.4097213476537,1062.975382432583,1108121
2023-11-06,1080.1400146484375,1082.6461630074436,1072.763448807368,1075.7424509909856,572330
2023-11-07,1086.6181640625,1087.8476302686,1074.8441491930043,1079.9982100603786,902481
2023-11-08,1077.302978515625,1090.2591281769228,1075.317015380783,1089.2188727675139,806162
2023-11-09,1062.9281005859375,1079.052462704447,1056.544573746976,1078.106755024601,6042108
2023-11-10,1076.357177734375,1077.8702868756855,1060.611122378663,1061.0839762004991,706806
2023-11-13,1069.92626953125,1080.1399577822676,1066.75817216171,1078.6740648260159,435537
2023-11-15,1110.0244140625,1114.847500249093,1081.4167561068957,1082.8353176584133,2816201
2023-11-16,1141.6583251953125,1148.9875601009921,1104.0192268163637,1111.206582474011,2294942
2023-11-17,1137.4498291015625,1148.0417081673659,1132.9577179494258,1146.3867198481576,1176628
2023-11-20,1146.0086669921875,1156.1276934695509,1137.4499659063413,1139.4832606030557,1077366
2023-11-21,1139.1048583984375,1154.8509137761969,1135.227480142517,1153.7159953365042,1129326
2023-11-22,1149.4130859375,1151.8719027069296,1138.631995779264,1139.5777034169541,750622
2023-11-23,1145.1573486328125,1154.6144245725618,1141.4217343709186,1149.0347266795454,651637
2023-11-24,1132.81591796875,1148.9874961592088,1130.2152218566262,1146.2450362497798,884921
2023-11-28,1137.1190185546875,1143.3606665989175,1121.6093884088637,1130.2153058215779,910795
2023-11-29,1155.37109375,1167.5707466208876,1141.1382616029969,1141.4692362217013,1898448
2023-11-30,1154.66162109375,1161.6126641457745,1143.0767032641352,1155.654660227702,2978406
2023-12-01,1154.283447265625,1160.19411971395,1145.7720789400369,1160.19411971395,1017856
2023-12-04,1157.4515380859375,1181.3778707562149,1151.8718402376016,1170.7859919656412,1581599
2023-12-05,1154.3306884765625,1159.673959574584,1143.2186240321168,1157.5461174469242,1499843
2023-12-06,1158.6810302734375,1179.2975043534627,1152.486714091251,1156.6005195062428,2637916
2023-12-07,1156.8367919921875,1164.1660257039714,1153.8577900401244,1159.4374878254011,1076885
2023-12-08,1158.775634765625,1170.7387442359309,1151.1626419728586,1163.2204145628393,2642571
2023-12-11,1166.34130859375,1173.1503575997847,1158.7756472791202,1164.1661347886618,1558876
2023-12-12,1159.57958984375,1177.4061579824665,1152.486781663133,1170.7388721155496,1114846
2023-12-13,1150.0750732421875,1166.9559320461499,1132.0594114124983,1159.4376022543408,3025706
2023-12-14,1196.0364990234375,1200.8597007163028,1163.362366789432,1167.9490261110986,5287733
2023-12-15,1235.188720703125,1252.8735227679213,1193.955890848334,1201.0486981207005,5900381
2023-12-18,1221.617919921875,1260.675694059352,1216.6056229411138,1234.1485469309441,2671348
2023-12-19,1211.8770751953125,1230.3183751810807,1200.292155973484,1229.4199990512152,1717860
2023-12-20,1180.810546875,1242.6598501778994,1170.9751642416475,1220.9085742615437,2860865
2023-12-21,1182.2291259765625,1190.2204249915608,1159.4375943955265,1165.111840371361,3337533
2023-12-22,1205.919189453125,1211.3570086952504,1175.0418101462287,1191.5916947961757,2297352
2023-12-26,1212.397216796875,1218.780743484378,1192.111833722608,1205.77726319502,1720830
2023-12-27,1210.647705078125,1221.3814641171075,1198.448052963534,1217.976939570504,1584695
2023-12-28,1216.1328125,1219.0172672614235,1201.5690057729473,1215.2344363312095,2284964
2023-12-29,1203.554931640625,1221.807021047815,1199.2519154136644,1216.1327748282633,1187193
2024-01-01,1226.7247314453125,1233.0137105609938,1196.5566335800588,1203.8858680477492,1776828
2024-01-02,1208.708984375,1228.5688460108147,1203.7440189660463,1227.5285906327438,1615064
2024-01-03,1176.6495361328125,1204.8316732541991,1172.677609760759,1196.3203035059357,2231707
2024-01-04,1179.770263671875,1186.579312403312,1164.8280370009447,1182.2290804114036,3355191
2024-01-05,1180.52685546875,1202.7982004134362,1177.926159541848,1186.7685026047504,1756868
2024-01-08,1162.227294921875,1186.153743092416,1155.0872718930905,1182.3235811811644,1320667
2024-01-09,1168.5638427734375,1183.2695295034414,1165.6793878640221,1173.197833989272,994439
2024-01-10,1173.52880859375,1178.7774175128718,1161.6129136410864,1169.3676712685603,808638
2024-01-11,1181.567138671875,1193.293936398853,1173.5286237987693,1173.5286237987693,930492
2024-01-12,1237.032958984375,1240.5320311722799,1198.2116131086555,1202.7510560836736,5023455
2024-01-15,1265.0257568359375,1325.4091622225128,1261.432021885035,1262.5196086814517,6012767
2024-01-16,1248.71240234375,1259.871683331924,1239.3498735337164,1257.88572035836,1883106
2024-01-17,1254.717529296875,1262.046763027458,1234.384816366871,1235.0940970504757,2313059
2024-01-18,1281.5758056640625,1295.1466879955292,1235.0942493772627,1254.6703524819893,4533782
2024-01-19,1314.4390869140625,1321.9574165606687,1281.4338668131147,1299.3077645015092,4463826
2024-01-23,1292.451416015625,1339.4058251275537,1283.0888869526118,1320.6807670015276,2683661
2024-01-24,1331.5091552734375,1333.920756167501,1291.4112397854522,1298.4093846489336,2008135
2024-01-25,1250.2728271484375,1282.7105298182323,1240.815750782405,1274.8138941411607,8424862
2024-01-29,1242.9908447265625,1265.3568540621918,1239.8227471416544,1265.3568540621918,2495791
2024-01-30,1246.30078125,1268.1466044870565,1243.6055375841054,1252.0695747236118,2293154
2024-01-31,1261.2431640625,1263.4655541867603,1241.0523266855835,1246.53736237069,1798462
2024-02-01,1241.2412109375,1263.7963138534,1238.6405150669643,1257.79109375,2286420
2024-02-02,1265.451416015625,1280.4881911270272,1251.2185847817213,1251.6441070580654,1838847
2024-02-05,1260.391845703125,1279.6369729128592,1255.8997344541363,1272.7333764695825,953919
2024-02-06,1277.698486328125,1288.432246071957,1255.9944244629876,1257.7912922547766,2713529
2024-02-07,1246.442626953125,1284.9328804095255,1242.7071280798257,1278.12383181119,2004588
2024-02-08,1238.167724609375,1257.4601835062515,1231.3113442363233,1254.0083275402187,2308756
2024-02-09,1239.8701171875,1249.705384841248,1235.0469155985336,1245.4970317841828,1085349
2024-02-12,1247.1993408203125,1258.736928397082,1239.9173223820678,1246.8210346578473,1149683
2024-02-13,1256.3253173828125,1262.3306534862634,1229.4199801482393,1250.1782174820712,1127361
2024-02-14,1222.7054443359375,1248.2867670145063,1213.011940918979,1238.8770220698098,3426103
2024-02-15,1229.7508544921875,1236.9855407202858,1221.4286968784172,1233.864659463358,1703763
2024-02-16,1231.83154296875,1238.1204064731219,1227.5285269936057,1234.2430282052362,1994659
2024-02-19,1238.876953125,1246.4426139074428,1217.5512006173608,1232.2096683833436,1496111
2024-02-20,1248.8543701171875,1251.7860409472255,1231.3114458142054,1238.8771075396382,2113200
2024-02-21,1226.20458984375,1253.0627118119082,1222.0434528442604,1248.334173276769,1769508
2024-02-22,1255.994384765625,1258.2641063549452,1228.8052881420213,1236.0399752017386,2201424
2024-02-23,1250.4617919921875,1269.6597011887434,1244.8348783187907,1266.2078455868345,1660506
2024-02-26,1227.7650146484375,1252.9681478008447,1224.6914646406522,1250.4619993213146,1196507
2024-02-27,1225.6844482421875,1234.195817108038,1214.0048663886741,1224.6914090307068,1488661
2024-02-28,1216.0382080078125,1235.1415725786776,1201.9944719240175,1231.3114102636277,1289779
2024-02-29,1204.689697265625,1215.4234562754377,1195.6109266850779,1210.5058225484672,2251498
2024-03-01,1202.7510986328125,1217.1258094908464,1199.1573631968868,1217.1258094908464,1560034
2024-03-04,1210.55322265625,1215.7072835935332,1201.143361502756,1206.3447540035452,1843831
2024-03-05,1203.4132080078125,1210.411469005426,1190.7407000569206,1205.6829298776938,1420379
2024-03-06,1201.9945068359375,1205.1626045954429,1182.22919248626,1198.6845298304884,2064350
2024-03-07,1218.21337890625,1222.8945857751887,1196.8404082895186,1205.7772997457955,2073691
2024-03-11,1219.0172119140625,1225.9209242253871,1206.2501581042566,1218.2133834664562,1577732
2024-03-12,1222.13818359375,1236.6547746113063,1208.3307579528694,1224.6915483668763,1963068
2024-03-13,1207.85791015625,1228.8526917854076,1197.5497878816216,1222.1381897487279,2001399
2024-03-14,1223.1309814453125,1227.0083597705857,1189.747570245517,1202.9401459520575,2129097
2024-03-15,1212.5863037109375,1222.799992516981,1199.6301550717637,1222.799992516981,2499025
2024-03-18,1203.554931640625,1217.5513363831512,1199.2046992942023,1212.397275577526,630807
2024-03-19,1184.2623291015625,1203.5547870183732,1181.0942317648999,1201.0486388173163,1243420
2024-03-20,1195.6583251953125,1202.9402285146894,1179.2975353441961,1184.0260739782948,1139621
2024-03-21,1213.1064453125,1217.5512249338258,1201.6634062390838,1205.777211283132,1420041
2024-03-22,1194.097900390625,1210.4113588973057,1168.9893137292936,1190.1731901830585,2990908
2024-03-26,1186.2484130859375,1202.5618706727435,1183.080315425762,1193.719526895418,2144358
2024-03-27,1185.7283935546875,1194.5707377080885,1178.8720125381878,1189.7003198284901,2128854
2024-03-28,1180.337890625,1196.273044081638,1174.5690960918623,1191.5918366149326,2436133
2024-04-01,1176.98046875,1192.6791922081463,1174.5688681334655,1184.1204920401888,1397037
2024-04-02,1169.6512451171875,1183.978623383837,1168.0434728775283,1176.4602938886085,1320357
2024-04-03,1187.0050048828125,1194.4287870024564,1172.6775105962358,1172.6775105962358,1819093
2024-04-04,1209.7965087890625,1219.0171583577107,1179.202889462677,1191.5916365637825,2460669
2024-04-05,1194.80712890625,1206.6756912520832,1191.7807950065328,1205.7773151159934,1184658
2024-04-08,1196.4620361328125,1201.0486950687223,1187.903335868775,1201.0486950687223,686932
2024-04-09,1183.4586181640625,1211.4515425057618,1175.2782236136109,1196.414767250262,1198161
2024-04-10,1197.5496826171875,1204.3114001820138,1184.0260166018702,1192.017200329119,1994380
2024-04-12,1174.66357421875,1200.8124166177984,1170.7861955289106,1196.2729732366727,2887322
2024-04-15,1152.5811767578125,1173.2921969918104,1145.251942608173,1167.94892578125,2153147
2024-04-16,1130.877197265625,1147.2852010807112,1126.3377545964197,1139.577661031642,2085459
2024-04-18,1115.6041259765625,1142.2730372880403,1112.199601300626,1134.4237325411364,3242357
2024-04-19,1128.843994140625,1139.435873968421,1099.8106991292734,1099.90536225144,2572144
2024-04-22,1142.462158203125,1150.6424369171345,1130.2151750259711,1131.1608826639215,1364143
2024-04-23,1135.0855712890625,1151.8718815497423,1133.7143414167285,1151.8718815497423,1460983
2024-04-24,1121.3255615234375,1142.3675576196993,1117.3536354037483,1142.3675576196993,1375843
2024-04-25,1125.67578125,1128.749330892096,1109.125898561791,1120.6634848873,3357065
2024-04-26,1209.32373046875,1273.8682814791055,1173.6232645252933,1182.134633889296,20431926
2024-04-29,1218.355224609375,1239.822742315199,1215.2343431541042,1219.9628814543148,4120529
2024-04-30,1194.901611328125,1221.0031192824215,1191.6389661248984,1218.355207137973,2613213
2024-05-02,1198.116943359375,1205.162418577794,1185.4444388345269,1194.6177560851577,2124221
2024-05-03,1182.56005859375,1202.940104177344,1175.561914492891,1201.0486889192034,2322455
2024-05-06,1193.7196044921875,1196.9822500445011,1177.500693531137,1189.7003465646044,1363667
2024-05-07,1222.2799072265625,1224.5024127422694,1188.6600667522355,1199.1573994474747,2350444
2024-05-08,1217.125732421875,1229.4199317392677,1210.8367535286434,1223.745685900471,1332284
2024-05-09,1200.197509765625,1216.0854438569854,1192.9156073153988,1212.3971610740457,2420777
2024-05-10,1195.7528076171875,1204.0749658932887,1180.4796055740678,1197.2659168089485,1322206
2024-05-13,1193.530517578125,1197.5969916562058,1182.1820245257009,1195.7529077123231,593453
2024-05-14,1206.2501220703125,1214.2886371919099,1186.011955028548,1195.3271524044214,1386032
2024-05-15,1205.304443359375,1213.295627112714,1196.3202203606193,1205.7772972014147,1008105
2024-05-16,1236.9383544921875,1241.3359184371423,1211.7353363469435,1217.1258241228006,4868225
2024-05-17,1234.5267333984375,1248.33404137355,1227.3393786730333,1238.0258053675827,1925387
2024-05-21,1252.0223388671875,1254.9540093951448,1233.297281849045,1236.0398570304856,1453689
2024-05-22,1258.169677734375,1262.8982167250763,1239.87025492893,1257.7913715265495,1411627
2024-05-23,1264.8841552734375,1270.9839242750015,1253.157355717287,1263.465593603972,1440740
2024-05-24,1249.9891357421875,1271.9768394728521,1246.442731914661,1264.884031817799,1288301
2024-05-27,1257.5074462890625,1269.896309156456,1246.6791396131168,1251.171251058717,980450
2024-05-28,1243.7000732421875,1258.1221145082843,1240.1064535366584,1256.8454323044407,1608944
2024-05-29,1216.6055908203125,1242.6598834114368,1214.3832008753805,1242.6598834114368,1405567
2024-05-30,1173.4813232421875,1217.835035449432,1168.279931128057,1210.5531326667806,2610479
2024-05-31,1161.754638671875,1187.099652535082,1157.5936169284344,1178.3045242877795,4649449
2024-06-03,1177.7369384765625,1193.293897787421,1169.4147808487937,1186.8630399198894,1091287
2024-06-04,1172.015625,1185.63372383031,1128.8440444408736,1177.7370874472635,2471911
2024-06-05,1198.116943359375,1215.1868957298732,1169.6038370391711,1191.5915380386946,2709585
2024-06-06,1245.9224853515625,1251.7386104317795,1205.020629881817,1215.234318580873,3205121
2024-06-07,1302.8067626953125,1306.0221916140636,1254.953981369922,1257.7911041612633,5790599
2024-06-10,1267.5792236328125,1303.1851396889313,1262.6615900375327,1302.8068335409494,2532308
2024-06-11,1276.1851806640625,1286.0205636097176,1268.335876197662,1275.6651107065502,1465705
2024-06-12,1296.186767578125,1306.022149358454,1283.4670469856135,1290.7017329580237,2786009
2024-06-13,1313.5406494140625,1321.011763251159,1300.6790479228816,1305.0766117684943,1953367
2024-06-14,1296.99072265625,1319.9714649452715,1290.0397944517133,1319.2621842010774,1733356
2024-06-18,1296.896240234375,1315.9049420466656,1295.7614371636967,1305.502157275052,950760
2024-06-19,1306.164306640625,1311.6493424283908,1287.1082720300828,1302.2395963155209,1313197
2024-06-20,1317.46533203125,1323.0450303729974,1296.9907378865184,1310.750830662598,1987190
2024-06-21,1323.8016357421875,1362.1027961775244,1310.7981553474742,1331.5563924186297,6836535
2024-06-24,1325.598388671875,1332.5021008077697,1306.0222861714194,1314.533655161675,1111433
2024-06-25,1350.234130859375,1354.2533884718089,1319.0257776334186,1322.8559398882821,2201375
2024-06-26,1336.332275390625,1356.9014173073253,1333.4478208067828,1355.0100019586632,1565878
2024-06-27,1354.48974609375,1365.412715341142,1316.4250141822308,1328.1044802640324,4286657
2024-06-28,1352.6927490234375,1374.113047770641,1349.1936773225514,1362.7645573554673,2222285
2024-07-01,1392.1761474609375,1398.2286992442355,1346.829513807995,1352.6928548038886,3837301
2024-07-02,1392.2235107421875,1416.6700298917408,1390.1902162489046,1399.6472925499174,2092643
2024-07-03,1399.4581298828125,1404.3757631456556,1381.6787811150189,1399.5998936662477,896602
2024-07-04,1379.929443359375,1410.9959188870541,1374.3970762834053,1401.5388416827172,1322999
2024-07-05,1382.0098876953125,1390.1902821721708,1371.2287971123499,1387.3531591473297,1334838
2024-07-08,1387.92041015625,1398.6541680143534,1380.8749349190455,1382.0097378287903,807698
2024-07-09,1386.1708984375,1389.6227542255674,1376.0045418567713,1386.4073253347262,1049695
2024-07-10,1383.9012451171875,1392.8382515370463,1363.2375563731114,1392.1761869265977,802718
2024-07-11,1381.3006591796875,1395.8645810132439,1363.0012380659468,1395.8645810132439,1408434
2024-07-12,1423.3372802734375,1429.7208066214992,1381.7261455601472,1394.9187205023452,4372156
2024-07-15,1417.6632080078125,1444.5685465437177,1410.9959223850913,1437.5702863065915,2374623
2024-07-16,1433.8819580078125,1436.5299857254536,1408.2533026150363,1421.7296372408348,1794159
2024-07-18,1455.775146484375,1461.7803673798192,1423.2901095964387,1425.1815250244738,2752497
2024-07-19,1436.5587158203125,1483.3233794213972,1431.8388736153217,1481.4451312615975,2504915
2024-07-22,1440.55615234375,1450.4773334311253,1421.8212910834902,1425.5296965768678,2225781
2024-07-23,1438.485107421875,1447.4430596935554,1406.3132600121319,1436.1733360808826,1640492
2024-07-24,1476.91796875,1483.37155119334,1419.2205712619436,1438.485136861857,2561617
2024-07-25,1473.7393798828125,1490.6440845082202,1449.5623717422286,1468.9232381184895,3283912
2024-07-26,1484.479248046875,1487.85054693787,1391.142406662727,1473.7392294921046,7133745
2024-07-29,1469.2601318359375,1497.5308563837327,1454.522810719432,1488.8137116011515,1755979
2024-07-30,1481.4932861328125,1494.8820650063333,1464.1069688451462,1464.1069688451462,1622543
2024-07-31,1497.2420654296875,1504.3217697878338,1478.555413237922,1481.4450980846411,2398955
2024-08-01,1487.657958984375,1511.3052617052585,1481.0598683880844,1497.2421514925145,1315921
2024-08-02,1452.25927734375,1477.1588232463362,1447.0579385300384,1469.4047883107855,2894949
2024-08-05,1402.7974853515625,1429.671577942904,1374.285951713012,1415.9455749207132,2186582
2024-08-06,1428.8529052734375,1447.7321567216889,1411.6110949272354,1411.6110949272354,1665788
2024-08-07,1419.46142578125,1459.5317000522111,1416.9088472376193,1445.6130979736379,3002937
2024-08-08,1412.5260009765625,1433.428124266342,1408.2396823549645,1415.9455082502036,2333194
2024-08-09,1451.2958984375,1453.7521774081038,1426.107574785861,1430.345684848879,1521252
2024-08-12,1456.8828125,1468.4415521694216,1434.6322621526797,1451.2960412938141,1809860
2024-08-13,1448.1175537109375,1467.6229281864205,1440.1709196653703,1452.8373962361375,580901
2024-08-14,1468.34521484375,1473.2094471130952,1449.6585626789483,1456.4011606448971,2833790
2024-08-16,1527.005859375,1530.5697570251837,1474.9915315717526,1501.094994786326,3224481
2024-08-19,1536.0120849609375,1543.766002493779,1517.9033452652377,1529.4620852629396,1640507
2024-08-20,1568.713623046875,1573.5779731098064,1536.589981996765,1542.1285448530452,2442281
2024-08-21,1545.644287109375,1568.1356439905903,1543.0917086443033,1556.5769045999964,1935929
2024-08-22,1552.001708984375,1561.0560791659855,1537.3124763624903,1546.0297401313915,1562554
2024-08-23,1539.6240234375,1557.4918365212766,1534.470775933057,1553.7353404966354,1020913
2024-08-26,1579.8388671875,1582.5840442348301,1549.8342831246755,1550.7975113926211,1510157
2024-08-27,1564.860595703125,1584.5104755730508,1562.4525250715549,1583.5472473204227,1083351
2024-08-28,1567.509521484375,1603.7750898246534,1556.7695026217864,1560.4298171266898,3033590
2024-08-29,1586.7740478515625,1595.3468028670572,1560.4779869479664,1560.4779869479664,2194339
2024-08-30,1576.322998046875,1602.5709673085782,1571.1215420897095,1586.4368944596413,1926984
2024-09-02,1586.0999755859375,1600.8855071446326,1575.4081644877506,1576.3231843815831,1582818
2024-09-03,1583.6436767578125,1598.2366095005468,1572.0849367764918,1578.7312357820679,1739553
2024-09-04,1584.799560546875,1589.3266865000314,1549.7380270980736,1560.1890305808643,1643875
2024-09-05,1579.212890625,1596.936315902525,1572.8556069878405,1592.2164734389294,1080904
2024-09-06,1563.5604248046875,1590.4826102521338,1554.6023540845842,1579.2128855489204,1672937
2024-09-09,1521.130126953125,1571.3144168546742,1516.8438079306438,1563.5121733407727,2965098
2024-09-10,1548.293212890625,1554.3614807098847,1520.4558911455433,1533.4594733631327,2541973
2024-09-11,1543.669677734375,1567.1724721919848,1539.3351503066774,1552.724047432993,1395340
2024-09-12,1582.8248291015625,1588.9413050009148,1546.9445766238305,1560.3334728768023,2356422
2024-09-13,1595.154296875,1598.8627023686129,1577.7679787698426,1589.2304192259398,1373924
2024-09-16,1588.3634033203125,1608.591196813173,1585.9553326664006,1590.3861591532836,1060407
2024-09-17,1590.8197021484375,1610.517673309091,1580.75389614131,1588.363423018356,1499644
2024-09-18,1546.36669921875,1587.5447080553508,1530.56973196161,1587.5447080553508,2930297
2024-09-19,1536.6861572265625,1575.2152870286218,1528.691433341579,1560.4297569833961,3032379
2024-09-20,1562.404541015625,1569.3879463245714,1524.2125146717597,1548.871136108413,3984683
2024-09-23,1548.052490234375,1571.025463221947,1535.8676279015292,1565.197884581407,1535902
2024-09-24,1576.9010009765625,1583.0656855134355,1539.3350978825413,1542.6583060128821,1781972
2024-09-25,1543.8140869140625,1582.6803235175307,1531.581135098582,1576.9009539829906,2505756
2024-09-26,1547.8597412109375,1560.2854103717002,1537.3124378709606,1550.7976346943901,2173853
2024-09-27,1550.0750732421875,1603.5824499741204,1545.5479474649753,1565.2459182964453,3539822
2024-09-30,1519.20361328125,1546.9446350900923,1510.1974522782054,1546.9446350900923,3460691
2024-10-01,1565.6314697265625,1582.487966778783,1521.900876714769,1521.900876714769,5176596
2024-10-03,1545.06640625,1571.16986974144,1537.4568791410172,1555.613709133786,2332279
2024-10-04,1557.01025390625,1587.7854669681062,1532.4961420357927,1532.4961420357927,2927576
2024-10-07,1559.033203125,1572.0367851009953,1541.3578698553288,1565.197770144653,1619326
2024-10-08,1569.1951904296875,1574.8782608812937,1544.632868929704,1565.2459779401236,1311331
2024-10-09,1597.8031005859375,1608.3986115511452,1572.0367443750918,1578.7311338159334,2177241
2024-10-10,1560.1407470703125,1614.3223360486977,1552.0978147116134,1611.4808597482383,1518162
2024-10-11,1586.4852294921875,1589.326705964158,1544.0549755518455,1544.0549755518455,1019027
2024-10-14,1630.263916015625,1634.5984434141894,1587.4002561853767,1587.4002561853767,2070051
2024-10-15,1613.7445068359375,1640.8111985151918,1602.3302750117728,1637.4881079170507,2503380
2024-10-16,1599.248046875,1615.7673187058342,1592.0238343839937,1608.591314664068,1070524
2024-10-17,1636.52490234375,1647.024114462507,1595.1060849212772,1599.6332109557522,3771316
2024-10-18,1625.8331298828125,1639.799940737907,1585.0885242866962,1632.6720275438179,3119646
2024-10-21,1638.6439208984375,1697.0637402383009,1627.904019523757,1680.8333670583795,5898020
2024-10-22,1634.1649169921875,1663.4469614119555,1629.2523589047707,1640.7630069174002,2484594
2024-10-23,1672.1160888671875,1684.6862649781285,1623.6175683917083,1634.164988627053,4198781
2024-10-24,1671.9234619140625,1683.7230081669488,1664.5066513020213,1671.2492491608134,1570443
2024-10-25,1653.3331298828125,1678.328974232892,1647.457460906376,1671.9234826711995,1743714
2024-10-28,1639.9443359375,1664.4102398976622,1630.9380575597313,1647.1203395068146,1271473
2024-10-29,1636.043212890625,1660.701833030477,1618.5605963133944,1646.1571097027247,1499121
2024-10-30,1622.9915771484375,1649.1914590732317,1620.390907610676,1641.437423747379,1305424
2024-10-31,1563.4151611328125,1622.845661130728,1550.683553803254,1619.7355732013204,3638913
2024-11-01,1558.555908203125,1573.4742474766692,1553.8423123505227,1573.4742474766692,249236
2024-11-04,1592.3287353515625,1594.1266902107493,1562.8321914535059,1568.6148318854744,2746587
2024-11-05,1586.7403564453125,1607.4899766117576,1578.1392397296818,1592.2315037326264,1376651
2024-11-06,1645.927978515625,1650.0098284420396,1589.0243378016403,1603.5539012640595,3164061
2024-11-07,1604.5743408203125,1667.2606188232864,1598.111313236646,1647.337073101411,1285140
2024-11-08,1634.0709228515625,1639.0274886666773,1603.6511405664967,1613.3213021211056,1883257
2024-11-11,1656.2298583984375,1667.21203474787,1619.2012422169616,1625.7614343268278,1587351
2024-11-12,1639.5621337890625,1662.4013217819747,1636.646492768691,1661.9153816119128,1414446
2024-11-13,1628.4825439453125,1641.5057631889813,1616.8686222647561,1632.758840827406,1063556
2024-11-14,1640.0479736328125,1644.4214348958333,1616.2369067563657,1616.2369067563657,1919974
2024-11-18,1614.098876953125,1640.533974104454,1587.3235267808645,1637.375363076113,1617013
2024-11-19,1651.8563232421875,1675.910359904434,1617.3059322176875,1618.0834838881242,1982317
2024-11-21,1654.3831787109375,1676.4934547078085,1637.4239155662306,1663.859011281025,2212146
2024-11-22,1698.3121337890625,1700.6446701693226,1654.383192951364,1666.5316963509188,2344087
2024-11-25,1683.8797607421875,1718.0900180112476,1679.2633293810936,1710.509304321096,3913302
2024-11-26,1696.31982421875,1712.4530127566761,1682.373366258975,1683.879709474621,1291712
2024-11-27,1707.3994140625,1717.3125459900307,1686.7469570153646,1692.0436573676534,2088228
2024-11-28,1665.1710205078125,1710.5092583851695,1658.8052759845266,1707.593617603831,1787990
2024-11-29,1664.150634765625,1681.3528680997624,1652.6824001177145,1659.9715021470488,1556942
2024-12-02,1696.8543701171875,1698.846772196424,1657.930635106196,1661.9153206269364,1370756
2024-12-03,1700.3045654296875,1711.4811887520318,1688.7391662642372,1710.5093084631321,1824151
2024-12-04,1710.1204833984375,1724.6986873123326,1691.654758440837,1693.1125788322265,1811165
2024-12-05,1736.701416015625,1743.5045779643617,1705.7470528764188,1710.1205141291782,2762694
2024-12-06,1732.668212890625,1746.4688654294666,1725.6706036828944,1746.4688654294666,1180840
2024-12-09,1727.857421875,1750.113505171295,1721.3943939495414,1729.0722722881412,1069659
2024-12-10,1713.9595947265625,1727.0313376436163,1703.9978213946283,1716.5349826778015,1625591
2024-12-11,1713.2305908203125,1719.9851112551623,1700.8391173531543,1715.3686799634759,1285654
2024-12-12,1739.27685546875,1756.867864102321,1711.5297457723873,1718.3329074590067,3018243
2024-12-13,1745.8857421875,1753.855112952945,1711.4811568737362,1730.9187622896786,1503188
2024-12-16,1725.6220703125,1743.0672737995337,1716.3405662280327,1743.0672737995337,1075193
2024-12-17,1720.9569091796875,1738.8395290551389,1711.4810769817477,1727.4684592349774,1160899
2024-12-18,1728.8779296875,1737.6733754248307,1711.0439494944414,1712.5017699784146,1337600
2024-12-19,1705.0181884765625,1719.1590943621682,1686.212328311984,1691.0230883641789,2402819
2024-12-20,1638.6387939453125,1721.0541705266028,1632.8560350952766,1720.228096015949,2921154
2024-12-23,1664.247802734375,1676.4934704431093,1638.4443340385506,1643.3523768708812,1301223
2024-12-24,1656.958740234375,1676.8336448307605,1648.017370329311,1669.301572537413,711026
2024-12-26,1650.9329833984375,1666.4345450397282,1643.1094183307832,1659.096801474114,659638
2024-12-27,1663.5189208984375,1668.2325165739696,1650.9329999694357,1657.007251777526,647945
2024-12-30,1691.8978271484375,1723.7269075494994,1646.1709293884837,1666.7747446662913,6781500
2024-12-31,1658.22216796875,1680.3810868994412,1635.1400101816698,1680.3810868994412,1459630
2025-01-01,1655.9381103515625,1669.3014635479046,1643.6924431500954,1652.7794995960635,721479
2025-01-02,1678.3885498046875,1686.892501989767,1648.3089035308394,1660.9433467772433,1238954
2025-01-03,1641.943115234375,1681.20710283931,1634.0709085805636,1664.053391922756,2448088
2025-01-06,1638.8817138671875,1663.1787201295979,1627.8994195814878,1656.812857033756,945693
2025-01-07,1624.15771484375,1657.0558378081735,1614.7790466382876,1645.3932747268257,1305847
2025-01-08,1616.9658203125,1622.9914306100377,1588.0523819027048,1621.0476700446734,673344
2025-01-09,1596.60498046875,1622.5541366364146,1592.134236245282,1616.9171835254429,774065
2025-01-10,1657.6390380859375,1665.8028564424906,1590.287803579275,1606.6153216546477,2208899
2025-01-13,1612.9810791015625,1653.168303673186,1603.5052466731006,1650.3013043935111,1401093
2025-01-14,1601.1728515625,1623.47745779078,1575.7096342461605,1622.9429947892884,2480288
2025-01-15,1628.82275390625,1631.7870362992303,1603.7483131552863,1611.3775498416462,1079742
2025-01-16,1640.1937255859375,1674.4038628880037,1623.9632542486283,1647.3370216869464,2334315
2025-01-17,1613.6129150390625,1652.0993513225533,1603.9912763087566,1637.375340999875,2502285
2025-01-20,1627.5106201171875,1639.707764538867,1579.3053841202018,1616.236833102705,4856268
2025-01-21,1594.36962890625,1655.6467291516742,1590.0933318674038,1627.510723341278,2500061
2025-01-22,1636.59765625,1641.2627287817152,1589.2671367818207,1596.507596997745,2478559
2025-01-23,1665.2197265625,1680.8669756350253,1624.0119781937713,1624.0119781937713,2255334
2025-01-24,1674.5982666015625,1687.5728438580902,1657.3959154625188,1670.6621042411932,1257165
2025-01-27,1607.392822265625,1665.7056391906415,1598.743064027535,1661.9152823629695,1174799
2025-01-28,1601.998779296875,1617.8404747571208,1591.9398424812694,1609.3850454367646,1820874
2025-01-29,1633.8765869140625,1637.6183023342828,1607.5386545625233,1617.1601746037381,1146508
2025-01-30,1623.13720703125,1656.9586877121396,1610.4055992858657,1637.618246708922,868832
2025-01-31,1627.3648681640625,1647.3370551371886,1618.4236171487926,1627.8994497668384,1065425
2025-02-01,1600.103759765625,1638.4930318583754,1590.6764496133733,1627.4135726407692,410470
2025-02-03,1608.170166015625,1617.2573410587288,1560.0135718948966,1584.164771836142,1415698
2025-02-04,1612.3980712890625,1629.7946338796314,1598.7917469867957,1615.993980970997,1467006
2025-02-05,1614.293212890625,1624.0120160988768,1598.1600232924739,1616.0911677566046,1449280
2025-02-06,1622.6513671875,1637.3267363701214,1603.6025365415833,1623.0401430451177,1288106
2025-02-07,1644.5186767578125,1647.9202579005928,1611.2804170463091,1627.8995469020608,1582031
2025-02-10,1651.2733154296875,1655.8411055070267,1626.150114091117,1635.6745887414972,1235699
2025-02-11,1622.1654052734375,1660.9434534555642,1616.4312877042362,1658.0278125191296,1800036
2025-02-12,1632.9532470703125,1642.4777215497772,1621.8739064623524,1632.7589184636838,1889477
2025-02-13,1628.191162109375,1641.9431738501496,1594.418320687399,1627.8995505556738,1555491
2025-02-14,1612.446533203125,1646.3651783741523,1605.5948484781245,1637.6182559388706,961944
2025-02-17,1618.1319580078125,1621.0475987275872,1585.1366713174532,1609.3365130191273,1114005
2025-02-18,1657.055908203125,1660.8947879253944,1617.2574574524008,1621.0963371746702,2654136
2025-02-19,1638.395751953125,1664.247742544982,1627.9480393992314,1646.41376391309,1113961
2025-02-20,1611.231689453125,1646.0250507374942,1608.4618543981724,1632.7588612621932,1485087
2025-02-21,1603.1165771484375,1618.1320805372018,1596.0218034046604,1611.1345897349634,1479239
2025-02-24,1568.3232421875,1597.722622191025,1559.139020517526,1584.1649390329235,1672609
2025-02-25,1549.1285400390625,1568.6147872992037,1544.317780060988,1562.8321470316007,1425126
2025-02-27,1543.5888671875,1550.829327876936,1525.7548876328863,1530.7114533734064,2208643
2025-02-28,1446.011962890625,1528.6704231305212,1436.8277422585131,1525.8519467624599,4155992
2025-03-03,1451.06591796875,1488.4346677550427,1434.6896401322365,1457.8204385455854,2851006
2025-03-04,1446.40087890625,1457.2858909799654,1392.7531329693563,1433.5234647315428,2386196
2025-03-05,1494.8489990234375,1505.442517548451,1445.6718817645713,1446.4007919570577,1967418
2025-03-06,1461.17333984375,1507.1919653925304,1458.7436391764534,1497.6674913216364,2246380
2025-03-07,1450.385498046875,1464.8178963371872,1440.3265609740954,1459.7155249167324,893696
2025-03-10,1445.0401611328125,1457.820410458713,1440.812505670028,1450.3855026378278,798491
2025-03-11,1437.6053466796875,1445.5748366237578,1412.7252337861894,1423.318753184416,1769157
2025-03-12,1397.85546875,1447.1297520045314,1369.185000191146,1439.3547096834864,2665932
2025-03-13,1400.139404296875,1415.3007135349212,1382.0138126328982,1401.451418999043,995812
2025-03-17,1399.6048583984375,1407.2827368366268,1385.1238175584137,1402.3746936487798,1747569
2025-03-18,1399.6048583984375,1399.6048583984375,1399.6048583984375,1399.6048583984375,0
2025-03-19,1356.890625,1391.5381793906993,1355.18983457474,1390.4204933836977,5557840
2025-03-20,1370.8857421875,1381.0418434048802,1360.6809995022422,1363.6938045674874,2863413
2025-03-21,1369.6221923828125,1390.8577513436232,1343.1870980015963,1350.9621397181565,4056023
2025-03-24,1417.6331787109375,1426.38010113568,1373.8499251186634,1376.036655724849,3072831
2025-03-25,1414.57177734375,1442.173201604833,1408.6918540707736,1432.5515629025679,2056315
2025-03-26,1376.47412109375,1422.8327641085884,1369.8652875758576,1422.8327641085884,2231144
2025-03-27,1383.8603515625,1389.7887975307144,1366.4636708588703,1367.5813569061088,2541022
2025-03-28,1378.369140625,1389.7887333641813,1368.941949818808,1375.3076941631216,1642693
2025-04-01,1355.918701171875,1377.1056186057253,1346.4428691071635,1362.5760568949229,1578367
2025-04-02,1383.0343017578125,1385.9499426438729,1357.862578380612,1357.862578380612,1617949
2025-04-03,1330.84423828125,1360.6323926040195,1322.0001514568698,1357.7167517627254,1943422
2025-04-04,1283.80517578125,1320.9795955464115,1281.7642509726688,1312.0383446527574,1757493
2025-04-07,1251.7818603515625,1257.418813699544,1175.3920904272206,1209.9910063180864,3044730
2025-04-08,1277.439453125,1304.311966370835,1254.843236803111,1277.0506772886906,2868814
2025-04-09,1236.9605712890625,1263.3956662728356,1228.7967535730454,1253.7255053725326,3724878
2025-04-11,1246.1934814453125,1275.447053967721,1238.3697977838378,1239.1473494581971,1803181
2025-04-15,1265.0965576171875,1277.245061545438,1250.6156358449,1277.245061545438,1511866
2025-04-16,1271.899658203125,1277.6337755070315,1247.4083229252851,1255.6693051963134,1093342
2025-04-17,1270.05322265625,1272.0941475573557,1240.0220976785386,1258.6821519711211,3027966
2025-04-21,1334.8775634765625,1349.9417078041101,1266.3600037932006,1267.331884072397,3759267
2025-04-22,1337.793212890625,1356.7448784564565,1322.923397068496,1335.3635121770567,2471135
2025-04-23,1399.1187744140625,1408.6432482527227,1368.4073824558095,1379.0009008344684,5944062
2025-04-24,1404.5614013671875,1426.234380118114,1393.9680007112513,1404.367072756848,2501415
2025-04-25,1420.8890380859375,1432.4544377048817,1336.3354496362272,1414.4746516552307,8211667
2025-04-28,1420.4029541015625,1438.3827383306962,1396.591888500818,1427.983667339746,2079431
2025-04-29,1453.2525634765625,1462.5825900090365,1422.1523959431665,1424.9707537157012,2652788
2025-04-30,1460.7359619140625,1468.3166750397631,1448.1015191297095,1453.2525317199572,1858465
2025-05-02,1452.0863037109375,1476.286146428657,1447.907289686437,1462.6798224984389,1582577
2025-05-05,1452.572265625,1464.1376648665937,1448.587580141824,1456.848562651858,846022
2025-05-06,1454.1273193359375,1462.4855851821,1444.3113516154235,1454.8077067575541,1545773
2025-05-07,1453.1553955078125,1462.58270571984,1438.9659666756625,1447.2269493302804,1272555
2025-05-08,1460.5416259765625,1475.800097807332,1446.1577514239775,1458.6950298513666,2829448
2025-05-09,1451.697509765625,1459.083894717233,1436.536201302876,1438.382797540778,923174
2025-05-12,1528.8648681640625,1532.169284894235,1474.7311831937768,1479.2018088227248,1891418
2025-05-13,1528.28173828125,1555.8831619243363,1521.0898004912042,1555.3000574846526,3724272
2025-05-14,1558.118408203125,1564.1441370860373,1533.724237047299,1539.4583543928486,2354571
2025-05-15,1583.2900390625,1590.3848121074036,1555.2026770410312,1560.8396297592606,2972408
2025-05-16,1571.530517578125,1589.8990798228194,1556.2720436195052,1589.0243637849317,1159095
2025-05-19,1552.870361328125,1580.4716664141824,1548.3024528221656,1571.5304152789427,681874
2025-05-20,1531.683349609375,1573.960142571309,1529.0593202599339,1566.6710403364928,1869716
2025-05-21,1553.259033203125,1557.924106053762,1525.2689520124957,1532.6552184945617,930031
2025-05-22,1521.5758056640625,1544.998097654667,1514.1895389576696,1544.998097654667,1789310
2025-05-23,1535.8624267578125,1558.8959415310796,1523.7139234728133,1530.711413909882,1159290
2025-05-26,1556.369140625,1559.284781533388,1538.486519326008,1538.486519326008,711029
2025-05-27,1547.6221923828125,1559.1875915229418,1534.1130326691398,1556.369114963758,1394001
2025-05-28,1535.8624267578125,1556.9521810054798,1533.7242189970161,1555.785972145211,820958
2025-05-29,1555.008544921875,1559.7707823182457,1539.9443996429443,1547.330666503776,1799251
2025-05-30,1529.642333984375,1550.1489833278124,1523.9082168388777,1550.1489833278124,2780942
2025-06-02,1505.5396728515625,1524.8801135708604,1498.7365110956696,1520.9925925674931,2120693
2025-06-03,1500.3887939453125,1520.8954437188318,1490.7671556366988,1512.148521372406,2316285
2025-06-04,1512.926025390625,1522.5476641507228,1500.5831929554754,1501.3607446556232,1439090
2025-06-05,1518.8544921875,1526.1435940146648,1503.498736883183,1516.1331800502685,1529586
2025-06-06,1526.921142578125,1529.2536790668796,1511.662669053651,1520.798367762595,828051
2025-06-09,1534.6961669921875,1546.7475065103267,1526.921124546644,1530.711481466393,598108
2025-06-10,1565.6019287109375,1587.5663987773116,1534.5989248052495,1534.696089103341,3324373
2025-06-11,1591.453857421875,1602.6304799320133,1559.478974513152,1572.5021931655533,2660949
2025-06-12,1598.1600341796875,1611.3775829054055,1566.5739235376936,1589.9962157015943,2316173
2025-06-13,1612.349365234375,1622.0681679181266,1559.4790549072213,1559.867830742117,2511076
2025-06-16,1646.26806640625,1658.027794326624,1604.768706350371,1611.377539855535,2160406
2025-06-17,1670.2734375,1676.4934950643064,1636.8407318998673,1644.8102214358546,2105126
2025-06-18,1662.5955810546875,1684.074230585827,1660.360327548268,1668.8156386996143,1299278
2025-06-19,1636.6463623046875,1646.3651649311998,1614.0015047298227,1636.6463623046875,3056884
2025-06-20,1648.4061279296875,1660.4574671931982,1622.2625245313793,1632.7588790661825,3425550
2025-06-23,1634.50830078125,1644.4214321725888,1628.5797361687896,1632.758868823847,732380
2025-06-24,1629.9404296875,1660.4574948778288,1627.6078932366836,1651.0303034097055,1923989
2025-06-25,1657.055908203125,1665.8028308857222,1628.6770509546805,1642.2833751276091,1416375
2025-06-26,1642.6719970703125,1655.5980522121797,1623.3316744641927,1647.3370698559697,2528268
2025-06-27,1627.31640625,1653.9459503317719,1615.8481711971017,1650.2527577180638,6183785
2025-06-30,1639.5621337890625,1641.9918346393724,1613.3213646057166,1633.3420758847221,1546996
2025-07-01,1624.206298828125,1649.669633697109,1622.359821180903,1642.4776957986103,1689051
2025-07-02,1629.9404296875,1651.2246320148852,1620.6104025219663,1627.8995047821852,1931642
2025-07-03,1624.8865966796875,1645.3932460123078,1623.040000496488,1637.5210397973249,1713273
2025-07-04,1638.048828125,1646.658751517565,1623.501197324542,1627.9545684845302,1310544
2025-07-07,1607.0732421875,1630.824555219481,1598.7602584652216,1630.824555219481,1550115
2025-07-08,1618.4541015625,1626.767085397165,1602.2240132768072,1606.1825655023213,1318755
2025-07-09,1598.0675048828125,1619.4436617111448,1595.29647013609,1617.8602650581981,1173847
2025-07-10,1583.519775390625,1600.6405614993353,1573.623395167191,1598.067526802327,1631315
2025-07-11,1585.8948974609375,1590.348268467848,1561.450887145174,1563.6280424263846,2559235
2025-07-14,1560.3621826171875,1581.4415202899029,1547.892768007525,1581.4415202899029,2068336
2025-07-15,1562.638427734375,1578.373696354596,1536.9078393106297,1538.491235975622,2574760
2025-07-16,1591.239013671875,1594.3068674058604,1560.9561140945243,1563.628088455158,2207039
2025-07-17,1547.4969482421875,1587.2804697641882,1544.726034225231,1566.9928900304992,7617296
2025-07-18,1532.850341796875,1557.6902317507486,1522.0632632990162,1556.7005937382005,3619191
2025-07-21,1527.80322265625,1537.3037234813082,1515.4327474138765,1534.9285680736882,988104
2025-07-22,1531.16796875,1536.710038568854,1525.2301403487377,1533.939003659427,1404790
2025-07-23,1530.5740966796875,1536.8088643612866,1518.5995011186883,1534.9285280124377,2887100
2025-07-24,1483.071533203125,1537.8975044334593,1480.0036794596128,1537.8975044334593,2207437
2025-07-25,1446.7518310546875,1485.7435928117823,1440.6160029091184,1474.659574615958,1179664
2025-07-28,1435.56884765625,1450.8092969007384,1430.1258386978911,1446.850744931023,1070496
2025-07-29,1438.73583984375,1443.9808490051942,1421.5161136793113,1435.5689256127514,1458817
2025-07-30,1448.038330078125,1450.9083045517857,1433.589638872449,1436.261734060516,1299448
2025-07-31,1448.5330810546875,1458.0337024254131,1432.2040541812037,1434.975088881902,1382994
2025-08-01,1423.8912353515625,1444.6736338278047,1417.5575278453375,1441.5067196719808,1620011
2025-08-04,1459.716064453125,1461.6953404727226,1404.395275544292,1420.130544061176,1581473
2025-08-05,1470.00830078125,1472.3834561284712,1446.0589888377804,1454.8667911474568,2929677
2025-08-06,1443.8818359375,1466.148690844007,1438.2409476833525,1464.7631734887404,1039973
2025-08-07,1466.6435546875,1476.5399349485492,1434.9751378521423,1439.923327982667,1587489
2025-08-08,1465.0601806640625,1480.4985099489693,1458.5285937518431,1458.5285937518431,1371665
2025-08-11,1465.7528076171875,1506.921723974621,1454.4709103332407,1465.0601093440916,888886
2025-08-12,1493.6607666015625,1501.6768106960017,1465.653961287868,1467.2373580167628,2532937
2025-08-13,1490.6917724609375,1502.9631870556111,1483.7643064389158,1499.3015747661393,1815196
2025-08-14,1471.2947998046875,1514.0472348621527,1469.6124634885196,1494.2544744111287,1715172
2025-08-18,1455.9554443359375,1484.4570683708275,1452.887590555723,1484.4570683708275,1249405
2025-08-19,1481.191162109375,1484.0611365011343,1449.2259268509702,1456.747151570276,1807647
2025-08-20,1508.3072509765625,1516.1254153342131,1471.9875847146798,1472.5813433533351,2329633
2025-08-21,1505.536376953125,1515.8285157769797,1493.4627205552604,1512.166903403734,1251760
2025-08-22,1489.4052734375,1513.7503454402436,1483.4674451048588,1513.7503454402436,969599
2025-08-25,1511.2762451171875,1523.7456604118722,1489.4052683280731,1500.2912869005706,1386218
2025-08-26,1486.6341552734375,1510.6824069955344,1483.368422356699,1505.2393979955505,1510822
2025-08-28,1480.1026611328125,1493.5617146128054,1467.2373663288404,1484.4570927660116,1771867
2025-08-29,1466.0498046875,1489.1082983486128,1463.3777095179885,1483.269530604464,2279980
2025-09-01,1489.9000244140625,1494.2544558201962,1469.6124452041734,1469.6124452041734,1241192
2025-09-02,1497.12451171875,1504.150917812897,1483.0715787250285,1486.4363723041126,1137022
2025-09-03,1492.572021484375,1500.3901860455867,1481.7850636525886,1497.1244530452432,1431929
2025-09-04,1484.8529052734375,1495.145164814133,1479.8057755464433,1490.4937936497095,1038934
2025-09-05,1462.5860595703125,1491.7803812731152,1446.949730471727,1483.4673977119105,1875965
2025-09-08,1445.564208984375,1472.4824356394215,1443.881872670807,1467.0394265238017,1308412
2025-09-09,1482.6756591796875,1484.45705596902,1450.5124229670255,1451.4031213616918,1749566
2025-09-10,1510.1876220703125,1520.0840022935781,1486.2384302521791,1487.425947556802,1660976
2025-09-11,1505.4373779296875,1515.6306983333695,1490.097987904113,1510.187688969456,896908
2025-09-12,1509.69287109375,1514.1462423949115,1496.8275762237279,1513.1566043279868,770698
2025-09-15,1504.0518798828125,1512.067923517255,1489.998947807403,1512.067923517255,825515
2025-09-16,1515.630615234375,1518.1047102641405,1494.3533979783913,1507.1197524930658,1011289
2025-09-17,1531.16796875,1533.3452449803865,1509.7918106665413,1522.3602865991368,1946337
2025-09-18,1534.631591796875,1550.6637998124208,1525.8239102784069,1539.876721496892,2246114
2025-09-19,1537.6995849609375,1541.2622576282095,1525.6259287815897,1534.9285502167145,2621234
2025-09-22,1489.8011474609375,1494.3534583384994,1438.2410291190852,1483.4674397678216,5723501
2025-09-23,1456.648193359375,1496.0357131949572,1452.9864602836687,1496.0357131949572,1380054
2025-09-24,1437.350341796875,1454.7679474832075,1424.0891676383237,1454.7679474832075,2122106
2025-09-25,1429.334228515625,1445.0693762561637,1422.1098227085765,1436.9543928829876,1581629
2025-09-26,1393.1134033203125,1426.563216979923,1388.956971925995,1424.9798202966317,1851067
2025-09-29,1396.082275390625,1410.2341470835258,1377.4771535123537,1400.3377671039923,2708118
2025-09-30,1385.7901611328125,1411.9165080921323,1378.0709362913815,1393.4103255283771,2225340
2025-10-01,1401.327392578125,1408.8486171342686,1378.9615981853487,1386.4828227414923,1683484
2025-10-03,1386.0870361328125,1409.046711499703,1382.8213030334825,1408.254952733269,2568702
2025-10-06,1424.3861083984375,1427.0580828388636,1382.6233097738498,1390.3425349657455,3036770
2025-10-07,1423.990234375,1430.8187611773226,1411.8176378662758,1425.0788120842565,1105550
2025-10-08,1443.090087890625,1457.5388993811462,1417.2605601691457,1417.2605601691457,1154614
2025-10-09,1451.403076171875,1460.1119389512437,1436.9543854380586,1443.0900927561904,1354036
2025-10-10,1442.1004638671875,1462.388043128704,1435.0740581376979,1461.6953448419429,937053
2025-10-13,1435.8658447265625,1446.355983704215,1424.2870072694188,1439.923336496499,1229414
2025-10-14,1452.78857421875,1464.4663508622946,1442.79325464713,1444.8714702720538,1430713
2025-10-15,1443.8818359375,1463.6745958543952,1425.4745933758713,1454.7678538917924,2810322
2025-10-16,1448.6322021484375,1451.502055802019,1432.8969332504778,1450.8093575005526,1619438
2025-10-17,1432.5999755859375,1449.819701319002,1425.1776904256014,1449.819701319002,1433539
2025-10-20,1444.4000244140625,1455.0,1439.0,1440.0,1800507
2025-10-21,1448.699951171875,1457.300048828125,1442.0,1450.0,114229
2025-10-23,1463.4000244140625,1487.5,1460.9000244140625,1465.0,3244860
2025-10-24,1453.699951171875,1468.0,1450.0,1465.4000244140625,969361
2025-10-27,1462.800048828125,1475.5999755859375,1457.0,1457.9000244140625,1036807
2025-10-28,1447.4000244140625,1469.5999755859375,1435.300048828125,1469.0,1432913
2025-10-29,1452.199951171875,1461.199951171875,1442.5999755859375,1453.0,1311858
2025-10-30,1433.800048828125,1458.0999755859375,1432.5,1453.199951171875,1797868
2025-10-31,1424.4000244140625,1437.5,1420.300048828125,1433.800048828125,1757591
2025-11-03,1419.800048828125,1424.0,1414.0,1419.0999755859375,2136091
2025-11-04,1409.199951171875,1425.300048828125,1405.5999755859375,1419.9000244140625,1191278
2025-11-06,1413.5999755859375,1420.9000244140625,1410.0,1412.0,2502412
2025-11-07,1386.699951171875,1409.800048828125,1385.0,1400.0999755859375,1209479
2025-11-10,1397.800048828125,1404.300048828125,1383.5999755859375,1386.699951171875,2883323
2025-11-11,1408.0,1410.4000244140625,1392.199951171875,1405.0,2488036
2025-11-12,1456.0999755859375,1460.199951171875,1414.0,1415.0,2958869
2025-11-13,1451.4000244140625,1463.800048828125,1442.300048828125,1463.0,1178211
2025-11-14,1439.199951171875,1445.800048828125,1422.9000244140625,1444.199951171875,1220596
2025-11-17,1452.800048828125,1455.9000244140625,1438.300048828125,1440.0,999416
2025-11-18,1422.0,1451.0999755859375,1419.5,1444.0,1553597
2025-11-19,1433.9000244140625,1443.5,1417.800048828125,1427.5,5777445
2025-11-20,1456.0,1464.699951171875,1430.699951171875,1445.300048828125,2818268
2025-11-21,1461.5,1469.0,1440.0,1455.0,2615232
2025-11-24,1494.699951171875,1513.800048828125,1461.800048828125,1470.0,6808658
2025-11-25,1494.699951171875,1502.0,1483.5,1501.199951171875,1675981
2025-11-26,1520.4000244140625,1522.699951171875,1496.199951171875,1498.0,1592891
2025-11-27,1509.800048828125,1532.0,1505.0,1523.0,1426194
2025-11-28,1517.300048828125,1525.300048828125,1503.699951171875,1515.800048828125,1247146
2025-12-01,1529.5,1532.0,1509.699951171875,1515.300048828125,1527101
2025-12-02,1536.699951171875,1539.0,1520.0,1523.0999755859375,1754978
2025-12-03,1541.699951171875,1550.800048828125,1530.300048828125,1537.9000244140625,2142830
2025-12-04,1562.300048828125,1577.9000244140625,1541.0999755859375,1545.0999755859375,2422663
2025-12-05,1570.800048828125,1583.0,1556.5999755859375,1567.0999755859375,2223397
2025-12-08,1591.800048828125,1595.699951171875,1572.699951171875,1581.0,2833786
2025-12-09,1561.5999755859375,1586.0,1559.0,1579.0999755859375,1533609
2025-12-10,1550.800048828125,1572.9000244140625,1548.199951171875,1563.0,735586
2025-12-11,1568.199951171875,1572.0,1541.0,1550.0,1248064
2025-12-12,1578.4000244140625,1580.5,1558.699951171875,1575.0,754479
2025-12-15,1575.4000244140625,1588.699951171875,1567.699951171875,1571.0,784781
2025-12-16,1578.199951171875,1580.300048828125,1564.699951171875,1570.0,999338
2025-12-17,1579.4000244140625,1586.199951171875,1570.300048828125,1578.199951171875,582251
2025-12-18,1605.5999755859375,1608.800048828125,1574.5999755859375,1581.0,1748780
2025-12-19,1612.5,1624.0,1595.0,1611.0,1802793
2025-12-22,1646.699951171875,1649.800048828125,1612.800048828125,1615.9000244140625,1466208
2025-12-23,1633.0,1646.5,1628.800048828125,1646.5,1161166
2025-12-24,1631.5,1636.5999755859375,1615.300048828125,1630.0,955523
2025-12-26,1612.300048828125,1633.699951171875,1608.0,1630.5,461192
2025-12-29,1612.4000244140625,1629.800048828125,1610.0999755859375,1614.0,891096
2025-12-30,1604.5999755859375,1616.199951171875,1599.0,1614.9000244140625,1973547
