Price,Close,High,Low,Open,Volume
Ticker,TRENT.NS,TRENT.NS,TRENT.NS,TRENT.NS,TRENT.NS
Date,,,,,
2021-01-01,671.272705078125,688.4860885856564,668.6359467699996,687.4413570647507,328829
2021-01-04,675.1033935546875,679.8793523580099,670.6259207897706,675.6008905285671,565557
2021-01-05,671.6209716796875,676.4964667289125,668.6359895833334,676.4964667289125,450769
2021-01-06,673.2626953125,680.8743627590272,668.63594905177,675.5014317490572,227409
2021-01-07,672.0687866210938,681.4216948573406,669.1335418381101,672.4667478290239,302941
2021-01-08,691.9188232421875,697.4907651196295,671.5214470867633,674.6059040672022,897082
2021-01-11,690.277099609375,701.6200557002077,684.8046325133728,699.381319160934,487073
2021-01-12,681.1729125976562,693.5108632953315,679.5809463855257,691.5208751653593,333187
2021-01-13,669.8796997070312,689.5308308904162,663.6609873072259,684.4563858640203,692189
2021-01-14,651.3229370117188,673.6108231019101,645.7509958539729,673.461549735526,543503
2021-01-15,640.2786254882812,655.7010321628242,636.2986495722702,650.6265871617552,705409
2021-01-18,656.7457885742188,696.4958116871438,626.8462305184294,642.6666596757407,488034
2021-01-19,674.3571166992188,686.7945404671866,652.7657368921049,665.6509200616413,437784
2021-01-20,676.546142578125,691.5207892497698,653.71101947784,673.6108983051714,628236
2021-01-21,663.262939453125,681.5708523331894,657.2432382317248,681.5708523331894,874465
2021-01-22,657.1935424804688,676.5959256422691,636.8459028648629,659.6810275012124,1258060
2021-01-25,667.3922119140625,673.6109242874697,649.5320578317144,662.665990510273,410716
2021-01-27,655.9000244140625,669.3821802994407,650.1290716462178,659.6809892806083,390506
2021-01-28,655.9497680664062,673.7601842405243,643.7610920575879,646.7460739372985,472720
2021-01-29,618.4384765625,659.2332284522037,582.0714598896742,653.8104992867965,946190
2021-02-01,637.9404296875,646.7461023273419,621.9707273463409,625.8512282521508,580728
2021-02-02,662.417236328125,678.5858883601671,637.9404089283862,638.6866544067882,732091
2021-02-03,677.1431274414062,686.5458325108467,660.7257270987556,670.0786946161104,642063
2021-02-04,666.2977905273438,676.5462171064642,658.686061745537,676.5462171064642,426826
2021-02-05,685.003662109375,688.6353539341752,664.6560217526119,675.7999671973815,1424089
2021-02-08,688.4363403320312,692.4163161437971,678.5858759060663,692.4163161437971,521522
2021-02-09,674.9044189453125,691.2223448587066,667.6907124357865,691.0233339125209,452702
2021-02-10,687.3916625976562,695.5008889567401,666.6460595150442,673.5612807857888,336479
2021-02-11,690.0780029296875,695.5007317970596,673.8098770571787,685.5507928586181,438577
2021-02-12,682.2175903320312,691.4710214358344,678.0883413642356,685.5507955978845,168139
2021-02-15,698.187255859375,709.3809376204928,677.5411317222022,682.4663638430161,718300
2021-02-16,746.4942626953125,754.2054663419485,706.4457534337513,707.1422613929188,2095315
2021-02-17,764.5534057617188,774.1053237682996,726.5943607735229,745.4495090189434,1348015
2021-02-18,775.1004028320312,782.9110822144212,761.5187090938965,766.1454559443698,460573
2021-02-19,790.0252685546875,800.970203005697,761.7176759422895,768.1353996526684,630929
2021-02-22,812.2632446289062,840.6703690105805,788.0351674958456,795.7463702080839,1665511
2021-02-23,781.5180053710938,828.7802177056735,776.5927732029364,820.7705286033142,417058
2021-02-24,781.0205688476562,795.5474572608808,759.1804379430822,780.1747874921259,301313
2021-02-25,815.1488647460938,820.8700804583794,784.8015466200567,790.8212483974949,729553
2021-02-26,804.6019897460938,818.8801305494892,782.0653494676775,796.0947417502499,1056061
2021-03-01,826.2429809570312,835.6954232599205,802.611875199808,815.8950198283401,442822
2021-03-02,901.3650512695312,916.9366702818148,826.2927449570712,833.8049371975951,3800314
2021-03-03,906.3400268554688,918.3794295380666,886.5396226635073,918.3794295380666,1535060
2021-03-04,922.4091186523438,939.9707859608422,890.5693126164832,895.4945447585775,1173560
2021-03-05,876.9876708984375,931.1153040492792,872.6594108814355,920.3693817915805,751162
2021-03-08,880.171630859375,904.897267150757,875.6941580488613,881.5646466922684,462683
2021-03-09,901.2157592773438,939.7717743720134,883.6540919810886,885.5446047549941,1947228
2021-03-10,907.6334838867188,929.324339624977,891.0170729487868,910.4194547717923,606764
2021-03-12,872.1620483398438,920.2700485269586,868.3810829832339,911.5140520426589,664299
2021-03-15,841.6156616210938,883.6541586711874,836.889440059249,875.5947314575717,1045124
2021-03-16,844.9986572265625,861.5155333880119,834.0039856370088,834.650695301327,779547
2021-03-17,818.4322509765625,855.6947860742043,815.8950285823809,849.2770630327257,477076
2021-03-18,819.0293579101562,842.4614551084732,814.4026113911033,830.7205377315923,400106
2021-03-19,795.19921875,823.1585259215859,772.1153457517065,814.9000878487727,1242150
2021-03-22,795.9951782226562,812.7608023721259,786.5427354812623,796.1444516104181,655786
2021-03-23,809.7260131835938,832.7104084135821,797.0398411229506,802.9600668971723,798486
2021-03-24,781.1199951171875,841.7648890447626,774.5530592817327,812.8105891389683,1406039
2021-03-25,754.1557006835938,801.069630489709,742.0664995123598,785.1497267802258,1361204
2021-03-26,756.2451171875,775.2495375082581,751.4691585146594,768.1353066842994,703225
2021-03-30,756.8422241210938,773.2596254189082,746.2952510920013,766.0956563430298,628410
2021-03-31,747.2901611328125,768.981016142841,743.3101855078675,762.0658570781859,624642
2021-04-01,747.0911865234375,760.3743922551832,735.350270005019,756.1954054999193,810538
2021-04-05,725.79833984375,745.0017106912725,717.7886507929246,743.2604713006751,738836
2021-04-06,700.1275634765625,732.365333149196,696.4958110272173,727.838122523442,1267810
2021-04-07,718.4354248046875,729.3306215425491,691.0233515160987,696.5455562181444,1618249
2021-04-08,726.0968627929688,732.6140612688946,716.9429059568162,722.2661602307505,613211
2021-04-09,725.5496826171875,732.3156300971615,719.6294557986033,731.3206360345296,344873
2021-04-12,707.1920166015625,716.1967005516561,685.5508961498088,705.5005145812491,921660
2021-04-13,725.5992431640625,729.1314590787965,708.1371137706903,708.1371137706903,437329
2021-04-15,736.3949584960938,742.2654467771936,711.2216250609657,723.3605627439943,871200
2021-04-16,739.9273071289062,752.0164477051503,727.340608826587,736.3950298703392,692021
2021-04-19,725.0023803710938,735.8477782039141,688.7348380267377,716.395658240663,715142
2021-04-20,732.8131103515625,743.8575199020815,724.1566500589201,725.0024314305649,475888
2021-04-22,743.6585693359375,746.2455295465188,721.3706785616348,728.1366258835999,422465
2021-04-23,766.44384765625,784.0055156265429,738.2855302780891,743.2605001586692,3507205
2021-04-26,776.5927734375,783.0602340747117,758.0361120865789,776.9907953070189,824311
2021-04-27,780.2743530273438,790.5227796866722,772.5631490719356,782.0653301871923,853518
2021-04-28,768.0855712890625,788.0351873066485,758.9316150481643,786.0451994599146,593276
2021-04-29,771.966064453125,785.0502597406479,764.7523580106412,775.1003198199807,589571
2021-04-30,772.8118896484375,786.7418063280245,757.1407333839022,772.712353805813,1841225
2021-05-03,779.1300048828125,783.0602431538399,732.415026515705,754.2054184378788,841965
2021-05-04,772.9113159179688,794.0052005599708,769.1303509183678,794.0052005599708,651087
2021-05-05,792.0648803710938,805.9450573943627,771.7172430107096,783.7069680655096,1229552
2021-05-06,774.2545776367188,795.9951714655261,759.9763778107887,793.0101895725304,665468
2021-05-07,748.9817504882812,781.9160283434454,739.678580669114,781.9160283434454,513294
2021-05-10,744.0067749023438,762.1654156806356,742.2655353756583,751.0214705639253,434021
2021-05-11,759.3795166015625,771.1204349490562,738.2856293318706,738.2856293318706,823028
2021-05-12,766.244873046875,772.115362076156,751.2702251422232,754.8024417789939,414426
2021-05-14,768.7322998046875,779.0802611540053,754.5038984965838,766.1453398321636,541416
2021-05-17,791.1694946289062,809.8753694757984,756.7924037259731,768.7821298768672,1956412
2021-05-18,824.1534423828125,828.7304508003341,795.2488814826643,795.9951269141463,2275063
2021-05-19,815.3478393554688,850.7198636453253,807.9848595186227,830.8199837939726,1855576
2021-05-20,807.537109375,825.2977887846184,799.3782071256851,822.2630692182645,556669
2021-05-21,822.7108154296875,828.1335452105901,798.9802313556175,806.9401838473298,806206
2021-05-24,805.6963500976562,834.79992310211,801.9651227893929,827.3374684855834,684641
2021-05-25,820.521728515625,826.7404402738238,806.7410268216922,815.298010638738,720336
2021-05-26,821.8651123046875,832.6607738100623,819.8751241393009,830.5215729700433,499153
2021-05-27,823.9545288085938,830.0737663616014,814.4026104488712,816.8900955143839,940317
2021-05-28,822.4620361328125,843.1081621354881,818.531858320815,824.2530739601107,905813
2021-05-31,847.38671875,852.5109017409375,820.4720807397887,827.8350611039548,1296401
2021-06-01,835.9939575195312,858.480797266538,829.1782122912263,852.7098443051447,697195
2021-06-02,848.8790893554688,850.7198038204293,828.8299375232955,832.312416252385,826415
2021-06-03,850.4711303710938,859.5753498579038,842.9589377386584,848.879164246334,404997
2021-06-04,847.8343505859375,858.9285578139256,843.2574025453831,848.4811209682306,781342
2021-06-07,853.2073364257812,869.6247370683765,840.7699116965425,846.8393506725658,463126
2021-06-08,861.5155029296875,864.9979818178036,843.7548848921401,853.2073275884553,370448
2021-06-09,840.6206665039062,868.5800346708113,836.789963850657,864.6000586239592,465156
2021-06-10,872.51025390625,880.4204075410954,834.2029853007596,849.7248672490609,1034717
2021-06-11,869.2765502929688,887.9824257322583,863.505536390434,880.5697081336845,590610
2021-06-14,863.20703125,873.1569712349683,846.2423957215519,866.6397726907369,226622
2021-06-15,852.361572265625,867.5352296596601,849.1775795517744,859.6747533407423,306451
2021-06-16,846.9389038085938,865.4457678918957,843.9041842585918,852.7098568549212,246452
2021-06-17,851.31689453125,890.5196848371576,824.8003392361602,837.7849995898175,1820950
2021-06-18,844.9488525390625,860.5702692942311,835.9939072216599,859.5752753700752,1005831
2021-06-21,848.9786376953125,858.331605666427,826.8897585621808,838.779949108876,649897
2021-06-22,848.7297973632812,860.072752123989,844.7498217601709,856.689748569502,427455
2021-06-23,853.2073364257812,863.4060247037571,844.7498876098989,855.694821371629,437812
2021-06-24,852.7098999023438,860.0728801560078,845.7449415600842,855.6948820490264,337562
2021-06-25,859.1773071289062,863.4060315704787,848.9786187698196,855.694828177023,302991
2021-06-28,876.93798828125,881.4652598265459,850.9686676724813,858.6798716180664,414235
2021-06-29,858.33154296875,876.5896573979645,851.8142841058827,874.5996695264595,324166
2021-06-30,845.5956420898438,861.4160712713397,842.0136879161088,850.8193606854828,351060
2021-07-01,853.6053466796875,857.6847976434553,843.7548821364851,847.1378859085942,138698
2021-07-02,895.2955932617188,905.2455333084807,853.2073590098386,862.3115784444716,1945993
2021-07-05,897.4348754882812,916.3894995712753,891.5146488771582,904.9470682519815,1316486
2021-07-06,897.3353271484375,913.0064828674423,886.9376882868216,900.4695825840845,730080
2021-07-07,904.3500366210938,907.6335045507424,888.8778319237285,903.0067583342293,283658
2021-07-08,916.68798828125,943.2046034896102,901.4645917584055,910.121051970883,2179864
2021-07-09,901.1593017578125,920.2714964198394,895.8835551950843,917.0861205168362,507064
2021-07-12,895.136962890625,920.669667869301,890.9064017649257,905.8377939732763,576161
2021-07-13,922.5609741210938,932.4157176337796,896.7794724386812,903.7474557186833,842102
2021-07-14,913.7513427734375,931.7685297399177,910.1180134361606,926.7416404044949,684507
2021-07-15,898.6707153320312,923.7057072864027,894.8881081163305,917.0860990919335,439404
2021-07-16,875.8755493164062,906.8332802452117,873.9842152088868,906.8332802452117,569938
2021-07-19,866.0208129882812,874.9796489847117,856.0665507700251,873.8847044431016,759172
2021-07-20,857.460205078125,865.9213282921877,834.1672062805414,865.9213282921877,754030
2021-07-22,916.289794921875,920.769212713454,861.0934013166647,863.0344945108806,1813383
2021-07-23,887.0740966796875,918.7286381968921,883.789141562133,918.7286381968921,614666
2021-07-26,886.9744873046875,892.8972852386844,866.6180097319382,892.399572147693,613423
2021-07-27,912.8057250976562,921.714800759894,881.0018493511807,887.9200728321804,947007
2021-07-28,922.0632934570312,927.4386193358994,894.3406975918924,912.8058417820869,740399
2021-07-29,910.7153930664062,928.8819199873192,906.3354937803383,922.2623119027825,358868
2021-07-30,918.6788330078125,938.6371154871739,907.8286634947873,915.4934571250535,720404
2021-08-02,952.224609375,964.5679176598333,918.6787974791347,919.0769314765876,1342173
2021-08-03,934.456298828125,961.4821431179339,929.7777837693453,961.4821431179339,572016
2021-08-04,924.6513061523438,948.3424346061942,916.5385593318342,942.6187346701007,335436
2021-08-05,911.3126831054688,935.6011066080556,893.89272466271,926.3435943736804,1041009
2021-08-06,915.14501953125,932.6645564704838,908.0775180695535,916.9865943881649,636462
2021-08-09,924.6513061523438,934.1576130254409,912.457336723275,922.1129210541569,670460
2021-08-10,941.4740600585938,959.6903468304649,916.488887477436,928.0855659120245,2198799
2021-08-11,896.3812866210938,925.7463593088476,848.1031162700409,916.7875235736007,2959134
2021-08-12,892.5985717773438,909.2221993470272,876.0744625125623,901.3583090682232,592714
2021-08-13,878.81201171875,899.8653005189077,872.6404177757391,896.3813087580492,738531
2021-08-16,870.69921875,885.0831379954615,861.9892404057225,880.9023362390109,436930
2021-08-17,883.3411865234375,904.7428486687523,863.0344688366496,866.0207472755308,973907
2021-08-18,896.630126953125,899.7657437061489,874.6312327923922,890.5580515892282,477749
2021-08-20,893.0963745117188,910.8149482388276,867.7627662592326,877.7170279886188,879721
2021-08-23,880.15576171875,897.6254774627239,862.1883329293295,895.3857687582148,710233
2021-08-24,896.630126953125,898.8698358464301,872.1924265129283,884.6352536979564,512709
2021-08-25,912.5569458007812,918.3304054637574,886.2776704821415,898.5712201952292,761172
2021-08-26,937.0443725585938,959.7401371547072,915.7422896168245,915.792048772625,3121784
2021-08-27,944.1617431640625,953.6182919885839,935.7006205315959,941.3745619775074,638508
2021-08-30,986.7659301757812,1002.3941328793184,946.6502684888101,950.6319730881321,1981330
2021-08-31,1002.294677734375,1010.3078465943266,971.5359834637102,990.4490815024504,968660
2021-09-01,989.851806640625,1031.9582606772271,983.680152242346,999.8558274867107,861143
2021-09-02,995.923828125,1009.0137058405326,981.0421955535437,994.8288837008212,600794
2021-09-03,991.1458129882812,1012.9954287634362,979.6486533009049,1004.2854500978497,454344
2021-09-06,1005.2808227539062,1019.2167878775039,991.1457602630601,995.5255985625989,646921
2021-09-07,994.4307250976562,1017.2757674200167,988.707024727975,1005.1813153799462,597743
2021-09-08,1029.1212158203125,1045.197371116547,990.4489373913945,996.4214937977748,2226426
2021-09-09,1017.8731079101562,1040.568814440096,1005.6791362503336,1033.7999887932688,1228907
2021-09-13,1001.4981689453125,1022.9993482749129,993.6840984092275,1009.3620593908909,448685
2021-09-14,999.4078979492188,1019.0675652644549,995.4759523349729,1005.3306959498177,529047
2021-09-15,997.1681518554688,1005.3804176431479,982.4856160532545,1001.149856479798,635701
2021-09-16,991.1956176757812,1005.8283946573428,985.6212553761352,1004.8827276361549,286275
2021-09-17,977.9564208984375,995.4261374596565,959.5907965111088,995.4261374596565,562721
2021-09-20,974.6715698242188,997.8649876997357,948.6411508781047,966.5588221433784,569477
2021-09-21,982.635009765625,986.6167146147897,951.8763155034302,977.0108273637821,432370
2021-09-22,979.2007446289062,990.4490483026525,971.4861917401167,980.494786510666,252879
2021-09-23,1001.9461059570312,1027.0806751648904,981.5896305250101,984.4763904515801,1207650
2021-09-24,983.0330200195312,1020.6601139551685,973.5267130403246,1012.6469461063919,834581
2021-09-27,998.7110595703125,1003.389574698777,978.2053048659683,990.449034548892,314717
2021-09-28,1009.3123168945312,1015.3346327118697,989.4037946844946,1004.3849454963496,612126
2021-09-29,1004.982177734375,1009.3123177724171,965.5633280266117,1009.3123177724171,415354
2021-09-30,1021.1578979492188,1036.8358599080461,996.6704388111611,1008.3666961455243,941677
2021-10-01,1039.5732421875,1085.0144687834404,1015.3346405129444,1021.157859001726,3294173
2021-10-04,1041.365234375,1052.563780102971,1016.0813823845594,1048.6815932815414,1043541
2021-10-05,1045.0479736328125,1063.1149800398146,1035.4919082269823,1045.1973118368962,675246
2021-10-06,1039.7724609375,1092.778904819283,1031.3113384399383,1055.1019268411417,1324497
2021-10-07,1103.7781982421875,1121.795386212018,1050.2243473788903,1054.1562318390338,1988186
2021-10-08,1098.3033447265625,1114.8273934072474,1083.1230969559624,1114.8273934072474,439597
2021-10-11,1098.104248046875,1134.7856729082257,1090.6385528303736,1109.7009855855672,681017
2021-10-12,1128.4150390625,1137.7720690067713,1089.9916146652795,1103.9275805148814,1064340
2021-10-13,1168.8294677734375,1204.4159566258663,1098.5523980064245,1120.0038825488405,1433510
2021-10-14,1149.169677734375,1178.584569262917,1139.7629491605069,1169.675553767285,563063
2021-10-18,1149.0203857421875,1174.552967773338,1140.4596241478023,1160.6170024957466,571535
2021-10-19,1111.542724609375,1169.1779276587163,1089.1953328270704,1154.6944273998952,832711
2021-10-20,1106.316650390625,1132.9939983752524,1080.0373756574845,1111.5426376921935,574423
2021-10-21,1075.40869140625,1118.5106952942267,1062.169595600596,1117.365930839966,470149
2021-10-22,1046.04345703125,1107.6105349037484,1038.6275814452065,1076.0057573119482,814132
2021-10-25,1015.9817504882812,1080.0374005895112,1004.5343494682081,1056.1471723737063,772852
2021-10-26,1036.6866455078125,1049.4281504327814,1011.850808551029,1019.3165056136288,999447
2021-10-27,1029.1212158203125,1067.3456011235405,1021.5560020079583,1047.4370797689396,476913
2021-10-28,1001.10009765625,1039.374245521547,995.4261564134948,1032.754637279001,495393
2021-10-29,998.5618286132812,1033.3519261089348,984.9742365205794,1000.9010559084817,446580
2021-11-01,1020.01318359375,1023.447476907974,992.0915514524708,1009.3621718057234,539353
2021-11-02,1032.7049560546875,1063.1152778219018,1025.289078798276,1034.2479154091347,1518927
2021-11-03,1087.1546630859375,1127.1210461734443,1070.2324190175218,1091.9824554736488,5869336
2021-11-04,1089.294921875,1098.3532758479926,1085.2633972245653,1094.9688025196256,141116
2021-11-08,1095.5162353515625,1110.7960015780513,1080.0373109992718,1094.7696657817473,1102344
2021-11-09,1122.2435302734375,1127.8178927312297,1089.0957889696574,1094.9688278943977,1034509
2021-11-10,1119.207275390625,1128.713642945979,1103.9275095473458,1121.8451787735426,503041
2021-11-11,1141.952880859375,1150.3643051037116,1116.0221014195117,1118.5603653063695,979707
2021-11-12,1143.89404296875,1154.6943929451934,1123.4379859372104,1144.939167572413,502799
2021-11-15,1151.9071044921875,1167.634886435152,1134.7858231339076,1151.6582479520266,724923
2021-11-16,1184.905517578125,1197.1990064795964,1136.0301169161553,1141.4551409397893,1245041
2021-11-17,1147.9254150390625,1194.5114085784144,1139.7629690185704,1184.4078086117918,792324
2021-11-18,1132.4464111328125,1152.7033058933998,1090.489181007098,1149.6672079941632,1003276
2021-11-22,1107.7103271484375,1134.3379780749674,1096.5614807692025,1107.3121323648954,724443
2021-11-23,1106.814453125,1121.4969900663916,1088.5484060460738,1103.9276927459891,1337545
2021-11-24,1090.7381591796875,1112.8863901098705,1085.0144590516627,1106.067745564097,1045914
2021-11-25,1087.6026611328125,1093.9235933126713,1072.5717495482695,1085.014577269247,602587
2021-11-26,1036.8857421875,1086.8560896253598,1020.3118713888828,1078.0465919162536,904556
2021-11-29,1022.0039672851562,1052.0659095601013,987.8609236587654,1030.2660528353913,850287
2021-11-30,1009.76025390625,1062.916031620362,998.2132747639702,1020.3117461986905,1075312
2021-12-01,1019.5154418945312,1033.799904744292,1001.3987340776421,1027.4291529089955,839843
2021-12-02,1026.632568359375,1040.070819196563,1015.5336050474341,1028.2750455418682,904904
2021-12-03,1016.2803344726562,1032.1573936301006,1009.1630132364255,1031.7591988698678,661928
2021-12-06,993.435302734375,1024.3930318538614,984.575985652083,1024.3930318538614,373519
2021-12-07,1013.2941284179688,1031.2615594600654,990.5984228513206,1000.4033467735189,644619
2021-12-08,1036.238525390625,1047.1882120181917,1013.3437260784402,1031.2613951053675,550648
2021-12-09,1032.7049560546875,1045.794836071842,1022.9000313996473,1045.794836071842,214644
2021-12-10,1031.2117919921875,1035.2433169755925,1020.3119229807523,1035.2433169755925,232075
2021-12-13,1026.5333251953125,1047.8851697545774,1023.2981898674242,1035.2433049242425,337088
2021-12-14,1025.73681640625,1037.7815698986556,996.2224678362354,1020.3117925530768,616598
2021-12-15,1031.361083984375,1081.9784830546075,1025.7369015294626,1030.2661394429206,1671114
2021-12-16,1026.4833984375,1048.7312701247763,1000.4032818827618,1042.211180230101,1121604
2021-12-17,1030.3656005859375,1059.0339227843779,1008.5160448372394,1026.4834142344012,805803
2021-12-20,1003.2900390625,1025.2889326350896,966.1605951302427,1025.2889326350896,852808
2021-12-21,1013.6921997070312,1029.9176946233608,1003.4890816276906,1019.316381779991,377839
2021-12-22,1040.0709228515625,1059.5812498572193,1010.9049506493972,1025.2888697598469,843395
2021-12-23,1037.38330078125,1052.0160153720083,1027.2797018914544,1039.2248147041457,577082
2021-12-24,1036.238525390625,1047.9347815609804,1015.5834347068061,1038.577752322302,288355
2021-12-27,1046.2427978515625,1063.1152240098431,1015.3347645037828,1015.3347645037828,834703
2021-12-28,1030.067138671875,1054.255923793892,1027.279896549308,1049.676987317098,335064
2021-12-29,1033.7003173828125,1046.0934468228643,1022.3027356822902,1035.8903279905921,252419
2021-12-30,1028.1258544921875,1040.8175376549227,1021.2076914906254,1040.8175376549227,607040
2021-12-31,1060.1287841796875,1065.0063963153973,1024.8409779495757,1037.7316971899759,452416
2022-01-03,1049.7764892578125,1060.1289464646545,1036.2387166851693,1060.1289464646545,363953
2022-01-04,1051.1201171875,1062.11962394088,1041.2156763281728,1045.197380635355,258035
2022-01-05,1065.9521484375,1076.2050871568977,1044.998499314368,1050.1746670781085,741560
2022-01-06,1075.40869140625,1083.9693325873477,1049.8759845862173,1062.1197756848496,408431
2022-01-07,1080.2364501953125,1089.9916754387366,1064.0110762443749,1067.096873123585,482099
2022-01-10,1067.0968017578125,1089.7427460115348,1057.1425405473851,1085.0144719365817,604941
2022-01-11,1114.03125,1118.8590427414604,1067.2462188533375,1070.083159205578,861357
2022-01-12,1140.0118408203125,1145.2378283027895,1104.9230677236822,1123.8361652793126,741670
2022-01-13,1177.4896240234375,1182.2675966641907,1124.8315560780932,1140.0118049543685,682225
2022-01-14,1159.5223388671875,1194.4617788282135,1154.097313961001,1159.7711954502602,744286
2022-01-17,1152.952392578125,1182.4668036190862,1149.667437523507,1161.6623718011413,501455
2022-01-18,1139.0660400390625,1171.6164221953538,1130.6049188932168,1171.6164221953538,543636
2022-01-19,1162.209716796875,1206.456355486969,1131.202171476809,1139.7628110829864,1671916
2022-01-20,1164.6485595703125,1188.7378230523605,1154.6942983774038,1159.6714289738582,968296
2022-01-21,1176.4444580078125,1201.0315586368513,1136.7767473014853,1163.65325533751,961910
2022-01-24,1116.818359375,1194.5114216994991,1086.3086440220136,1173.6074718197578,979818
2022-01-25,1074.4132080078125,1108.1581793388061,1045.5956691058836,1087.0053733105558,866941
2022-01-27,1018.271240234375,1082.8246655546743,996.7699979284923,1055.1517686770292,1611802
2022-01-28,1013.642333984375,1037.2339435070862,1003.7378326413399,1020.4112189693088,1230291
2022-01-31,1026.8319091796875,1033.10302111242,1013.3438360382361,1013.3438360382361,408254
2022-02-01,1055.5499267578125,1059.979524575055,1026.8319062791466,1027.2797994473683,521498
2022-02-02,1092.5301513671875,1101.9368810149558,1045.0980652939097,1055.5500411300948,878597
2022-02-03,1078.34521484375,1094.9687832205782,1072.4223562455034,1092.97793088745,416753
2022-02-04,1052.5635986328125,1085.0144656895732,1047.1882733077348,1081.2317978465985,305527
2022-02-07,1045.6453857421875,1063.9115534170687,1020.311837979586,1055.350791030286,648493
2022-02-08,1049.1292724609375,1062.169451368852,1030.614371603863,1049.975481841782,377585
2022-02-09,1065.7032470703125,1070.0831465773051,1048.1837705543276,1059.1334585658162,304759
2022-02-10,1070.680419921875,1080.037450709684,1050.1746640541169,1071.5763278239401,411046
2022-02-11,1066.4498291015625,1094.5209206917168,1050.5728299051782,1080.0374209579468,1656107
2022-02-14,1031.560302734375,1050.174725568564,1012.3485269224925,1035.2433313661672,536059
2022-02-15,1076.653076171875,1081.5306894094858,1021.3073974543328,1032.2570869007243,619460
2022-02-16,1056.644775390625,1087.4034653167314,1050.8215571720252,1084.9149001368194,343162
2022-02-17,1057.93896484375,1068.241601232992,1047.387350404081,1068.241601232992,287521
2022-02-18,1040.36962890625,1060.1288129963214,1035.2431601090836,1040.2202906865311,205306
2022-02-21,1030.6142578125,1049.9753659127357,1006.3756596495443,1040.2201427633768,576902
2022-02-22,1045.1534423828125,1053.9663450728501,997.8025825799142,997.8025825799142,714429
2022-02-23,1049.8834228515625,1079.4589563341904,1045.6013875930812,1045.6013875930812,393547
2022-02-24,1016.3744506835938,1032.8550486505433,975.8947120407264,1011.8434623255383,633017
2022-02-25,1065.6173095703125,1070.2478549572857,1025.3368038947356,1055.5098037718342,543759
2022-02-28,1103.4581298828125,1114.3124939479849,1025.7848729320147,1025.7848729320147,1102621
2022-03-02,1100.470703125,1113.017897314433,1075.5257107067498,1094.3962803846116,661272
2022-03-03,1126.4114990234375,1130.892647974684,1100.9684824655603,1105.3500746407901,645290
2022-03-04,1090.8609619140625,1121.2830324208155,1077.8657030793647,1121.2830324208155,653153
2022-03-07,1059.7420654296875,1075.4759285637433,1035.643486765086,1075.4759285637433,372706
2022-03-08,1073.583740234375,1087.0271878008098,1043.6596946977932,1060.6880373034867,461151
2022-03-09,1139.008544921875,1150.1615782693934,1065.5674917639808,1073.4841397181006,757000
2022-03-10,1144.93359375,1159.4724087239244,1133.7805601817988,1150.3607145858139,557825
2022-03-11,1163.90380859375,1176.7995109041328,1126.2621085953665,1136.3696133689089,476838
2022-03-14,1162.2109375,1202.4417242633342,1145.630660841224,1174.9573663062488,614586
2022-03-15,1153.3980712890625,1176.0527711568166,1140.7014812532882,1160.4185873441916,400312
2022-03-16,1166.3436279296875,1186.4589614057236,1148.1700772703775,1169.082108166022,486972
2022-03-17,1256.76318359375,1278.6211840273363,1182.0275276015952,1185.0149602745564,4537229
2022-03-21,1274.2396240234375,1297.0437183155939,1245.759456132674,1276.6295945340432,1520151
2022-03-22,1280.9613037109375,1293.0105910709913,1250.7384677549226,1269.6588745123618,713407
2022-03-23,1294.8031005859375,1309.0929624448142,1272.39735571904,1286.5876608014084,713104
2022-03-24,1271.5010986328125,1304.4624144701922,1265.67562929286,1299.5331992346046,453482
2022-03-25,1256.0162353515625,1282.6043356105984,1235.552274385753,1282.6043356105984,662176
2022-03-28,1274.18994140625,1284.5961171424663,1249.742734119221,1257.7092216673914,939603
2022-03-29,1270.8538818359375,1277.874397635306,1254.9707458561422,1277.5258881156747,539919
2022-03-30,1251.8338623046875,1279.6170108202793,1246.805090178078,1279.6170108202793,366894
2022-03-31,1270.15673828125,1279.5173845764516,1243.6183548356355,1249.7426158706146,755068
2022-04-01,1263.13623046875,1289.5750572939912,1254.7715165334562,1275.6337053232455,491523
2022-04-04,1289.2266845703125,1303.5165475444364,1251.0870761522676,1251.0870761522676,762394
2022-04-05,1313.6737060546875,1329.4075670826915,1285.442491020564,1304.5122942908808,1337792
2022-04-06,1322.73583984375,1331.2002335992054,1295.7991028572153,1318.0057374509954,907711
2022-04-07,1302.2718505859375,1341.2080368326697,1294.5543152450537,1330.4035116672244,1038577
2022-04-08,1264.331298828125,1314.072003295628,1260.248498561867,1302.7197350351241,874307
2022-04-11,1275.5341796875,1286.089750696956,1261.0450827691943,1273.8910674247625,509264
2022-04-12,1245.261474609375,1282.4549857447357,1230.772378040523,1269.6588405653363,845636
2022-04-13,1227.6357421875,1257.5100695779263,1216.3830302468596,1254.7217503979068,742352
2022-04-18,1218.3746337890625,1242.772000791786,1210.906052053535,1224.8474046265198,395195
2022-04-19,1243.219970703125,1272.646229083682,1225.5443286325183,1239.4856801248277,1575212
2022-04-20,1260.5970458984375,1280.2643112245582,1245.7594391380808,1245.7594391380808,743805
2022-04-21,1280.413818359375,1289.5752308351612,1254.7218462179947,1274.4886700390816,516906
2022-04-22,1281.210205078125,1288.5792296211314,1260.1986206225206,1277.6253103585098,481960
2022-04-25,1232.26611328125,1276.3805834753023,1224.9469276936486,1250.0414345697816,403163
2022-04-26,1274.488525390625,1281.807711017745,1239.7845406723486,1243.5686706248864,640781
2022-04-27,1219.8682861328125,1259.1032577700153,1209.9600168404531,1234.805448820153,705547
2022-04-28,1220.615234375,1233.7101722760465,1176.0526957347543,1190.9898595247807,1076903
2022-04-29,1223.254150390625,1243.9669444549622,1217.1797281303855,1234.8055326748254,439063
2022-05-02,1215.08837890625,1226.6895998913076,1200.5495644687064,1214.8892653551793,488409
2022-05-04,1208.1676025390625,1229.7269333375377,1200.0517192034163,1218.474221282108,489438
2022-05-05,1207.2713623046875,1237.6435958113502,1201.0475439631582,1228.8306933515353,464980
2022-05-06,1141.9462890625,1194.7242732092734,1133.3823385882124,1187.006737791585,840078
2022-05-09,1099.2259521484375,1146.6265316138858,1088.2720311074786,1131.0421866527809,873730
2022-05-10,1055.7091064453125,1107.4414417455448,1050.5806552382803,1095.3921523811455,663951
2022-05-11,1041.5186767578125,1071.0942127767855,1005.3209129582474,1068.505128668689,805254
2022-05-12,1006.6154174804688,1040.6223838085866,978.7327124597603,1040.6223838085866,1433291
2022-05-13,1027.6768798828125,1050.08262581049,1014.2832107168167,1030.3655207705533,467140
2022-05-16,1034.796875,1040.6721833603478,1000.8894667402458,1019.7103162245379,536424
2022-05-17,1071.09423828125,1075.3264348376097,1031.6601487973135,1031.9589407072265,438660
2022-05-18,1080.504638671875,1095.391962631332,1061.3352793258268,1080.4547995045411,623123
2022-05-19,1032.307373046875,1070.3473000386737,1007.5614362115969,1057.700550486459,1247443
2022-05-20,1083.1629638671875,1088.1954180758182,1040.9605376874806,1040.9605376874806,629720
2022-05-23,1061.58837890625,1095.1709142427733,1056.6555524838523,1088.1953033240295,302084
2022-05-24,1072.1513671875,1076.6854410636006,1043.6011653579008,1067.1687882170636,337854
2022-05-25,1034.3336181640625,1082.0667535685268,1022.873685442396,1076.1872854953663,407027
2022-05-26,1045.2952880859375,1050.6267453824748,1000.9005784313063,1039.7646979155654,444559
2022-05-27,1064.727294921875,1071.1548950426572,1041.8573051736244,1049.331173933837,293538
2022-05-30,1115.00146484375,1119.2864094581648,1073.2474317940735,1083.212589006646,547836
2022-05-31,1120.1336669921875,1131.0454666690123,1105.4350585046386,1111.1151500757258,1673884
2022-06-01,1105.5845947265625,1141.010786133067,1102.3957922792188,1128.0560785175826,521752
2022-06-02,1108.97265625,1120.0838324758922,1094.1744199808982,1107.92638757855,433531
2022-06-03,1125.3653564453125,1141.0106060537273,1107.2286956590326,1107.2286956590326,843397
2022-06-06,1100.9007568359375,1134.5331628492554,1088.1951812309064,1125.06626337884,620866
2022-06-07,1081.0701904296875,1102.14652488649,1069.2615019920468,1102.14652488649,284321
2022-06-08,1083.2127685546875,1094.124568853147,1074.1942511244497,1076.2371573496434,469020
2022-06-09,1080.4722900390625,1087.9461587734806,1059.3959558790034,1074.244066093714,557580
2022-06-10,1109.421142578125,1116.1973773596117,1068.0657348733866,1077.23363201981,859171
2022-06-13,1082.8638916015625,1107.6771587365122,1079.6749681334811,1106.0826361799755,514725
2022-06-14,1065.7237548828125,1088.494237827782,1060.4920470249517,1082.6147703823303,495087
2022-06-15,1091.085205078125,1104.1395381039647,1062.0367443450364,1066.521065573798,882202
2022-06-16,1074.2939453125,1113.7060736266326,1065.7736862594388,1101.399127384988,387582
2022-06-17,1040.1632080078125,1080.9206056308956,1032.689339742701,1074.293873085156,753097
2022-06-20,1045.1458740234375,1054.2638967513853,1010.9653316487755,1040.2629220206284,518858
2022-06-21,1046.5906982421875,1065.2753691224932,1034.483007182751,1052.4202912278445,1352719
2022-06-22,1017.2432861328125,1047.3380745596342,1005.7833547746433,1046.5906877319273,673346
2022-06-23,1026.162109375,1034.3334899929202,1008.4739545399369,1019.9338858415271,486409
2022-06-24,1055.01123046875,1058.7980391727306,1030.5965933301788,1036.376433637308,462900
2022-06-27,1045.444580078125,1077.1338274970997,1037.6718307275141,1077.1338274970997,344510
2022-06-28,1064.528076171875,1072.2510741501874,1026.4113442143987,1046.341661577785,442089
2022-06-29,1105.3851318359375,1111.1150975858195,1039.0172050445633,1055.9080989014358,1397225
2022-06-30,1070.407470703125,1109.421088594985,1065.5245189550194,1097.1638955992298,529542
2022-07-01,1069.8096923828125,1084.3089257310473,1055.409964650502,1070.4075775934084,555368
2022-07-04,1114.3040771484375,1118.0908863842142,1069.8097376756282,1069.8097376756282,736578
2022-07-05,1116.4464111328125,1130.4475062657839,1106.2321245585424,1114.303877912626,635508
2022-07-06,1167.9166259765625,1170.9061736539768,1109.1221883207456,1120.7813756046594,835710
2022-07-07,1166.4716796875,1182.8144423508963,1154.3141133011911,1171.1053810851695,291188
2022-07-08,1200.05419921875,1206.58142662276,1158.3997884869748,1167.7670617033789,954902
2022-07-11,1203.1932373046875,1218.539605413566,1192.8294483451202,1198.609288816321,877368
2022-07-12,1191.782958984375,1207.7770853819582,1179.9245189108897,1201.7979908998693,583382
2022-07-13,1201.349609375,1207.7272128500078,1154.7126236828244,1198.0111843012205,325971
2022-07-14,1175.191162109375,1212.6601328331794,1166.0231435243495,1201.79808600217,453534
2022-07-15,1206.481689453125,1210.6172545545387,1177.9316077017402,1181.3695387220114,315845
2022-07-18,1204.3392333984375,1233.387572005806,1198.5095185815246,1217.742322413484,980588
2022-07-19,1198.0611572265625,1214.005410514668,1190.8862919049145,1203.5918687438736,491128
2022-07-20,1205.285888671875,1228.7040105270128,1198.8085358183264,1205.7841465836864,604230
2022-07-21,1216.29736328125,1224.9171273158709,1196.8154314551043,1207.5279759081789,476539
2022-07-22,1239.41650390625,1262.435994142264,1216.297386421031,1217.742285646985,942665
2022-07-25,1228.255615234375,1240.662188460986,1217.0448123265949,1233.1883198557994,381778
2022-07-26,1227.209228515625,1243.4524849891372,1218.9380985773341,1234.3840937393252,331124
2022-07-27,1250.0296630859375,1254.1652287102543,1220.931323635517,1227.707680921989,532946
2022-07-28,1254.4140625,1266.521631428195,1243.7015182921818,1251.623769769271,504060
2022-07-29,1264.1800537109375,1272.4013099334106,1245.6947566461995,1263.5322940431956,656479
2022-08-01,1296.467041015625,1300.9513620644877,1263.5820199906323,1263.5820199906323,793553
2022-08-02,1304.0904541015625,1307.9270156852397,1272.3514495166003,1295.3709406636608,502117
2022-08-03,1304.1900634765625,1322.1273480172144,1287.4984236956782,1306.432224044144,393606
2022-08-04,1312.162353515625,1320.3836099549671,1283.6121477336342,1320.3836099549671,393725
2022-08-05,1311.315185546875,1319.0879359184141,1297.6628458916764,1315.4008760601837,242951
2022-08-08,1314.0555419921875,1328.3555189360568,1302.894492401979,1311.3151236297913,438066
2022-08-10,1306.681396484375,1327.2095984795528,1296.467109114335,1314.852777722407,313632
2022-08-11,1335.4805908203125,1354.9624005142923,1315.8491577916238,1324.3694160108628,1702218
2022-08-12,1377.9322509765625,1385.754875839511,1328.0068326919834,1342.306810389029,1159339
2022-08-16,1405.037353515625,1449.2826777889536,1384.857909284258,1385.754797801317,1476050
2022-08-17,1469.5618896484375,1476.8365040822823,1405.3863655994603,1405.3863655994603,1594684
2022-08-18,1450.4288330078125,1517.1953955715524,1443.2040930289004,1475.8399874164002,1748382
2022-08-19,1393.278564453125,1482.2175979660371,1383.861417329468,1459.7959928787484,1284783
2022-08-22,1309.5213623046875,1411.813731461285,1294.6235000501408,1393.278562280363,3129067
2022-08-23,1342.1075439453125,1350.2789249438003,1278.5297864966021,1304.8378282562408,2092763
2022-08-24,1340.214111328125,1349.1827534450051,1317.4437498381558,1345.296317532025,633681
2022-08-25,1354.66357421875,1368.6147951238968,1333.3381122204557,1352.5210409650324,1144010
2022-08-26,1385.7548828125,1395.9691700253582,1358.300944802988,1361.2406178306405,1047852
2022-08-29,1355.9091796875,1363.2335461216558,1325.7645782473098,1347.2892941202329,575626
2022-08-30,1402.3468017578125,1411.913328714567,1357.8025959915242,1357.8025959915242,1311053
2022-09-01,1409.0732421875,1411.066273647454,1386.7015127075106,1389.641185452948,738051
2022-09-02,1386.253173828125,1416.5971544305987,1383.2636262798026,1414.055990356524,462018
2022-09-05,1393.3782958984375,1404.0409669015226,1379.825704583441,1385.1570400849835,633249
2022-09-06,1385.107177734375,1408.674802267829,1381.6692466585343,1400.1047901588465,342940
2022-09-07,1408.276123046875,1419.0884171241237,1381.2705683685142,1385.0075027330013,887074
2022-09-08,1402.1475830078125,1422.9249127822172,1399.2077884570256,1422.9249127822172,604853
2022-09-09,1374.5440673828125,1417.0454912924179,1367.0701987578525,1409.5716226674579,594999
2022-09-12,1395.421142578125,1412.8601693178252,1380.1744019705598,1380.1744019705598,733357
2022-09-13,1455.2618408203125,1464.8782427291324,1400.1047149894089,1402.7952590221373,934852
2022-09-14,1425.6156005859375,1469.213170549609,1422.974809161994,1438.9190633201367,786238
2022-09-15,1430.199462890625,1446.3928450413114,1421.0814404110063,1439.2179797617757,552868
2022-09-16,1427.7081298828125,1458.3012377558307,1404.7385138104348,1433.986228045108,936253
2022-09-19,1416.8463134765625,1434.9828536634743,1380.6727387157944,1428.4058732465176,625902
2022-09-20,1440.5135498046875,1453.9166394611157,1422.0281319472324,1422.0281319472324,551632
2022-09-21,1456.8563232421875,1493.3786541002362,1440.9619438200164,1445.9445231554937,1496404
2022-09-22,1481.5699462890625,1487.7981703780529,1435.979345957652,1456.8563044459474,878084
2022-09-23,1428.6549072265625,1486.6520783813764,1412.7604071602807,1484.8085484723395,743035
2022-09-26,1404.0408935546875,1423.8218295824352,1348.2858829722586,1415.0524418481946,877826
2022-09-27,1391.1859130859375,1438.370911270934,1385.156943916648,1414.4545323831644,599701
2022-09-28,1383.3134765625,1404.5391907977557,1365.5256932897507,1382.1674590266648,341570
2022-09-29,1392.7802734375,1404.2402046540046,1365.3262156477906,1398.1116084135715,513074
2022-09-30,1415.0523681640625,1425.0175256863445,1367.6182426869973,1392.8300182313776,721128
2022-10-03,1384.9576416015625,1420.0349474345824,1378.181285825984,1414.0558529190682,487553
2022-10-04,1426.4625244140625,1431.8936086297053,1396.8161787164177,1405.0873086951042,669791
2022-10-06,1442.3570556640625,1449.7312972321668,1423.024623978492,1433.8866709975239,572255
2022-10-07,1445.6951904296875,1474.8432754340429,1435.0325208125846,1449.9303822679271,633829
2022-10-10,1426.8612060546875,1446.741770396338,1413.0594857590318,1425.0176760475426,532783
2022-10-11,1418.0919189453125,1454.564374467699,1401.3504041260203,1441.2110378433827,670168
2022-10-12,1417.344482421875,1434.8332618658385,1393.1290996286996,1415.052447405403,402168
2022-10-13,1396.7664794921875,1433.5876918610334,1391.1361405542104,1417.9921943230977,286921
2022-10-14,1374.7933349609375,1427.010793348212,1369.0633684373674,1427.010793348212,441023
2022-10-17,1373.447998046875,1382.566142587832,1349.3323626470246,1373.1489946278257,418522
2022-10-18,1423.92138671875,1430.9966242506011,1368.5151350670144,1382.1673522531921,651226
2022-10-19,1419.1881103515625,1442.655986264487,1412.1626247617353,1425.0177039021612,451427
2022-10-20,1420.533203125,1426.611924877421,1400.1046302284285,1410.0697877389512,439690
2022-10-21,1426.0140380859375,1437.9722270845618,1401.3003988307853,1420.533201461568,458912
2022-10-24,1424.270263671875,1441.3106601991205,1417.0455238351626,1441.3106601991205,70262
2022-10-25,1428.9537353515625,1436.9757359334594,1414.7533856726084,1425.0175467301297,244221
2022-10-27,1458.002197265625,1465.4263127315207,1428.0070969483256,1428.95373827086,441597
2022-10-28,1453.8668212890625,1472.850497811277,1439.9654731646112,1465.3766285733984,325536
2022-10-31,1522.57666015625,1537.624025840333,1454.9132065631147,1454.9132065631147,2085522
2022-11-01,1552.123291015625,1560.5438011826527,1517.4444912202327,1539.5670941498797,999663
2022-11-02,1524.918212890625,1559.547134895493,1511.863881010593,1559.547134895493,535001
2022-11-03,1540.115234375,1546.2935839396623,1498.6103252115006,1505.7354378134098,504000
2022-11-04,1500.7528076171875,1544.7987576953642,1490.3392660762488,1544.400248687957,591976
2022-11-07,1502.646240234375,1518.1918628104247,1481.320777202295,1512.4120223543941,501244
2022-11-09,1496.5177001953125,1503.6428129587373,1489.9407198156139,1501.6995340350743,328444
2022-11-10,1465.775146484375,1494.07622014998,1454.4647162369495,1489.7911534586215,584753
2022-11-11,1414.1058349609375,1544.3005306264959,1390.139580629716,1466.9709266710038,2812289
2022-11-14,1422.0780029296875,1436.5772356675402,1396.168590637852,1428.5553560026462,1122597
2022-11-15,1411.2158203125,1420.0349604748722,1401.151035447957,1419.138071960311,710092
2022-11-16,1389.990234375,1420.0352142905713,1382.267235841139,1411.2160725518745,467953
2022-11-17,1391.833740234375,1405.93446486611,1374.195457064932,1391.1362277466608,944775
2022-11-18,1378.2313232421875,1398.8092786503546,1367.1201469580053,1398.8092786503546,591196
2022-11-21,1373.8465576171875,1377.9821225933026,1353.9659940494764,1374.1454393757638,457376
2022-11-22,1403.2437744140625,1407.977224552829,1375.1918297890047,1375.1918297890047,770340
2022-11-23,1405.3863525390625,1416.995664880733,1395.1221906214896,1403.2438191316078,1390277
2022-11-24,1424.4696044921875,1429.003800494857,1404.09090299669,1409.0734824963233,602103
2022-11-25,1427.4093017578125,1442.9549244044406,1419.2377989502907,1425.0176394325622,541513
2022-11-28,1434.1357421875,1439.8657080546343,1415.2019419308822,1416.048956034416,290527
2022-11-29,1451.8736572265625,1457.4043686167477,1429.053542548492,1433.9862471381196,476040
2022-11-30,1466.5225830078125,1474.6442115587627,1430.3490087968332,1451.8737269456383,960009
2022-12-01,1458.998779296875,1473.8468892580208,1450.528394875852,1468.4159267284224,392526
2022-12-02,1463.582763671875,1472.2525244557496,1455.3117551974888,1458.899187887885,286105
2022-12-05,1470.408935546875,1475.8398979922245,1443.6523890336534,1457.5538574136224,462047
2022-12-06,1470.608154296875,1482.8154725351517,1455.4611631816633,1464.8781885931942,501781
2022-12-07,1458.30126953125,1477.9325824493646,1449.9305123474612,1470.907218933236,233857
2022-12-08,1453.0196533203125,1461.3405358621537,1439.7660662615401,1460.8921524133395,325774
2022-12-09,1452.9200439453125,1462.8852019970636,1427.9075215644164,1462.8852019970636,381953
2022-12-12,1444.4996337890625,1451.425370455238,1435.0824857929272,1449.9305966442644,266399
2022-12-13,1438.4705810546875,1454.8134647735706,1435.0824029497367,1443.9514180451972,392861
2022-12-14,1446.2930908203125,1455.4611085893173,1436.5770623828537,1439.167978970512,247467
2022-12-15,1430.9967041015625,1454.8632091087675,1423.1242048683832,1444.2005385927503,383487
2022-12-16,1402.396728515625,1427.4590034716532,1396.1186303421698,1422.2771699899085,505066
2022-12-19,1413.1092529296875,1419.2876021183702,1383.163905030927,1390.139515502985,467614
2022-12-20,1407.47900390625,1416.3480192563754,1390.9866180123367,1413.1093427598971,270778
2022-12-21,1361.6392822265625,1415.2020091820616,1351.1758657980465,1406.0838648224974,585477
2022-12-22,1327.8074951171875,1375.1918724227996,1313.6071442606478,1363.2336822278187,879064
2022-12-23,1279.9248046875,1330.3484753804123,1273.4972053587837,1310.4181611425035,1182635
2022-12-26,1352.770263671875,1360.2441325319405,1277.0350592232103,1285.4555694808837,835478
2022-12-27,1342.1573486328125,1358.5002329065533,1323.323174733349,1353.9660371297375,868094
2022-12-28,1341.708984375,1351.7737702780735,1329.9500485151696,1340.313837835613,565769
2022-12-29,1343.9012451171875,1345.2963916301003,1303.7417295244154,1336.3776234695158,572355
2022-12-30,1346.6417236328125,1356.4076280128897,1335.4309198702267,1350.627787192843,310890
2023-01-02,1337.4737548828125,1353.6671372331455,1327.3590948088354,1353.2685065693681,195562
2023-01-03,1342.705322265625,1345.2962388410622,1325.4157986361836,1337.3241129812634,233893
2023-01-04,1302.8447265625,1348.8339531311158,1295.5203600689372,1341.360084944829,589604
2023-01-05,1275.4405517578125,1307.4286834804316,1267.8670562739667,1307.4286834804316,617568
2023-01-06,1243.80126953125,1285.0570496198727,1231.6935777510564,1276.536790533255,1046858
2023-01-09,1215.5001220703125,1250.6273032984154,1209.1223967523817,1249.4315330209877,852556
2023-01-10,1219.38671875,1230.846651725803,1197.7622504956098,1220.7319909007665,588497
2023-01-11,1206.481689453125,1230.6970732363425,1200.8015977731116,1225.8141212483479,680945
2023-01-12,1205.285888671875,1238.17091085143,1200.3033095537605,1210.7667257018009,566434
2023-01-13,1201.2003173828125,1214.1051499219602,1181.9675114194006,1209.7703299878265,819106
2023-01-16,1193.2281494140625,1212.2117041060887,1187.8469392862812,1202.7448031637905,372068
2023-01-17,1188.943115234375,1195.7692249310282,1176.7357952614882,1195.7692249310282,528204
2023-01-18,1218.5396728515625,1227.9566993069307,1186.7507917906555,1193.8260302452447,802598
2023-01-19,1194.125,1218.6890185569687,1187.8469014434309,1218.6890185569687,334432
2023-01-20,1178.1806640625,1203.2928132461616,1172.8990817314552,1200.4028931337973,373948
2023-01-23,1173.148193359375,1185.1562570778774,1157.054439301981,1184.1098668585919,485408
2023-01-24,1198.5594482421875,1204.339288876746,1172.8492904470854,1172.8991648979877,1173927
2023-01-25,1207.8768310546875,1215.2011981843707,1180.9709032472792,1201.6486070251947,765489
2023-01-27,1172.2017822265625,1207.7773536386044,1150.9759434427292,1207.7773536386044,1368360
2023-01-30,1176.237548828125,1185.8539518422344,1157.2539934263964,1175.7891653194663,932999
2023-01-31,1192.4307861328125,1200.2036580580698,1165.1262287880575,1176.237404326023,965496
2023-02-01,1211.7633056640625,1260.5925836061176,1187.9964263416755,1199.805115147641,1724393
2023-02-02,1206.3819580078125,1220.3830531318852,1192.5303645771444,1210.8662789400078,590000
2023-02-03,1231.3448486328125,1234.0852672520296,1204.8375510450232,1212.759803486213,304320
2023-02-06,1225.8140869140625,1244.2496296000204,1209.6705792740877,1236.6761336904642,365009
2023-02-07,1208.9232177734375,1244.3991574114834,1201.8479796258637,1227.807144316997,499648
2023-02-08,1231.7432861328125,1235.6794745105583,1205.784003353045,1207.8766620050742,336510
2023-02-09,1337.2244873046875,1342.0575642838592,1259.6457617695687,1285.5052963996127,4103779
2023-02-10,1324.170166015625,1347.8871676772712,1315.9986639480087,1337.2244979007944,820161
2023-02-13,1301.89794921875,1330.3485224581539,1297.5133772472384,1330.3485224581539,338292
2023-02-14,1315.998779296875,1320.38347327297,1292.3814028102938,1302.7949445641452,316603
2023-02-15,1342.7552490234375,1347.2894448516122,1306.6814234923643,1313.956037939875,821781
2023-02-16,1358.3507080078125,1366.223207419683,1333.6869411342625,1345.2963749209132,584385
2023-02-17,1355.9091796875,1374.095592126623,1345.445764311566,1355.2614201209444,535675
2023-02-20,1339.167724609375,1359.1479149247114,1328.654555976176,1355.3113534491838,390430
2023-02-21,1333.4378662109375,1352.7204240371925,1325.0173557365406,1338.3208183208558,575418
2023-02-22,1339.167724609375,1347.737736103474,1318.8886525430203,1324.3196149589626,556036
2023-02-23,1323.5723876953125,1340.3139037006551,1310.268924578661,1340.3139037006551,347591
2023-02-24,1301.001220703125,1337.2742976527225,1294.7729970998298,1327.3590143342733,409365
2023-02-27,1284.359375,1302.7451646472916,1267.5681079617389,1301.69877439074,419611
2023-02-28,1273.69677734375,1303.0939953650584,1268.5646963093345,1284.35944844263,907835
2023-03-01,1287.000244140625,1305.3361604496392,1275.7894406202363,1282.01766479823,467538
2023-03-02,1280.472900390625,1302.2468674577474,1272.351394115237,1287.0001273950702,299267
2023-03-03,1300.353515625,1308.2757677224638,1271.9528148035301,1285.5054056033725,568928
2023-03-06,1320.781982421875,1328.9533628089696,1302.0474379044065,1302.0474379044065,566960
2023-03-08,1337.872314453125,1343.3032768178705,1308.475098825434,1314.4541935293712,521534
2023-03-09,1330.3486328125,1362.1375121128247,1323.5722765117102,1341.7089376014717,625276
2023-03-10,1336.3277587890625,1340.7622056766334,1313.407894171502,1319.9351216662428,391986
2023-03-13,1319.486572265625,1352.3715943089921,1306.482113808201,1336.3277139441066,698497
2023-03-14,1333.138916015625,1346.292876214795,1292.4311473499788,1326.4621870177905,626503
2023-03-15,1316.646728515625,1355.2617224456008,1308.4753462000624,1340.3139828598037,343676
2023-03-16,1331.69384765625,1340.3636079903272,1303.442649423209,1315.4008388674586,475242
2023-03-17,1351.4747314453125,1355.112038584648,1331.345160166661,1344.2998660664862,440067
2023-03-20,1339.765625,1361.2405892497495,1300.45312516173,1361.2405892497495,605595
2023-03-21,1316.945556640625,1349.033318021625,1313.4577512016033,1341.6590764786934,318911
2023-03-22,1324.867919921875,1344.7982383862882,1317.49367776104,1318.4901936842607,344287
2023-03-23,1340.4632568359375,1347.6879964082345,1311.614051349906,1327.857307598034,388796
2023-03-24,1305.485595703125,1340.313774875535,1300.453142165482,1340.313774875535,316370
2023-03-27,1323.8214111328125,1338.1712634726427,1305.4856171016397,1312.0625972776038,456288
2023-03-28,1286.6512451171875,1333.8362382565886,1283.5121963948345,1331.3449490555115,474383
2023-03-29,1331.1956787109375,1336.32775968601,1283.5124194448777,1283.5124194448777,508829
2023-03-31,1370.1593017578125,1384.1603969072028,1331.3450613880655,1331.3450613880655,675734
2023-04-03,1352.670654296875,1388.1465946259386,1347.0901898032587,1388.1465946259386,401477
2023-04-05,1360.0447998046875,1368.216180630426,1345.296317444337,1355.2614753513324,212990
2023-04-06,1362.4862060546875,1373.1987507356807,1342.3067614230492,1362.237077108618,343855
2023-04-10,1353.966064453125,1368.4155445739104,1344.200281910217,1362.486323803038,357266
2023-04-11,1349.431884765625,1366.1235242902815,1332.3416145949632,1351.3750419030353,235880
2023-04-12,1358.500244140625,1362.2371786101114,1340.86196210265,1349.431974157005,177221
2023-04-13,1357.05517578125,1379.1777764272176,1352.4711060869618,1363.1338974321702,378453
2023-04-17,1358.5499267578125,1363.233501973558,1335.8791941774773,1351.2753133597548,375958
2023-04-18,1356.3577880859375,1368.614982503036,1348.2860335004136,1358.5501960867648,502824
2023-04-19,1354.66357421875,1366.1732584785004,1344.4492874846246,1356.257975136054,212326
2023-04-20,1388.8441162109375,1393.6274410340898,1349.8306173049277,1358.898887372359,611747
2023-04-21,1378.5302734375,1400.90212882582,1367.2198420758598,1396.1188037523902,600063
2023-04-24,1379.1778564453125,1391.1859203996728,1372.600876545598,1388.8938854195478,327783
2023-04-25,1376.4874267578125,1383.164034462128,1368.6646798232732,1383.164034462128,153489
2023-04-26,1368.71435546875,1383.8613459102276,1360.592727938391,1374.0456902964747,509852
2023-04-27,1377.48388671875,1382.167462483007,1368.3158680541414,1373.1988199723025,422730
2023-04-28,1362.984375,1370.2091139645402,1301.6487838223568,1370.2091139645402,1816275
2023-05-02,1401.5994873046875,1433.986251142158,1364.2800188638162,1365.226660225682,1312984
2023-05-03,1385.3065185546875,1409.0733969968148,1373.8465864008945,1404.5392012692707,515474
2023-05-04,1400.054931640625,1402.745597493428,1378.33095852598,1390.0897728784012,244571
2023-05-05,1411.8636474609375,1422.4764435153888,1391.136069966758,1399.805708850816,317728
2023-05-08,1416.5472412109375,1424.917998446143,1408.1267311716222,1412.0629200111841,319478
2023-05-09,1427.957275390625,1442.9548869272526,1417.0953504224317,1417.0953504224317,824650
2023-05-10,1435.6304931640625,1449.3325852381138,1423.1740458240158,1434.9827335733812,469015
2023-05-11,1466.2734375,1469.860870210157,1440.5632800613746,1440.5632800613746,456556
2023-05-12,1480.971923828125,1484.8084851823162,1457.2050472365875,1466.2234418944925,326598
2023-05-15,1506.034423828125,1513.0597874486486,1467.8678188484052,1480.8225246495113,496686
2023-05-16,1494.9730224609375,1523.6727274635755,1491.3358369415935,1512.7110531652763,481416
2023-05-17,1500.3045654296875,1507.8780619584886,1480.8226308808894,1497.713526767591,469701
2023-05-18,1485.506103515625,1512.4619054548325,1480.8724022084223,1502.845503337897,245900
2023-05-19,1487.897705078125,1493.378541935495,1466.4228627421535,1485.4562900451124,468553
2023-05-22,1491.0367431640625,1501.9485423507745,1472.9499573390385,1488.6949553985344,276941
2023-05-23,1498.4111328125,1506.6821416599748,1487.9477160339434,1494.6741982487297,368971
2023-05-24,1493.2789306640625,1499.806157831136,1480.772608679515,1499.7064089348485,362122
2023-05-25,1511.449951171875,1516.0883139328603,1489.9041454997555,1496.5374925223107,475551
2023-05-26,1526.3624267578125,1529.8038477057119,1489.305691099315,1510.4025524881642,415204
2023-05-29,1534.043212890625,1540.626636775223,1519.2802802585866,1527.55951386891,347260
2023-05-30,1554.44189453125,1557.9830404307738,1524.8164258686434,1534.0432284160029,341563
2023-05-31,1556.5364990234375,1590.999899790397,1546.1127552822038,1557.484189577114,1279601
2023-06-01,1558.4818115234375,1569.1051276283008,1546.1128840978183,1560.9755419816597,452507
2023-06-02,1593.2943115234375,1599.1794179877725,1556.0378811024857,1562.6214269171355,514635
2023-06-05,1595.0399169921875,1605.9624076428433,1583.6185584880195,1591.000024962941,231024
2023-06-06,1598.630859375,1603.4686720732088,1580.027605949588,1600.9250183200795,208474
2023-06-07,1598.830322265625,1607.9574000991734,1582.8206457760007,1600.9749548133827,632805
2023-06-08,1584.615966796875,1612.6454711808565,1579.379133136082,1604.9648305173635,286923
2023-06-09,1594.391357421875,1616.036886748989,1585.912674782306,1590.0023679379701,437123
2023-06-12,1591.3489990234375,1604.964790555315,1580.57615739083,1594.3913986372443,223661
2023-06-13,1681.422607421875,1690.4997613124053,1594.2916955595522,1598.381388876805,1634306
2023-06-14,1706.9085693359375,1725.6614710214972,1676.7843542122177,1691.2479908190453,1207550
2023-06-15,1680.8240966796875,1711.9458012138573,1676.3353822700954,1711.9458012138573,465902
2023-06-16,1709.9508056640625,1715.1876391071055,1675.7867017737349,1681.6220061145773,484881
2023-06-19,1704.1654052734375,1719.2276340641497,1694.8888013896833,1710.1503581394124,199840
2023-06-20,1715.1378173828125,1720.6739474847388,1690.848908042168,1705.7115653326978,273300
2023-06-21,1696.5347900390625,1719.6266371607976,1687.6570850665953,1719.6266371607976,369391
2023-06-22,1706.4097900390625,1715.1877697559892,1691.9960770273897,1695.7366726287767,213389
2023-06-23,1720.6240234375,1739.526572606684,1690.4498861104291,1705.7115646046682,732596
2023-06-26,1749.2520751953125,1757.381660301072,1706.9583850849313,1722.5192377560993,445964
2023-06-27,1738.47900390625,1761.570969335021,1733.1923690726348,1761.570969335021,320512
2023-06-28,1764.8629150390625,1768.7530370244867,1745.0625983903274,1755.5362659970083,322724
2023-06-30,1759.725830078125,1779.4761019184978,1755.087467150552,1770.4986724190064,336262
2023-07-03,1747.1573486328125,1775.5359503698523,1741.521493875714,1770.4487649772454,238418
2023-07-04,1731.9954833984375,1787.45602300504,1726.609001394865,1747.1574372516118,399795
2023-07-05,1727.3570556640625,1741.621241687101,1697.73158840289,1740.6237495670055,502769
2023-07-06,1749.900390625,1755.5860467297641,1719.077861247195,1727.3569723863395,240874
2023-07-07,1698.5794677734375,1749.551291820433,1691.7466709611292,1744.9130507766045,248389
2023-07-10,1672.4453125,1713.6416670802205,1664.814472858149,1710.6491904962932,299305
2023-07-11,1688.8040771484375,1703.7165355897625,1668.8043114998084,1672.445182079167,457955
2023-07-12,1683.716796875,1695.7366257810597,1663.7669542187523,1692.7441493826227,502653
2023-07-13,1661.8218994140625,1703.71656914719,1654.6400047369114,1686.7092795141425,270100
2023-07-14,1683.417724609375,1689.5024026365131,1653.293387309021,1668.0063971622394,268107
2023-07-17,1690.0509033203125,1718.6289543978553,1670.7992572032865,1692.1954139107586,473571
2023-07-18,1686.06103515625,1706.659150707224,1668.8043722012765,1700.3750232009565,173675
2023-07-19,1712.1453857421875,1715.6865316498115,1683.7667822237686,1695.4873152161438,383674
2023-07-20,1710.4495849609375,1720.6738790247075,1697.9310103527987,1715.786143363339,235107
2023-07-21,1709.601806640625,1725.7113290878347,1696.933583377874,1701.721594365464,331260
2023-07-24,1704.9134521484375,1729.85075470013,1697.7814810299917,1720.673876066776,392933
2023-07-25,1705.162841796875,1714.1402708030014,1687.706729840518,1704.7140190522382,221128
2023-07-26,1702.320068359375,1722.120263062169,1699.8263379997238,1715.6864874399403,273042
2023-07-27,1704.7640380859375,1718.3797087650764,1693.4424045700518,1702.3201092163167,215362
2023-07-28,1726.309814453125,1734.5889262429882,1686.3602051236899,1709.3025245830297,344569
2023-07-31,1752.693359375,1759.5760792760232,1726.7087630088213,1734.6387765651953,346064
2023-08-01,1703.317626953125,1757.6311493637131,1697.6319702169826,1755.5862416833522,260609
2023-08-02,1686.659423828125,1712.3448455186383,1673.9413994959293,1703.3174932673712,752736
2023-08-03,1683.218017578125,1693.2428620206474,1666.210850107939,1685.26292511569,269065
2023-08-04,1696.6842041015625,1713.7414170795016,1685.7617138917808,1694.7391431373583,396908
2023-08-07,1685.5623779296875,1713.6916094252902,1672.7944289908098,1705.711671779538,395041
2023-08-08,1709.4022216796875,1715.3871744849114,1670.200853863977,1675.786785462684,322580
2023-08-09,1783.416259765625,1801.8698647519982,1698.7790742215009,1717.5318537977937,2491542
2023-08-10,1890.6964111328125,1910.1974310009205,1785.5109146170485,1805.460757238468,4043720
2023-08-11,1881.07080078125,1905.0604146393903,1871.6943499412407,1889.0507382171415,697959
2023-08-14,1924.7607421875,1930.147223909384,1855.484964174561,1880.2726186404077,1480009
2023-08-16,1951.6431884765625,1962.0669320637596,1901.6189360388287,1924.1622328169763,1232266
2023-08-17,1969.8475341796875,1979.573082581233,1955.0846017465426,1960.0720624652838,969098
2023-08-18,1969.0494384765625,2022.614716440696,1951.0945803749526,1974.2363487780246,1571201
2023-08-21,1994.934326171875,2012.9391077291361,1945.1595665585949,1968.9995309285857,1066063
2023-08-22,2022.7645263671875,2028.8991277286434,1993.9869008503235,1994.934469731347,647887
2023-08-23,2045.806396484375,2063.761254483556,2022.7643530715936,2030.6944884130696,707284
2023-08-24,2063.861083984375,2074.4343541569474,2031.4425906436834,2062.614218855887,462418
2023-08-25,2008.9490966796875,2056.8786409640356,1994.984207229084,2056.8786409640356,766297
2023-08-28,2000.7198486328125,2021.9664798018405,1985.458170270364,2021.9664798018405,696730
2023-08-29,2044.16064453125,2047.5520203184694,1995.9817265636977,2004.959155618707,352814
2023-08-30,2057.377685546875,2072.1406195281807,2042.21573031339,2063.412562355089,844098
2023-08-31,2043.4625244140625,2067.9010821908696,2038.3252937031475,2058.8238061767124,682000
2023-09-01,2057.926025390625,2107.650859890055,2034.8838607327555,2054.5344061723986,785674
2023-09-04,2026.3055419921875,2069.2974285432883,2014.9341073306543,2068.7986824771174,744599
2023-09-05,2058.524658203125,2074.7838301934894,2022.914234438652,2029.8467567040564,536090
2023-09-06,2062.315185546875,2081.9158104552325,2046.5048362898567,2067.0033503222494,331114
2023-09-07,2082.51416015625,2087.7509937526193,2050.5444892098867,2067.801151480736,303430
2023-09-08,2081.3173828125,2126.2045314716775,2062.115658108296,2094.7336040949585,548262
2023-09-11,2080.519287109375,2101.0677231588365,2072.539349774184,2088.698674172274,623499
2023-09-12,2052.240478515625,2106.6537300096834,2028.0514129724245,2088.6988693279077,722560
2023-09-13,2060.22021484375,2067.8012526894595,2007.3033286860614,2056.3300928216695,355761
2023-09-14,2053.337646484375,2083.7112345702735,2042.8639786252124,2045.8564551564018,287994
2023-09-15,2065.05810546875,2080.2698606231506,2045.9063050619948,2067.8012088572486,359579
2023-09-18,2050.195556640625,2067.80119540823,2042.5147941442785,2067.80119540823,323336
2023-09-20,2056.429931640625,2082.9630769431374,2017.3779675132891,2046.853909506444,451829
2023-09-21,2053.038330078125,2106.703457385764,2029.9962853658044,2057.8263411869466,298279
2023-09-22,2060.718994140625,2074.3349084940946,2044.5596695546856,2064.2601400799535,394776
2023-09-25,2151.640380859375,2168.0490771823,2035.9810989215123,2074.7835659255506,1841241
2023-09-26,2145.5556640625,2179.5203200439123,2136.0794887579614,2151.5905401989558,1021206
2023-09-27,2108.549072265625,2144.807769129865,2085.6067507093894,2137.6258736961977,582180
2023-09-28,2059.372314453125,2126.6531062815525,2040.6693380259303,2116.7780321393293,3956535
2023-09-29,2074.93310546875,2085.8558388446736,2026.0561140722737,2051.4920409937445,767501
2023-10-03,2053.93603515625,2081.067770971325,2046.853743991338,2069.097866035703,543387
2023-10-04,2017.2283935546875,2050.7939064900647,2002.5651861099477,2048.8488455322554,551771
2023-10-05,2042.4649658203125,2052.9884352731956,2017.228486695104,2017.8767592015217,461744
2023-10-06,2066.903564453125,2086.653714038253,2044.9587373333338,2050.6943171487337,444220
2023-10-09,2073.836181640625,2084.2100029818453,2027.303146729401,2029.896602064706,487722
2023-10-10,2045.6568603515625,2084.509129187149,2041.9660664996659,2084.509129187149,351329
2023-10-11,2096.0302734375,2109.4964172693562,2049.8463388492405,2053.287638011711,729470
2023-10-12,2071.99072265625,2102.5140809975383,2064.8088276137014,2099.7210541675563,285544
2023-10-13,2079.571533203125,2104.40898853737,2066.2549165486766,2069.7960621317266,321887
2023-10-16,2102.3642578125,2111.690906938475,2075.282443025743,2087.751095050651,446019
2023-10-17,2073.7861328125,2112.2894263405133,2067.9010266723285,2111.6409103407086,373789
2023-10-18,2043.8115234375,2085.1575249845596,2026.1060375029767,2083.860979992325,432748
2023-10-19,2055.432373046875,2068.7986701291366,2014.9340953041733,2040.818967278277,350097
2023-10-20,2031.043701171875,2055.432457725325,2019.3231682039584,2055.432457725325,353937
2023-10-23,1986.954345703125,2036.0310302252258,1975.0343637789163,2029.8964294394416,488451
2023-10-25,1988.251220703125,2002.8645049999218,1968.8500471623765,2002.8645049999218,512770
2023-10-26,2026.0062255859375,2035.8314986393834,1940.1221781945314,1975.0344024808082,966275
2023-10-27,2116.7783203125,2137.5758868138682,2026.0563305804765,2026.0563305804765,999445
2023-10-30,2114.43408203125,2137.8252253169117,2066.803829682156,2137.8252253169117,483782
2023-10-31,2149.29638671875,2159.570605046585,2113.7858106465524,2135.5309457037724,749792
2023-11-01,2192.138427734375,2203.7593568777734,2143.560610913415,2158.2736194661416,1081257
2023-11-02,2184.358154296875,2204.4575225321546,2169.5452993246317,2204.4575225321546,474395
2023-11-03,2190.99169921875,2193.4355064944475,2174.53307730338,2189.4954608628072,230437
2023-11-06,2227.599365234375,2239.8685670796935,2183.161042352174,2191.0413762580642,537580
2023-11-07,2417.9208984375,2443.8556935527536,2176.2285091000617,2228.8462184204323,3419427
2023-11-08,2446.69873046875,2497.5708303875904,2385.053666567307,2443.855780414883,2652822
2023-11-09,2471.835205078125,2481.0120831651493,2432.0850497658453,2446.847980703231,684007
2023-11-10,2483.107177734375,2497.869866712192,2447.895656180208,2470.738128973697,644072
2023-11-13,2552.63232421875,2557.569861634409,2479.117201784618,2488.742903579505,1131761
2023-11-15,2546.7470703125,2573.3303831137487,2528.4931581812934,2573.3303831137487,599328
2023-11-16,2538.318359375,2551.7345807949537,2485.151976268139,2550.088816071931,766675
2023-11-17,2569.9384765625,2607.144979549034,2538.367949899052,2541.160976405964,717236
2023-11-20,2616.172607421875,2630.6861673039803,2578.8165740961113,2588.4921995080604,568578
2023-11-21,2607.19482421875,2645.348894817073,2599.4143375871513,2628.291683491196,519349
2023-11-22,2620.561279296875,2640.4115182507944,2600.9606568968907,2618.4167686881447,395438
2023-11-23,2648.3916015625,2657.817853745511,2624.9006125469364,2638.167306947791,398832
2023-11-24,2643.0546875,2661.3088410751106,2633.379063132793,2653.278981211027,325606
2023-11-28,2665.049560546875,2676.7700929082207,2638.4165697591034,2661.8077111703324,535972
2023-11-29,2669.687744140625,2713.1784968694283,2661.3089079586894,2687.2437024140586,460234
2023-11-30,2780.0107421875,2802.7036895806705,2668.291616559585,2669.6880082185867,2343154
2023-12-01,2800.65869140625,2830.284159878811,2745.497326203734,2780.0106523816385,1049846
2023-12-04,2809.785888671875,2859.8100230910213,2765.2976409187595,2839.8601798884333,685830
2023-12-05,2867.540771484375,2891.2312118088394,2810.4343416496135,2812.9280722100834,676125
2023-12-06,2860.657958984375,2905.14596274485,2847.441188000592,2882.9517624135915,487235
2023-12-07,2838.064453125,2910.681926171057,2829.436243935453,2874.7222875275997,961559
2023-12-08,2834.17431640625,2880.058952422942,2793.1772942060866,2850.13418980336,688323
2023-12-11,2874.173828125,2900.0589446411946,2833.9750886799316,2851.7801777162517,577553
2023-12-12,2876.318603515625,2902.602376151271,2842.5533960557923,2889.634977905175,462633
2023-12-13,2956.01806640625,2966.4917339925687,2879.8097634752385,2887.7397773706366,887243
2023-12-14,2977.2646484375,2987.488942816086,2937.1155900240287,2982.700931864834,425400
2023-12-15,2982.252197265625,3016.9649732778757,2972.5765719806705,2992.476491946442,682553
2023-12-18,2963.997802734375,2993.9724885484493,2953.773508878762,2991.029935607868,646708
2023-12-19,2993.2744140625,3006.0423619539097,2949.5842103306272,2980.5064661710903,533290
2023-12-20,2941.554443359375,3017.4137704934865,2920.3577350542555,3014.4212940268812,713170
2023-12-21,2947.788818359375,2962.451904583946,2872.278709635153,2902.6522975706994,631420
2023-12-22,2958.06298828125,2974.4716855399106,2921.006252101412,2971.3296826602113,518707
2023-12-26,2962.551513671875,2984.4464163887983,2954.222357291124,2978.6112337667532,315645
2023-12-27,3003.199462890625,3052.0266544767405,2968.0877882404047,2968.187391337471,584065
2023-12-28,3018.411376953125,3037.3637286259964,2995.4690565070173,3017.413884759816,503705
2023-12-29,3047.28857421875,3052.6751779091414,2993.872821243745,3022.7004902997637,430702
2024-01-01,2994.571044921875,3059.308182943548,2987.9874998393866,3054.1212728780038,421730
2024-01-02,2987.688232421875,3010.3312539557887,2933.374837314978,3007.8874470629116,408928
2024-01-03,3050.679931640625,3100.105468269904,2980.8554876116386,3001.453601188856,714968
2024-01-04,3060.15625,3100.6542833230237,3053.17380526896,3066.2907290309327,299498
2024-01-05,3057.862060546875,3088.7843167055016,3037.3635484844376,3077.7120566051035,258565
2024-01-08,3036.914794921875,3075.467769373781,3030.1817228629634,3073.2234120208104,303947
2024-01-09,3107.636962890625,3135.117921150127,3051.1291283156024,3061.3034998440153,723237
2024-01-10,3165.641357421875,3181.9502088474455,3104.345266636346,3118.659377181407,951897
2024-01-11,3167.83544921875,3205.141556221793,3160.5537082076007,3181.9997882853863,485141
2024-01-12,3204.094482421875,3232.822306573651,3154.1701924849385,3194.9675261758675,597455
2024-01-15,3185.291748046875,3229.8795986806176,3172.523799754078,3229.8795986806176,381958
2024-01-16,3158.159912109375,3216.8122541946395,3135.267273034359,3195.5159434581697,370700
2024-01-17,3139.95556640625,3175.964884663569,3109.332364484082,3145.09255324776,420338
2024-01-18,3143.845947265625,3177.012561923064,3082.2508057589534,3130.130429926083,439730
2024-01-19,3201.999755859375,3210.6778889428456,3139.656495879902,3162.0002228452013,406436
2024-01-23,3156.214599609375,3217.6602117202315,3142.1001834980175,3198.9572344375056,344687
2024-01-24,3214.66796875,3233.1714976574617,3122.1505677410596,3156.1651489734836,339968
2024-01-25,3223.695068359375,3244.3431064495567,3172.0249280582907,3214.9670123466362,489321
2024-01-29,3238.258544921875,3286.736762718077,3217.510902213601,3239.8546298356036,604096
2024-01-30,3047.28857421875,3266.7867690395847,3021.453625120741,3254.816863320966,1206541
2024-01-31,3079.208251953125,3096.7142873694843,2984.7957201811755,3046.340935295991,986931
2024-02-01,3095.018798828125,3125.941056548183,3053.8722462167575,3081.2533579761034,742113
2024-02-02,3118.21044921875,3205.0918711779595,3100.2056668302316,3122.1504945877173,892545
2024-02-05,3019.558349609375,3172.025126447613,2999.1596832723267,3167.037665556972,808544
2024-02-06,3027.388671875,3113.5718961275784,3014.0720542760027,3017.4137503861202,718388
2024-02-07,3598.452880859375,3625.584618254709,2947.5892620760783,3072.2757790843725,5846891
2024-02-08,3832.314697265625,3927.525268818669,3610.572156328298,3725.982186289087,7374486
2024-02-09,3750.121337890625,3848.3243828850705,3657.9032452801375,3790.4698431734755,2001715
2024-02-12,3792.51513671875,3825.033235198524,3690.820859147037,3758.3510300488097,1087518
2024-02-13,3841.591552734375,3870.2694513753654,3757.5528410646907,3775.507699344267,1288707
2024-02-14,3911.166748046875,3940.5927666817593,3782.590106406129,3792.614707762445,725269
2024-02-15,3942.737060546875,3996.801327311498,3866.030015295193,3921.241300566065,964837
2024-02-16,4014.507080078125,4026.177689747745,3920.4435198519345,3960.04391024875,736660
2024-02-19,4037.000244140625,4089.5181082534937,4003.6341805388915,4037.84820987667,374829
2024-02-20,4015.803466796875,4063.982385358045,4000.492108725855,4047.7731382534516,468003
2024-02-21,3884.982421875,4036.900519968066,3864.13493404539,4034.955459045992,614056
2024-02-22,3944.083984375,3956.0538902456374,3820.0956606926434,3912.1642353866337,1012228
2024-02-23,3876.054931640625,3940.0938770891635,3858.748345933716,3940.0938770891635,555204
2024-02-26,3834.958251953125,3904.1341834560185,3814.409817137749,3865.281914594346,671311
2024-02-27,3927.62548828125,3984.9812890625,3832.1655346431735,3855.1078549556732,861671
2024-02-28,3914.957275390625,3945.031566581134,3875.257038746189,3930.0691841921525,411252
2024-02-29,3872.065185546875,3959.994023632606,3772.5154174695826,3921.590574776821,1235124
2024-03-01,3891.466064453125,3919.0965469836883,3848.673750671887,3914.1590097825215,645099
2024-03-04,3909.9697265625,3926.8771695757114,3832.8635356816335,3899.7953554727374,291319
2024-03-05,3842.63916015625,3925.9796802067544,3835.407341876776,3919.645507474767,549270
2024-03-06,3862.28955078125,3884.0848513652595,3740.8448832172994,3866.7283420809968,1009678
2024-03-07,3942.288330078125,3968.023675624194,3830.66905863518,3880.2443685716726,680535
2024-03-11,3994.65673828125,4233.306977136751,3890.319206190449,3972.013715329967,3757634
2024-03-12,3998.547119140625,4068.3715694527164,3947.6250963144926,4015.703935368782,899570
2024-03-13,3934.15869140625,4027.8231004158733,3867.7755446993588,4012.8607191984675,968084
2024-03-14,4070.865234375,4094.7051989012325,3860.8931407407226,3890.2193119889907,723158
2024-03-15,4053.7080078125,4134.604713736265,3971.265383971653,4040.8903805708783,1197832
2024-03-18,4060.840576171875,4073.758051159276,3995.85381471866,4053.708360988797,328538
2024-03-19,3945.729736328125,4077.747920146359,3933.809753809298,4069.7679829249373,489357
2024-03-20,3955.106201171875,3994.906039570525,3833.611611572551,3961.490053364142,607192
2024-03-21,3991.81396484375,4005.6290846822194,3947.77454133075,3955.056282561691,622994
2024-03-22,3938.697509765625,4014.9058108509334,3912.11419846621,3999.943428947141,678055
2024-03-26,3872.01513671875,3938.6975840726823,3856.3545587363337,3875.256986192399,844731
2024-03-27,3865.4814453125,3912.6628716675973,3857.3020585694326,3872.763186551803,524636
2024-03-28,3938.098876953125,3965.03116410554,3865.4814021476104,3865.4814021476104,837624
2024-04-01,3877.05224609375,3973.409834428658,3859.34676176123,3964.981075099971,523250
2024-04-02,3882.1396484375,3899.9949042568965,3863.5365170248556,3890.2194323622116,604885
2024-04-03,3913.011962890625,3938.0488683620124,3833.3621216811507,3875.256789677666,727717
2024-04-04,3993.16064453125,4018.8460681550637,3905.23180631389,3940.094109284034,910922
2024-04-05,3922.73779296875,4042.735905824329,3902.38880664694,3998.9460971086914,679916
2024-04-08,3921.989501953125,3970.018650273104,3913.7601919368553,3922.737621045513,471027
2024-04-09,3892.5634765625,3949.0213845052117,3885.1319654369063,3949.0213845052117,483412
2024-04-10,4011.065185546875,4103.034150270881,3894.3586120278296,3919.146387660946,1107300
2024-04-12,4043.68359375,4103.6329685470255,4014.9058482092582,4036.8506752056815,776121
2024-04-15,3959.24560546875,4056.5510087961857,3924.383305183843,3940.1437291127195,597371
2024-04-16,3978.1982421875,4023.4845330331045,3902.5882866442307,3958.048948965475,577349
2024-04-18,4076.850341796875,4167.42243592973,3966.627457109786,3977.99877042634,1484951
2024-04-19,4148.52001953125,4164.28020009909,3954.1086605274063,4077.6978359569025,1180675
2024-04-22,4158.1455078125,4294.003634447336,4104.679835868348,4204.728094882276,1179181
2024-04-23,4147.87109375,4214.404009864496,4129.617183630536,4204.429089131089,626656
2024-04-24,4211.1630859375,4234.3547817385415,4147.872005154525,4147.872005154525,641190
2024-04-25,4312.30810546875,4336.098390738181,4185.178022754635,4239.3416518604245,761557
2024-04-26,4294.05419921875,4362.033192144625,4282.682886067448,4329.11595104223,622336
2024-04-29,4303.28076171875,4503.676826997049,4042.2368845870765,4348.068059552632,2349939
2024-04-30,4398.8408203125,4658.288642774298,4369.065580291555,4438.840355534395,4924865
2024-05-02,4635.04638671875,4664.971147464415,4384.077295853774,4398.839982998974,1998618
2024-05-03,4512.3046875,4668.811088326285,4470.759242198796,4668.462355763938,1313008
2024-05-06,4497.74169921875,4568.513960747776,4469.014120663804,4543.576657468585,735051
2024-05-07,4492.6552734375,4546.569533037948,4405.823283561733,4520.634735350587,982212
2024-05-08,4487.318359375,4530.609422006607,4459.188885446061,4487.667579044755,596788
2024-05-09,4396.89599609375,4537.093331839376,4370.312438965993,4501.482665004661,688477
2024-05-10,4460.18603515625,4473.0039059279425,4389.962689410465,4421.882436300066,549717
2024-05-13,4454.5009765625,4510.310371217049,4347.070875074925,4464.4758982584035,637292
2024-05-14,4528.9638671875,4537.592077419518,4437.144416737039,4459.787684797245,559577
2024-05-15,4515.646484375,4568.014816698766,4497.891320809797,4538.588801393031,413777
2024-05-16,4585.1220703125,4622.5781917695485,4518.739164341771,4518.739164341771,500593
2024-05-17,4622.92724609375,4661.281015719443,4543.576937000226,4588.464085664335,752254
2024-05-21,4655.5947265625,4716.093012632343,4612.054293406174,4678.237992264581,668195
2024-05-22,4637.41650390625,4704.179154289629,4535.675469798425,4670.697693162476,742788
2024-05-23,4688.91015625,4702.332756845062,4598.5958280465875,4643.453802546705,459499
2024-05-24,4705.7255859375,4768.097358260545,4644.551546554846,4698.340865550345,549566
2024-05-27,4672.39404296875,4751.082365603643,4640.4596966690915,4749.2360637523025,611635
2024-05-28,4606.42919921875,4714.0580147244955,4590.5619196046955,4688.211252676517,445558
2024-05-29,4662.46435546875,4709.817199199696,4590.662264642781,4640.459789443497,744694
2024-05-30,4641.806640625,4688.360828535481,4592.757582116106,4659.520221873724,523206
2024-05-31,4549.7958984375,4700.33649707903,4489.669513310321,4655.428823540059,3005008
2024-06-03,4652.63525390625,4736.06335083396,4595.053435961553,4736.06335083396,450140
2024-06-04,4528.8388671875,4675.387668841767,4187.390962318048,4675.387668841767,1175204
2024-06-05,4893.73828125,4921.930318435768,4514.967229653503,4674.3894576332,1231971
2024-06-06,4868.44091796875,4918.487926101998,4811.158297620457,4899.975693381831,512601
2024-06-07,4954.41455078125,5000.120390990578,4831.0680354002425,4868.44139658465,488611
2024-06-10,4959.25439453125,5036.994469961768,4909.90565598362,5014.6902279101,417996
2024-06-11,4896.533203125,4999.7209594020815,4874.678232914041,4998.723011106791,512441
2024-06-12,5017.73388671875,5078.908411483467,4898.978035899042,4934.854473138291,954491
2024-06-13,5013.54296875,5177.356094683126,4961.848951304331,5177.356094683126,932377
2024-06-14,5234.78759765625,5283.138388511244,5029.659516074173,5039.68870174504,1424125
2024-06-18,5346.60791015625,5440.814132231292,5194.320902102691,5288.128042313576,1247457
2024-06-19,5345.8095703125,5390.917031015085,5277.550000067278,5363.92272283747,707909
2024-06-20,5326.19970703125,5410.875718300829,5294.165468934,5363.872255604812,516737
2024-06-21,5255.54541015625,5342.865891108196,5189.331439429938,5326.199958689008,638917
2024-06-24,5384.6796875,5428.838900986888,5189.331302413937,5255.545271391975,543826
2024-06-25,5327.84619140625,5447.799772029316,5293.167487966422,5429.337728471422,559045
2024-06-26,5352.794921875,5383.931103893633,5249.208082758204,5334.033688658289,578724
2024-06-27,5318.06689453125,5375.947900326486,5292.8686980428065,5349.0032941804275,900729
2024-06-28,5468.607421875,5497.697519133708,5347.555993353582,5349.003213388396,970080
2024-07-01,5504.33349609375,5543.6028595302905,5368.96190535967,5488.715702505238,544030
2024-07-02,5524.5419921875,5557.124907290879,5448.797812361659,5503.684969812189,428098
2024-07-03,5482.828125,5566.306406988249,5448.847691328398,5548.5928237828275,355297
2024-07-04,5585.9658203125,5608.4693592175145,5482.478388292033,5536.617082729319,440575
2024-07-05,5608.36962890625,5632.86955236739,5523.64391455621,5548.592622390701,362427
2024-07-08,5582.7724609375,5653.377305485264,5560.568110532019,5649.585296732291,273130
2024-07-09,5581.375,5623.039339680345,5538.612819782373,5595.695654926853,313079
2024-07-10,5556.576171875,5614.906445315172,5458.826940318977,5598.490000757678,425869
2024-07-11,5623.68798828125,5651.381052772586,5533.623156917533,5533.623156917533,578262
2024-07-12,5639.6552734375,5684.3134594116345,5599.587747052908,5653.277170139086,476682
2024-07-15,5663.9052734375,5743.142758201093,5634.166609039288,5678.325821269725,498397
2024-07-16,5635.71337890625,5713.703430301518,5615.804602197078,5688.255748022843,641858
2024-07-18,5297.60888671875,5648.637223518848,5272.111500947548,5638.308360502524,1342486
2024-07-19,5155.75048828125,5297.608746928956,5095.573911192877,5297.608746928956,879290
2024-07-22,5199.5107421875,5228.201757548557,5073.120192521215,5099.516121565177,631260
2024-07-23,5253.00048828125,5299.355385448888,4945.482792408005,5199.510844931245,763626
2024-07-24,5276.0029296875,5368.961713951802,5252.301658180742,5274.156627924772,711861
2024-07-25,5299.0556640625,5324.50334520137,5215.277711048447,5264.077284482393,302964
2024-07-26,5382.28466796875,5400.447035021167,5314.074802855549,5349.002994048027,336310
2024-07-29,5506.07958984375,5538.563097824119,5353.9923736474675,5403.84008376216,533654
2024-07-30,5608.96875,5648.387710168135,5508.674939951961,5538.6133907125695,789712
2024-07-31,5827.02001953125,5907.155071676911,5613.5087896513805,5613.5087896513805,1671711
2024-08-01,5758.9599609375,5881.907388676728,5711.208523725401,5881.907388676728,767562
2024-08-02,5526.88720703125,5793.938271236846,5512.666443667336,5713.254053221488,560989
2024-08-05,5335.9296875,5413.220978531929,5215.327537544173,5349.00290773412,1074769
2024-08-06,5209.98876953125,5456.481994181395,5183.8920322396825,5344.112920629936,642644
2024-08-07,5461.22216796875,5488.515663144271,5263.778006634836,5278.148364169315,717292
2024-08-08,5632.52001953125,5715.648916858961,5478.736091173746,5503.684798328453,1183241
2024-08-09,6262.47509765625,6360.77300733774,5615.056123992633,5727.075823096665,6877196
2024-08-12,6369.25537109375,6420.799302856472,6264.12142120455,6290.018374261977,1889796
2024-08-13,6368.6064453125,6429.780477197602,6317.012326658516,6361.919997227179,651594
2024-08-14,6425.140625,6438.762522030426,6278.192735761162,6386.869209701601,885572
2024-08-16,6489.05908203125,6534.565623044076,6426.787204093441,6426.787204093441,1153478
2024-08-19,6676.17431640625,6736.151107426037,6508.918081823752,6561.510152789066,1827850
2024-08-20,6779.9609375,6805.708296309899,6591.4983013768615,6696.2331716030585,1143592
2024-08-21,6769.283203125,6810.997247767312,6726.171641018561,6786.048539900032,651691
2024-08-22,6975.458984375,6995.667437890202,6776.069104603458,6810.9972958643,771279
2024-08-23,6934.4931640625,7015.576462437039,6897.569077418094,7005.596979560172,625160
2024-08-26,6911.39111328125,7083.387606945052,6893.727232771089,6985.638372238867,754901
2024-08-27,6855.8046875,6958.693251065865,6765.340774743764,6955.649703769726,578002
2024-08-28,7227.2412109375,7309.971024461528,6935.989913005288,6975.658356448612,2358476
2024-08-29,7155.9375,7276.988914730532,7078.397213574609,7255.034053296209,836313
2024-08-30,7144.0625,7259.824504539899,7115.4211884477445,7195.207351143706,1169809
2024-09-02,7133.5341796875,7252.838703149571,7096.7596876513,7164.52027925927,625283
2024-09-03,7028.35009765625,7165.268799431822,6980.648363791865,7164.270851131066,857908
2024-09-04,7125.2509765625,7154.24166707303,6935.790394169512,7028.549883655445,576206
2024-09-05,7152.94384765625,7194.209106236129,7075.702748715594,7155.1892312724285,667571
2024-09-06,7088.9755859375,7175.1987105155695,7045.515131560406,7170.158779137362,384793
2024-09-09,7122.0078125,7141.019020449166,7033.58949349449,7089.424897161364,349967
2024-09-10,7123.30517578125,7185.227672127182,7080.942076052558,7141.317947464183,376043
2024-09-11,7134.1826171875,7204.837160086284,7093.117143161685,7146.257888760727,428437
2024-09-12,7195.7060546875,7294.003960018159,7128.194951172634,7183.231701219142,572357
2024-09-13,7218.31005859375,7266.161877207878,7185.27787053207,7233.628663324533,468707
2024-09-16,7303.7841796875,7369.7988527787875,7196.205542607457,7255.084495181835,502100
2024-09-17,7388.2607421875,7493.394208695172,7309.971500961664,7399.786850461534,753643
2024-09-18,7320.94873046875,7437.708681595364,7230.983788659131,7419.745612191269,388287
2024-09-19,7311.11865234375,7440.702333218142,7168.81113097197,7440.702333218142,395523
2024-09-20,7449.83349609375,7492.595677296595,7266.909771499867,7334.919849244801,798170
2024-09-23,7607.80908203125,7629.314672756874,7448.835627156044,7505.51938236381,510496
2024-09-24,7605.71337890625,7666.238845887104,7565.046985653204,7624.27531475494,613798
2024-09-25,7599.2763671875,7726.115692821851,7554.019314594765,7602.61959142858,576171
2024-09-26,7829.30322265625,7923.609333721409,7694.72980163278,7709.050456694857,1712253
2024-09-27,7817.6279296875,7921.664041786555,7720.527266027377,7883.742005721671,11179751
2024-09-30,7559.109375,7817.8776746297735,7468.395967403351,7798.716871390056,1117618
2024-10-01,7597.08154296875,7631.760247875679,7506.816920464684,7584.407404105367,559721
2024-10-03,7472.537109375,7638.795396531344,7435.712913914043,7553.9697895413165,741293
2024-10-04,7338.212890625,7440.652671365598,7257.079890392533,7425.733149671458,938897
2024-10-07,7434.2158203125,7488.5041100805865,7269.0553775630915,7292.207972908622,854385
2024-10-08,8025.4501953125,8056.835375686233,7435.7124768228905,7504.5709066847585,2278240
2024-10-09,8203.9833984375,8305.126049618584,8018.515085262202,8072.404296787299,1260784
2024-10-10,8012.37744140625,8253.980826377834,7995.561914810998,8183.176198383698,606292
2024-10-11,8218.0546875,8291.752780882487,7933.689119676057,8052.444969391963,800644
2024-10-14,8175.04248046875,8327.878157710697,8146.9503346484735,8263.061223872228,417498
2024-10-15,8107.58154296875,8243.05302580815,8073.4018134125845,8207.12688671262,460534
2024-10-16,7789.78466796875,8116.413439879935,7750.565494576035,8093.360736626749,900545
2024-10-17,7703.8115234375,7863.882333858432,7604.565857024931,7764.336990587154,997450
2024-10-18,7752.1123046875,7783.9969486389,7614.445625380208,7704.161082499014,571161
2024-10-21,7590.943359375,7833.89406513481,7537.004449290529,7803.955616478243,662166
2024-10-22,7481.9677734375,7650.770630677909,7454.0749235818175,7619.285556771075,610564
2024-10-23,7495.88916015625,7569.438147616397,7434.715121917226,7452.678192010449,505590
2024-10-24,7472.63671875,7624.723939127647,7371.594455425556,7553.670313977278,448738
2024-10-25,7346.3466796875,7495.789437037636,7049.556466585612,7434.714806400796,590268
2024-10-28,7292.85693359375,7413.75827851805,7207.33256524422,7347.145226278034,419026
2024-10-29,7395.09619140625,7430.823033391369,7149.750988396012,7298.295205012602,359440
2024-10-30,7237.5703125,7413.55810463381,7200.196953911993,7404.776354542894,481764
2024-10-31,7113.724609375,7258.9260818734365,7056.492178944645,7244.106452688329,742508
2024-11-01,7134.33251953125,7200.097216177627,7110.3817599188915,7139.27255861308,76497
2024-11-04,7049.25732421875,7135.629554918175,6935.740704770174,7094.4144849224695,681708
2024-11-05,6954.05322265625,7063.977131850545,6780.110539375032,6991.625879175662,1026360
2024-11-06,6941.1796875,7221.153887723783,6787.146270175377,7009.588848448293,1142746
2024-11-07,6492.15234375,7000.856464451954,6293.9100212403255,6984.6398053810235,4427899
2024-11-08,6286.02685546875,6549.684513032277,6257.136056277979,6536.5615898916685,2523322
2024-11-11,6467.40380859375,6606.417813287862,6199.304605244544,6217.567351688221,2339199
2024-11-12,6515.1552734375,6704.116884235853,6486.664043971528,6506.623010260671,1258152
2024-11-13,6484.91748046875,6606.118495294029,6399.2937120328215,6485.665941686824,758642
2024-11-14,6449.740234375,6536.860931070969,6353.986894563276,6482.672530171747,620489
2024-11-18,6288.720703125,6439.760273285325,6262.125478826191,6398.445311805211,828906
2024-11-19,6410.67041015625,6566.400050514111,6346.751527919814,6346.801717703465,674042
2024-11-21,6447.1953125,6505.624990760337,6333.179718820852,6386.869142639386,1511541
2024-11-22,6639.150390625,6664.29888320927,6416.807699765738,6446.6462570879185,833104
2024-11-25,6761.0498046875,6824.518924628863,6676.3236070174125,6785.050265590918,1490945
2024-11-26,6655.66650390625,6796.327022560528,6632.51390874113,6761.099642948894,476650
2024-11-27,6831.05615234375,6894.824952625998,6617.744698642229,6678.270166879893,784373
2024-11-28,6729.365234375,6872.321329686292,6702.270547953176,6835.945918899493,813013
2024-11-29,6781.45751953125,6806.0071442228955,6714.295796436246,6736.150765909757,720647
2024-12-02,6791.33740234375,6883.847405091419,6739.743767363892,6763.145362738961,446537
2024-12-03,6827.3134765625,6850.465583998285,6668.090538132815,6791.337149155444,842566
2024-12-04,6809.79931640625,6905.8021363933185,6717.389694982686,6875.86368782514,899250
2024-12-05,6955.79931640625,7060.434289704225,6708.208253796122,6855.854894877059,1140361
2024-12-06,6985.58837890625,7125.350843037527,6915.831403098337,7035.53549627655,1088961
2024-12-09,6935.44140625,7010.586717362049,6853.210077563727,6970.66878587529,825347
2024-12-10,6863.9384765625,6945.670836522051,6796.028286031637,6935.741055494843,579733
2024-12-11,7048.80810546875,7085.433003369779,6820.776916557483,6879.755759154098,1037764
2024-12-12,6998.1123046875,7092.218632461221,6965.678985628342,7031.743356592923,776145
2024-12-13,6985.8876953125,7013.480868779132,6855.904927223581,6985.638208233634,526964
2024-12-16,6985.9873046875,7020.566114962024,6928.505386588855,6985.637925335347,497823
2024-12-17,6927.40771484375,7015.576544548697,6876.861730936709,6985.638095567692,545205
2024-12-18,7099.15478515625,7162.275015718349,6834.748185700152,6921.519986104019,1201264
2024-12-19,7077.44921875,7169.659542587471,6977.255308653363,6980.648235357621,660251
2024-12-20,6817.53369140625,7173.252567112005,6775.470266922273,7110.381822575548,768861
2024-12-23,6931.7490234375,7055.494614987493,6845.975170511833,6855.9049511971825,783189
2024-12-24,6992.77294921875,7064.475628095549,6887.83878868703,6961.686958835224,486797
2024-12-26,7049.2080078125,7060.484629340506,6933.79489044359,7033.490321181813,440974
2024-12-27,7103.6953125,7219.158127729489,7060.484345270409,7086.431001521579,530288
2024-12-30,6940.08203125,7130.390484455175,6901.062154287562,7124.652281586566,960856
2024-12-31,7108.73486328125,7131.338294003251,6803.811478871517,6939.7322273297805,915919
2025-01-01,7053.54833984375,7165.069063205771,7035.535567805333,7106.389897637131,412650
2025-01-02,7305.9794921875,7320.948716662682,7041.473490622799,7085.432918253142,706114
2025-01-03,7292.70703125,7477.676359958305,7265.1635605463125,7334.92004968539,940233
2025-01-06,6983.99169921875,7323.543613955769,6921.021062982828,7292.707108427459,942724
2025-01-07,6860.19580078125,7070.463702411169,6824.319851779589,6995.817364515557,601356
2025-01-08,6685.35546875,6859.397552595137,6576.828592508678,6855.45546194862,1257939
2025-01-09,6608.1142578125,6705.214429622301,6558.7158184217715,6705.214429622301,592991
2025-01-10,6570.591796875,6612.4057350816365,6466.705276687142,6587.457026452443,768200
2025-01-13,6211.62939453125,6510.465212374646,6142.371878925012,6449.390580583871,1068954
2025-01-14,6148.50927734375,6304.039622571977,6125.406870879658,6224.602837771344,1130732
2025-01-15,6377.13916015625,6505.625004508211,6152.052114729506,6187.279495007042,1463322
2025-01-16,6198.8056640625,6484.668153941428,6137.881114314673,6484.668153941428,1477566
2025-01-17,6203.79541015625,6297.053875216844,6067.525762491032,6204.19497930629,770051
2025-01-20,6077.50537109375,6212.228396561345,6061.587900210053,6197.25917150939,909757
2025-01-21,5725.1796875,6096.466157142986,5711.557303398332,6078.104005901636,1553225
2025-01-22,5614.806640625,5736.206956576829,5556.576258562941,5724.231576709236,1377528
2025-01-23,5721.83642578125,5780.565780234827,5593.549880447522,5608.4694023281245,2106761
2025-01-24,5479.185546875,5743.242282447255,5455.23478720191,5708.264388753128,1119070
2025-01-27,5401.4951171875,5534.072647553884,5339.023455560011,5465.76289086022,1186126
2025-01-28,5443.908203125,5527.536080889252,5306.291221559104,5472.748813310365,1136463
2025-01-29,5585.666015625,5640.303682954119,5404.58859590373,5483.7256981462815,701998
2025-01-30,5499.89306640625,5622.440927202754,5445.604287083243,5588.510683765606,575077
2025-01-31,5741.396484375,5805.713961397563,5516.408840137716,5557.574208444112,1029356
2025-02-01,6176.80078125,6257.534698367686,5665.401998350256,5768.140967061152,2120509
2025-02-03,6122.5126953125,6219.712761999206,6023.566219105778,6197.258925313289,1498258
2025-02-04,5738.501953125,6177.30001849428,5641.851049444329,6157.291349856655,2602288
2025-02-05,5738.1533203125,5894.082750280389,5713.653395908264,5753.871006853264,1428644
2025-02-06,5266.27294921875,5833.007678185734,5234.238712075992,5833.007678185734,6021478
2025-02-07,5443.20947265625,5506.429599128463,5244.218665836632,5310.482339914809,2846965
2025-02-10,5186.087890625,5478.736233132487,5159.39277327777,5448.797783771107,1529876
2025-02-11,5217.623046875,5239.228529928245,5124.464476415531,5200.857223211567,1596380
2025-02-12,5226.5546875,5279.146760345665,5102.809092361463,5217.623342154052,1313946
2025-02-13,5246.0146484375,5366.966182379481,5193.622360491252,5235.885570223784,986050
2025-02-14,5106.8505859375,5314.074443054434,5022.873337969341,5257.191392678076,888168
2025-02-17,5085.99365234375,5148.714311250127,4987.895045096998,5099.515656481945,1078162
2025-02-18,4987.49658203125,5108.947096393439,4918.139168705019,5089.53680523423,721122
2025-02-19,4981.20947265625,5092.829605469529,4929.864835279858,4949.823802224311,764148
2025-02-20,5089.037109375,5126.759358376238,4941.2910656274935,4949.823328267477,812700
2025-02-21,5037.8427734375,5157.347081661907,5012.694281513155,5077.560920632875,912164
2025-02-24,5055.60595703125,5069.577232869868,4918.138582261993,4988.344340806933,823625
2025-02-25,4949.7236328125,5118.7262734085625,4926.171955680745,5079.556802973063,976304
2025-02-27,4795.44091796875,4948.825771288903,4760.313429100416,4940.842184644355,997906
2025-02-28,4841.595703125,4866.394814930158,4705.3260626487145,4750.233734508564,2178604
2025-03-03,4936.75048828125,5012.644751023363,4765.203268086044,4889.9965116400535,1415550
2025-03-04,4989.54150390625,5059.497774226478,4855.717032373035,4888.848622160819,898723
2025-03-05,5095.6240234375,5309.085072016247,4976.768280854329,4976.768280854329,2128488
2025-03-06,5059.09912109375,5163.883697031189,4960.751506875683,5163.883697031189,1499675
2025-03-07,4989.591796875,5089.486516991938,4974.772167485881,5064.587512535776,690809
2025-03-10,4789.8525390625,4987.595892654276,4777.926862242983,4979.76190122552,1217553
2025-03-11,4985.20068359375,5034.648823509518,4713.259790748092,4729.975423611082,1437957
2025-03-12,5005.06005859375,5094.526025423706,4949.823523232436,5000.319804211622,1026027
2025-03-13,5012.09521484375,5097.419790584754,4959.902716056635,5019.679719032168,860279
2025-03-17,5148.96435546875,5169.272702403815,5003.713164056563,5012.095832970446,856529
2025-03-18,5148.96435546875,5148.96435546875,5148.96435546875,5148.96435546875,0
2025-03-19,5220.11767578125,5289.0258071994995,5183.9420518932975,5265.224644095957,957079
2025-03-20,5210.83642578125,5264.725630618401,5148.215173864006,5236.234403343116,759448
2025-03-21,5139.4833984375,5282.589573114846,5114.983962818169,5213.780843574973,1197537
2025-03-24,5044.3291015625,5157.546035629564,5034.449024284557,5139.882644366585,908085
2025-03-25,5174.412109375,5238.031319295499,5055.606548348985,5110.9429815367275,1461587
2025-03-26,5311.03125,5398.900404556087,5107.9984696340725,5194.320999207843,1625697
2025-03-27,5411.17529296875,5433.779213545059,5324.85275830603,5348.005355578229,1670468
2025-03-28,5314.22412109375,5514.612425645996,5279.146336934654,5411.823754057287,1535964
2025-04-01,5565.30810546875,5603.429924916125,5323.255943545191,5339.871685055737,2260895
2025-04-02,5670.84130859375,5690.301300765783,5504.483129318999,5618.99769863904,1491897
2025-04-03,5663.65576171875,5739.200642535576,5598.489932989843,5618.448898882854,960710
2025-04-04,5551.43701171875,5676.330148813492,5533.024669963504,5676.330148813492,680922
2025-04-07,4731.2236328125,4996.3285261872,4478.792391672209,4996.3285261872,7644740
2025-04-08,4757.41943359375,4953.865170875101,4674.589722901813,4892.940620753837,3035242
2025-04-09,4610.720703125,4757.419095988371,4595.55169480151,4757.219311426449,1598513
2025-04-11,4770.74169921875,4820.090439102295,4651.1876840674995,4772.687893376134,1894062
2025-04-15,4866.99365234375,4974.772064165182,4820.589058365078,4868.989548858962,1587931
2025-04-16,5025.16845703125,5039.139732654016,4842.04495154714,4911.90132966097,1589998
2025-04-17,5119.9736328125,5133.445934545854,4943.8357620023635,5041.634693103742,1464066
2025-04-21,5349.0029296875,5363.473180150274,5115.4830256675605,5169.372234287546,1309441
2025-04-22,5312.0791015625,5407.383169606689,5289.126289363376,5367.964209525585,1166872
2025-04-23,5318.06689453125,5370.958158447586,5199.810012001328,5339.522784610518,970478
2025-04-24,5312.57763671875,5387.922731406881,5245.216128222739,5300.1032832935625,1039905
2025-04-25,5134.4443359375,5345.0114408709915,5094.526401352952,5323.05657684949,1030377
2025-04-28,5198.81201171875,5241.224817265932,5104.505891149132,5113.986400624385,982085
2025-04-29,5380.4384765625,5498.695354884425,5164.382660894174,5210.2882845465665,1420743
2025-04-30,5161.88720703125,5423.848616764591,5109.494925084582,5423.848616764591,2709549
2025-05-02,5143.42529296875,5257.690367870752,5118.975560784478,5161.887335638506,756554
2025-05-05,5359.4814453125,5370.957850976981,5144.423582643318,5164.382549016327,1310015
2025-05-06,5213.2822265625,5412.372924150406,5199.310949538787,5369.9601188998495,709414
2025-05-07,5222.263671875,5260.185708857849,5131.94934695532,5134.444217809454,711009
2025-05-08,5215.77685546875,5308.087074378319,5168.873284779564,5222.263519500233,926044
2025-05-09,5102.509765625,5196.815881966006,5053.111323732092,5053.111323732092,778167
2025-05-12,5429.8369140625,5466.761002616132,5214.280072776432,5319.064648401603,1203631
2025-05-13,5315.57177734375,5445.305060185145,5309.0851132016805,5432.83070606578,728870
2025-05-14,5350.9990234375,5400.896440664631,5280.643665147246,5329.044159857563,557468
2025-05-15,5566.056640625,5618.448926350291,5300.602392950191,5350.998782076424,1521892
2025-05-16,5571.54541015625,5598.988988658722,5533.623374407381,5582.522841557239,808195
2025-05-19,5539.611328125,5627.430783515921,5518.654412633985,5598.490281171185,604580
2025-05-20,5438.31884765625,5592.501848291701,5421.8527019573185,5592.501848291701,748551
2025-05-21,5432.33203125,5526.139179396872,5358.982824986222,5439.317669941788,607763
2025-05-22,5331.03955078125,5437.820013516854,5274.156500538919,5429.83642751793,962354
2025-05-23,5424.34814453125,5488.216837613763,5392.413797989993,5393.910720484115,1127412
2025-05-26,5514.662109375,5525.140566151771,5405.386774417244,5443.807782598738,640440
2025-05-27,5561.56591796875,5621.442816421671,5473.746466904467,5513.664399206414,1019222
2025-05-28,5547.5947265625,5589.009581959575,5523.643966814793,5575.537279601491,452258
2025-05-29,5645.3935546875,5677.826874561522,5556.57615564787,5558.572052255502,1192069
2025-05-30,5631.92138671875,5716.248020399575,5613.4593426584515,5644.395740813547,1440608
2025-06-02,5609.966796875,5669.344725259606,5558.572455500089,5669.344725259606,504095
2025-06-03,5578.53125,5648.387634168158,5556.576386404294,5634.915331507156,510323
2025-06-04,5495.2021484375,5595.495949566705,5470.253441688941,5578.530828977686,748937
2025-06-05,5661.36083984375,5697.286979493737,5504.682953036863,5527.635764479911,1212876
2025-06-06,5765.1474609375,5794.586936460722,5602.980858479071,5688.305440080275,1034577
2025-06-09,5901.3671875,5912.3446186427245,5752.672892930372,5806.063126215439,1377600
2025-06-10,5802.0712890625,5942.781996279186,5793.089754559307,5916.83534104774,683305
2025-06-11,5764.6484375,5826.022258828875,5747.6833161570585,5805.065344228772,545428
2025-06-12,5619.19677734375,5829.386190339016,5602.721122643408,5767.97693191047,974013
2025-06-13,5581.751953125,5609.2113768657755,5472.91278266156,5497.376632903342,711911
2025-06-16,5671.11962890625,5686.596757922545,5553.293743491876,5580.753165940141,605268
2025-06-17,5618.1982421875,5693.586843855528,5593.734391315094,5678.608975974463,529572
2025-06-18,5726.5380859375,5750.502674265747,5618.697438460386,5645.657600329665,864129
2025-06-19,5715.0546875,5791.441807897266,5656.641007196208,5791.441807897266,886990
2025-06-20,5888.79833984375,6021.102838365038,5711.560238051081,5747.507120668186,10424185
2025-06-23,6110.9697265625,6200.836928423713,5821.397631676368,5841.36812097886,2271641
2025-06-24,6048.56201171875,6195.844371888542,6024.098162063428,6164.890113140992,1459591
2025-06-25,6115.46337890625,6146.916901060801,6071.029038084742,6081.0142832131705,815696
2025-06-26,6097.9892578125,6125.947944437479,6004.127952714354,6113.965650169631,851467
2025-06-27,6010.6181640625,6149.912330336562,5973.173495709258,6109.971350759771,1935325
2025-06-30,6208.326171875,6251.7619882765375,5959.194305388018,6041.073315616204,2136461
2025-07-01,6134.9345703125,6217.312842130661,6120.955227216085,6217.312842130661,558024
2025-07-02,6213.31884765625,6242.775321100341,6054.05418615345,6121.454591491625,1159148
2025-07-03,6181.865234375,6248.766376468866,6133.436795695112,6224.801788256138,750787
2025-07-04,5447.94970703125,5776.464269643655,5342.106109350658,5666.62657393738,7516962
2025-07-07,5490.88623046875,5514.351556239984,5432.472547165891,5491.884754969654,1445372
2025-07-08,5431.97314453125,5509.358791351318,5362.076431274414,5504.36616897583,1699343
2025-07-09,5400.0205078125,5496.378122273281,5392.032311795026,5431.973291882397,969206
2025-07-10,5422.986328125,5436.965670528562,5379.051251999516,5421.987803667603,947485
2025-07-11,5356.08544921875,5411.004297038853,5331.621598826159,5411.004297038853,942210
2025-07-14,5306.658203125,5385.042372650884,5279.698042905906,5360.0792613369085,829406
2025-07-15,5382.046875,5397.024741999072,5301.16639320501,5321.6361447704085,577430
2025-07-16,5374.05859375,5461.928745412951,5367.068922594993,5407.009900623607,716193
2025-07-17,5409.50634765625,5446.9510154988175,5367.069057434674,5392.032169329718,490075
2025-07-18,5367.0693359375,5435.468266079215,5348.596632176599,5416.995562318314,418316
2025-07-21,5368.06787109375,5390.5346730096,5341.107708794731,5367.568608828953,404842
2025-07-22,5352.59033203125,5445.952368416833,5343.104349724693,5401.518030244016,451766
2025-07-23,5351.0927734375,5382.546295057818,5312.15031809806,5375.057361338694,521291
2025-07-24,5146.39501953125,5320.637536199508,5133.414201670577,5307.157456113426,1326255
2025-07-25,5035.55908203125,5163.869481008251,5025.573836974674,5146.395302159242,1136699
2025-07-28,4986.63134765625,5101.960927282661,4973.151266920696,5035.559048103818,1450708
2025-07-29,4994.1201171875,5044.545602725432,4950.185040679202,4986.631183691768,1285403
2025-07-30,5036.05810546875,5066.013839217944,4980.140735803587,5004.105322802942,640920
2025-07-31,5010.595703125,5069.508645828143,4957.174644911132,4967.659151663386,752111
2025-08-01,5172.35693359375,5267.716023778731,4997.615145296664,5026.572355928753,2034517
2025-08-04,5241.2548828125,5281.195861153613,5154.882517149844,5267.216518734223,790968
2025-08-05,5309.65380859375,5348.097000249764,5192.32718470851,5237.26078534541,976873
2025-08-06,5348.59619140625,5421.987738137952,5310.153000261073,5342.1057825116095,2486662
2025-08-07,5295.6748046875,5431.97340199868,5202.8120241018605,5277.202101022614,2293342
2025-08-08,5309.15478515625,5366.070681856251,5230.77061163081,5322.135603701864,1192637
2025-08-11,5435.46826171875,5478.904078635213,5298.670401545062,5322.135727925221,1110381
2025-08-12,5357.5830078125,5451.943569593934,5349.594812106136,5435.467915949556,441837
2025-08-13,5390.53466796875,5436.966058551421,5352.091473615356,5357.583358522984,615620
2025-08-14,5362.57568359375,5431.973134484684,5352.091176624615,5415.996742912671,697401
2025-08-18,5510.8564453125,5614.702988221089,5492.883005193706,5521.840214273985,1714061
2025-08-19,5487.890625,5553.29397942822,5456.936365652293,5541.810947734716,548359
2025-08-20,5444.9541015625,5489.887704087772,5423.985087050706,5487.8906550866495,636301
2025-08-21,5444.45458984375,5538.81515082316,5430.974509703835,5448.947949890389,607314
2025-08-22,5410.005859375,5476.407740077923,5396.0265160691215,5444.454955378772,443698
2025-08-25,5414.99853515625,5477.406318384586,5396.026569054836,5451.9439428274245,656081
2025-08-26,5287.18701171875,5438.962729524463,5264.220949156043,5412.002569124764,949915
2025-08-28,5227.77490234375,5290.182682192186,5207.305150553463,5287.187108759461,784214
2025-08-29,5290.1826171875,5403.015881767,5222.28295354674,5231.269673734488,1333724
2025-09-01,5441.95849609375,5453.940790030103,5296.17391986812,5313.148836277953,688959
2025-09-02,5404.0146484375,5463.92611904102,5378.0530111759745,5441.9585798197295,541160
2025-09-03,5470.91552734375,5491.884541045925,5342.105871744673,5408.008486237224,832845
2025-09-04,5520.841796875,5665.627845083876,5494.880160644443,5516.847698993376,1412461
2025-09-05,5520.3427734375,5608.712192891098,5485.893677718301,5548.8007220751,622758
2025-09-08,5307.65673828125,5547.3026073787005,5292.179609235373,5531.825478332824,876255
2025-09-09,5210.7998046875,5339.110195585717,5198.318249152654,5322.135280058326,1014203
2025-09-10,5185.337890625,5252.738296482345,5163.370350938162,5242.253788904535,898752
2025-09-11,5163.3701171875,5206.805932329185,5142.401102981169,5206.805932329185,585140
2025-09-12,5122.4306640625,5194.324427768641,5117.438041582907,5171.3583643625125,625409
2025-09-15,5125.42626953125,5167.364298621512,5101.461681479672,5123.429220526952,955394
2025-09-16,5139.90478515625,5148.891505518835,5107.452739402471,5146.395194307006,703169
2025-09-17,5189.8310546875,5240.256541606542,5155.881221910323,5172.356876052188,828577
2025-09-18,5136.41015625,5217.290642769489,5126.42491100068,5207.305397520169,810331
2025-09-19,5072.50439453125,5150.389304526021,5066.5132476085755,5141.402584142009,1105187
2025-09-22,5003.10693359375,5130.418805469451,4982.637181645107,5081.99036793242,799543
2025-09-23,4883.783203125,5012.093598054782,4838.849601787722,5003.106877787326,2734495
2025-09-24,4889.7744140625,4956.176292464615,4872.3002355356275,4930.7139180397435,941080
2025-09-25,4735.50244140625,4921.227998412378,4703.050395155179,4907.248655411917,1518468
2025-09-26,4672.09619140625,4767.95454455329,4653.124225679232,4732.00766212315,1038283
2025-09-29,4723.52001953125,4739.995673335767,4679.085680482705,4693.065023104719,815624
2025-09-30,4670.59814453125,4738.997069790553,4659.115113283337,4737.499283106043,751802
2025-10-01,4824.8701171875,4842.743607236948,4694.163364877665,4704.048659368856,1270493
2025-10-03,4808.5947265625,4829.363841556659,4731.009176324916,4796.911794652785,1070640
2025-10-06,4770.2509765625,4900.758325863586,4682.680669021915,4809.892594882823,1075080
2025-10-07,4679.0859375,4714.932870537615,4583.227582826505,4688.07265825064,2789651
2025-10-08,4609.7880859375,4738.997052607264,4599.602941495453,4702.051647856638,1114855
2025-10-09,4654.0224609375,4669.998851963953,4594.4108444565045,4623.168153279815,749429
2025-10-10,4684.17822265625,4722.920776935001,4645.235768459874,4663.109258899389,735165
2025-10-13,4674.6923828125,4688.072513560557,4619.174323265418,4670.19902257586,602116
2025-10-14,4610.3876953125,4693.065332096168,4591.815041379702,4683.08008670873,913650
2025-10-15,4717.2294921875,4745.0882273646575,4603.297752745215,4610.387373988342,1298534
2025-10-16,4786.3271484375,4801.404965608737,4720.6244326295255,4736.00161212067,1140794
2025-10-17,4807.29638671875,4842.843957402774,4739.995931090922,4786.32737164546,1243932
2025-10-20,4795.2138671875,4828.165174697025,4764.958770771247,4814.785044311373,610816
2025-10-21,4784.03076171875,4831.859987079315,4764.958846526656,4819.877693248988,82502
2025-10-23,4776.2421875,4859.319623388584,4759.866482726417,4792.917742168951,769642
2025-10-24,4782.533203125,4799.807482530087,4752.976779421479,4788.923662627187,519615
2025-10-27,4791.61962890625,4824.57093682675,4779.337485235776,4802.902760533502,414172
2025-10-28,4718.427734375,4821.275761353537,4685.576374726056,4793.516974338992,616890
2025-10-29,4773.54638671875,4780.935370606442,4728.013571391291,4728.013571391291,305268
2025-10-30,4737.49951171875,4777.739854226789,4717.029759375988,4774.0456060965225,346569
2025-10-31,4687.37353515625,4741.8930723437325,4678.287351925676,4737.9989241648,498496
2025-11-03,4706.4453125,4713.035671756565,4648.331478744903,4687.373396909335,292566
2025-11-04,4653.72314453125,4717.928071577778,4639.144590063666,4713.035399289821,475909
2025-11-06,4672.2958984375,4697.15906024638,4628.160921807175,4653.723245769873,476465
2025-11-07,4620.47216796875,4701.153239129871,4604.396313761724,4672.595341262949,543059
2025-11-10,4277.37939453125,4573.1420449865855,4256.3104310598565,4561.259701507509,6807962
2025-11-11,4309.431640625,4358.559238752775,4256.809694471364,4288.6625270201985,1802510
2025-11-12,4369.34326171875,4390.21281357686,4288.662678072915,4323.611035170133,937925
2025-11-13,4320.01611328125,4396.403234242256,4306.536033111661,4371.540072774946,926858
2025-11-14,4384.720703125,4393.40757319113,4320.615239240233,4328.603434736864,808967
2025-11-17,4398.10107421875,4407.587056891118,4368.544651748477,4385.419618148217,551524
2025-11-18,4367.5458984375,4403.392828303927,4353.46660632819,4398.100843798804,316742
2025-11-19,4352.46826171875,4382.423996141867,4324.509576257174,4373.537225775166,593957
2025-11-20,4382.423828125,4411.281087000761,4345.678323665734,4345.778273622135,513726
2025-11-21,4352.66796875,4390.511947381987,4348.573921048112,4390.511947381987,411274
2025-11-24,4304.5390625,4363.551956494727,4292.6567187576275,4363.551956494727,1144110
2025-11-25,4237.63818359375,4313.126736076954,4229.550037334691,4304.539327549568,1019740
2025-11-26,4286.06640625,4346.177775332296,4240.234229854161,4240.234229854161,804098
2025-11-27,4259.80517578125,4313.725495095502,4237.737688327525,4299.1469408798675,669342
2025-11-28,4244.12841796875,4276.88031395614,4230.548387318408,4269.790692526253,549814
2025-12-01,4209.67919921875,4278.677337340052,4193.702807760771,4263.699470348197,542859
2025-12-02,4220.263671875,4233.344439942358,4196.798346833225,4211.876163840308,491997
2025-12-03,4182.0205078125,4220.063901231044,4151.864872874568,4219.764538905225,709367
2025-12-04,4209.5791015625,4228.5510657531995,4154.960107718363,4181.920267357777,427254
2025-12-05,4176.927734375,4218.765811418691,4158.854344274284,4208.780566894623,679735
2025-12-08,4084.46435546875,4195.799834171785,4069.087176101742,4176.927819150422,1028704
2025-12-09,4079.371826171875,4112.0237717969785,3982.1156390199044,4043.6248446974637,1671211
2025-12-10,4012.37109375,4131.894429033383,4004.183241510895,4073.980007360126,737740
2025-12-11,4041.52783203125,4054.6086002289185,3924.3011556137044,4016.0654577960936,1815905
2025-12-12,4069.38671875,4086.7611916126752,4043.9243435685,4071.8830300423037,534723
2025-12-15,4102.93701171875,4123.107400862485,4006.579401197733,4060.998984341727,459769
2025-12-16,4102.6376953125,4137.586051851085,4079.471732525469,4108.9282044651345,562479
2025-12-17,4039.231201171875,4113.820931504499,4030.044824658662,4094.0503417101204,460320
2025-12-18,4024.0537109375,4050.8142161335604,3987.807223048163,4044.024200818083,614346
2025-12-19,4056.2060546875,4065.991643252978,4019.0609931466693,4028.047713379792,501005
2025-12-22,4200.5927734375,4218.766114802509,4057.9037164395354,4073.980058791535,1316448
2025-12-23,4183.21826171875,4229.8495488746485,4170.437343696284,4227.752550003258,662345
2025-12-24,4283.2705078125,4306.9352443519765,4176.927655635843,4202.789340953507,960632
2025-12-26,4278.9765625,4331.9983074637985,4256.70966264348,4283.669822364656,1029780
2025-12-29,4219.7646484375,4313.526003951435,4204.886730506755,4296.8509368975465,423139
2025-12-30,4201.49169921875,4251.417923809315,4181.6206717830755,4219.7645023945815,670540
