Price,Close,High,Low,Open,Volume
Ticker,WIPRO.NS,WIPRO.NS,WIPRO.NS,WIPRO.NS,WIPRO.NS
Date,,,,,
2021-01-01,178.8804931640625,180.10191085957896,177.4746988559724,177.4746988559724,10084672
2021-01-04,182.70606994628906,183.42049415977368,178.7422118714129,179.7562269833443,19511442
2021-01-05,187.2691192626953,188.88231625287938,181.36943303926395,181.6459839079164,50313494
2021-01-06,187.315185546875,192.38523247591223,185.886351326409,186.6699096600076,44972600
2021-01-07,187.47653198242188,190.35724083279715,186.13988588904,190.0115557707521,24689510
2021-01-08,198.28492736816406,199.4141566279549,187.70696043547207,187.82218877214208,81986460
2021-01-11,205.9360809326172,207.87192264572383,200.49730898201744,200.9582223359991,94668036
2021-01-12,210.96006774902344,212.3658479855932,203.90808432479253,206.4661621215475,44268930
2021-01-13,211.55923461914062,215.45395818132346,208.70156612862021,212.48106134950723,58380386
2021-01-14,209.416015625,214.78565416595666,198.19277101150504,208.33286627255882,143103614
2021-01-15,202.133544921875,211.74359112562937,201.23477232492309,209.60034685171732,50615558
2021-01-18,198.90719604492188,205.10648764623227,197.77796651880655,203.2628338246931,43021174
2021-01-19,198.3079833984375,202.59447224179303,197.132659896022,199.57549520400568,31355580
2021-01-20,205.08340454101562,206.4200504678,199.57548427921247,200.03639763782496,48839358
2021-01-21,205.47520446777344,209.00120351152609,203.862007439219,208.14851084038352,31822754
2021-01-22,205.4520721435547,208.80120654049853,203.46569462302088,206.69934162696663,22797624
2021-01-25,201.9874725341797,208.33927984657527,201.01737550695162,205.6368717341484,14760338
2021-01-27,206.23741149902344,210.07158766901216,201.9874693969776,202.33393160863622,59180420
2021-01-28,199.51602172851562,207.23058539012823,197.39105083092332,204.75915230589314,29624870
2021-01-29,193.04873657226562,202.19534718433857,191.9631521840228,202.05675384467472,31264842
2021-02-01,194.71176147460938,195.77423994326665,188.56783727351862,192.21723638911325,30163704
2021-02-02,197.8761444091797,201.20217358211116,195.70497531626114,197.7144592047989,26620996
2021-02-03,200.25515747070312,203.23473811708604,198.730729385046,198.730729385046,19795332
2021-02-04,198.59213256835938,201.8257798065895,197.82991853886463,200.2551539675372,14386598
2021-02-05,196.5826416015625,200.20894868811857,194.27289366077298,199.56222208421403,17358052
2021-02-08,201.08665466308594,202.19534497796622,196.92910827503385,198.80001260820708,25032680
2021-02-09,202.9575653076172,208.68573768976762,201.04047723302756,203.37331713983443,58949660
2021-02-10,202.79588317871094,205.17492090217908,200.94808469872268,204.18173203870214,21215470
2021-02-11,201.87197875976562,203.48880238827633,200.20895735092367,202.79587797605745,18474052
2021-02-12,204.18173217773438,207.50777508301147,203.07305590850322,203.25783293711115,38561668
2021-02-15,203.1192626953125,205.52139236888078,201.77959745894805,205.38281311567687,15689754
2021-02-16,202.1260528564453,206.86103651449275,200.39374176203773,206.02953282821062,24907596
2021-02-17,198.730712890625,202.7958635133634,197.94539297374993,201.36381701072298,14780384
2021-02-18,200.0010986328125,201.71030381111854,198.33807713959757,198.77692083105086,16771472
2021-02-19,198.615234375,201.29453639190035,196.8367256114586,200.0934646231722,16957332
2021-02-22,193.41830444335938,199.95488850724666,192.1710348760441,198.96169968016832,21332174
2021-02-23,191.94004821777344,196.79051875035253,191.38570308930292,193.88024206983798,17984706
2021-02-24,195.4508819580078,196.6981374410176,191.59359991181566,192.95635689440496,10120594
2021-02-25,194.619384765625,198.1764027619242,194.22673883542325,195.45090260639373,18220784
2021-02-26,189.53793334960938,193.94956090965047,188.4754548071323,193.0718594053106,23463882
2021-03-01,191.43190002441406,193.41829164471264,189.02977070596424,189.86127429743107,12843392
2021-03-02,198.82310485839844,200.07037441641484,193.21042004249063,193.88025260097777,29750468
2021-03-03,201.1790313720703,201.71027054125176,197.8298970954974,200.0241574835969,17564904
2021-03-04,202.7034912109375,205.244214165985,197.4834660514189,198.13019271136878,25927594
2021-03-05,194.4114990234375,203.25783136444136,192.63299017948194,203.25783136444136,87862344
2021-03-08,192.5867919921875,196.39787632223442,191.9631571913904,196.37478448047966,24709676
2021-03-09,193.64927673339844,195.31228400480663,189.4224266420844,193.92643521357786,23811258
2021-03-10,197.11390686035156,198.96170532504638,195.40468764147548,196.83673427113064,34582736
2021-03-12,196.4209747314453,199.9317803985867,194.98892815796242,199.33125156015015,17920252
2021-03-15,196.9522247314453,197.99161138396516,193.00254699331964,196.23619435671475,15034204
2021-03-16,198.31494140625,200.92496771065103,196.6288283237974,197.367950442807,21347294
2021-03-17,193.85716247558594,201.17906704638926,192.9563691413914,198.17639440390585,24269624
2021-03-18,189.46864318847656,195.9359381881399,186.7662349583861,195.52018632910696,20165862
2021-03-19,189.6303253173828,191.08546384926612,184.52578748563184,188.9143090216005,33750804
2021-03-22,191.4550018310547,192.2865054045823,189.49171619028718,189.88436204037518,13245968
2021-03-23,191.94004821777344,195.5894470370546,190.64659504811857,192.95634292077528,23150388
2021-03-24,189.86129760742188,191.9169790964628,189.0297939138682,190.02298279716396,10280694
2021-03-25,184.6181640625,190.18466547970982,183.74046259807872,189.72271585658453,25474258
2021-03-26,186.58143615722656,188.33685305378464,185.08009999314035,186.99718796776466,18066738
2021-03-30,193.14112854003906,194.22671290809242,187.08958602442385,187.08958602442385,26339126
2021-03-31,191.31642150878906,193.92643389500694,190.94686747267394,193.92643389500694,14890268
2021-04-01,192.35580444335938,195.33538490670927,191.4088134328033,193.48758656604764,15193886
2021-04-05,196.53646850585938,197.66823659925132,192.26343458526202,192.3789219885214,42432790
2021-04-06,197.32177734375,198.13018917866916,195.1044248070052,197.69134549826322,16641040
2021-04-07,202.33395385742188,202.795903523763,195.58948590932414,196.32860819498697,27735300
2021-04-08,204.22792053222656,206.00642930784795,203.2578235548346,204.1586309118949,25833228
2021-04-09,207.9235076904297,208.5009446624107,203.25781413730687,204.59746509278628,23398770
2021-04-12,199.8394012451172,207.92351930440523,198.3611568752427,207.8773215245498,30172534
2021-04-13,193.53379821777344,202.12604983972943,190.60041532217366,199.56223509730444,40840640
2021-04-15,198.9617156982422,200.69402684921045,191.70910070715468,193.51070148464484,53517782
2021-04-16,216.74676513671875,218.80243246624346,201.4100322698014,204.04315071603173,218723272
2021-04-19,218.3866729736328,220.7888165279762,213.0049629636564,213.8826643824262,87619710
2021-04-20,217.1625213623047,220.6040376073149,216.10002876708475,219.88802132815795,35461382
2021-04-22,224.80776977539062,228.4340769509537,217.8554339420035,217.8554339420035,85241858
2021-04-23,219.74942016601562,225.13112993686985,219.12578541542615,223.3757130797446,27192006
2021-04-26,221.8743896484375,223.51431920478151,220.34996159092975,221.45863782344296,18629288
2021-04-27,224.06866455078125,224.96947197699174,222.19777417029368,222.38255120455673,14418934
2021-04-28,226.03195190429688,227.83356676793335,222.31326296286085,224.43823411407465,19231068
2021-04-29,226.28599548339844,227.64873823105216,224.36890762300234,227.60255455297516,15282266
2021-04-30,227.6256561279297,236.4257900104331,226.0319244338153,227.04821915145092,58231142
2021-05-03,225.13113403320312,229.12699514104557,223.23713790707714,225.4083066049064,17199462
2021-05-04,222.63661193847656,225.5699805753423,220.71950984986424,225.10803098243963,16204858
2021-05-05,226.63247680664062,229.12700182962396,223.26023626471127,223.9531606654057,23713182
2021-05-06,236.65676879882812,237.81164277129474,225.0849372337456,228.06451772174256,48827088
2021-05-07,238.01954650878906,238.6200753878757,234.4394368815341,237.44210947213503,29333162
2021-05-10,242.96238708496094,244.14035287417613,237.09562178367247,239.105091177324,25088944
2021-05-11,239.47471618652344,241.73825261442818,237.46521823865038,239.26683319947867,15298998
2021-05-12,234.4856414794922,241.39178018005632,233.21527996192927,240.19072238697336,15742214
2021-05-14,230.25880432128906,234.85519479319981,227.62568572711672,234.4394429355895,13599758
2021-05-17,230.88238525390625,232.68399982225276,228.6650329972085,230.25876462379753,11505300
2021-05-18,234.69349670410156,237.81165661122913,231.3905597701424,231.89870716711692,18761492
2021-05-19,236.3565216064453,239.1975089661911,233.3538490592573,234.80898755107015,14980792
2021-05-20,234.78590393066406,238.82796327034592,232.63784092966424,238.36601363152513,12584608
2021-05-21,236.84156799316406,238.3198123673899,235.20163843775995,235.5942984213121,10395006
2021-05-24,237.85787963867188,239.52088705568744,235.43262994409187,236.47201662851867,14873624
2021-05-25,239.08201599121094,242.45424251892626,238.22742048729336,239.01274046652847,15909128
2021-05-26,243.56292724609375,245.04117160904823,237.7885572307762,237.85786094902645,17646380
2021-05-27,249.86856079101562,251.76254295536523,242.5466423953051,243.56293719856205,58822252
2021-05-28,248.852294921875,249.59140312190692,246.05750503434294,248.99087418498468,11757252
2021-05-31,249.01388549804688,249.70680978467263,245.31828930270945,248.8522144425654,10772410
2021-06-01,250.74624633789062,252.6864403673129,249.29112196219918,250.33050859990752,11930088
2021-06-02,250.83863830566406,251.76253752594275,246.2191422042706,250.35359685405106,9427136
2021-06-03,249.01388549804688,254.02605475507008,248.66742335473398,252.08586111348566,11275982
2021-06-04,250.0071563720703,251.99353422925242,249.66069413435824,251.06963492868687,9543432
2021-06-07,253.26388549804688,254.62664255015704,250.70007068197026,251.62396994507304,8696866
2021-06-08,254.34945678710938,256.61302126808135,253.67965237503728,254.07229828522907,10859468
2021-06-09,251.39300537109375,255.57364406792018,250.46910607035116,255.45815665532734,12413798
2021-06-10,256.03558349609375,256.6130205360037,252.01661605928655,252.01661605928655,11441488
2021-06-11,256.0586853027344,258.20676245285546,254.7652319220371,256.38205569670095,11224718
2021-06-14,259.4308776855469,259.98522283091245,255.45812250156337,255.87388840937888,11904318
2021-06-15,257.72174072265625,260.5396225250896,257.30597472779243,259.3847483117692,7674490
2021-06-16,256.49749755859375,259.86972376499585,255.68908581482512,258.6455743272446,10994538
2021-06-17,258.0912780761719,259.3847314720834,253.86442745176475,255.22718457404466,8798696
2021-06-18,253.97987365722656,259.5925723369832,252.2475627307788,258.6917650161974,20014232
2021-06-21,250.4459991455078,251.64705688608026,247.23544362972675,251.64705688608026,10781642
2021-06-22,257.0980224609375,258.6686622459473,250.51524121859705,251.87799806218445,11505842
2021-06-23,249.52210998535156,259.08444500255894,248.7136981132091,258.6917990855857,22485404
2021-06-24,253.6334228515625,254.32634725323064,249.0832305586748,250.33050012071067,17337360
2021-06-25,252.9174041748047,254.53422776313676,249.6837569981405,254.00297444890418,10079644
2021-06-28,252.87123107910156,254.4418428564177,251.4160785106196,253.95680139864606,6519660
2021-06-29,250.65383911132812,255.8045883765705,249.91473103697453,253.0559826457259,15855760
2021-06-30,252.06280517578125,253.148375434707,250.37667789345107,251.69322294748144,8586644
2021-07-01,249.15252685546875,252.178319551169,248.52890612003787,251.76255359743615,8658748
2021-07-02,248.80601501464844,250.5152339794943,246.49626727706288,249.4989393359241,8314614
2021-07-05,247.7666778564453,250.7924705511669,247.39712378389586,250.7924705511669,6878338
2021-07-06,246.0343475341797,248.66746591303607,245.68788533157138,247.85905410695003,8386882
2021-07-07,245.82652282714844,247.78980888198936,242.5697551682766,246.7042102639755,10755374
2021-07-08,245.29522705078125,248.04383269160732,243.90937831038136,246.63489211123374,9131020
2021-07-09,242.89309692382812,245.27214867013112,241.71513106888023,243.63223320970042,11449216
2021-07-12,242.9161834716797,245.82648847893597,241.6920339609255,245.17974776728664,7731112
2021-07-13,242.45425415039062,244.60233122676658,241.41486747378963,243.90940677569924,8344716
2021-07-14,259.47711181640625,260.2162199435088,242.80071332016524,243.1009918565825,58696166
2021-07-15,266.0367736816406,267.76908460196256,258.2298145226572,259.15371368016224,62132402
2021-07-16,266.89141845703125,272.20383959464414,262.5259884918719,267.9308052013468,73815654
2021-07-19,265.066650390625,269.7785415150228,263.31124771158045,264.48921344388907,21715702
2021-07-20,262.4335632324219,267.0761793879751,259.4077989136244,265.9443971998295,21047054
2021-07-22,269.8709411621094,270.2404951745974,263.77320127298316,266.59108233776385,24086770
2021-07-23,276.7771301269531,278.0012797206588,269.64000275510597,270.93345607088656,28114910
2021-07-26,272.7581787109375,277.4007670923501,271.74188383359694,277.2159759527721,12199806
2021-07-27,273.2200622558594,274.6983064292969,269.8478362382804,272.0420965627879,7966274
2021-07-28,273.4510498046875,274.0977622766118,269.3165955715461,272.98910024109995,9147860
2021-07-29,272.7581787109375,276.2458929579107,271.58021273284317,274.2133032032296,11668940
2021-07-30,271.2337341308594,273.9361281643632,270.2405311570868,272.0190259387715,6356412
2021-08-02,273.58966064453125,275.0448132160219,268.9701644749317,271.71877033487687,9247796
2021-08-03,276.8926086425781,279.01756557918736,274.46737318017625,279.01756557918736,10331214
2021-08-04,275.69146728515625,279.01750946080733,274.53659348771913,278.7865347013199,9018712
2021-08-05,277.58551025390625,283.868013181318,276.0148704244711,276.0148704244711,22588728
2021-08-06,276.2458801269531,280.1262683165026,275.4605601129767,278.90209051278924,10540400
2021-08-09,275.69146728515625,279.941408498757,275.0909385495211,277.16971138490794,9293502
2021-08-10,278.9482421875,281.3042019590733,273.9822842099313,276.4306395363993,14055564
2021-08-11,277.7471923828125,280.1724277424961,276.4537391633477,278.04747089588716,8565026
2021-08-12,279.8721618652344,281.2811307415578,277.4700464328473,278.0936671325695,7905016
2021-08-13,284.3299865722656,286.6166427938054,279.9414652523038,279.9414652523038,16729368
2021-08-16,283.6601257324219,286.8244971807383,282.02021041002047,284.6071167049215,7144852
2021-08-17,293.2918395996094,294.28501441489334,282.3436274221908,283.52159337273014,23645544
2021-08-18,290.7510986328125,295.2781992156992,288.53371792716706,293.68446740670413,13847154
2021-08-20,286.4318542480469,291.92906596584635,285.48486317267253,287.5636364482017,12341386
2021-08-23,290.49700927734375,294.23881814244265,288.02559007123887,289.1804641292631,14072750
2021-08-24,292.66815185546875,293.79993396969945,288.3027226692445,293.79993396969945,8967436
2021-08-25,291.79046630859375,296.94118725833613,290.82035526410755,293.3379861385025,12815436
2021-08-26,290.5431823730469,294.95479504677326,289.18042552745504,292.0445184480696,8416702
2021-08-27,293.31494140625,293.7999829088108,288.8571159220972,290.79731012751006,8743108
2021-08-30,292.1600341796875,295.41677326547295,291.2823186495421,293.7768578019379,8743710
2021-08-31,296.08660888671875,296.8257169864449,290.52012171175005,293.15321193900354,15591816
2021-09-01,296.5947570800781,299.04308450297316,293.45350520569383,297.4031689401489,9450444
2021-09-02,300.93707275390625,303.50088739653324,295.99420639167226,297.9574921929436,9077556
2021-09-03,302.6231994628906,303.3623358078433,300.0362927434777,301.65311649190295,7549940
2021-09-06,317.1053466796875,318.14473340463684,303.33925258383687,303.33925258383687,24676832
2021-09-07,311.4695129394531,318.7452190259142,310.77658855026635,318.7452190259142,12812218
2021-09-08,305.903076171875,312.0008174361484,304.8867812619677,312.0008174361484,13432462
2021-09-09,305.9723205566406,306.98861536308766,302.11505249475164,305.3025161615247,11611460
2021-09-13,309.8526916503906,310.3608249281431,303.8935305813589,305.9723037642538,11177578
2021-09-14,311.0999755859375,312.13936222545124,309.50624376631635,309.96819338387803,7322676
2021-09-15,311.37713623046875,314.37980876537233,309.50624590544686,311.35404438846444,8290832
2021-09-16,308.5130310058594,314.4721921610879,307.19648591571564,314.0102425582071,9315692
2021-09-17,307.3119812011719,311.5388314540462,306.1571071643392,310.15298260984696,10815562
2021-09-20,306.0415954589844,309.73719208339475,301.83786557678343,303.8473349632407,9092860
2021-09-21,308.39752197265625,309.0442626493903,303.5470514826434,305.1176913003323,7367102
2021-09-22,308.65167236328125,311.5850413858812,306.272620368924,309.0443182908147,9583304
2021-09-23,311.49261474609375,312.7398843255687,310.15297780123774,310.84590221259424,6462586
2021-09-24,312.5089111328125,322.9720810763015,311.8159867178839,314.3567095726222,24253176
2021-09-27,302.0688781738281,313.36352421472884,300.7292129517362,313.2249449630013,16798164
2021-09-28,295.46295166015625,302.0688534689728,293.4534821865321,302.0688534689728,16224924
2021-09-29,295.99420166015625,298.6504118194163,289.8040658370317,291.00515169570957,17679132
2021-09-30,292.9222717285156,298.7659462774136,292.2062553857483,295.0703489519875,12027918
2021-10-01,293.9154052734375,295.5322287209142,291.12061609611766,293.24557277759305,8417708
2021-10-04,296.13275146484375,297.3107171706593,293.77682005321265,295.60152640289226,10494244
2021-10-05,298.81207275390625,300.0362504116347,292.8991238043804,294.007814067801,10912148
2021-10-06,293.6844482421875,300.47511277097306,293.0608275813987,300.4520209307892,9673198
2021-10-07,297.010498046875,299.59740450344424,294.21570863331084,295.1857915057329,7448686
2021-10-08,305.41802978515625,308.37449069978,297.95753147859335,298.48878486704945,22091966
2021-10-11,301.5606994628906,307.79701919156093,293.33800205226976,299.7822047442624,20422932
2021-10-12,304.4709777832031,305.99543405789547,296.8257173488576,301.1911468183097,18680432
2021-10-13,310.707275390625,311.6773864231033,303.0389236614053,307.1964698701746,18925882
2021-10-14,327.1758117675781,341.7734081871542,321.05497942600323,321.97887864737305,118377606
2021-10-18,327.8687744140625,332.9733125683013,324.4734556576911,332.14180881114606,21198892
2021-10-19,328.7001953125,337.2000782756304,327.0602800557727,331.26400966543,21865148
2021-10-20,324.2655334472656,333.87407966863725,321.40144023445777,329.6472294712098,16108782
2021-10-21,321.6555480957031,327.5223145166288,314.9110942229351,327.4992226722696,15916912
2021-10-22,315.2344055175781,325.9054295662014,313.31730347735805,324.1731186365441,10758302
2021-10-25,308.4437255859375,316.0658932946749,305.2562623569456,315.3960607963895,17621916
2021-10-26,308.65167236328125,313.5714192575357,307.1965196762209,309.99130944176017,12193966
2021-10-27,310.01434326171875,311.60807490754974,306.4804459898299,308.6516145946457,12631178
2021-10-28,303.4547424316406,310.24537986630645,302.57702680102017,309.9682213488314,10357542
2021-10-29,298.7658996582031,304.6095732952586,297.6110256742132,304.07831998455697,13522634
2021-11-01,302.7848205566406,303.4777448412945,299.11231620894256,300.77532321404743,8802466
2021-11-02,302.02264404296875,305.34868681523903,300.77537447897157,303.5008884078851,8079378
2021-11-03,301.422119140625,305.74133669622097,300.3596406815381,304.60958271305225,6871182
2021-11-04,301.9764709472656,303.80117757752976,299.06619399269056,302.5769998116752,1565810
2021-11-08,304.12451171875,305.34868945226054,299.1123697735835,301.630000764379,9504460
2021-11-09,304.1707458496094,307.77394739964467,303.36233398026695,306.318794756761,8284130
2021-11-10,301.4682922363281,304.4247809009897,300.9832508041229,302.99274844492373,8091390
2021-11-11,296.479248046875,300.1517530109362,294.16950004371273,300.1517530109362,12067796
2021-11-12,304.9098205566406,306.04160268863546,298.32703891390395,299.3433336486578,12126506
2021-11-15,304.37860107421875,307.6584319384391,303.57018927858473,305.6027505905079,9435996
2021-11-16,305.55657958984375,308.9288061525503,302.4153278354755,304.14763889801316,11327094
2021-11-17,305.71826171875,308.5823550846169,303.96285875101483,305.55659062514115,8854994
2021-11-18,300.93707275390625,307.63534195824377,298.07297959301843,306.4573761165142,7842498
2021-11-22,297.51861572265625,305.0945999691743,294.7238264556442,303.96281788058604,11582434
2021-11-23,296.94122314453125,299.7822247104314,289.20356666953944,296.8950394585688,9134924
2021-11-24,294.0308837890625,299.15851243253496,292.4602440665626,297.63408458138065,7985552
2021-11-25,294.1233215332031,296.4792532597859,292.41410234177715,294.26190077679627,6661362
2021-11-26,287.0785827636719,293.06083568529266,286.24707912790524,291.9521453741599,8277074
2021-11-29,291.3054504394531,292.34483719629486,278.9945086588516,284.8150632190974,10376060
2021-11-30,294.37738037109375,298.18846454223774,291.2592205947032,291.3054042762871,26850200
2021-12-01,293.2456359863281,298.3963859287355,292.5296196585704,296.848837664052,9453644
2021-12-02,298.78900146484375,299.38953031751583,290.5663040636034,294.21571725280273,10210456
2021-12-03,295.99420166015625,302.0919419256647,295.6015557842449,297.8420000318154,13405010
2021-12-06,288.487548828125,297.5879623325134,287.8639280951147,294.37740671052467,9409906
2021-12-07,292.1369323730469,293.130107075736,287.79459494334753,290.1043428963439,8557090
2021-12-08,296.43304443359375,301.6530689307282,294.8393127795364,295.18577495671565,15360658
2021-12-09,297.1260070800781,299.1585685310443,294.6545596472598,296.4561744788407,6865604
2021-12-10,294.83935546875,298.3732814657142,293.3842028358428,296.640970329,8525212
2021-12-13,298.1423034667969,303.29302494124295,295.7401597438132,297.26458788882485,13123680
2021-12-14,298.8352355957031,301.14498381271994,295.3013095455999,298.41946963857265,8609412
2021-12-15,293.9847412109375,298.74281652462037,293.49967156739154,298.74281652462037,7123544
2021-12-16,297.6341552734375,300.22109024285913,295.37061889475893,297.49557601681136,12437240
2021-12-17,309.87579345703125,312.64749112336455,300.31343086914796,304.88674329666463,104600018
2021-12-20,307.63531494140625,312.97082671725815,306.27255810116924,308.37442295890924,26298202
2021-12-21,319.11480712890625,322.0250842351505,309.9682098542092,312.2779580647473,27362096
2021-12-22,316.73577880859375,321.47076257172057,314.68009729190993,321.47076257172057,12327754
2021-12-23,320.8470458984375,324.28857559470725,318.32941527793616,318.7913648158204,12944908
2021-12-24,322.648681640625,324.4733880745698,318.81450586250094,322.3253113037597,13182426
2021-12-27,323.179931640625,323.826672364212,319.27648004343763,323.2954190416108,10188656
2021-12-28,325.88232421875,326.8293151820114,324.0807096485151,324.7505421525852,10158044
2021-12-29,325.0739440917969,327.98422097692503,323.3878167481447,325.7899603436287,7898416
2021-12-30,329.8782043457031,332.5575346327114,325.21252457517704,325.7206578667591,18087350
2021-12-31,330.45562744140625,332.0493591635905,327.5684425081614,330.66351039563295,8549558
2022-01-03,332.0032043457031,335.74498506641714,330.7559347070758,331.67983396603415,9280810
2022-01-04,333.296630859375,334.0357389290219,328.70022677675104,333.8740678497758,10228800
2022-01-05,329.6009826660156,332.9963003614553,324.75051270386683,332.6036545473458,14711264
2022-01-06,326.0209655761719,329.02363830198857,323.341663244477,326.04405741964433,12883220
2022-01-07,328.6771545410156,333.29665073976497,326.87553974543647,327.06033087145335,13120326
2022-01-10,320.3620300292969,327.5222484365847,318.7452065179738,327.5222484365847,27537820
2022-01-11,320.6623229980469,322.6487006196864,318.28327130312846,321.05496887616005,15487458
2022-01-12,319.36883544921875,324.1731224283968,315.603963235158,323.3647106517674,23460682
2022-01-13,300.1517028808594,307.6583826374026,299.3432912147701,306.36492961069206,61505934
2022-01-14,295.5553894042969,299.9208193683691,294.03096115204767,299.9208193683691,26514548
2022-01-17,298.7197570800781,301.02950536587423,292.437224825611,295.4168057533219,20457876
2022-01-18,292.5527038574219,300.26726854997025,291.5595290400886,299.7591352197224,14329980
2022-01-19,286.9400634765625,291.7905352596812,285.94686035718854,291.4902566807528,17382766
2022-01-20,284.19140625,287.51744908734116,282.0202374398491,286.709037268308,16827124
2022-01-21,279.9576721191406,282.7107530218229,277.9911897945208,282.2480512983829,19646694
2022-01-24,265.01239013671875,280.16587032349753,263.022778539035,280.16587032349753,26150716
2022-01-25,260.36224365234375,264.6653636722272,254.8098234354439,260.2696976671815,34712370
2022-01-27,252.0567626953125,257.6785999059185,248.56337034747435,256.79945533895994,31351744
2022-01-28,255.48077392578125,261.4033504774322,252.93591438677657,254.53221277747593,29899780
2022-01-31,264.9430236816406,265.7759094651407,260.2928765154483,263.2773085967904,26252174
2022-02-01,266.81695556640625,269.4774904307995,262.0973924196161,268.32073614193285,20920202
2022-02-02,272.0686340332031,272.9940375503229,266.0535111719248,269.2924234818439,16368826
2022-02-03,267.5572204589844,272.4387170603902,266.58555832183754,270.5416516531734,14082780
2022-02-04,264.5497131347656,267.3490529425465,262.8377110919755,266.97889720815,13633558
2022-02-07,257.7248840332031,265.4982680649843,257.07709026344025,264.61915165296284,15091358
2022-02-08,259.2286376953125,261.7966265838389,256.5449733772032,259.76075596782255,13953814
2022-02-09,263.254150390625,264.0870078420439,260.63987436479186,261.1488632036553,10207476
2022-02-10,265.4288635253906,265.9378241411934,261.9817299261506,264.8504863523998,11603824
2022-02-11,259.7839050292969,261.88919235852256,257.7711354578689,261.88919235852256,15442458
2022-02-14,250.64553833007812,257.7942858648255,249.8589397234748,254.4859571257614,16241546
2022-02-15,260.6629943847656,261.54213892126546,251.36270140464833,252.45003911567682,13676992
2022-02-16,260.9175109863281,263.8787850472097,257.9793381221411,261.49588813584467,14607822
2022-02-17,261.3802185058594,264.8504814799623,259.64508701880794,264.66538949158115,14228840
2022-02-18,260.2466125488281,261.7503932803189,256.9614130830805,258.6502858164153,13411838
2022-02-21,264.110107421875,264.9892518907502,256.98451865299245,257.14645294096323,17534002
2022-02-22,261.033203125,263.2772953123401,257.308431450833,257.37784800964704,21490124
2022-02-23,262.39813232421875,264.1564214410726,260.33913227713265,263.36982287422825,14408512
2022-02-24,248.54022216796875,257.6785804751696,245.76401204932546,253.5605241694208,26953888
2022-02-25,256.9151306152344,258.5345866389234,253.32919227706586,253.56054313759287,15922624
2022-02-28,257.16961669921875,259.15922849629743,251.75600079288088,254.94865403640827,18316874
2022-03-02,256.8919982910156,258.3263623137381,254.67103570312503,256.7994522996303,16354110
2022-03-03,263.53179931640625,266.4931020741194,259.2749371925971,260.50110823471493,25911326
2022-03-04,266.19232177734375,268.36702573757003,256.3599091964414,259.57569213582207,26948372
2022-03-07,264.5959777832031,268.20507393524855,260.15405239140205,260.50107869517,21112334
2022-03-08,271.81414794921875,273.34105807186677,264.665400282874,264.665400282874,22039998
2022-03-09,270.911865234375,275.95532543098284,269.36182572203353,272.0686195692784,23527232
2022-03-10,272.1842956542969,276.00158496861553,270.4954230248662,275.30753236601214,16161966
2022-03-11,271.2357177734375,272.99397842695686,269.47745711991814,271.60587345190453,9927188
2022-03-14,276.76507568359375,277.9912184323802,271.14323786822365,271.3283298730961,15006442
2022-03-15,271.9298095703125,279.33303717411303,270.35661240807605,279.33303717411303,13853244
2022-03-16,276.8113098144531,277.3665575383506,274.1507748684722,275.42320462524566,11150296
2022-03-17,278.17626953125,282.7107405730787,277.15832013629154,279.9345303546851,16881290
2022-03-21,277.62103271484375,285.0242602539062,276.6956292724609,279.98080019649115,15592952
2022-03-22,282.27117919921875,282.7107514823074,275.8396422230696,279.1942296997418,15580500
2022-03-23,282.8033142089844,284.5615752043085,281.1838580899354,284.0757440168085,11393836
2022-03-24,282.5025634765625,284.0063442474339,280.304730042212,280.85997782121035,7751490
2022-03-25,279.17108154296875,284.0988663352785,276.34861224551315,282.7107611251713,11986194
2022-03-28,277.7135925292969,281.7853622302217,276.2792001775697,281.3226604860013,11476810
2022-03-29,278.77777099609375,280.0964595292738,277.2277316156141,279.0091218433934,9402006
2022-03-30,277.9911804199219,281.92414493653166,277.3896738479487,279.98079211540437,15488764
2022-03-31,273.8731994628906,279.14798289854184,273.0866007755084,277.6210726471974,14476178
2022-04-01,278.4538879394531,279.1942276320859,272.6701164707827,273.7806118891961,8567994
2022-04-04,280.212158203125,280.6286010592462,277.1583380618112,279.93454845975924,8855948
2022-04-05,279.5356750488281,284.36449470043925,279.02244886686043,282.47495781399056,12862488
2022-04-06,276.9229431152344,278.9991127767855,275.7332368747161,278.9991127767855,8235902
2022-04-07,270.9977111816406,276.1997964408889,269.43476764292797,276.1997964408889,15721530
2022-04-08,272.3040771484375,273.8670206458087,270.8344216096967,273.4004669479453,8636632
2022-04-11,266.4488525390625,272.5840461404854,265.0491911981614,272.4674076954103,17164216
2022-04-12,260.66357421875,265.0025182053982,259.49718989566287,265.0025182053982,16338532
2022-04-13,260.8968505859375,263.83613337927704,258.7506863498412,261.2700878733778,11204576
2022-04-18,251.28582763671875,256.5345571002462,250.0727993289532,256.5345571002462,18930062
2022-04-19,247.48341369628906,254.52836311421822,245.43056604376758,253.8052105807769,13286008
2022-04-20,250.3060760498047,252.1956129603501,247.90331295074657,250.0727991848934,8660976
2022-04-21,251.5657958984375,253.10541762840614,250.70265434708307,252.40558698058567,13388782
2022-04-22,250.8659210205078,252.33554803611204,247.57672325090562,249.60622038129208,9782424
2022-04-25,246.97018432617188,247.8100037488252,244.1475401978772,247.25013362578213,9473768
2022-04-26,246.9235382080078,250.88924453728146,245.92043639307366,250.53932927293377,8718740
2022-04-27,242.11805725097656,245.87380897943035,240.04188751407384,245.87380897943035,16275078
2022-04-28,243.797607421875,245.71049449854786,240.74168666812514,244.47411591879376,13241338
2022-04-29,237.3825225830078,246.57363638964566,236.54273159801392,246.57363638964566,24151260
2022-05-02,230.94407653808594,242.14136509750827,229.82435052976143,240.50842718259253,43822854
2022-05-04,229.42779541015625,235.07309835835966,228.2614110918535,233.27686366055542,17267854
2022-05-05,233.81338500976562,235.0031054932283,231.55059670647924,233.74340480205348,10869532
2022-05-06,226.32521057128906,229.0312164299541,224.41233748729297,228.61132093300117,18441782
2022-05-09,225.41543579101562,228.30807466344206,221.42640702415852,224.87890183963867,16675250
2022-05-10,222.849365234375,225.69534556613414,222.14953470548775,225.34543030169053,14969534
2022-05-11,220.16668701171875,224.8555602146406,215.80440709229592,223.96909679888287,21029342
2022-05-12,221.05313110351562,222.07955490967814,215.61778350008765,218.39378363169405,14573000
2022-05-13,218.650390625,223.71250116317134,217.88057986069032,223.71250116317134,16775318
2022-05-16,218.34713745117188,221.30975637318065,216.94747631366437,221.1464597261869,7314066
2022-05-17,227.04837036132812,228.14477447688205,218.4871065491891,219.7468073182238,11321450
2022-05-18,224.52896118164062,231.060712779652,224.22570413363638,229.03120139979504,15390968
2022-05-19,210.48570251464844,221.0531411531335,209.94916859807122,217.48400813458414,22945978
2022-05-20,214.42808532714844,215.6411278058515,212.28193543991824,215.54781136976314,12731912
2022-05-23,217.41403198242188,218.25382297724693,213.44832539046783,216.38760811044503,14111568
2022-05-24,214.59136962890625,219.09360976848268,213.68158426268351,218.55707588705647,13779460
2022-05-25,207.54640197753906,215.01126066266605,206.77659127325293,214.68466739995654,15481506
2022-05-26,211.5121307373047,212.14198110372942,207.14985062980244,208.0829580650718,11583082
2022-05-27,217.85726928710938,218.32382301575672,212.86513869534693,214.61471517777443,11414472
2022-05-30,222.19619750976562,224.6456044114481,220.74987820591633,220.74987820591633,12291148
2022-05-31,223.03599548339844,224.29569619627313,219.46686244770586,222.03290785400748,31587004
2022-06-01,219.63015747070312,223.4559035616048,218.58041163042893,223.4559035616048,10514566
2022-06-02,221.2164306640625,222.28951270069805,218.39378651695768,220.12002663801505,10535040
2022-06-03,221.8462677001953,227.6781885125033,221.3797140352107,223.782462562264,23269778
2022-06-06,220.77320861816406,221.84627639444756,216.57422546874236,220.2133385030058,13791156
2022-06-07,218.183837890625,219.630157227687,217.01745362494424,219.28024194798277,4701342
2022-06-08,219.46685791015625,220.21334667871886,216.62087748893634,219.77011496792227,5627652
2022-06-09,221.63633728027344,222.14954921593062,216.5975628383963,217.90390754907867,7402238
2022-06-10,215.0579376220703,217.9738983001107,212.88845148713685,217.9738983001107,17453098
2022-06-13,208.12962341308594,211.3488413274086,207.61641145849188,209.97250211800954,14130822
2022-06-14,208.03628540039062,211.67541268810686,204.35051413462133,205.28362150509906,13056384
2022-06-15,205.33029174804688,210.2524277203856,204.95704023514023,209.22601809559336,11391596
2022-06-16,197.02561950683594,208.4328630334488,195.83591328100758,208.08294776254766,17944686
2022-06-17,189.04757690429688,195.36937424430963,187.57792126577823,194.08635148807835,41550546
2022-06-20,193.45648193359375,194.97278140432553,188.5576682589218,190.82045647055463,20750838
2022-06-21,198.3553009033203,199.1017896641487,194.38959448938883,195.95255221779135,12187804
2022-06-22,191.8701934814453,197.21223860613347,191.42696180734728,197.21223860613347,16202862
2022-06-23,195.5093231201172,196.32579209858483,191.89353192976046,192.4534020673739,19655010
2022-06-24,195.36936950683594,198.75188396396922,193.9697083521601,196.4191153728428,15362102
2022-06-27,198.23866271972656,200.9680046908298,197.81876724065427,199.21842832962116,12447870
2022-06-28,199.33506774902344,200.19819493914724,193.9463782248296,196.88566083110098,12091828
2022-06-29,196.302490234375,198.1920272258868,194.73953232487892,195.95257492201426,16684176
2022-06-30,194.10968017578125,197.35223440317355,193.6198044381017,196.83902243535812,12123284
2022-07-01,196.8856658935547,197.4455360415683,191.94019371306555,193.61978991901705,8907248
2022-07-04,196.092529296875,196.76903790845307,194.0863539298553,196.39580061536245,6372716
2022-07-05,192.96661376953125,197.37553770543045,192.7100006908774,196.46576653044602,11513210
2022-07-06,194.10968017578125,195.29940077000214,192.73335516901523,195.29940077000214,10522910
2022-07-07,196.32577514648438,197.79543057129735,194.64619335484866,195.9525379123626,10706024
2022-07-08,195.53265380859375,198.14535731328965,194.34293335939248,197.81876403591943,9535432
2022-07-11,191.8468780517578,193.61977633257985,189.2108383810966,193.5031379131024,16689574
2022-07-12,190.89044189453125,193.54980365729767,190.3539079916823,190.82046168774033,9777472
2022-07-13,189.74740600585938,192.22013505772526,189.11755562831925,192.22013505772526,11956780
2022-07-14,187.29798889160156,191.5669524065364,186.8547571805818,191.5669524065364,13161242
2022-07-15,183.75218200683594,188.53435754671656,182.42250108227563,187.06471620402965,22328354
2022-07-18,188.83763122558594,189.2808629854653,185.0585429846948,186.15494715011437,13632394
2022-07-19,189.25750732421875,190.2605949409654,187.18135188268994,188.02114285529433,12897178
2022-07-20,192.2667999267578,194.78618728595205,189.9340312167464,191.66027151930066,25237412
2022-07-21,193.1532440185547,194.78618207185164,187.83453434971972,190.75049515917857,45382342
2022-07-22,191.68357849121094,194.73949933964258,190.84377334093818,193.96968863045862,15468542
2022-07-25,193.5264892578125,193.9230627918098,190.6105283285537,191.52031383371863,12535662
2022-07-26,189.04757690429688,193.80641640273717,188.62766715724018,193.52648131739602,15186298
2022-07-27,189.72406005859375,190.07397533507145,187.5312662021869,188.93092730809772,14084158
2022-07-28,194.0863494873047,194.55290321203378,191.70692264356833,192.12681814820658,15898464
2022-07-29,197.67881774902344,197.95873859181174,194.92613939816147,196.23249836289537,15919784
2022-08-01,200.15155029296875,201.03799953289538,197.16560926675223,198.84520554340213,10365748
2022-08-02,200.43145751953125,201.3878868384428,198.1220111803809,200.12820048461452,16912426
2022-08-03,201.71450805664062,202.01776513358809,199.45171961803442,200.15155021318543,12034938
2022-08-04,203.18414306640625,205.42359520519744,199.26509470447692,203.907295630075,17789134
2022-08-05,205.2836151123047,206.21672245372426,203.4873806324544,203.4873806324544,12967586
2022-08-08,203.34744262695312,206.58998245272704,203.044185555203,206.58998245272704,9557496
2022-08-10,200.6880645751953,203.41740647761588,198.8918300419381,202.95085279303422,11329742
2022-08-11,204.56045532226562,206.2167150989794,203.55735357554485,204.35050048269903,9154644
2022-08-12,203.46409606933594,204.5838222373842,202.95088408953734,203.9306498258636,7092398
2022-08-16,203.9306182861328,205.19030469108108,203.69734144394735,204.58379059663434,4774208
2022-08-17,206.7066192626953,207.56974648944012,203.7206783122526,204.0006133909387,10401476
2022-08-18,202.97418212890625,206.100097623985,202.50762842743714,206.100097623985,16888260
2022-08-19,201.76116943359375,206.45002879922137,201.08466081912863,204.79376872668965,17253908
2022-08-22,195.9525604248047,201.03799307392578,195.5093287000366,201.03799307392578,12900580
2022-08-23,194.3896026611328,195.2527298821845,191.28702330154275,193.61979187839083,17028776
2022-08-24,194.1563262939453,195.71928409199992,193.31653529939422,194.92613707863205,7429170
2022-08-25,193.7130889892578,195.99919911885772,193.59645057205285,195.62594764094897,8753902
2022-08-26,194.66952514648438,197.11893199374393,194.2262934503163,195.25271725297475,7904194
2022-08-29,188.6510009765625,189.5841084237194,186.1549357077999,188.95425804927055,23519514
2022-08-30,192.9432830810547,194.06302338716668,189.53744665788417,190.89044958333182,19750992
2022-09-01,191.49697875976562,192.05683467708354,188.88427509801357,191.2403656726666,11778706
2022-09-02,190.21395874023438,192.57004934835203,189.93402365855462,192.4767329084289,9815080
2022-09-05,189.18753051757812,190.3539147994374,188.48769994846253,189.8873610866937,18018508
2022-09-06,188.69764709472656,190.0506499587135,187.2046695797893,189.8873533183159,18226162
2022-09-07,190.09732055664062,190.75049292268318,187.08804334132606,187.60125528539152,12248532
2022-09-08,192.59335327148438,193.31652001782194,191.1003900394016,191.2870086636509,14064948
2022-09-09,194.6228790283203,195.69596111381966,191.91687318123212,194.55289881880913,14671342
2022-09-12,196.8856658935547,198.00539195149258,195.04277304125844,195.88257826327884,11678424
2022-09-13,197.18893432617188,198.75189219456877,196.65240037561207,198.2386802356502,9408334
2022-09-14,194.226318359375,197.2122737180181,190.82048171591632,190.82048171591632,17583964
2022-09-15,193.64309692382812,196.3724387675222,192.80330600488605,195.81258290092356,10640314
2022-09-16,187.39129638671875,192.57004545990898,186.7148020442499,192.57004545990898,20192486
2022-09-19,187.53126525878906,189.51411848218774,185.22181875041852,188.95424834740427,13584188
2022-09-20,188.90757751464844,191.00706902274968,188.69763690669112,189.42078939757968,8989822
2022-09-21,186.97140502929688,189.37415386203048,186.38821287387174,189.37415386203048,19290112
2022-09-22,185.66505432128906,186.78478037605223,184.28871518354333,185.68837631151962,16500324
2022-09-23,183.9854736328125,186.3415643683237,183.65888031351233,185.73505019029818,13966710
2022-09-26,184.19541931152344,186.24826725222346,179.4365794879419,182.88907447479696,18994144
2022-09-27,185.875,187.27466116602122,182.88905902677266,185.12851119717075,12454694
2022-09-28,185.71168518066406,186.8547473829863,184.45199879733957,184.75525583935723,8921590
2022-09-29,183.26229858398438,187.50794035456798,182.67910642423635,187.08804484716737,11883068
2022-09-30,183.93881225585938,185.08187461571652,180.78957450639317,183.09902121790446,13570530
2022-10-03,184.05543518066406,185.6883731353721,182.23587859303575,183.77550011223917,8140834
2022-10-04,189.18753051757812,189.42080737394997,186.15493138474395,186.59816310708624,12591696
2022-10-06,191.35699462890625,192.686675503607,190.09730819873351,190.9837573691711,11203878
2022-10-07,190.4005584716797,192.103476545473,189.53743132142904,191.19369117989484,7580186
2022-10-10,191.89353942871094,192.9199633084172,186.50484965547707,186.76144850635885,18714926
2022-10-11,188.67430114746094,194.972775687356,187.69453559363743,193.5731146784904,22723292
2022-10-12,190.33059692382812,191.10040771888006,187.36797793623825,188.6043424541204,12610118
2022-10-13,176.87051391601562,183.0523505597937,176.40396020705126,180.5562853692164,84896212
2022-10-14,176.0307159423828,180.7895696649278,175.5408402230428,180.55629280084403,27864794
2022-10-17,175.00430297851562,176.80053764565886,173.74460224101526,176.03071261824778,16909538
2022-10-18,176.9638214111328,179.2732680348594,176.54392590811608,179.0166691824852,22328480
2022-10-19,176.38063049316406,177.85028612115332,175.91407676696807,177.85028612115332,10198278
2022-10-20,177.99024963378906,178.50346158913229,175.424204095163,175.89075782945864,11868814
2022-10-21,178.48011779785156,178.83003308374833,177.38372795917982,178.45679580736086,8931540
2022-10-24,179.48321533203125,180.2763480846874,179.15662204452696,180.2763480846874,3472470
2022-10-25,179.4598846435547,180.29968987816483,178.9933309259122,180.29968987816483,5783256
2022-10-27,178.5267791748047,180.53296872561987,177.8036265997289,180.08973699374135,11723118
2022-10-28,178.8067169189453,180.01975946386077,178.22352475678306,178.59676204533093,7609676
2022-10-31,180.3463134765625,181.2094406042676,179.50652257495577,180.3463134765625,6638382
2022-11-01,183.07568359375,183.3556186836331,180.36967761375686,181.0228499980907,11540196
2022-11-02,183.79885864257812,184.2187541771217,182.25922269846407,183.28564666120678,6716614
2022-11-03,181.25611877441406,183.70552578487911,179.87977961615505,181.83931091976288,10312476
2022-11-04,182.21255493164062,183.07568218627367,179.92644448500258,181.25612547315725,9023630
2022-11-07,182.65577697753906,184.2187347494858,180.83622036101283,183.3556075406714,8252598
2022-11-09,182.39918518066406,184.0087869952081,181.55937992960256,183.84549034321645,6862546
2022-11-10,181.44271850585938,182.4691422699494,180.5562693849205,181.39606029147564,5494908
2022-11-11,186.48150634765625,189.3508085513581,185.3384441685621,185.9216362521636,28417046
2022-11-14,185.01187133789062,187.85785186777326,184.54531761948658,187.85785186777326,17623428
2022-11-15,185.2917938232422,186.41151982369212,183.82215255777112,185.71168929364984,12462712
2022-11-16,185.8050079345703,187.41462386803371,184.84857856071386,186.1549232037503,11039528
2022-11-17,185.10519409179688,185.68838625969792,184.2887250567354,185.64172803864784,6057616
2022-11-18,183.75218200683594,186.10827255319992,183.26229206721408,185.6183968516674,9546202
2022-11-21,181.3260955810547,184.03211562753953,180.8362198833916,183.75218055540807,7904612
2022-11-22,181.39608764648438,181.6760227369137,179.38991226823947,181.48940408932418,8410828
2022-11-23,181.3727569580078,182.86573454331594,181.0228416712721,182.30586438930303,6717760
2022-11-24,185.8050079345703,186.5048384729303,181.55936648756878,181.90928175674875,13370266
2022-11-25,187.92782592773438,188.67431470036894,184.7086082237174,186.15492755105518,13648550
2022-11-28,189.25750732421875,191.0304199436234,187.55458915093874,187.92782641918757,13679200
2022-11-29,189.0242462158203,190.77382275287547,187.97450029358723,188.02115851552676,9102602
2022-11-30,189.84071350097656,190.35392546135805,187.85786011075407,189.84071350097656,13892346
2022-12-01,193.01327514648438,194.24963962795962,192.05683149999277,192.61670164613855,15852984
2022-12-02,192.40673828125,193.10656881396895,190.84378057722657,193.0599105975033,11726622
2022-12-05,192.3834228515625,193.5964653305863,191.5902758588691,192.8033183378929,9947062
2022-12-06,191.91688537597656,192.50007755577587,190.26061104249231,191.52031184609496,8832518
2022-12-07,189.560791015625,191.05376877454532,189.09423724572378,190.8204918895947,6568616
2022-12-08,188.34774780273438,190.3539231604145,188.16111491896785,190.00400786048726,8940712
2022-12-09,183.84548950195312,189.42081220672185,182.53914476817715,189.42081220672185,15423336
2022-12-12,184.9185791015625,185.45511305902085,181.02285249534614,183.30896299109713,10365880
2022-12-13,185.5717315673828,186.3182203245111,184.75526260385567,185.85166663106702,6813842
2022-12-14,186.64480590820312,188.72097561202602,186.27156863560296,186.99472119054928,9995152
2022-12-15,184.38204956054688,186.50486344928623,183.84550135214644,186.50486344928623,7766926
2022-12-16,181.8393096923828,184.1954002484531,181.04616268482621,182.6091204714293,18012634
2022-12-19,181.51272583007812,182.18923444450633,179.94978220034767,181.2328049781259,8838046
2022-12-20,181.466064453125,181.90928191829332,178.69006428659642,181.39607000875586,8778558
2022-12-21,181.72267150878906,183.47224793538203,180.95286072870604,182.37584386043255,10215214
2022-12-22,181.3727569580078,182.86573454331594,180.08973423997688,182.00260732174996,9093800
2022-12-23,176.19400024414062,180.01974624217615,175.89074318970717,179.15661905795108,12120710
2022-12-26,177.523681640625,178.03689355474657,175.56415041873865,176.35729739857095,7261148
2022-12-27,180.3696746826172,180.71958997976216,177.40705565250505,178.45680154393997,7685840
2022-12-28,180.92950439453125,181.74597330287858,178.80669092806335,179.62315983641068,7676002
2022-12-29,182.3058624267578,182.93571278371957,179.52986215330276,180.20637072894488,9485398
2022-12-30,183.23895263671875,184.89521245863278,182.67908254132047,183.3555910534194,8256556
2023-01-02,183.37893676757812,183.77551028328767,182.18923045853936,183.35561477645572,5559512
2023-01-03,185.24514770507812,185.57174100232933,182.74909670871764,183.3789328364186,5994422
2023-01-04,181.81597900390625,185.45509209698903,181.30276709639747,185.45509209698903,8926522
2023-01-05,180.5096435546875,182.98238697976518,179.04000208551247,181.9559630315306,9568980
2023-01-06,178.22352600097656,181.39608569005114,177.94359091356645,180.55629466591083,8484754
2023-01-09,182.7957305908203,183.35560071572212,179.6698294013699,180.0897248760019,7347432
2023-01-10,183.37893676757812,183.77551028328767,180.71958906558265,182.88906104928918,7879496
2023-01-11,183.75218200683594,184.75526963831499,182.65577793787958,183.3556085046914,7656600
2023-01-12,184.05543518066406,185.6417149176198,182.18922037528344,184.6386273073455,9510500
2023-01-13,183.77549743652344,185.0351981070501,180.32300294445437,184.755263042701,13621860
2023-01-16,185.9683074951172,187.08803352646075,181.48938913165395,181.9559428312212,23867444
2023-01-17,184.9185791015625,187.57792689691314,183.7055365207282,186.64481940982373,14310032
2023-01-18,188.11447143554688,188.41772851533761,185.68838632104098,185.92166318827847,16080426
2023-01-19,188.20777893066406,188.48771402683687,186.03830685198315,187.60126475403172,9447456
2023-01-20,188.09112548828125,189.14087133661505,187.22799827647782,188.27774412481162,9265614
2023-01-23,189.88734436035156,190.23725961408684,187.7878528379398,189.0475534466221,8815290
2023-01-24,190.16799926757812,191.85173253806494,189.4898243630394,191.00985876624173,9552640
2023-01-25,187.8060760498047,189.84058632730262,187.0811423325295,189.41965661168612,6355554
2023-01-27,186.1691131591797,188.76487253257056,184.36846861075864,187.80607312913207,7410134
2023-01-30,188.13348388671875,189.3261205240334,184.7660174341751,186.1691260772084,7261256
2023-01-31,186.5432891845703,188.27378120841684,186.00543374841746,188.15685549302887,9566846
2023-02-01,188.20362854003906,188.9051828320172,186.30943766096152,187.7826988194839,7029896
2023-02-02,191.50096130371094,191.7581921937312,188.20364723989832,188.20364723989832,10835460
2023-02-03,190.7760009765625,193.1612885076814,189.95752094051298,192.95081650343363,8850236
2023-02-06,189.25595092773438,189.98089889200642,187.82946297819063,189.60672805694918,5958022
2023-02-07,187.31500244140625,189.6535168289394,186.636827559758,189.6535168289394,6683580
2023-02-08,190.23812866210938,190.63567892758985,187.5488373534256,187.5488373534256,8300976
2023-02-09,190.96307373046875,191.2670920107048,188.74148512567146,190.23814000027207,5277374
2023-02-10,189.7938232421875,190.3550724081829,188.39071460035814,190.3550724081829,5160140
2023-02-13,187.3617706298828,189.72366438957843,186.70698947331798,189.72366438957843,4825356
2023-02-14,189.4664306640625,190.0978323771063,187.78269752033194,188.48425180745647,4638822
2023-02-15,190.54214477539062,190.75261677437803,187.24484527897997,188.34394986883643,5227672
2023-02-16,191.71139526367188,193.27820266501325,191.0799935618587,191.19691927429972,11189362
2023-02-17,190.02769470214844,190.8227953922136,188.9519836726821,190.28493987748044,5616244
2023-02-20,190.37844848632812,190.72922564060082,188.11010097389197,189.55996845969187,6497188
2023-02-21,188.36732482910156,190.82276481756284,188.063320828019,190.54214024996415,5761172
2023-02-22,184.81277465820312,187.24483513924093,184.48539123358978,186.84728486999234,6883372
2023-02-23,184.25157165527344,186.47316053265266,183.99432648452273,185.11681064161908,6078322
2023-02-24,183.94752502441406,185.44417985228344,183.59674788724075,185.18694899428633,5106634
2023-02-27,182.56781005859375,183.94752489998044,180.27606895191013,183.69029404215735,5554710
2023-02-28,181.02438354492188,183.90076750940707,180.3929961118967,183.26936580322354,10061602
2023-03-01,182.84844970703125,183.22260630803277,181.14132274791834,181.51549362207928,4542612
2023-03-02,181.49209594726562,182.5678211296639,181.14131878905818,181.79611423623936,4438972
2023-03-03,182.61459350585938,183.08229638150695,181.98319176910334,182.6847460825747,4393936
2023-03-06,184.1580047607422,185.51434022688795,183.38629788113846,183.549996740002,6727722
2023-03-08,183.62014770507812,183.8072259964988,181.86626196083674,183.17582427394015,4908842
2023-03-09,182.45091247558594,184.20479843067073,182.21706101490798,183.71370179935073,4157054
2023-03-10,181.98318481445312,182.35734139140885,180.81392767001842,181.42193567586105,4567396
2023-03-13,180.2760772705078,183.62014994230722,179.48097668083406,181.9364167526891,5982520
2023-03-14,177.46986389160156,181.07116751113995,176.48768498694227,180.79054292792884,8094852
2023-03-15,175.73934936523438,179.4575928055786,175.34179908023552,179.4575928055786,7687926
2023-03-16,174.3830108642578,176.1836696953869,173.05005488416703,175.55226799185354,7686620
2023-03-17,176.0901336669922,176.95538684641534,174.8507238942202,176.41753139104173,9044282
2023-03-20,171.71710205078125,175.83289577923483,170.7816963315634,175.38857235334294,8184754
2023-03-21,171.3663330078125,173.16699195706883,170.92202383407343,172.58236335491802,7211152
2023-03-22,171.3663330078125,173.05006623663868,171.10910213212983,172.04450789557114,5374846
2023-03-23,169.0745849609375,170.6647718403782,168.53672952316236,170.6647718403782,9485192
2023-03-24,169.1915283203125,171.5768160247955,168.84075113651087,169.9398558337213,7906696
2023-03-27,168.95765686035156,170.24383971534385,167.99887171407522,169.19150828853196,6227714
2023-03-28,166.5957794189453,170.2672357814983,166.2216085334106,169.7761534436113,7813096
2023-03-29,167.9287109375,168.72381153131866,166.03452001002947,167.43762862983252,8823840
2023-03-31,170.82846069335938,171.06231211114633,168.98102878357943,169.93982816040057,7914212
2023-04-03,172.0912628173828,172.30172052797835,170.7816863233272,172.0912628173828,4053500
2023-04-05,172.93313598632812,173.93869430105568,171.74049937844458,172.9097565521182,6443110
2023-04-06,171.48326110839844,173.26054064750073,171.10910450709238,172.58236575032916,6429614
2023-04-10,174.59349060058594,175.10796665623815,171.9275925773774,172.11467088675272,5624940
2023-04-11,173.16697692871094,175.3184128525446,172.39527009547658,174.6870111623863,6784354
2023-04-12,174.0556182861328,174.66364057428706,172.74605597391533,173.33068455493364,5578210
2023-04-13,172.25497436523438,173.00330186857448,171.17926339198044,173.00330186857448,6724634
2023-04-17,169.0044403076172,169.2850648931797,164.631415479316,168.34965912341085,13603290
2023-04-18,172.06788635253906,172.53558923160176,168.02225930327845,169.9866171046055,8024898
2023-04-19,168.74717712402344,172.06787010647187,168.56009884469347,172.06787010647187,7475944
2023-04-20,169.70599365234375,170.10354395682555,167.9053347013327,168.6068890245973,4423266
2023-04-21,172.13803100585938,172.4420492817828,170.08014128734465,170.29061328249801,5299988
2023-04-24,176.76832580566406,177.07232985158137,173.30731275011127,175.38859647082933,17779044
2023-04-25,175.69256591796875,177.2126001213787,174.96763223791322,176.88521670300042,7528552
2023-04-26,175.17811584472656,176.62799769232976,174.6402603632563,176.62799769232976,7008146
2023-04-27,175.10794067382812,176.13689263245726,174.00883614373745,176.0433463550699,8491700
2023-04-28,180.0655975341797,181.46870608639406,177.72708328048904,177.72708328048904,27709406
2023-05-02,181.63241577148438,183.40968100102344,181.21148603534715,181.93641978796356,9746608
2023-05-03,180.11236572265625,181.63239994576995,178.68586350322406,181.63239994576995,4828488
2023-05-04,179.4575958251953,180.60345928575674,179.15357754303693,179.94867812641323,6253358
2023-05-05,177.44647216796875,179.78498659894663,177.2593938681224,179.0132796913558,7902194
2023-05-08,177.8907928466797,179.1302026211498,177.5400156874999,178.19479686333702,9613544
2023-05-09,178.8027801513672,179.34064980619877,177.75044881946442,178.89632642346584,5716698
2023-05-10,179.48097229003906,179.85512886828582,178.66249228611053,179.597898004886,3670402
2023-05-11,179.9019012451172,180.93085324066539,179.1769675254072,180.39299780928457,4049964
2023-05-12,179.24713134765625,180.18253712116,178.45203073091432,179.87853309940317,4580358
2023-05-15,180.4163818359375,181.00101042257373,178.89634751068334,179.24712466266507,5089694
2023-05-16,180.9776153564453,181.84285417140492,180.76714337417224,181.23484620308344,4059352
2023-05-17,178.8027801513672,181.1646879268654,178.35847104179143,180.626832545191,5376102
2023-05-18,178.943115234375,180.22929808603286,178.7794163804414,180.15914551239229,4237016
2023-05-19,180.62684631347656,181.56225201313586,179.36404290967317,179.97205090518844,7281582
2023-05-22,185.09339904785156,185.49094931673628,180.2526717961378,180.767147775097,12197390
2023-05-23,185.98204040527344,188.06332385251395,185.23371297069488,185.67803639930176,12725634
2023-05-24,186.94082641601562,187.29160353768205,183.97091059794184,184.50876599653213,8256974
2023-05-25,184.3217010498047,186.6134422224664,183.64352618960746,186.6134422224664,13605054
2023-05-26,187.87623596191406,188.2737719561703,184.7426212342472,184.81277380540078,7926180
2023-05-29,186.9875946044922,189.88735799746058,186.77713688489249,188.9519522930396,7959308
2023-05-30,188.25039672851562,188.88179842931743,186.82390874828332,187.08113960597825,7378972
2023-05-31,188.7882537841797,189.32610921057025,187.31499265166343,187.89962121799198,11783582
2023-06-01,190.42523193359375,190.82278225124915,188.97535009617047,189.41967355822524,7065484
2023-06-02,189.3962860107422,191.6646335487828,188.95196256771783,191.15017180190293,6320754
2023-06-05,189.04550170898438,191.64124687255236,188.81165027899956,191.24369658694647,7252860
2023-06-06,187.05775451660156,188.6479413005372,184.99985062463543,188.6479413005372,13707400
2023-06-07,188.3907012939453,188.76487213590022,187.54884187757358,188.20362300954693,8215860
2023-06-08,186.8706817626953,189.30274247096838,186.49652516441913,188.9987384507241,10615052
2023-06-09,185.81834411621094,187.24484643033955,185.23371553004972,186.82391670293526,12018232
2023-06-12,185.0232696533203,186.98761326473914,184.55556675443586,186.98761326473914,11973622
2023-06-13,184.99986267089844,186.37959183287708,184.5087803715684,186.12236096621064,13016186
2023-06-14,185.42080688476562,185.74819032698173,183.66692113774045,185.35064003635762,18512564
2023-06-15,181.9130401611328,185.88851462530786,181.5856424371724,185.72481576332765,28702320
2023-06-16,178.33509826660156,181.7727172088877,177.32953995273581,180.3228354601432,41110648
2023-06-19,177.7972412109375,178.66249436550692,176.3707531824659,178.66249436550692,10629440
2023-06-20,178.89633178710938,180.04220942546633,178.00769926815786,178.56893409810522,11802658
2023-06-21,180.2994384765625,181.1179184177661,179.1769545546862,179.71480994713136,8829264
2023-06-22,178.8027801513672,180.53328627309233,178.47539674533618,180.53328627309233,9356174
2023-06-23,177.70370483398438,179.1301928273935,176.83845170068253,178.80279512079548,6470406
2023-06-26,178.1480255126953,178.61572839630605,177.2827723233836,177.72709577207752,4100400
2023-06-27,178.943115234375,179.71482209073804,178.42863923908018,179.71482209073804,5880750
2023-06-28,178.52220153808594,179.48098676790795,178.1012575121546,179.48098676790795,7140112
2023-06-30,182.00656127929688,182.28718584401554,179.13019160553674,180.06559730582677,9070810
2023-07-03,183.15245056152344,184.22816147566593,182.1702716594338,184.22816147566593,9036924
2023-07-04,185.18695068359375,185.84173182432528,183.80722155552934,184.15799869590248,12617234
2023-07-05,184.2281494140625,184.92970368774374,183.2693642826281,184.32169569314996,12366958
2023-07-06,185.3038787841797,185.65465592907162,183.877376497724,184.5087782131612,9037242
2023-07-07,185.14019775390625,185.88852525635644,183.90078791058934,184.74264743012085,9065220
2023-07-10,182.38072204589844,185.1401658546498,182.2404026347133,185.1401658546498,5630400
2023-07-11,183.36288452148438,183.71366163581433,181.39854124513099,182.40409945157873,9634838
2023-07-12,183.2693634033203,184.2515422363933,182.56780913300506,184.22814853015456,6848220
2023-07-13,184.4152374267578,186.426368347957,182.9887493709571,183.26937394986382,13595726
2023-07-14,189.4430389404297,189.65351093803375,183.50322114449003,184.6257051610082,31366784
2023-07-17,194.213623046875,198.7503467418213,189.79382507320918,190.3550742446192,45759860
2023-07-18,195.12564086914062,196.57550833123594,192.81050597952864,195.49979745165064,17769026
2023-07-19,195.47642517089844,196.90291325122197,193.69914565604174,196.4352103693901,10830990
2023-07-20,195.3361053466797,196.43520997138955,193.93299670402692,195.73365565006316,8255710
2023-07-21,189.2793426513672,193.79267214536745,187.54883645610016,189.4196477923206,23514212
2023-07-24,188.975341796875,190.82277387081936,188.71811092371473,190.02767327042733,6808460
2023-07-25,187.26821899414062,189.65350639280013,187.08114070806423,189.65350639280013,6458200
2023-07-26,188.36732482910156,188.7648751104365,187.7359231202941,188.7181019703103,5329662
2023-07-27,187.05775451660156,190.1679755138735,186.61343111420936,188.9519452885729,8948358
2023-07-28,186.49652099609375,188.41410563400828,185.4675689640931,187.57223189696435,6760060
2023-07-31,189.4430389404297,189.88736236952332,186.59006289478396,186.9642194759038,6762180
2023-08-01,190.33168029785156,190.82276258052343,188.97533061588499,189.65350545686826,7181804
2023-08-02,188.3907012939453,189.84058297605944,186.61343618242358,189.84058297605944,5399618
2023-08-03,186.91744995117188,188.01655455506835,185.7014196292685,188.01655455506835,6821698
2023-08-04,191.22032165527344,191.75817710226997,187.2214535444893,187.47869868742427,12481540
2023-08-07,192.29603576660156,193.16128894702516,190.84615398767002,191.73480087592944,8822866
2023-08-08,194.72808837890625,195.26594381262066,191.7347929331768,192.88065637488867,15724284
2023-08-09,195.40623474121094,195.73363242825118,192.95079490788163,194.330523952063,9309388
2023-08-10,195.80380249023438,196.8093608000394,194.35392074734492,195.07886875536906,9901644
2023-08-11,193.18466186523438,197.44076077343814,192.85727842500864,195.8038007528335,7571468
2023-08-14,194.16683959960938,194.6579361668213,191.52432129353662,193.27820701966792,5792180
2023-08-16,195.80380249023438,196.5287504982585,193.6289870124796,193.6991395879248,8131780
2023-08-17,195.28932189941406,196.62227789423193,193.86283389725017,195.803797895872,6340960
2023-08-18,192.55328369140625,194.72809925459552,190.82277730559667,194.1200769394811,10602392
2023-08-21,193.9096221923828,195.1958051474692,192.52989294948088,192.60004552876276,7334260
2023-08-22,195.07888793945312,195.546590852627,193.04437741251476,194.09670896715596,6350240
2023-08-23,194.213623046875,195.47642654596788,193.9096190261776,195.14902881711882,6134234
2023-08-24,193.02096557617188,196.43519055997498,192.69356788264213,195.85056201664173,5776956
2023-08-25,191.61785888671875,192.36617201074532,190.4018286504387,191.75816402918426,6598510
2023-08-28,190.8461456298828,192.90404962503564,190.65906734118488,192.43634676671155,3401974
2023-08-29,190.86953735351562,192.64680248741757,190.40183450005108,191.59447106712233,3998562
2023-08-30,190.4486083984375,191.85171696441864,190.19136326411257,191.75817068408986,4018182
2023-08-31,191.00985717773438,191.75818465541178,190.09784510729332,190.82277887660487,22061952
2023-09-01,194.72808837890625,195.38286952747853,190.5889152183064,190.79938721431395,8476130
2023-09-04,203.02980041503906,204.15228434719626,194.5643763767094,195.49978203236662,27634648
2023-09-05,201.97747802734375,204.6199962673649,201.25253004810156,203.82489571546273,17973426
2023-09-06,200.78482055664062,203.70796326374963,199.19463377860487,202.86610387336535,13531912
2023-09-07,202.4451904296875,202.84274072439968,199.59220006389054,201.0888549593391,9322650
2023-09-08,201.1122283935547,202.7258089585338,200.78483068458084,202.7258089585338,5748410
2023-09-11,203.38058471679688,204.61999439967184,201.15899620617188,202.51533160013236,8253314
2023-09-12,203.45074462890625,206.49081322680945,199.66234859842595,204.4329234920913,14545328
2023-09-13,203.7781524658203,204.83048395584154,201.81379464185028,203.4273753024799,7445670
2023-09-14,204.12892150878906,207.30929528729456,203.59105179453644,205.04093353329816,14895010
2023-09-15,206.28033447265625,207.54313786583558,204.97077221341397,205.6957059152877,19835876
2023-09-18,203.96524047851562,206.280361302921,203.54431071709283,206.280361302921,6025196
2023-09-20,201.1590118408203,204.3160062855001,200.66791525219682,203.09997594106568,9102700
2023-09-21,200.62115478515625,201.69686569292153,197.86169639251133,201.06546395438144,8893070
2023-09-22,195.733642578125,199.59219108772962,194.84501001842347,198.4930865364227,19818260
2023-09-25,193.67576599121094,196.31828441579106,192.69358708589854,195.7336558141955,9301132
2023-09-26,193.11451721191406,194.93855559792044,192.55328231715168,194.93855559792044,6480566
2023-09-27,194.40069580078125,194.8216255307516,191.89848258212575,192.81050889136057,7773994
2023-09-28,189.58335876464844,194.79824284327609,188.95195704365796,194.79824284327609,16876116
2023-09-29,189.91075134277344,191.40740628874823,187.78270891858867,189.4196690212414,12780272
2023-10-03,189.63011169433594,190.8695212971233,188.76485863358195,190.09781450845622,5728104
2023-10-04,189.3728790283203,189.630124156887,187.38514193767435,188.34394133352785,6905870
2023-10-05,190.26150512695312,191.94523816597592,189.41964574402053,190.79937479882645,8125304
2023-10-06,190.7526092529297,191.66462124187694,190.33167954471108,190.82276182543976,6365004
2023-10-09,189.70028686523438,192.22587950778518,188.67133484230385,189.0455057020781,6030450
2023-10-10,190.7058563232422,191.1735592204175,189.9809225418843,190.07445455742354,5128014
2023-10-11,196.9730682373047,198.28264488634204,191.29048100819674,191.29048100819674,19092228
2023-10-12,195.07888793945312,197.32385621342362,193.9564038024679,197.2537036310796,10234398
2023-10-13,192.24925231933594,193.8160597339866,191.31384661186192,192.64680259964408,10914054
2023-10-16,191.85171508789062,192.64680137027472,190.8929156799533,192.22587165922923,5277652
2023-10-17,192.4129638671875,193.55884164370562,192.24926500294788,192.5532832964612,5979388
2023-10-18,190.56553649902344,193.46528567447425,190.35506450222684,191.2904702245965,4881066
2023-10-19,184.88294982910156,185.56112474031494,182.45090332393718,183.31615653967708,25629102
2023-10-20,183.2693634033203,185.23370679630813,182.87181312884337,184.7660039494313,8429336
2023-10-23,179.20034790039062,183.80722392463468,178.7560387474196,182.8016656305693,8837826
2023-10-25,178.5923309326172,181.32839538016802,178.24155380531985,179.784967456165,6678294
2023-10-26,176.90859985351562,177.9843106800438,175.41194505097747,177.16583070715905,10995582
2023-10-27,178.82618713378906,179.7615928316008,177.28275916850478,177.28275916850478,6202812
2023-10-30,178.66250610351562,179.76161076271106,177.91417861598939,179.5979118946335,4688744
2023-10-31,178.56895446777344,179.6446796592415,177.32954468628913,179.2237499204754,6153536
2023-11-01,178.17141723632812,180.32283905844787,177.79724636971142,179.52775272906075,4241952
2023-11-02,179.43418884277344,180.13574309155777,178.70925516162606,179.50434141302034,4742730
2023-11-03,179.38743591308594,180.86071142002535,178.96650617102867,180.53331369111453,5291528
2023-11-06,179.9019012451172,180.74377495233622,179.13019438503528,180.53330295724183,4939936
2023-11-07,179.2705078125,181.00101417407393,179.06005008084423,180.01883527353627,5692178
2023-11-08,178.75604248046875,180.46315509997328,178.42864476246675,179.8785265129403,7102052
2023-11-09,178.1246337890625,179.59789491616502,177.58677836464835,179.13019206482082,9231126
2023-11-10,177.3997039794922,178.56896122763848,176.3239930204615,177.8674068787507,10710700
2023-11-13,178.49879455566406,179.08342313358327,177.7270876874424,178.9431179841461,3585902
2023-11-15,183.1758270263672,183.45645160429427,179.71482862702376,180.32283665156666,10792518
2023-11-16,185.72482299804688,186.84730709467206,182.0767318425655,183.17583650363667,13843576
2023-11-17,184.92971801757812,186.61345125951388,184.50878827538403,186.14574837415168,7886928
2023-11-20,187.1746826171875,187.59561231932034,183.9007627312418,183.9007627312418,8610496
2023-11-21,187.38514709472656,188.29717337656265,187.10452252545713,188.29717337656265,5440248
2023-11-22,187.1980743408203,188.2971789436118,186.66021889316116,188.2504058018243,5318582
2023-11-23,188.25039672851562,189.41965385105297,187.31499103048571,187.31499103048571,9677360
2023-11-24,185.2103271484375,188.71809849594578,184.99985515832375,188.25039564961136,6250566
2023-11-28,185.60789489746094,186.4965275345296,183.8540090585782,185.67804747638434,8145314
2023-11-29,190.00428771972656,191.07999859324556,186.14573910757213,186.14573910757213,15544086
2023-11-30,193.18466186523438,193.86283672589119,188.9753360979653,190.33168581927893,19825958
2023-12-01,190.65907287597656,193.51206324920693,190.12121742792172,193.51206324920693,9830426
2023-12-04,190.56553649902344,193.16128166933584,190.23813878693062,193.0209765202438,10662472
2023-12-05,189.11566162109375,191.2904771497043,188.06333014533132,190.54214969008584,11165368
2023-12-06,195.8505859375,196.62229285432332,189.86399463183844,190.23815123600747,22082070
2023-12-07,195.61671447753906,197.13674872034122,194.86838707260486,196.43519445443255,11250552
2023-12-08,197.6512451171875,198.53987775782028,194.09670028149685,195.8739655627624,15479122
2023-12-11,196.7158203125,197.4641477223684,195.14901292034136,196.43519574965458,10084242
2023-12-12,197.4641571044922,200.13005489529326,196.5053576586447,196.76260280062473,11903364
2023-12-13,196.27149963378906,198.44631504812236,194.09668421945574,198.09553790796673,9696816
2023-12-14,203.17013549804688,203.9184629874953,197.95525105380136,198.07217677799144,24681376
2023-12-15,208.85269165039062,210.23242069905794,202.7491754683907,203.94181196776526,41567234
2023-12-18,208.2447052001953,212.1032539209176,206.72467085566834,208.59548235662461,20182072
2023-12-19,205.18125915527344,209.2268862124446,203.45075279009401,208.40840617248446,16064694
2023-12-20,202.02426147460938,210.23244117727268,200.80823115154396,206.72466963371417,26449942
2023-12-21,202.9830322265625,204.1522893246418,199.80265862905006,200.5977448918492,10663008
2023-12-22,216.38272094726562,218.08983349710155,202.98303713395313,203.5910451303906,46080814
2023-12-26,219.86712646484375,222.53302431358006,209.6945888376961,212.33710725172563,54628644
2023-12-27,220.26466369628906,222.3459328222598,217.06089630781915,219.11878600047044,25262992
2023-12-28,219.5631103515625,223.28133947412243,218.72123665111164,221.0129777793264,16839956
2023-12-29,220.42835998535156,222.32256519907344,217.9963135914452,220.2646753971037,15961140
2024-01-01,223.16441345214844,226.13432942330124,219.025240348507,221.223449466849,20347278
2024-01-02,219.44619750976562,223.56197715396402,217.15444197396957,223.56197715396402,14282514
2024-01-03,213.22572326660156,216.96734601055826,212.80479356253804,216.96734601055826,19534364
2024-01-04,211.58877563476562,215.07316772719898,211.1210727645415,213.74021169242843,15170336
2024-01-05,213.55311584472656,216.54641111347786,212.10323421158145,212.82816789157516,16889130
2024-01-08,210.62998962402344,215.14331944913994,210.02196733125015,213.9740622782207,10082886
2024-01-09,210.81707763671875,216.31258659341637,210.44292103403717,214.20792358872367,14465048
2024-01-10,212.1500244140625,213.27250844598856,209.99858836019487,211.1444660994862,8874676
2024-01-11,209.6244354248047,213.69344189554823,208.92288110848762,212.7814298482315,8638818
2024-01-12,217.6923065185547,219.3526459975455,212.8048058185143,212.8048058185143,36086734
2024-01-15,231.32583618164062,247.41481162553117,228.7768498989195,239.44048361416074,127844264
2024-01-16,226.8358917236328,231.51292041896545,224.7312288107331,231.51292041896545,25912492
2024-01-17,225.61985778808594,229.8759566871802,220.7557508776176,222.22901203837677,28668932
2024-01-18,225.73678588867188,228.7067019485662,219.0720200343425,225.61986017192925,26144924
2024-01-19,226.85928344726562,230.74122603857958,226.18112281360038,228.23901269639498,15498620
2024-01-23,219.77357482910156,227.30359385889423,218.44061880060593,223.5853503488525,19972336
2024-01-24,224.0621795654297,224.5074505855251,219.37517642168177,220.7578480705268,11708750
2024-01-25,220.2891387939453,224.67148941577847,219.60951764431206,224.0621704497216,12852980
2024-01-29,221.69525146484375,223.57005274573038,220.28915050417876,220.28915050417876,10051300
2024-01-30,221.46090698242188,226.33538757697656,220.99220665018396,222.35143475295413,11828014
2024-01-31,224.1090545654297,224.92928012330015,219.82044950928383,221.46090062502475,10584480
2024-02-01,220.92189025878906,223.89814003788726,220.5703650322089,223.82782354969277,7828120
2024-02-02,226.4525604248047,228.02270938302317,222.63265561549025,222.63265561549025,16296222
2024-02-05,226.0775909423828,229.42879520260007,224.57774427171316,226.38224327447566,11566604
2024-02-06,234.1861114501953,235.19381427499238,226.42912689474963,227.17905026562138,29024038
2024-02-07,232.10040283203125,235.1469548942664,230.858335548395,234.79542965631617,9103534
2024-02-08,229.12416076660156,234.39703951558627,227.36653451694,232.4284923945257,11303840
2024-02-09,229.8740692138672,231.88947479432915,226.2650711611165,230.0849757679538,7893788
2024-02-12,235.02978515625,239.41212177941034,230.1318610080605,230.1318610080605,48873500
2024-02-13,239.78709411621094,240.44327172413398,230.45996031550723,235.80314127087928,22373576
2024-02-14,241.1463165283203,242.31806733749582,232.96749015883574,236.20153383503916,22594656
2024-02-15,243.02110290527344,245.05993774520698,240.46668057663325,242.2946231696187,14570776
2024-02-16,254.5042724609375,255.44167309615275,244.16943617912892,244.8959159499813,34942644
2024-02-19,251.19993591308594,255.86350970133537,249.04389733094627,255.86350970133537,18602758
2024-02-20,249.32513427734375,252.23108190506485,246.65353680335505,251.12961901820466,10374126
2024-02-21,244.38035583496094,251.36397336846022,243.4898137930316,251.1765104066625,13115574
2024-02-22,248.90328979492188,249.81726110577247,244.40377833608287,245.03651230125843,14596482
2024-02-23,251.29368591308594,253.68404608225237,249.9578728479189,250.75466910670673,19860994
2024-02-26,249.77040100097656,251.4577106359911,246.5597867856682,251.34053556113741,8820636
2024-02-27,249.0907745361328,251.87954697964815,247.2628319644988,250.28595455272642,10399260
2024-02-28,242.6461639404297,248.85644324582205,241.38066734166495,248.41117221569402,12789056
2024-02-29,243.06796264648438,245.71613076812264,240.53699820632337,242.4586579816602,14462764
2024-03-01,243.3023223876953,246.1614114772042,242.57584261994688,244.8490563149495,9420630
2024-03-04,243.95852661132812,246.72387005614186,243.04455522823216,245.10684816407954,5662370
2024-03-05,240.5838623046875,243.9585102427411,239.34180934956996,242.66958439611759,10521548
2024-03-06,240.5135955810547,241.3103632887572,234.35017454757386,240.7713750516172,11091922
2024-03-07,241.61502075195312,243.91166381788676,239.27151909577512,240.7947951722908,9707982
2024-03-11,241.16973876953125,243.23203157624292,240.11516307211664,242.50555181724107,11131512
2024-03-12,239.43556213378906,244.8959180193378,237.9825882762082,240.32608988404874,11652760
2024-03-13,236.41244506835938,243.11486841139475,232.85031967738382,240.8182253371664,13580480
2024-03-14,242.76333618164062,243.20860720655952,232.0769603159742,234.88916223268663,12825472
2024-03-15,242.3180694580078,242.90394486772254,237.34984312290723,241.26349372052132,13649086
2024-03-18,239.13088989257812,243.04452580922387,238.5684438320459,242.78674637524514,6393960
2024-03-19,231.93637084960938,238.56847793542434,231.13957453388622,238.56847793542434,9617386
2024-03-20,231.30361938476562,234.93604704481007,229.28821363030974,232.49879953856632,8385344
2024-03-21,234.5610809326172,236.83426604238932,233.6236802923487,234.1861120943506,11644580
2024-03-22,228.30392456054688,230.01467783656372,224.7652286270561,229.31162736941172,28646502
2024-03-26,224.90585327148438,230.1084297272015,224.53088443022622,227.78835740258748,18273346
2024-03-27,221.3671417236328,225.42141068376674,220.8750121395091,224.83553532000147,14320668
2024-03-28,225.02304077148438,226.40569822106127,222.77327051056673,223.4294624430841,15455150
2024-04-01,227.2962188720703,227.97582573288165,225.70262639050296,226.71034349019942,6041008
2024-04-02,225.53860473632812,226.24165523201043,224.7886813468805,225.89012998416928,6932654
2024-04-03,226.47598266601562,228.5851339413687,223.07790561128016,224.9761360376589,13794516
2024-04-04,228.4445343017578,230.57712935106778,224.78867750808175,227.69461092511693,16004046
2024-04-05,227.3430938720703,228.32736744538963,226.17134302373762,228.02271508554298,6414344
2024-04-08,224.92929077148438,230.41309048229016,224.13250877399244,229.66316707601598,26640770
2024-04-09,223.00759887695312,227.43682247030245,222.72639013748815,226.82751779666413,15801250
2024-04-10,223.71066284179688,224.71837999892492,221.74213002867953,223.80440862967825,10771534
2024-04-12,220.6406707763672,224.97614864079924,220.28914554411594,222.63264709245757,13170046
2024-04-15,215.29750061035156,219.5158036031603,214.75849808865692,218.62527583206491,12176472
2024-04-16,210.1417999267578,214.89910550859463,208.47790514055137,212.34468293868858,21439424
2024-04-18,208.26698303222656,213.4695592695721,207.56393257592578,212.0868876507413,21986258
2024-04-19,212.2040557861328,212.7430582576144,204.82202623642195,206.22812710303353,20470106
2024-04-22,216.53955078125,218.48465427495057,210.9151468648539,212.20407276236133,18881740
2024-04-23,216.58641052246094,218.78929334045404,215.69588281716167,218.78929334045404,10322712
2024-04-24,215.55528259277344,217.78160919834875,214.94597787479248,217.43008394483687,5915168
2024-04-25,216.07086181640625,216.7973416390346,213.63361426970545,215.08658821856173,11805090
2024-04-26,217.7581787109375,223.0076138858216,216.35207770458655,216.492682083782,21478294
2024-04-29,216.98480224609375,219.35173295936585,216.35205400183762,219.18768499921092,7249940
2024-04-30,216.72702026367188,218.76586947082558,216.30519284581896,217.00824331010656,8902956
2024-05-02,214.38351440429688,217.00823894556763,213.46955740126376,216.72701590478897,14937276
2024-05-03,214.36009216308594,216.53954576952708,212.41498871440405,215.78962240397783,9730626
2024-05-06,214.9694061279297,216.82077817555523,213.72735309892985,215.03970831757135,6918126
2024-05-07,217.43006896972656,218.10969013448153,212.78993880367014,216.44579546696352,9278528
2024-05-08,217.10198974609375,218.6018221589237,216.21144771244036,217.9456445843357,8205680
2024-05-09,213.6804656982422,217.66441828159637,212.81336727526312,216.42236533691735,9233484
2024-05-10,211.78224182128906,214.43039576067383,211.05574774529595,213.7507745772607,6654714
2024-05-13,211.8291015625,212.43840621741535,208.5716288290123,211.78222867283012,7111608
2024-05-14,213.89138793945312,215.55526830770268,211.94628452631116,212.18063467978845,4909420
2024-05-15,214.80535888671875,215.484980097318,213.09460551610587,213.89140181104298,4793424
2024-05-16,217.6878662109375,219.11739644491414,213.77421573457067,216.5395447220328,14621472
2024-05-17,216.07086181640625,217.66444014912622,215.6255907615053,217.66444014912622,6876820
2024-05-21,216.02398681640625,217.85191530682715,215.46155498283028,217.0082604046635,8467448
2024-05-22,216.21144104003906,217.21915812032728,215.06313389584702,216.96136437511018,7765884
2024-05-23,218.3206024169922,219.35174883809788,216.4223718504096,216.77389708893222,13171332
2024-05-24,217.31289672851562,220.52349672540754,216.53954407468288,218.88304563393268,8205526
2024-05-27,212.06346130371094,216.6098457354718,211.6650631788849,216.53954354958444,40983758
2024-05-28,213.7507781982422,214.31322431153265,212.36812081710127,212.78994825026973,15778126
2024-05-29,211.2900848388672,213.4929819215162,210.68078018380137,212.7899314870875,9756036
2024-05-30,204.79861450195312,210.68079791015185,203.93151603248188,210.44644774562443,20724568
2024-05-31,205.38449096679688,207.23584869390075,204.11899435041784,205.0798243084693,21438004
2024-06-03,208.1498260498047,211.17293469252593,206.95463158804097,211.00890101467547,8964424
2024-06-04,205.3610382080078,208.99346561479234,195.4480295005349,208.99346561479234,17730732
2024-06-05,211.61819458007812,213.25864570085392,205.78286987187903,206.087536522902,12267428
2024-06-06,216.07086181640625,216.53956216741798,212.13378172862767,213.23523041422513,15425568
2024-06-07,227.10873413085938,227.97583258280136,219.49235393769075,220.28915020241553,72672440
2024-06-10,222.7498321533203,228.9132386409775,221.8593043857575,228.9132386409775,18311752
2024-06-11,223.12478637695312,224.6012038593448,222.32800439810572,224.6012038593448,9371714
2024-06-12,223.52317810058594,227.0384304746891,222.89042981252769,224.03875130950746,13875116
2024-06-13,226.1947784423828,227.48370432893392,224.1090562863424,224.97615474346927,12995932
2024-06-14,223.8043975830078,227.6008729472298,223.19509290265046,227.3196499010655,11322596
2024-06-18,230.53025817871094,231.06926069283247,224.99958575035404,225.44485678144505,31870984
2024-06-19,232.35816955566406,233.01434710317028,228.1398669313555,230.7177185350996,20880284
2024-06-20,229.8506317138672,233.17840681251423,228.84292889690465,233.17840681251423,12571126
2024-06-21,229.92092895507812,234.79542357120258,229.2413220948133,233.3893226558432,95171176
2024-06-24,229.92092895507812,231.9597781430689,229.4053700623249,229.7100223999331,9934518
2024-06-25,232.87374877929688,233.41275126789063,229.33505290381956,229.92092828350803,9258210
2024-06-26,232.10040283203125,234.30328574102677,231.4442109449787,232.873755494802,12812090
2024-06-27,239.41212463378906,239.951141460201,229.28820887292332,230.67086627460867,42137138
2024-06-28,241.3103485107422,241.98996969674948,237.09205993081633,239.97456404050502,16405832
2024-07-01,247.1691131591797,251.12963675847544,240.95883364656513,242.73991782650774,30757528
2024-07-02,252.2545166015625,255.4416730391436,247.6143720154038,248.08307233290682,36276968
2024-07-03,252.62948608398438,255.65260903221764,250.9890348756468,253.98872852805786,16049384
2024-07-04,248.73927307128906,257.22273767708566,247.9893353722806,253.75437236846525,19524632
2024-07-05,250.801513671875,251.45770552058508,248.1533741983706,249.04388758482523,10376090
2024-07-08,253.66062927246094,254.50428416150137,250.75468144825643,251.19995249189395,12176360
2024-07-09,253.5668487548828,255.41822056242484,251.97325637713143,254.97294957977124,8681444
2024-07-10,251.012451171875,254.66830795396993,249.23139567364385,253.56687364257888,9233748
2024-07-11,250.3328399658203,252.88726253836919,248.41118001612216,251.55147801323736,8807618
2024-07-12,262.54248046875,264.72191966606846,253.82463785788934,255.4416595895744,54186042
2024-07-15,262.3315734863281,265.7062214945412,260.66769308026113,265.7062214945412,16099478
2024-07-16,262.3315734863281,263.69078724307144,260.784868159663,263.3392620048659,11239032
2024-07-18,268.6590576171875,269.22150378223347,260.7614392239013,260.85518501927567,25019786
2024-07-19,261.1598205566406,271.79932340076317,259.98806977220414,271.79932340076317,26523490
2024-07-22,237.06861877441406,246.88789630919507,235.0766423922326,244.19286943918488,76014568
2024-07-23,234.60794067382812,238.09976379741474,227.95240467739822,238.09976379741474,25847632
2024-07-24,234.39703369140625,237.32641070138783,234.27985861100697,235.52191160251942,12240276
2024-07-25,237.56076049804688,237.86541284589825,231.2098625679824,232.47535915579414,21887890
2024-07-26,245.9739227294922,247.73154893317167,238.33411321893814,239.03716370040993,26153996
2024-07-29,245.7864532470703,248.6689429803416,245.05994488305888,247.47376291497562,12011554
2024-07-30,244.4272003173828,246.9816226097322,243.60697481296208,245.7864425961582,10816526
2024-07-31,244.66156005859375,246.02080239068675,243.46637999813763,244.56781427582933,7758508
2024-08-01,244.45065307617188,246.91132982564454,242.55242244801832,245.13027428079917,10759752
2024-08-02,235.3578643798828,243.3726427654742,234.81886186904686,241.3806663923336,15652228
2024-08-05,227.3196563720703,232.4050577310106,225.09332984059128,229.66315798415351,21938080
2024-08-06,229.42880249023438,234.04550341945009,228.069574447539,229.545977568115,11271584
2024-08-07,233.1315460205078,234.39704265867312,230.90521940774983,233.74086504405375,7079826
2024-08-08,228.3976593017578,231.5379571546469,227.9524025816965,231.5379571546469,13160570
2024-08-09,230.27244567871094,232.6862636038011,229.499093064547,232.1706904264926,6065948
2024-08-12,229.2178955078125,231.5379679117689,228.44454280769344,230.3896463575684,7338468
2024-08-13,229.8975067138672,230.92865313820266,228.3273577828285,229.21788552915535,6289418
2024-08-14,232.0769500732422,232.8737463025835,229.87406725120098,231.06924729161497,11121756
2024-08-16,241.96653747558594,242.52898357469255,233.3893274376002,234.818857676065,25931140
2024-08-19,243.60699462890625,245.22401647630969,240.77136337582942,241.84936840503246,11466562
2024-08-20,245.9036407470703,247.28628384138884,243.56013908592297,243.67731416898033,9543812
2024-08-21,246.7003936767578,247.520619209121,244.21628778589715,245.31775066510264,6454402
2024-08-22,243.25546264648438,248.6689455446344,242.81019162732986,247.3800196828274,11496506
2024-08-23,240.1620635986328,244.40379591780513,239.66991966369517,243.677316118477,11277706
2024-08-26,243.7241668701172,245.97392268901726,241.82593629189515,241.84936558650088,17351380
2024-08-27,242.3883819580078,245.2474424674489,241.84936514706857,243.72416642727842,7965796
2024-08-28,250.56716918945312,252.20762024110513,242.71643915654712,243.72415624544035,34375566
2024-08-29,252.48887634277344,254.01215243246963,250.3094083407904,250.7546793807566,25685318
2024-08-30,252.34823608398438,254.03554560824637,251.08273963719083,253.89494124909024,19434804
2024-09-02,249.5594940185547,254.03557640536468,249.27825665895344,252.34826667654755,15735982
2024-09-03,251.24679565429688,253.49655142265053,248.1768143427895,249.8172654290969,15056686
2024-09-04,243.32577514648438,247.5909364854662,242.20088296992836,247.47376140904146,20402128
2024-09-05,245.9973602294922,246.53637705947872,243.48982487148137,244.28662116516648,12069118
2024-09-06,244.00538635253906,248.36432241443583,242.99769778258977,245.99736280399995,14579954
2024-09-09,241.3103485107422,244.54439216432323,240.6541852265123,242.36492423162332,11919540
2024-09-10,246.41920471191406,247.47378048100927,240.91197569552796,242.22433093118448,10287272
2024-09-11,241.07598876953125,246.65353380340355,240.56042988046912,246.0676584261983,8261524
2024-09-12,248.4346160888672,249.34858749756313,242.66960747530698,243.93510414833221,15779474
2024-09-13,258.06640625,258.95694837507466,248.8095741587643,250.19224593940146,35919706
2024-09-16,258.67572021484375,260.99576393249436,257.31647783259405,259.19127912827776,11088578
2024-09-17,258.67572021484375,260.08182118660653,256.4025064795087,257.31647783259405,8728238
2024-09-18,252.23109436035156,257.33991079967575,249.65324254199962,257.33991079967575,16665520
2024-09-19,249.98129272460938,258.4647852905048,248.01277435696133,255.06670812688932,20969182
2024-09-20,252.6763458251953,253.44971284123818,248.87988445436426,252.11392829410843,16664232
2024-09-23,250.7078094482422,253.28566117572302,249.34856709450992,252.67632788165184,8544290
2024-09-24,252.88723754882812,253.98870040248872,248.1064888353461,249.4423018356755,12355694
2024-09-25,251.31712341308594,252.81697019497548,248.7627008855675,252.53573283182234,8065196
2024-09-26,253.98870849609375,254.55112598026426,251.08276086336096,252.48886178818037,11403400
2024-09-27,253.9418487548828,261.9566420571596,253.42628980292332,257.2696384677111,26462384
2024-09-30,253.77780151367188,255.20733181063895,250.28597830464867,252.16077964026402,8199446
2024-10-01,256.26190185546875,257.5976863344701,253.19192045820077,253.19192045820077,9411274
2024-10-03,248.48147583007812,254.22305451298524,246.65353321468234,253.14502093574376,14035368
2024-10-04,250.0750274658203,254.01212124169976,247.49717593825977,247.49717593825977,11922754
2024-10-07,249.0907745361328,253.89495250273478,246.51292294429763,252.16075571042475,9878074
2024-10-08,246.9816436767578,250.19222948218297,243.86477505121834,249.13765374368887,11502804
2024-10-09,248.95018005371094,252.48886165790805,247.70811279454935,248.31741747355073,8841688
2024-10-10,246.0676727294922,251.9732854321209,245.3411929409685,250.75467601957777,12620244
2024-10-11,247.61436462402344,250.47345363976524,243.8881914896627,243.8881914896627,8436982
2024-10-14,257.5742492675781,258.65225425758405,251.36397016903481,252.48886235429111,33136266
2024-10-15,249.79385375976562,259.12097342997623,248.8095658742146,259.12097342997623,21601252
2024-10-16,249.4188995361328,252.53573965983412,247.94248200945412,249.81728338570707,12553622
2024-10-17,247.82530212402344,252.16078022264702,246.09110516313436,250.73124992237834,23755278
2024-10-18,257.1524353027344,261.7222633035247,245.97391579802175,249.34856373542928,74653054
2024-10-21,256.8946533203125,263.36274110979775,256.3790943723156,258.535104564011,23966964
2024-10-22,255.65257263183594,260.36300470936936,254.90263502191155,257.69140740045356,18478300
2024-10-23,256.4728088378906,259.8943152925298,254.12930734742596,256.6134132058793,12698576
2024-10-24,256.3322448730469,258.0195547692572,255.5120192221001,256.47284926319765,9576604
2024-10-25,254.71517944335938,258.7225612190634,253.3325078603329,257.66798556192043,10124540
2024-10-28,261.81597900390625,262.378425091504,254.36366131662385,254.7151865454729,11185858
2024-10-29,263.50335693359375,264.06580310586025,259.3084828497403,262.37846458906074,12055630
2024-10-30,264.932861328125,271.26031577824386,262.9877435172464,263.6439354216193,20755492
2024-10-31,258.62884521484375,265.42500023219804,256.98839400375823,264.7219497131614,15680094
2024-11-01,258.4179382324219,260.0818474360335,257.78520417414734,258.5820005266711,1962810
2024-11-04,253.47312927246094,258.9334994850865,250.3797185796895,258.25387829445106,9855560
2024-11-05,254.8323516845703,255.60568999356414,253.28564645938746,254.5042557623327,6862260
2024-11-06,264.3001403808594,265.2140831830394,253.5668908591009,256.59001385603284,19554884
2024-11-07,264.0657653808594,267.01857160441347,259.8708918962945,265.2843747406764,11997142
2024-11-08,266.69049072265625,271.2837482860708,264.81568938189946,264.81568938189946,20852658
2024-11-11,268.79962158203125,273.34602020555536,265.3077986316712,266.6904702357032,16139444
2024-11-12,267.4638366699219,271.70556864813176,266.7138990283183,269.5026715246649,11260890
2024-11-13,266.69049072265625,268.84650082164734,265.0734688448139,267.1591910578455,11391200
2024-11-14,265.6124572753906,269.2917430703783,264.4407065626945,266.6670329168171,9783520
2024-11-18,259.1209411621094,265.6124572747471,253.23875830582824,265.6124572747471,15289764
2024-11-19,263.4095764160156,267.06543314305475,259.9880698459302,260.5973745325706,12919778
2024-11-21,261.13641357421875,266.03430938588815,260.2693007553304,263.4095988473706,11672608
2024-11-22,267.93255615234375,268.8464989137181,261.487926589228,263.3861572118334,14733232
2024-11-25,272.9945373535156,275.3848978074911,268.9871548949329,269.73706404714477,23297474
2024-11-26,276.06451416015625,276.6972482081357,271.5181149118003,274.1897127057579,15771340
2024-11-27,273.2054138183594,279.34537624941964,272.73671352263887,277.2362249186774,13659676
2024-11-28,268.1903381347656,274.6583970538431,267.41697113704186,274.54122196977573,11896556
2024-11-29,270.8384704589844,272.1977128398497,267.9090934374621,269.5026859800492,8540112
2024-12-02,273.9787902832031,274.4474906441725,271.00255443392757,272.99453096804734,11194000
2024-12-03,273.39288330078125,277.65807325800534,271.1899861368519,276.86127701481433,15445286
2024-12-04,275.5957946777344,278.40799666424186,273.533501778083,276.2050993867047,14036431
2024-12-05,280.5639953613281,282.0638420813867,275.50203771242764,276.53318412041773,13487264
2024-12-06,278.736083984375,280.4233936811406,277.6580789777082,280.4233936811406,7894350
2024-12-09,284.7354431152344,286.56338579786535,275.3614367575312,276.5331875522441,9285213
2024-12-10,288.81317138671875,291.53162778935956,284.454263702305,286.84462412715123,17028502
2024-12-11,289.65679931640625,290.5004541755,286.4227556481499,288.8600030466854,8608406
2024-12-12,289.7505187988281,294.1562842662282,288.20381359636644,288.7193724614554,12958440
2024-12-13,290.54736328125,291.5784811827857,285.15730916584226,289.7505669514455,7382211
2024-12-16,289.84429931640625,291.90656363113567,287.8757521831477,290.59420841136273,7221189
2024-12-17,289.51617431640625,292.7033305610442,288.0631862557892,291.5315798382218,10568517
2024-12-18,293.0314636230469,293.6407683546974,289.23497363562603,289.65681539218355,10965226
2024-12-19,293.17205810546875,293.7813628165425,282.2982046653291,287.17269956831524,12405595
2024-12-20,286.09466552734375,299.96818252630743,285.3447279067109,295.7498799595312,22214824
2024-12-23,288.62567138671875,291.20352332581405,285.9072150632945,287.40706191293526,6693583
2024-12-24,286.18841552734375,289.8443010570064,283.8449138325335,288.2507084616561,8837902
2024-12-26,285.95404052734375,287.73512454649966,284.96978134386995,286.282136457567,6516148
2024-12-27,289.7505187988281,291.4378283638418,285.625962056532,286.0946623365019,8063921
2024-12-30,284.6885681152344,290.031734266796,283.7042803400973,289.7505255351542,13709891
2024-12-31,282.95440673828125,284.0324118207817,276.7675564029234,282.11075183055044,9337030
2025-01-01,281.50140380859375,284.3604929559859,280.23593581659793,281.22019505641634,7878201
2025-01-02,284.78228759765625,285.3916208664818,278.54857940000534,279.3453756223808,8800435
2025-01-03,276.01763916015625,284.7823125527354,275.59579741511095,284.3136122169954,12535720
2025-01-06,275.87701416015625,279.15791660531636,272.36176154034183,276.5332060920679,9173687
2025-01-07,275.64263916015625,278.8766827219958,273.06478747112936,275.87698931370414,7381943
2025-01-08,278.92352294921875,279.76720633221146,271.18996839121235,274.658361878287,7937785
2025-01-09,274.002197265625,279.34539238841666,273.1116838166247,278.40799174281796,7964702
2025-01-10,281.7357482910156,284.2667414383746,275.8769943454597,275.8769943454597,19505556
2025-01-13,273.58038330078125,280.517142335508,272.0805365509815,280.23593358556946,9541248
2025-01-14,274.51776123046875,276.11132502693494,268.6121205056024,273.5334734727269,7670070
2025-01-15,274.3302917480469,276.2519802255805,271.56497702261646,274.65838769369384,4662694
2025-01-16,270.01824951171875,277.93929655628637,268.7527815025328,277.3768504370937,10345666
2025-01-17,264.3001403808594,269.7839116227367,262.94089791489023,269.7839116227367,9358955
2025-01-20,281.4545593261719,286.2821671951727,278.3611484683808,283.0950105462245,39380165
2025-01-21,279.6734924316406,286.7039973765929,279.1579049046921,283.4699536590357,15619474
2025-01-22,289.7505187988281,290.594173581335,280.6108633394152,280.6108633394152,30859317
2025-01-23,297.81219482421875,304.28025351993773,291.20350314671674,291.6253448776712,39904371
2025-01-24,300.0619201660156,302.3116757525023,296.7810182586241,299.03077384511084,17479586
2025-01-27,288.6725158691406,299.17138504862663,287.54762374656946,297.9058885625328,12372895
2025-01-28,290.2499694824219,294.0740796754033,288.2900955031316,290.6323746665909,12077491
2025-01-29,298.7108154296875,300.86187738666854,291.63618831954506,291.63618831954506,16338112
2025-01-30,295.41253662109375,299.9058781363986,292.49666403020615,297.3245918743047,9984186
2025-01-31,298.18499755859375,301.81791988250086,295.9383269014854,297.99380954721744,15597644
2025-02-01,291.3971862792969,299.4756307667261,290.01096383380866,298.80639980983835,6046117
2025-02-03,299.81024169921875,300.19264687922254,287.0950579406672,289.6763439630714,14877076
2025-02-04,302.3437194824219,304.8293970034145,299.57124536024196,304.0167677325222,15366864
2025-02-05,303.1563415527344,307.3150672250492,301.0530692751639,303.825543331492,9628027
2025-02-06,303.9689636230469,309.3705133109035,300.71844669347786,305.92880838148284,15062390
2025-02-07,304.0167541503906,304.97278167916545,300.1926440352914,304.97278167916545,8589587
2025-02-10,305.02056884765625,306.88483418351484,301.961298286416,304.781561967451,12304840
2025-02-11,299.23663330078125,306.3112315756385,297.89820052050766,305.45081258658024,10627890
2025-02-12,296.5597839355469,301.86572563753896,295.7471546109734,299.6668737481264,9668342
2025-02-13,294.9822998046875,299.8580463253531,293.4526790085659,296.6553480791362,8832731
2025-02-14,294.5521240234375,298.6630312373382,291.1582083694977,296.41636043063266,7371341
2025-02-17,291.92303466796875,296.65535380159326,288.72033635997207,294.5521105785314,7507772
2025-02-18,298.4718322753906,298.99763579197605,291.92303729501725,291.92303729501725,10368789
2025-02-19,300.28826904296875,302.58272940235975,294.7432915674903,297.5635846018467,7835672
2025-02-20,299.5234069824219,300.47943449168673,296.60753474942175,297.51577255348104,7697134
2025-02-21,292.8790588378906,299.0454193049779,291.6362054620812,299.0454193049779,8722925
2025-02-24,282.075927734375,289.96315532321836,280.450698342668,289.62856900845134,12600963
2025-02-25,278.4908447265625,283.2709830100644,277.3436290439112,281.40674658488786,10810040
2025-02-27,281.5501403808594,282.7929646443696,278.5386591457014,281.0721265601788,15555649
2025-02-28,265.4410705566406,281.07212843212847,264.8196584207469,281.07212843212847,17458839
2025-03-03,271.08160400390625,273.7584986875257,267.0184868583757,267.1619143334405,11471554
2025-03-04,267.6877136230469,270.6514048590025,264.1504000227699,266.7316860743931,9331785
2025-03-05,272.5634765625,274.3321334703956,266.39708682773204,269.0261627467088,10285712
2025-03-06,273.3282775878906,279.16005162477023,271.033817245282,275.7661654071248,9782051
2025-03-07,272.2766418457031,275.0491451553082,270.4601952872919,274.7623193772562,8097300
2025-03-10,268.54815673828125,273.0892880028726,265.7278927214502,271.94207234668045,8165123
2025-03-11,265.5366516113281,267.01848264133116,261.18673793565813,264.81963094991136,8602609
2025-03-12,256.7412109375,265.48888718012614,250.67045876671983,265.48888718012614,18584311
2025-03-13,252.3912811279297,259.17908278127226,251.76986903603944,256.7411949468078,8683943
2025-03-17,248.42376708984375,253.53852036662278,247.5155292383579,252.3912756253402,12697926
2025-03-18,248.42376708984375,248.42376708984375,248.42376708984375,248.42376708984375,0
2025-03-19,254.01654052734375,254.78135092364772,244.98206819581512,250.4792267992334,14044300
2025-03-20,256.21539306640625,261.9037688737735,255.7373792733719,257.3626378399473,17038774
2025-03-21,252.67808532714844,257.69723027318094,248.75839547171705,252.39128871477692,22659168
2025-03-24,257.5538330078125,259.7048951362335,253.72972255728627,255.30716228299886,9269617
2025-03-25,259.0834655761719,262.62077917496083,257.5060259566859,260.0394931244234,12563930
2025-03-26,255.6417694091797,260.278509013699,255.02035731645256,260.0395021183696,7308412
2025-03-27,260.230712890625,261.521326753075,257.74503540533806,258.1274405933101,14783522
2025-03-28,250.71823120117188,259.8961017437606,250.09681911340022,259.08347247099175,14283389
2025-04-01,251.05284118652344,251.4352463724932,247.13312238513114,248.9017791928424,8388635
2025-04-02,252.00888061523438,253.87311692555642,249.61881162073414,251.24404103160617,7136992
2025-04-03,245.0776824951172,249.04519122265188,244.07385059181817,248.4715688242457,12262561
2025-04-04,235.46958923339844,242.78319417909,234.08335219904274,241.87497092125852,14639785
2025-04-07,232.21908569335938,233.12732353468408,217.97428105597103,220.89016799643343,13011904
2025-04-08,236.37782287597656,238.52888496483783,233.1273348879378,233.98775388835296,13806651
2025-04-09,226.24392700195312,231.64549172561502,223.71045968255785,230.11584172171595,19063559
2025-04-11,229.20761108398438,234.2267558522468,227.86917831424364,234.2267558522468,11205821
2025-04-15,233.27073669433594,234.27456860177384,230.7372693645474,234.27456860177384,10694621
2025-04-16,236.76022338867188,237.52504836712504,230.59384844032286,233.27072857099728,16203319
2025-04-17,226.48292541503906,227.3433589804182,221.94179445919988,224.6664788678326,54875421
2025-04-21,227.9647674560547,230.2114380442893,226.9609356062515,226.9609356062515,16298364
2025-04-22,223.85385131835938,228.49059090191665,223.2324392284416,227.9647728170045,18367713
2025-04-23,232.88832092285156,234.56136916342427,225.71811417753992,226.76973574749184,31898042
2025-04-24,232.07568359375,234.37014383740578,230.88064917771626,234.03554295360982,23000820
2025-04-25,230.30703735351562,235.32618213035408,227.58236751306862,233.22292437952927,16620430
2025-04-28,229.9246368408203,231.31087393747262,228.25158854779977,229.9246368408203,14218414
2025-04-29,230.78504943847656,232.88832176160133,229.3032183760337,230.97626662263193,16647246
2025-04-30,230.8806610107422,232.69710758108045,228.68179465498002,230.92846530739808,14206640
2025-05-02,231.052734375,234.99157785344963,230.16363574375234,231.3969048811204,10822257
2025-05-05,232.85964965820312,236.01452906962498,232.02789572604007,233.27073452426686,12170446
2025-05-06,230.5843048095703,235.08718674636222,230.0298070374891,233.7487539088033,8869045
2025-05-07,233.3089599609375,233.70093476268548,225.63205980019728,225.63205980019728,9130056
2025-05-08,230.9475860595703,235.02025823803473,228.7869544247762,232.41986209217805,11434833
2025-05-09,231.36822509765625,232.26689334025846,226.10051848106667,226.19612707242462,10582438
2025-05-12,245.96678161621094,246.59776333804783,234.1120451219244,234.3128027502575,19791711
2025-05-13,240.50787353515625,245.65130675971545,239.59963563280942,245.65130675971545,11714159
2025-05-14,241.81761169433594,242.5346323593957,239.72390901830983,240.5078586142634,8839105
2025-05-15,245.2880096435547,245.79470310723363,239.59963372293012,242.06618669463595,12083645
2025-05-16,243.1273651123047,245.69908156861143,242.381664786632,245.69908156861143,6640387
2025-05-19,240.67994689941406,243.5384746583959,240.23061276300297,243.12737520712,6788784
2025-05-20,238.7296600341797,243.4046344463817,238.34724023889126,241.87498444087518,9366429
2025-05-21,239.88644409179688,241.02411927198438,237.19045384040393,238.7296588628064,5313593
2025-05-22,235.12542724609375,238.90173329983332,234.22675897963038,238.05086933031822,11469037
2025-05-23,236.4829864501953,239.47535749023734,234.8003831348431,235.27839693227736,7437642
2025-05-26,239.23635864257812,239.81953607858665,237.28605411423132,237.56331029525484,3690751
2025-05-27,237.33384704589844,239.95336787014628,237.08528512638918,239.95336787014628,6861143
2025-05-28,236.54989624023438,239.140737391071,236.10057670009755,238.61491930645585,6205160
2025-05-29,239.14073181152344,240.6703817332923,237.19044201969984,238.67227305837383,11785042
2025-05-30,238.69140625,240.0680883113749,237.59198035844764,239.00689710471704,13858429
2025-06-02,236.78890991210938,237.49637559055304,235.37399314304562,236.71244054108845,5846259
2025-06-03,235.3931121826172,238.52888148156134,234.9246534162675,237.09484010992873,8573438
2025-06-04,236.0049591064453,238.82523743186326,235.67034363231838,235.67034363231838,6698150
2025-06-05,237.0374755859375,238.5193212216614,236.0240887062802,236.04319875424977,6468060
2025-06-06,237.6588897705078,238.98776750731147,236.23441802954062,236.23441802954062,4445411
2025-06-09,240.24017333984375,242.25739219424057,238.26120375928954,238.62449892167552,9193904
2025-06-10,243.66275024414062,244.5518634996342,240.75643275281624,241.77937470124814,10739851
2025-06-11,247.53468322753906,250.09683023683849,242.92662311522986,244.7621797999991,17268454
2025-06-12,248.19430541992188,251.43525291234172,245.0489956960389,248.56717017950135,14528657
2025-06-13,248.76792907714844,250.71823351466082,242.83100595890886,243.78703354142425,8692116
2025-06-16,251.33009338378906,253.64366368660225,246.65510472024687,248.5671597955976,10935361
2025-06-17,251.34921264648438,253.77753085038947,250.1541781805768,251.33010259826244,7528454
2025-06-18,250.08724975585938,253.92092966647772,249.551876648098,251.33964354462043,5016660
2025-06-19,253.90179443359375,254.72399333206667,250.29758092368093,251.29185778614354,14184486
2025-06-20,254.81959533691406,255.45057703087332,251.3109613361813,254.30333228264814,12904674
2025-06-23,251.66470336914062,253.53853852582162,250.29759086374162,252.39129370236992,6214062
2025-06-24,253.31863403320312,256.83680859480046,253.0700575212962,253.82532749356554,6319428
2025-06-25,257.5633850097656,258.0891884905033,254.15992927555354,254.20771898265866,5331739
2025-06-26,256.7124938964844,259.370249180491,255.4409901582738,257.2670061850603,8564099
2025-06-27,253.3950958251953,258.12744396820415,252.86929233181482,257.17141639795153,8906108
2025-06-30,254.2842254638672,255.01078658303396,251.33964418799587,254.39894410501742,7119563
2025-07-01,252.9170684814453,256.5499905590356,252.1044684308101,253.825306294754,3886095
2025-07-02,255.25936889648438,256.88462748481066,252.8215101896419,253.34731369875792,8750887
2025-07-03,255.30715942382812,258.9400818165316,254.73356620319072,256.5978025215564,9357962
2025-07-04,258.1752624511719,259.4659056499897,255.73740354557657,256.50221401676157,7141779
2025-07-07,255.97637939453125,258.65324489441184,255.54615532192918,258.1752311140299,4849218
2025-07-08,257.7928161621094,258.41422821794356,255.59396452588237,256.02415940654697,5519016
2025-07-09,256.024169921875,257.553819859123,253.203906113981,256.2153871048982,11564433
2025-07-10,253.3950958251953,255.78516475082685,251.57864927684457,255.78516475082685,6911031
2025-07-11,246.94190979003906,250.5270131794162,246.41610629652217,249.52319590064903,13109857
2025-07-14,243.07000732421875,248.13694172600904,240.58432983110347,246.94190727505418,10388421
2025-07-15,246.0814971923828,248.42377647110078,241.68377900674525,242.83100920352794,8750149
2025-07-16,251.24404907226562,252.39129389660022,244.79086258059118,246.08150571405562,12179338
2025-07-17,249.1407928466797,252.72589626683822,246.65511530690716,252.24788247748376,7484171
2025-07-18,255.21157836914062,259.94389746296383,253.9209352796809,256.7890180670817,30319126
2025-07-21,248.9017791748047,255.40275486275578,247.80235332435427,255.21156685760755,12190000
2025-07-22,248.28036499023438,250.62261496899794,247.37212715265252,250.192420079337,6724044
2025-07-23,249.9055938720703,250.24020934720517,246.79850435773062,248.80616803289453,6510321
2025-07-24,250.33583068847656,251.8176617851558,248.80618070683067,250.47922899208316,8139900
2025-07-25,247.8023681640625,250.52702351184462,244.79085785226582,250.28801660936216,8427780
2025-07-28,243.75680541992188,247.60738980612828,242.7332285894722,247.60738980612828,8998911
2025-07-29,245.46275329589844,246.34009633443347,241.02726376828457,242.9281836016165,12923128
2025-07-30,243.90301513671875,246.14513218703763,242.92818293003742,245.12155539507043,6057152
2025-07-31,242.05084228515625,243.85427296047746,239.85746979845484,241.85587881684572,7338764
2025-08-01,236.64051818847656,240.68606589658398,236.10435749981247,240.29613896378774,7436999
2025-08-04,239.8574676513672,240.21815080825093,235.0320511987707,236.64051839138318,5234393
2025-08-05,239.7209930419922,240.7348119985049,238.37571982827956,239.85746895680657,7383968
2025-08-06,233.92074584960938,239.80872590831794,233.2870959823132,239.80872590831794,7700190
2025-08-07,236.2213592529297,237.05970071274936,232.60472504073846,233.0921411684065,6190830
2025-08-08,233.0336456298828,237.12793798708202,232.3999957607658,236.2993246485287,8922847
2025-08-11,235.53895568847656,238.5901852899006,232.61445903528065,233.0336446237802,3047287
2025-08-12,235.63644409179688,240.09141957743057,235.03205287869676,236.59177549712652,8101435
2025-08-13,235.56820678710938,236.77700412958293,234.07671463760067,236.77700412958293,5820844
2025-08-14,240.5983428955078,242.17756636517944,236.30908698725327,236.98172361315326,12857225
2025-08-18,239.0386199951172,242.7429706054472,238.59993358753013,242.3822874367516,5789317
2025-08-19,240.7445831298828,241.27098600900808,238.61944105359495,239.28233472982822,4090961
2025-08-20,244.52691650390625,246.52532557896734,239.12635241728586,239.12635241728586,10099384
2025-08-21,243.62033081054688,246.3791078589765,243.32787816102336,246.3791078589765,7607486
2025-08-22,242.38229370117188,246.6325629702745,241.37821765850688,245.65773070556986,13572686
2025-08-25,247.451416015625,250.81459919486161,244.2929690295729,244.2929690295729,16391069
2025-08-26,245.6869659423828,248.40675619622257,244.9850855462151,246.63255439625433,15797327
2025-08-28,244.34169006347656,245.99891673776128,242.81121121251053,245.67722032009752,5851451
2025-08-29,243.13291931152344,246.73005275714573,242.4017951111859,244.19548291273827,10117017
2025-09-01,244.0590057373047,246.62281934658193,243.123160220783,243.142661030958,3198345
2025-09-02,244.61463928222656,246.77876797811365,243.31812553289043,244.05899265747667,5046939
2025-09-03,243.2791290283203,246.04764899259635,242.85020046700103,245.56023287741706,3862765
2025-09-04,238.80465698242188,244.03950139425618,238.2879970809629,243.2206458758789,5021036
2025-09-05,237.53736877441406,241.09551535487674,235.19777736172693,239.90621883891225,6233782
2025-09-08,236.41632080078125,240.77382213657367,236.1043673417334,238.21000856602762,6596932
2025-09-09,242.8794403076172,243.5618347576162,238.83389256709856,238.83389256709856,12836972
2025-09-10,249.31333923339844,250.69761406985873,242.97692982961703,243.02567441536718,15261331
2025-09-11,247.5196533203125,249.26459645464794,245.82343989732132,249.26459645464794,5865301
2025-09-12,245.5992431640625,249.45957060265388,244.5074357874524,248.4652524024239,5345794
2025-09-15,244.95584106445312,245.45300014582503,243.31813006128027,245.17030534459616,3700703
2025-09-16,247.61712646484375,248.0947996068193,243.90301809234163,245.65771906058336,7316998
2025-09-17,247.75360107421875,249.06963051215138,246.4863310966648,246.92500261772264,7339871
2025-09-18,250.46363830566406,253.26140205244997,249.557051469507,250.53188370180976,10498239
2025-09-19,249.44007873535156,251.17527893538278,248.28976895541248,250.53188608599783,10741757
2025-09-22,244.02975463867188,245.44325840137773,240.98828283204853,242.29455445414862,15784007
2025-09-23,243.34738159179688,245.6577292858718,242.48952444389133,243.92252905470636,8674114
2025-09-24,238.43421936035156,242.8502083166328,238.10277996125882,242.08009737465142,7888797
2025-09-25,235.90940856933594,239.45779742555374,235.20752814724804,239.27257691489723,7957740
2025-09-26,229.8166961669922,235.47072602537375,229.09531496833094,235.37323685334195,16999628
2025-09-29,233.60879516601562,234.72984628139795,230.34310124332197,230.9182635642424,8894412
2025-09-30,233.3455810546875,235.42197841930238,232.98489789736342,233.89148471164037,5590909
2025-10-01,235.0028076171875,237.43988813817003,231.85408887425157,233.95973001432264,9479378
2025-10-03,234.91506958007812,235.32449733686522,232.0685612175871,234.91506958007812,10968346
2025-10-06,236.0361328125,236.8452453490659,233.29685662380936,233.95973540089406,6064946
2025-10-07,237.40089416503906,238.83389874750486,236.04587794672727,236.786745094051,6587728
2025-10-08,238.1222686767578,240.14992146342618,236.46505689070705,237.1279356552237,7360563
2025-10-09,240.1986541748047,240.5885959894731,237.04020728716665,237.8493198184994,4629760
2025-10-10,242.44078063964844,244.9266058832664,240.05244457215662,241.75840103104505,7070200
2025-10-13,238.96063232421875,241.46594345215223,238.35622621913274,239.86721916970842,6717589
2025-10-14,242.16781616210938,243.85427172283678,238.94112392245552,239.6137605282582,7888607
2025-10-15,243.91278076171875,245.78445687329972,242.28479783482518,243.7080594468892,13278925
2025-10-16,247.4221649169922,247.67563081561443,242.5382608193318,244.0979834561764,10661302
2025-10-17,234.8370819091797,243.70806129004103,233.09213873523723,243.70806129004103,43802251
2025-10-20,235.1685333251953,235.8509129135795,233.24811263554014,234.83707906104348,9871824
2025-10-21,235.28550720214844,236.0653759596895,234.31067497391194,234.93456700499294,2082336
2025-10-23,238.15151977539062,241.56343262353442,237.24491805515171,238.63893589655402,18964626
2025-10-24,236.86473083496094,239.69175322388642,236.06537614206434,238.83389610245257,6803979
2025-10-27,237.77133178710938,239.54551870335686,236.94271844519798,237.1669256922204,9550336
2025-10-28,236.27984619140625,238.5414492830063,235.32449987384408,237.52763028499794,8780789
2025-10-29,236.18235778808594,237.46914350586005,235.55846573925115,237.46914350586005,8776917
2025-10-30,235.83140563964844,238.60968337840853,234.44714569122434,236.77699407004698,8344622
2025-10-31,234.6128692626953,237.06945062894138,234.44714956980002,236.01663004340736,5659566
2025-11-03,234.44715881347656,235.2172697549134,233.47232655229786,234.61287851290575,4902693
2025-11-04,231.9320831298828,234.7785914657564,231.5421561865202,234.4471520764222,6848284
2025-11-06,234.00848388671875,234.56413053267985,232.37075797674785,233.95973929941277,7141517
2025-11-07,230.5380859375,233.2286176133613,230.0604127763982,232.69245689676944,5520619
2025-11-10,233.8037567138672,235.47072635951724,231.05473758082863,231.46416532937656,8566758
2025-11-11,235.60720825195312,235.95814845600435,232.79968661954322,235.0320607959346,8831094
2025-11-12,239.04835510253906,240.1011756715635,236.0068833751967,236.64051836014002,13152546
2025-11-13,239.1555938720703,239.80872968420658,237.8590652152293,239.80872968420658,6211124
2025-11-14,238.21974182128906,239.71123390899896,236.0556131303455,237.78107030280245,6841554
2025-11-17,237.90780639648438,238.61942975254223,236.58203398156658,237.82981803387048,6559062
2025-11-18,234.8370819091797,237.85906781908002,234.25219148693935,236.81599017687407,4730012
2025-11-19,239.87696838378906,240.63733631548203,234.48613259278574,235.12952541952873,13298452
2025-11-20,240.0621795654297,241.56342952924817,239.5260337388253,241.27097688534437,6705862
2025-11-21,238.3367462158203,241.02727791672132,237.4788890612896,238.8339053168725,5516450
2025-11-24,241.04676818847656,243.10366477606482,238.85339568452147,238.85339568452147,19711070
2025-11-25,239.45779418945312,241.75839890303692,237.85906988847182,241.75839890303692,8188793
2025-11-26,243.89328002929688,244.24422023000196,239.43828956131182,239.8087305717115,8202096
2025-11-27,243.2791290283203,245.57973368695687,241.4561975174728,244.09798453187923,5268129
2025-11-28,243.24989318847656,245.647987098301,242.34330632454626,244.68289780384242,7049965
2025-12-01,243.98101806640625,244.4391904208848,242.59675803523524,243.805555398611,3865446
2025-12-02,243.873779296875,245.121563372053,242.60649441199627,243.70805960131725,8535708
2025-12-03,248.280029296875,250.65862237799195,244.24422435793778,244.29296894561833,17215454
2025-12-04,250.46363830566406,252.2865698201472,249.0696353533556,249.557051469507,10687381
2025-12-05,253.36865234375,254.528705095151,251.21428141237067,251.7016975348242,7886562
2025-12-08,254.80165100097656,256.44911983647165,253.17366810009898,253.46613561647285,9684253
2025-12-09,250.9315643310547,255.23057797425164,250.58060926348844,254.80164941918085,8560580
2025-12-10,251.4872283935547,253.81706194413258,250.77559015869068,251.51647217035628,7944200
2025-12-11,252.72525024414062,253.4368884667086,251.233758153992,251.8089055874984,6473376
2025-12-12,254.04129028320312,254.25575456816978,250.88281356373759,252.96896885836975,4008271
2025-12-15,255.15257263183594,255.89345462984815,252.03312741558292,253.44661626763695,4023911
2025-12-16,252.69601440429688,255.1623387811405,252.28657177377085,255.1525809388959,2982041
2025-12-17,254.5677032470703,255.53277763653588,251.80891137183292,252.48154799161765,4923276
2025-12-18,257.2095031738281,258.32079650390807,254.43122522434786,254.60668789496253,9008412
2025-12-19,257.7944030761719,260.2802134395507,256.67332217747196,260.2802134395507,12750745
2025-12-22,265.8075256347656,266.2266963670133,260.0852352744315,260.77738759923454,14651313
2025-12-23,264.5694580078125,265.622293462953,263.40940528846386,265.15436328849967,7572420
2025-12-24,261.31353759765625,264.1600609341609,260.47519611983154,264.1210593132444,4694861
2025-12-26,259.5978088378906,262.112892630566,259.05190517349195,260.47518163736993,2899112
2025-12-29,257.58966064453125,260.66040598902146,256.9657834829414,259.29561705835073,3755074
2025-12-30,257.0145263671875,258.05760405355176,256.40037726681373,257.3557236173418,5117699
